{
  "notify_list": [],
  "description": "",
  "restricted_roles": [],
  "template_variables": [
    {
      "default": "rd-sharp-printer",
      "prefix": "snmp_profile",
      "name": "SNMP_Profile"
    },
    {
      "default": "*",
      "prefix": "snmp_device",
      "name": "IP"
    },
    {
      "default": "*",
      "prefix": "sysname",
      "name": "Sysname"
    }
  ],
  "is_read_only": false,
  "title": "RapDev Sharp Printer Dashboard",
  "widgets": [
    {
      "definition": {
        "custom_links": [],
        "title_size": "16",
        "title": "Admin Status",
        "title_align": "left",
        "precision": 0,
        "requests": [
          {
            "q": "max:snmp.Interface.AdminStatus{$IP,$SNMP_Profile,$Sysname}",
            "aggregator": "last",
            "conditional_formats": [
              {
                "palette": "white_on_red",
                "value": 2,
                "comparator": ">="
              },
              {
                "palette": "white_on_green",
                "value": 1,
                "comparator": ">="
              }
            ]
          }
        ],
        "type": "query_value"
      },
      "layout": {
        "y": 193,
        "x": 0,
        "height": 15,
        "width": 16
      },
      "id": 7251075657890975
    },
    {
      "definition": {
        "custom_links": [],
        "title_size": "16",
        "title": "In & Out Errors",
        "title_align": "left",
        "yaxis": {
          "max": "auto",
          "scale": "linear",
          "min": "auto",
          "label": ""
        },
        "show_legend": false,
        "requests": [
          {
            "q": "avg:snmp.Interface.InErrors{$IP,$SNMP_Profile,$Sysname} by {interface}.as_count()",
            "style": {
              "line_width": "normal",
              "palette": "dog_classic",
              "line_type": "solid"
            },
            "display_type": "area"
          },
          {
            "q": "avg:snmp.Interface.OutErrors{$IP,$SNMP_Profile,$Sysname} by {interface}.as_count()",
            "style": {
              "line_width": "normal",
              "palette": "dog_classic",
              "line_type": "solid"
            },
            "display_type": "line"
          }
        ],
        "type": "timeseries",
        "legend_size": "0"
      },
      "layout": {
        "y": 193,
        "x": 81,
        "height": 15,
        "width": 36
      },
      "id": 585682559634339
    },
    {
      "definition": {
        "custom_links": [],
        "title_size": "16",
        "title": "Operation Status",
        "title_align": "left",
        "precision": 0,
        "requests": [
          {
            "q": "max:snmp.Interface.OperStatus{$SNMP_Profile,$IP,$Sysname}",
            "aggregator": "last",
            "conditional_formats": [
              {
                "palette": "white_on_red",
                "value": 2,
                "comparator": ">="
              },
              {
                "palette": "white_on_green",
                "value": 1,
                "comparator": ">="
              }
            ]
          }
        ],
        "type": "query_value"
      },
      "layout": {
        "y": 193,
        "x": 17,
        "height": 15,
        "width": 15
      },
      "id": 5934328292737413
    },
    {
      "definition": {
        "title_size": "16",
        "requests": [
          {
            "q": "avg:snmp.Interface.AdminStatus{$IP,$SNMP_Profile,$Sysname} by {sysname,snmp_device}",
            "aggregator": "last",
            "alias": "Admin Status"
          },
          {
            "q": "avg:snmp.Interface.OperStatus{$IP,$SNMP_Profile,$Sysname} by {sysname,snmp_device}",
            "aggregator": "last",
            "limit": 100,
            "order": "asc",
            "alias": "Oper Status"
          }
        ],
        "title_align": "left",
        "type": "query_table",
        "title": "Local Interfaces"
      },
      "layout": {
        "y": 193,
        "x": 33,
        "height": 15,
        "width": 47
      },
      "id": 7609282799359072
    },
    {
      "definition": {
        "tick_pos": "50%",
        "show_tick": true,
        "type": "note",
        "tick_edge": "bottom",
        "text_align": "center",
        "content": "Interfaces",
        "font_size": "24",
        "background_color": "white"
      },
      "layout": {
        "y": 187,
        "x": -1,
        "height": 5,
        "width": 117
      },
      "id": 2001379436265232
    },
    {
      "definition": {
        "autoscale": true,
        "title": "Devices Monitored",
        "title_align": "left",
        "precision": 0,
        "title_size": "16",
        "requests": [
          {
            "q": "avg:snmp.devices_monitored{$SNMP_Profile,$IP,$Sysname}",
            "aggregator": "last"
          }
        ],
        "type": "query_value"
      },
      "layout": {
        "y": 0,
        "x": 0,
        "height": 15,
        "width": 20
      },
      "id": 1982315555587460
    },
    {
      "definition": {
        "title_size": "16",
        "title": "Printer Cover Status",
        "title_align": "left",
        "markers": [
          {
            "display_type": "info dashed",
            "value": "y = 1",
            "label": "\u00a0other\u00a0"
          },
          {
            "display_type": "warning dashed",
            "value": "y = 3",
            "label": "\u00a0doorOpen\u00a0"
          },
          {
            "display_type": "ok dashed",
            "value": "y = 4",
            "label": "\u00a0doorClosed\u00a0"
          },
          {
            "display_type": "error dashed",
            "value": "y = 5",
            "label": "\u00a0interlockOpen\u00a0"
          },
          {
            "display_type": "ok dashed",
            "value": "y = 6",
            "label": "\u00a0interlockClosed\u00a0"
          }
        ],
        "yaxis": {
          "max": "auto",
          "include_zero": true,
          "scale": "linear",
          "min": "auto",
          "label": ""
        },
        "show_legend": false,
        "requests": [
          {
            "q": "avg:snmp.Cover.Status{$SNMP_Profile,$IP,$Sysname} by {cover,snmp_device}",
            "style": {
              "line_width": "normal",
              "palette": "dog_classic",
              "line_type": "solid"
            },
            "display_type": "line"
          }
        ],
        "type": "timeseries",
        "legend_size": "0"
      },
      "layout": {
        "y": 94,
        "x": 20,
        "height": 15,
        "width": 35
      },
      "id": 7284532071013926
    },
    {
      "definition": {
        "autoscale": true,
        "title": "Printer Cover Status",
        "title_align": "left",
        "precision": 0,
        "title_size": "16",
        "requests": [
          {
            "q": "avg:snmp.Cover.Status{$SNMP_Profile,$IP,$Sysname}",
            "aggregator": "avg",
            "conditional_formats": [
              {
                "palette": "white_on_red",
                "value": 4,
                "comparator": "<"
              },
              {
                "palette": "white_on_red",
                "value": 4,
                "comparator": ">"
              },
              {
                "palette": "white_on_green",
                "value": 4,
                "comparator": ">="
              }
            ]
          }
        ],
        "type": "query_value"
      },
      "layout": {
        "y": 94,
        "x": 0,
        "height": 15,
        "width": 19
      },
      "id": 1619638333996368
    },
    {
      "definition": {
        "tick_pos": "50%",
        "show_tick": false,
        "type": "note",
        "tick_edge": "bottom",
        "text_align": "center",
        "content": "Printer Input and Output ",
        "font_size": "24",
        "background_color": "white"
      },
      "layout": {
        "y": 16,
        "x": 0,
        "height": 6,
        "width": 117
      },
      "id": 7756377855126202
    },
    {
      "definition": {
        "title_size": "16",
        "title": "Printer Input Tray Statistics ",
        "title_align": "left",
        "has_search_bar": "auto",
        "requests": [
          {
            "aggregator": "avg",
            "cell_display_mode": [
              "bar"
            ],
            "q": "avg:snmp.Input.MaxCapacity{$SNMP_Profile,$IP,$Sysname} by {input,input_medianame,input_type,input_model,input_description}",
            "alias": "Tray Max Capacity",
            "limit": 50,
            "order": "desc"
          },
          {
            "q": "avg:snmp.Input.CurrentLevel{$SNMP_Profile,$IP,$Sysname} by {input,input_medianame,input_type,input_model,input_description}",
            "aggregator": "avg",
            "cell_display_mode": [
              "bar"
            ],
            "alias": "Tray Current Level"
          },
          {
            "q": "avg:snmp.Input.Status{$SNMP_Profile,$IP,$Sysname} by {input,input_medianame,input_type,input_model,input_description}",
            "aggregator": "avg",
            "cell_display_mode": [
              "bar"
            ],
            "alias": "Input Status"
          }
        ],
        "type": "query_table"
      },
      "layout": {
        "y": 23,
        "x": 20,
        "height": 16,
        "width": 79
      },
      "id": 895601522197162
    },
    {
      "definition": {
        "tick_pos": "50%",
        "show_tick": false,
        "type": "note",
        "tick_edge": "left",
        "text_align": "left",
        "content": "INPUT TYPE KEY\n\n1 = Other\n\n2 = Unknown\n\n3 = Auto Sheet Feed Removable Tray\n\n4 = Auto Sheet Feed Non-Removable Tray\n\n5 = Manual Sheet Feed Tray\n\n6 = Continuous Roll\n\n7 = Continuous Fan Fold",
        "font_size": "14",
        "background_color": "white"
      },
      "layout": {
        "y": 23,
        "x": 100,
        "height": 16,
        "width": 17
      },
      "id": 1806643323210856
    },
    {
      "definition": {
        "autoscale": true,
        "title": "Printer Input Status",
        "title_align": "left",
        "precision": 0,
        "title_size": "16",
        "requests": [
          {
            "q": "avg:snmp.Input.Status{$SNMP_Profile,$IP,$Sysname}",
            "aggregator": "last",
            "conditional_formats": [
              {
                "palette": "white_on_green",
                "value": 0,
                "comparator": "<="
              },
              {
                "palette": "white_on_red",
                "value": 0,
                "comparator": ">"
              }
            ]
          }
        ],
        "type": "query_value"
      },
      "layout": {
        "y": 23,
        "x": 0,
        "height": 16,
        "width": 19
      },
      "id": 3185720931305952
    },
    {
      "definition": {
        "title_size": "16",
        "title": "Printer Output Tray Statistics",
        "title_align": "left",
        "has_search_bar": "auto",
        "requests": [
          {
            "aggregator": "avg",
            "cell_display_mode": [
              "bar"
            ],
            "q": "avg:snmp.Output.MaxCapacity{$SNMP_Profile,$IP,$Sysname} by {output,output_description,output_model,output_type,snmp_device}",
            "alias": "Max Capacity",
            "limit": 50,
            "order": "desc"
          },
          {
            "q": "avg:snmp.Output.RemainingCapacity{$SNMP_Profile,$IP,$Sysname} by {output,output_description,output_model,output_type,snmp_device}",
            "aggregator": "avg",
            "cell_display_mode": [
              "bar"
            ],
            "alias": "Remaining Capacity"
          },
          {
            "q": "avg:snmp.Output.Status{$SNMP_Profile,$IP,$Sysname} by {output,output_description,output_model,output_type,snmp_device}",
            "aggregator": "avg",
            "cell_display_mode": [
              "bar"
            ],
            "alias": "Output Status"
          }
        ],
        "type": "query_table"
      },
      "layout": {
        "y": 40,
        "x": 20,
        "height": 16,
        "width": 79
      },
      "id": 1964158819424100
    },
    {
      "definition": {
        "tick_pos": "50%",
        "show_tick": false,
        "type": "note",
        "tick_edge": "bottom",
        "text_align": "center",
        "content": "Printer Marker and Supplies",
        "font_size": "24",
        "background_color": "white"
      },
      "layout": {
        "y": 87,
        "x": 0,
        "height": 6,
        "width": 117
      },
      "id": 5052603348111012
    },
    {
      "definition": {
        "title_size": "16",
        "title": "Printer Marker Supplies ",
        "title_align": "left",
        "has_search_bar": "auto",
        "requests": [
          {
            "aggregator": "avg",
            "cell_display_mode": [
              "bar"
            ],
            "q": "avg:snmp.MarkerSupplies.MaxCapacity{$SNMP_Profile,$IP,$Sysname} by {markersupplies_description,markersupplies_type,snmp_device}",
            "alias": "Max Capacity",
            "limit": 50,
            "order": "desc"
          },
          {
            "q": "avg:snmp.MarkerSupplies.Level{$SNMP_Profile,$IP,$Sysname} by {markersupplies_description,markersupplies_type,snmp_device}",
            "aggregator": "avg",
            "cell_display_mode": [
              "bar"
            ],
            "alias": "Current Level (-3 = Replace)"
          },
          {
            "q": "avg:snmp.MarkerSupplies.Class{$SNMP_Profile,$IP,$Sysname} by {markersupplies_description,markersupplies_type,snmp_device}",
            "aggregator": "avg",
            "cell_display_mode": [
              "bar"
            ],
            "alias": "Class (3 = Consumed, 4 = Filled)"
          }
        ],
        "type": "query_table"
      },
      "layout": {
        "y": 123,
        "x": 0,
        "height": 24,
        "width": 117
      },
      "id": 131538561418104
    },
    {
      "definition": {
        "title_size": "16",
        "title": "Printer Marker Supplies Utilization",
        "title_align": "left",
        "markers": [
          {
            "display_type": "error bold",
            "value": "y = -3",
            "label": "\u00a0Replace\u00a0"
          }
        ],
        "yaxis": {
          "max": "auto",
          "include_zero": true,
          "scale": "linear",
          "min": "auto",
          "label": ""
        },
        "show_legend": false,
        "requests": [
          {
            "q": "avg:snmp.MarkerSupplies.Level{$SNMP_Profile,$IP,$Sysname} by {markersupplies_description,snmp_device}",
            "style": {
              "line_width": "normal",
              "palette": "dog_classic",
              "line_type": "solid"
            },
            "display_type": "line"
          }
        ],
        "type": "timeseries",
        "legend_size": "0"
      },
      "layout": {
        "y": 94,
        "x": 56,
        "height": 28,
        "width": 61
      },
      "id": 1125506226888400
    },
    {
      "definition": {
        "title_size": "16",
        "title": "Marker Page Margins ",
        "title_align": "left",
        "has_search_bar": "auto",
        "requests": [
          {
            "aggregator": "avg",
            "cell_display_mode": [
              "bar"
            ],
            "q": "avg:snmp.Marker.NorthMargin{$SNMP_Profile,$IP,$Sysname} by {snmp_device,marker_index}",
            "alias": "North Margin",
            "limit": 50,
            "order": "desc"
          },
          {
            "q": "avg:snmp.Marker.SouthMargin{$SNMP_Profile,$IP,$Sysname} by {snmp_device,marker_index}",
            "aggregator": "avg",
            "cell_display_mode": [
              "bar"
            ],
            "alias": "South Margin"
          },
          {
            "q": "avg:snmp.Marker.WestMargin{$SNMP_Profile,$IP,$Sysname} by {snmp_device,marker_index}",
            "aggregator": "avg",
            "cell_display_mode": [
              "bar"
            ],
            "alias": "West Margin"
          },
          {
            "q": "avg:snmp.Marker.EastMargin{$SNMP_Profile,$IP,$Sysname} by {snmp_device,marker_index}",
            "aggregator": "avg",
            "cell_display_mode": [
              "bar"
            ],
            "alias": "East Margin"
          }
        ],
        "type": "query_table"
      },
      "layout": {
        "y": 110,
        "x": 0,
        "height": 12,
        "width": 55
      },
      "id": 6951427783195084
    },
    {
      "definition": {
        "autoscale": true,
        "title": "Printer Output Status",
        "title_align": "left",
        "precision": 0,
        "title_size": "16",
        "requests": [
          {
            "q": "avg:snmp.Output.Status{$SNMP_Profile,$IP,$Sysname}",
            "aggregator": "avg",
            "conditional_formats": [
              {
                "palette": "white_on_green",
                "value": 0,
                "comparator": "<="
              },
              {
                "palette": "white_on_red",
                "value": 0,
                "comparator": ">"
              }
            ]
          }
        ],
        "type": "query_value"
      },
      "layout": {
        "y": 40,
        "x": 0,
        "height": 16,
        "width": 19
      },
      "id": 8514145518154732
    },
    {
      "definition": {
        "tick_pos": "50%",
        "show_tick": false,
        "type": "note",
        "tick_edge": "bottom",
        "text_align": "center",
        "content": "Printer Channel Status",
        "font_size": "24",
        "background_color": "white"
      },
      "layout": {
        "y": 148,
        "x": 0,
        "height": 6,
        "width": 117
      },
      "id": 5683519944127806
    },
    {
      "definition": {
        "autoscale": true,
        "title": "Printer Channel Status",
        "title_align": "left",
        "precision": 0,
        "title_size": "16",
        "requests": [
          {
            "q": "avg:snmp.Channel.State{$SNMP_Profile,$IP,$Sysname}",
            "aggregator": "last",
            "conditional_formats": [
              {
                "palette": "white_on_green",
                "value": 4,
                "comparator": "<"
              },
              {
                "palette": "white_on_red",
                "value": 4,
                "comparator": ">="
              }
            ]
          }
        ],
        "type": "query_value"
      },
      "layout": {
        "y": 155,
        "x": -1,
        "height": 15,
        "width": 19
      },
      "id": 7143877733250674
    },
    {
      "definition": {
        "autoscale": true,
        "title": "Printer Channel Status",
        "title_align": "left",
        "precision": 0,
        "title_size": "16",
        "requests": [
          {
            "q": "avg:snmp.Channel.Status{$SNMP_Profile,$IP,$Sysname}",
            "aggregator": "last"
          }
        ],
        "type": "query_value"
      },
      "layout": {
        "y": 171,
        "x": 0,
        "height": 15,
        "width": 19
      },
      "id": 4740138589396996
    },
    {
      "definition": {
        "title_size": "16",
        "title": "Printer Channel State",
        "title_align": "left",
        "markers": [
          {
            "display_type": "ok dashed",
            "value": "y = 3",
            "label": "\u00a0printDataAccepted\u00a0"
          },
          {
            "display_type": "error dashed",
            "value": "y = 4",
            "label": "\u00a0noDataAccepted\u00a0"
          }
        ],
        "yaxis": {
          "max": "auto",
          "include_zero": true,
          "scale": "linear",
          "min": "auto",
          "label": ""
        },
        "show_legend": false,
        "requests": [
          {
            "q": "avg:snmp.Channel.State{$SNMP_Profile,$IP,$Sysname} by {snmp_device,channel_type}",
            "style": {
              "line_width": "normal",
              "palette": "dog_classic",
              "line_type": "solid"
            },
            "display_type": "line"
          }
        ],
        "type": "timeseries",
        "legend_size": "0"
      },
      "layout": {
        "y": 155,
        "x": 20,
        "height": 15,
        "width": 47
      },
      "id": 3368015072802086
    },
    {
      "definition": {
        "title_size": "16",
        "title": "Printer Channel Status",
        "title_align": "left",
        "yaxis": {
          "max": "auto",
          "include_zero": true,
          "scale": "linear",
          "min": "auto",
          "label": ""
        },
        "show_legend": false,
        "requests": [
          {
            "q": "avg:snmp.Channel.Status{$SNMP_Profile,$IP,$Sysname} by {channel_type}",
            "style": {
              "line_width": "normal",
              "palette": "dog_classic",
              "line_type": "solid"
            },
            "display_type": "line"
          }
        ],
        "type": "timeseries",
        "legend_size": "0"
      },
      "layout": {
        "y": 171,
        "x": 20,
        "height": 15,
        "width": 47
      },
      "id": 1475436226925108
    },
    {
      "definition": {
        "title_size": "16",
        "title": "Printer Channel Information",
        "title_align": "left",
        "has_search_bar": "auto",
        "requests": [
          {
            "aggregator": "avg",
            "cell_display_mode": [
              "bar"
            ],
            "q": "avg:snmp.Channel.State{$SNMP_Profile,$IP,$Sysname} by {channel_information,channel_type,snmp_device}",
            "alias": "Channel State",
            "limit": 50,
            "order": "desc"
          },
          {
            "q": "avg:snmp.Channel.Status{$SNMP_Profile,$IP,$Sysname} by {channel_information,channel_type,snmp_device}",
            "aggregator": "avg",
            "cell_display_mode": [
              "bar"
            ],
            "alias": "Channel Status"
          }
        ],
        "type": "query_table"
      },
      "layout": {
        "y": 155,
        "x": 68,
        "height": 31,
        "width": 49
      },
      "id": 5979587149857584
    },
    {
      "definition": {
        "title_size": "16",
        "title": "Input Current Paper Level ",
        "title_align": "left",
        "markers": [
          {
            "display_type": "error dashed",
            "value": "y = -2",
            "label": "\u00a0Unknown\u00a0"
          },
          {
            "display_type": "warning dashed",
            "value": "y = -3",
            "label": "\u00a0At Least 1 Unit\u00a0"
          }
        ],
        "yaxis": {
          "max": "auto",
          "include_zero": true,
          "scale": "linear",
          "min": "auto",
          "label": ""
        },
        "show_legend": false,
        "requests": [
          {
            "q": "avg:snmp.Input.CurrentLevel{$SNMP_Profile,$IP,$Sysname} by {snmp_device,input,input_description,input_mediatype,input_type}",
            "style": {
              "line_width": "normal",
              "palette": "dog_classic",
              "line_type": "solid"
            },
            "display_type": "line"
          }
        ],
        "type": "timeseries",
        "legend_size": "0"
      },
      "layout": {
        "y": 57,
        "x": 77,
        "height": 14,
        "width": 40
      },
      "id": 4606010362834246
    },
    {
      "definition": {
        "title_size": "16",
        "title": "Output Remaining Capacity ",
        "title_align": "left",
        "markers": [
          {
            "display_type": "warning dashed",
            "value": "y = -3",
            "label": "\u00a0Capacity for at least 1 Unit\u00a0"
          },
          {
            "display_type": "error dashed",
            "value": "y = -2",
            "label": "\u00a0Unknown\u00a0"
          }
        ],
        "yaxis": {
          "max": "auto",
          "include_zero": true,
          "scale": "linear",
          "min": "auto",
          "label": ""
        },
        "show_legend": false,
        "requests": [
          {
            "q": "avg:snmp.Output.RemainingCapacity{$SNMP_Profile,$IP,$Sysname} by {output,output_description,output_type,snmp_device}",
            "style": {
              "line_width": "normal",
              "palette": "dog_classic",
              "line_type": "solid"
            },
            "display_type": "line"
          }
        ],
        "type": "timeseries",
        "legend_size": "0"
      },
      "layout": {
        "y": 72,
        "x": 77,
        "height": 14,
        "width": 40
      },
      "id": 2678062449824062
    },
    {
      "definition": {
        "tick_pos": "50%",
        "show_tick": false,
        "type": "note",
        "tick_edge": "left",
        "text_align": "left",
        "content": "OUTPUT TYPE KEY\n\n1 = Other\n\n2 = Unknown\n\n3 = Removable Bin\n\n4 = Unremovable Bin\n\n5 = Continuous Roll Device\n\n6 = MailBox\n\n7 = Continuous Fan Fold",
        "font_size": "14",
        "background_color": "white"
      },
      "layout": {
        "y": 40,
        "x": 100,
        "height": 16,
        "width": 17
      },
      "id": 6193414517224146
    },
    {
      "definition": {
        "autoscale": true,
        "title": "Printer Channel Status",
        "title_align": "left",
        "precision": 0,
        "title_size": "16",
        "requests": [
          {
            "q": "avg:snmp.Channel.State{$SNMP_Profile,$IP,$Sysname}",
            "aggregator": "last",
            "conditional_formats": [
              {
                "palette": "white_on_green",
                "value": 4,
                "comparator": "<"
              },
              {
                "palette": "white_on_red",
                "value": 4,
                "comparator": ">="
              }
            ]
          }
        ],
        "type": "query_value"
      },
      "layout": {
        "y": 0,
        "x": 21,
        "height": 15,
        "width": 17
      },
      "id": 955641323448928
    },
    {
      "definition": {
        "title_size": "16",
        "title": "Admin Status",
        "title_align": "left",
        "precision": 0,
        "requests": [
          {
            "q": "max:snmp.Interface.AdminStatus{$IP,$SNMP_Profile,$Sysname}",
            "aggregator": "last",
            "conditional_formats": [
              {
                "palette": "white_on_red",
                "value": 2,
                "comparator": ">="
              },
              {
                "palette": "white_on_green",
                "value": 1,
                "comparator": ">="
              }
            ]
          }
        ],
        "type": "query_value"
      },
      "layout": {
        "y": 0,
        "x": 58,
        "height": 15,
        "width": 18
      },
      "id": 7771430186649542
    },
    {
      "definition": {
        "title_size": "16",
        "title": "Printer Alerts",
        "title_align": "left",
        "has_search_bar": "auto",
        "requests": [
          {
            "aggregator": "avg",
            "cell_display_mode": [
              "bar"
            ],
            "q": "avg:snmp.Alert.Code{$SNMP_Profile,$IP,$Sysname} by {sysname,sysdescription,snmp_device,alert_description}",
            "alias": "Alert Code",
            "limit": 50,
            "order": "desc"
          }
        ],
        "type": "query_table"
      },
      "layout": {
        "y": 57,
        "x": 0,
        "height": 29,
        "width": 76
      },
      "id": 4834123169702668
    },
    {
      "definition": {
        "autoscale": false,
        "title": "System Up Time",
        "title_align": "left",
        "custom_unit": "Days",
        "precision": 2,
        "title_size": "16",
        "requests": [
          {
            "q": "avg:snmp.sysUpTimeInstance{$Sysname,$SNMP_Profile,$IP}/8640000",
            "aggregator": "avg"
          }
        ],
        "type": "query_value"
      },
      "layout": {
        "y": 0,
        "x": 77,
        "height": 15,
        "width": 40
      },
      "id": 5522959547173646
    },
    {
      "definition": {
        "autoscale": true,
        "title": "Printer Cover Status",
        "title_align": "left",
        "precision": 0,
        "title_size": "16",
        "requests": [
          {
            "q": "avg:snmp.Cover.Status{$SNMP_Profile,$IP,$Sysname}",
            "aggregator": "avg",
            "conditional_formats": [
              {
                "palette": "white_on_red",
                "value": 4,
                "comparator": "<"
              },
              {
                "palette": "white_on_red",
                "value": 4,
                "comparator": ">"
              },
              {
                "palette": "white_on_green",
                "value": 4,
                "comparator": ">="
              }
            ]
          }
        ],
        "type": "query_value"
      },
      "layout": {
        "y": 0,
        "x": 39,
        "height": 15,
        "width": 18
      },
      "id": 3066420974628704
    }
  ],
  "layout_type": "free"
}