{
  "notify_list": null,
  "description": "Dashboard to dive into overall call quality for ongoing Zoom calls (cloned)",
  "restricted_roles": [],
  "template_variable_presets": [
    {
      "template_variables": [
        {
          "name": "meeting_id",
          "value": "89878992601"
        }
      ],
      "name": "All hands call"
    }
  ],
  "template_variables": [
    {
      "default": "*",
      "prefix": "zoom_meeting_id",
      "name": "meeting_id",
      "available_values": []
    },
    {
      "default": "*",
      "prefix": "zoom_meeting_host",
      "name": "meeting_host",
      "available_values": []
    },
    {
      "default": "*",
      "prefix": "zoom_room_name",
      "name": "room_name",
      "available_values": []
    },
    {
      "default": "*",
      "prefix": "zoom_account_name",
      "name": "zoom_account_name",
      "available_values": []
    },
    {
      "default": "*",
      "prefix": "zoom_user_location",
      "name": "user_location",
      "available_values": []
    },
    {
      "default": "*",
      "prefix": "zoom_user_name",
      "name": "user_name",
      "available_values": []
    }
  ],
  "is_read_only": false,
  "title": "Tomas-Modal testing",
  "widgets": [
    {
      "definition": {
        "url": "https://cuit.columbia.edu/sites/default/files/styles/cu_crop/public/content/zoom-logo-transparent-6.png?itok=PJk3QEss",
        "sizing": "fit",
        "type": "image"
      },
      "layout": {
        "y": 1,
        "x": 0,
        "height": 11,
        "width": 18
      },
      "id": 0
    },
    {
      "definition": {
        "autoscale": false,
        "title": "Participants in Meetings",
        "title_align": "left",
        "precision": 0,
        "title_size": "16",
        "requests": [
          {
            "formulas": [
              {
                "formula": "default_zero(query1)"
              }
            ],
            "conditional_formats": [
              {
                "custom_bg_color": "#0179f9",
                "palette": "custom_bg",
                "value": 0,
                "comparator": ">="
              }
            ],
            "response_format": "scalar",
            "queries": [
              {
                "query": "sum:rapdev.zoom.meetings.participants{$meeting_host,$meeting_id,$zoom_account_name}",
                "data_source": "metrics",
                "name": "query1",
                "aggregator": "last"
              }
            ]
          }
        ],
        "type": "query_value"
      },
      "layout": {
        "y": 13,
        "x": 0,
        "height": 11,
        "width": 18
      },
      "id": 5115189288791516
    },
    {
      "definition": {
        "autoscale": true,
        "title": "Ongoing Meetings",
        "title_align": "left",
        "precision": 0,
        "title_size": "16",
        "requests": [
          {
            "formulas": [
              {
                "formula": "default_zero(query1)"
              }
            ],
            "conditional_formats": [
              {
                "custom_bg_color": "#0179f9",
                "palette": "custom_bg",
                "value": 0,
                "comparator": ">="
              }
            ],
            "response_format": "scalar",
            "queries": [
              {
                "query": "sum:rapdev.zoom.meetings.count{$zoom_account_name}",
                "data_source": "metrics",
                "name": "query1",
                "aggregator": "last"
              }
            ]
          }
        ],
        "type": "query_value"
      },
      "layout": {
        "y": 13,
        "x": 19,
        "height": 11,
        "width": 18
      },
      "id": 959881715554954
    },
    {
      "definition": {
        "autoscale": true,
        "title": "Total Meeting Bandwidth",
        "title_align": "left",
        "custom_unit": "MBPS",
        "precision": 0,
        "title_size": "16",
        "requests": [
          {
            "q": "sum:rapdev.zoom.user.qos.bitrate{$user_location,$meeting_host,$meeting_id,$zoom_account_name}/1000",
            "aggregator": "last",
            "conditional_formats": [
              {
                "custom_bg_color": "#0179f9",
                "palette": "custom_bg",
                "value": 0,
                "comparator": ">="
              }
            ]
          }
        ],
        "type": "query_value"
      },
      "layout": {
        "y": 13,
        "x": 38,
        "height": 11,
        "width": 18
      },
      "id": 480681569169360
    },
    {
      "definition": {
        "tick_pos": "25%",
        "show_tick": true,
        "type": "note",
        "tick_edge": "bottom",
        "text_align": "center",
        "content": "# Meetings Video Quality Metrics",
        "font_size": "14",
        "background_color": "gray"
      },
      "layout": {
        "y": 71,
        "x": 35,
        "height": 6,
        "width": 67
      },
      "id": 5879080422870580
    },
    {
      "definition": {
        "title_size": "16",
        "legend_columns": [
          "avg",
          "min",
          "max",
          "value",
          "sum"
        ],
        "yaxis": {
          "include_zero": true,
          "max": "auto",
          "scale": "linear",
          "min": "auto",
          "label": ""
        },
        "title_align": "left",
        "markers": [],
        "legend_layout": "vertical",
        "show_legend": false,
        "title": "Average Audio Receiving Latency (ms)",
        "requests": [
          {
            "q": "default_zero(avg:rapdev.zoom.meeting.qos.latency{zoom_meeting_qos_audio:input,$meeting_id,$meeting_host,$user_location,$room_name,$user_name,$zoom_account_name} by {zoom_meeting_host,zoom_meeting_id})",
            "style": {
              "line_width": "normal",
              "palette": "dog_classic",
              "line_type": "solid"
            },
            "display_type": "line"
          },
          {
            "q": "default_zero(avg:rapdev.zoom.user.qos.latency{$meeting_id,$meeting_host,zoom_user_qos_audio:input,$user_location,$room_name,$user_name,$zoom_account_name} by {zoom_user_name})",
            "style": {
              "line_width": "normal",
              "palette": "dog_classic",
              "line_type": "solid"
            },
            "display_type": "line"
          }
        ],
        "type": "timeseries"
      },
      "layout": {
        "y": 97,
        "x": 103,
        "height": 17,
        "width": 33
      },
      "id": 490021006013778
    },
    {
      "definition": {
        "tick_pos": "25%",
        "show_tick": true,
        "type": "note",
        "tick_edge": "bottom",
        "text_align": "center",
        "content": "# Meetings Audio Quality Metrics",
        "font_size": "14",
        "background_color": "gray"
      },
      "layout": {
        "y": 71,
        "x": 103,
        "height": 6,
        "width": 67
      },
      "id": 3744853147782816
    },
    {
      "definition": {
        "title_size": "16",
        "legend_columns": [
          "avg",
          "min",
          "max",
          "value",
          "sum"
        ],
        "yaxis": {
          "include_zero": true,
          "max": "auto",
          "scale": "linear",
          "min": "auto",
          "label": ""
        },
        "title_align": "left",
        "markers": [],
        "legend_layout": "vertical",
        "show_legend": false,
        "title": "Average Video Sending Jitter (ms)",
        "requests": [
          {
            "q": "default_zero(avg:rapdev.zoom.meeting.qos.jitter{zoom_meeting_qos_video:output,$meeting_id,$meeting_host,$user_location,$room_name,$user_name,$zoom_account_name} by {zoom_meeting_host,zoom_meeting_id})",
            "style": {
              "line_width": "normal",
              "palette": "dog_classic",
              "line_type": "solid"
            },
            "display_type": "line"
          },
          {
            "q": "default_zero(avg:rapdev.zoom.user.qos.jitter{$meeting_id,$meeting_host,zoom_user_qos_video:output,$user_location,$room_name,$user_name,$zoom_account_name} by {zoom_user_name})",
            "style": {
              "line_width": "normal",
              "palette": "dog_classic",
              "line_type": "solid"
            },
            "display_type": "line"
          }
        ],
        "type": "timeseries"
      },
      "layout": {
        "y": 115,
        "x": 69,
        "height": 17,
        "width": 33
      },
      "id": 1104404045760636
    },
    {
      "definition": {
        "title_size": "16",
        "legend_columns": [
          "avg",
          "min",
          "max",
          "value",
          "sum"
        ],
        "yaxis": {
          "include_zero": true,
          "max": "auto",
          "scale": "linear",
          "min": "auto",
          "label": ""
        },
        "title_align": "left",
        "markers": [],
        "legend_layout": "vertical",
        "show_legend": false,
        "title": "Average Audio Receiving Jitter (ms)",
        "requests": [
          {
            "q": "default_zero(avg:rapdev.zoom.meeting.qos.jitter{zoom_meeting_qos_audio:input,$meeting_id,$meeting_host,$user_location,$room_name,$user_name,$zoom_account_name} by {zoom_meeting_id,zoom_meeting_host})",
            "style": {
              "line_width": "normal",
              "palette": "dog_classic",
              "line_type": "solid"
            },
            "display_type": "line"
          },
          {
            "q": "default_zero(avg:rapdev.zoom.user.qos.jitter{$meeting_id,$meeting_host,zoom_user_qos_audio:input,$user_location,$room_name,$user_name,$zoom_account_name} by {zoom_user_name})",
            "style": {
              "line_width": "normal",
              "palette": "dog_classic",
              "line_type": "solid"
            },
            "display_type": "line"
          }
        ],
        "type": "timeseries"
      },
      "layout": {
        "y": 115,
        "x": 103,
        "height": 17,
        "width": 33
      },
      "id": 3251736663688436
    },
    {
      "definition": {
        "title_size": "16",
        "legend_columns": [
          "avg",
          "min",
          "max",
          "value",
          "sum"
        ],
        "yaxis": {
          "include_zero": true,
          "max": "auto",
          "scale": "linear",
          "min": "auto",
          "label": ""
        },
        "title_align": "left",
        "markers": [],
        "legend_layout": "vertical",
        "show_legend": false,
        "title": "Average Video Sending Loss (%)",
        "requests": [
          {
            "q": "default_zero(avg:rapdev.zoom.meeting.qos.average_loss{zoom_meeting_qos_video:output,$meeting_id,$meeting_host,$user_location,$room_name,$user_name,$zoom_account_name} by {zoom_meeting_id,zoom_meeting_host})",
            "style": {
              "line_width": "normal",
              "palette": "dog_classic",
              "line_type": "solid"
            },
            "display_type": "line"
          },
          {
            "q": "default_zero(avg:rapdev.zoom.user.qos.average_loss{$meeting_id,$meeting_host,zoom_user_qos_video:output,$user_location,$room_name,$user_name,$zoom_account_name} by {zoom_user_name})",
            "style": {
              "line_width": "normal",
              "palette": "dog_classic",
              "line_type": "solid"
            },
            "display_type": "line"
          }
        ],
        "type": "timeseries"
      },
      "layout": {
        "y": 133,
        "x": 69,
        "height": 17,
        "width": 33
      },
      "id": 2505037730108644
    },
    {
      "definition": {
        "title_size": "16",
        "legend_columns": [
          "avg",
          "min",
          "max",
          "value",
          "sum"
        ],
        "yaxis": {
          "include_zero": true,
          "max": "auto",
          "scale": "linear",
          "min": "auto",
          "label": ""
        },
        "title_align": "left",
        "markers": [],
        "legend_layout": "vertical",
        "show_legend": false,
        "title": "Average Audio Receiving Loss (%)",
        "requests": [
          {
            "q": "default_zero(avg:rapdev.zoom.meeting.qos.average_loss{zoom_meeting_qos_audio:input,$meeting_id,$meeting_host,$user_location,$room_name,$user_name,$zoom_account_name} by {zoom_meeting_id,zoom_meeting_host})",
            "style": {
              "line_width": "normal",
              "palette": "dog_classic",
              "line_type": "solid"
            },
            "display_type": "line"
          },
          {
            "q": "default_zero(avg:rapdev.zoom.user.qos.average_loss{$meeting_id,$meeting_host,zoom_user_qos_audio:input,$user_location,$room_name,$user_name,$zoom_account_name} by {zoom_user_name})",
            "style": {
              "line_width": "normal",
              "palette": "dog_classic",
              "line_type": "solid"
            },
            "display_type": "line"
          }
        ],
        "type": "timeseries"
      },
      "layout": {
        "y": 133,
        "x": 103,
        "height": 17,
        "width": 33
      },
      "id": 2373292791399094
    },
    {
      "definition": {
        "title_size": "16",
        "legend_columns": [
          "avg",
          "min",
          "max",
          "value",
          "sum"
        ],
        "yaxis": {
          "include_zero": true,
          "max": "auto",
          "scale": "linear",
          "min": "auto",
          "label": ""
        },
        "title_align": "left",
        "markers": [],
        "legend_layout": "vertical",
        "show_legend": false,
        "title": "Max Video Sending Loss (%)",
        "requests": [
          {
            "q": "default_zero(avg:rapdev.zoom.meeting.qos.max_loss{zoom_meeting_qos_video:output,$meeting_id,$meeting_host,$user_location,$room_name,$user_name,$zoom_account_name} by {zoom_meeting_host,zoom_meeting_id})",
            "style": {
              "line_width": "normal",
              "palette": "dog_classic",
              "line_type": "solid"
            },
            "display_type": "line"
          },
          {
            "q": "default_zero(avg:rapdev.zoom.user.qos.max_loss{$meeting_id,$meeting_host,zoom_user_qos_video:output,$user_location,$room_name,$user_name,$zoom_account_name} by {zoom_user_name})",
            "style": {
              "line_width": "normal",
              "palette": "dog_classic",
              "line_type": "solid"
            },
            "display_type": "line"
          }
        ],
        "type": "timeseries"
      },
      "layout": {
        "y": 151,
        "x": 69,
        "height": 17,
        "width": 33
      },
      "id": 4906957136420688
    },
    {
      "definition": {
        "title_size": "16",
        "legend_columns": [
          "avg",
          "min",
          "max",
          "value",
          "sum"
        ],
        "yaxis": {
          "include_zero": true,
          "max": "auto",
          "scale": "linear",
          "min": "auto",
          "label": ""
        },
        "title_align": "left",
        "markers": [],
        "legend_layout": "vertical",
        "show_legend": false,
        "title": "Max Audio Receiving Loss (%)",
        "requests": [
          {
            "q": "default_zero(avg:rapdev.zoom.meeting.qos.max_loss{zoom_meeting_qos_audio:input,$meeting_id,$meeting_host,$user_location,$room_name,$user_name,$zoom_account_name} by {zoom_meeting_host,zoom_meeting_id})",
            "on_right_yaxis": false,
            "style": {
              "line_width": "normal",
              "palette": "dog_classic",
              "line_type": "solid"
            },
            "display_type": "line"
          },
          {
            "q": "default_zero(avg:rapdev.zoom.user.qos.max_loss{$meeting_id,$meeting_host,zoom_user_qos_audio:input,$user_location,$room_name,$user_name,$zoom_account_name} by {zoom_user_name})",
            "style": {
              "line_width": "normal",
              "palette": "dog_classic",
              "line_type": "solid"
            },
            "display_type": "line"
          }
        ],
        "type": "timeseries"
      },
      "layout": {
        "y": 151,
        "x": 103,
        "height": 17,
        "width": 33
      },
      "id": 7697078266524102
    },
    {
      "definition": {
        "title_size": "16",
        "legend_columns": [
          "avg",
          "min",
          "max",
          "value",
          "sum"
        ],
        "yaxis": {
          "include_zero": true,
          "max": "auto",
          "scale": "linear",
          "min": "auto",
          "label": ""
        },
        "title_align": "left",
        "markers": [],
        "legend_layout": "vertical",
        "show_legend": false,
        "title": "Average Video Sending Latency (ms)",
        "requests": [
          {
            "q": "default_zero(avg:rapdev.zoom.meeting.qos.latency{zoom_meeting_qos_video:output,$meeting_id,$meeting_host,$user_location,$room_name,$user_name,$zoom_account_name} by {zoom_meeting_id,zoom_meeting_host})",
            "style": {
              "line_width": "normal",
              "palette": "dog_classic",
              "line_type": "solid"
            },
            "display_type": "line"
          },
          {
            "q": "default_zero(avg:rapdev.zoom.user.qos.latency{$meeting_id,$meeting_host,zoom_user_qos_video:output,$user_location,$room_name,$user_name,$zoom_account_name} by {zoom_user_name})",
            "style": {
              "line_width": "normal",
              "palette": "dog_classic",
              "line_type": "solid"
            },
            "display_type": "line"
          }
        ],
        "type": "timeseries"
      },
      "layout": {
        "y": 97,
        "x": 69,
        "height": 17,
        "width": 33
      },
      "id": 244317770801862
    },
    {
      "definition": {
        "title_size": "16",
        "title": "Ongoing Meetings",
        "title_align": "left",
        "markers": [],
        "yaxis": {
          "include_zero": true,
          "max": "auto",
          "scale": "linear",
          "min": "auto",
          "label": ""
        },
        "show_legend": false,
        "requests": [
          {
            "q": "default_zero(sum:rapdev.zoom.meetings.count{$user_location,$room_name,$zoom_account_name}.rollup(max, 60))",
            "style": {
              "line_width": "normal",
              "palette": "dog_classic",
              "line_type": "solid"
            },
            "display_type": "line"
          },
          {
            "q": "default_zero(week_before(sum:rapdev.zoom.meetings.count{$user_location,$room_name,$zoom_account_name}))",
            "on_right_yaxis": false,
            "style": {
              "line_width": "normal",
              "palette": "warm",
              "line_type": "solid"
            },
            "display_type": "line"
          }
        ],
        "type": "timeseries"
      },
      "layout": {
        "y": 1,
        "x": 19,
        "height": 11,
        "width": 37
      },
      "id": 2169341963784778
    },
    {
      "definition": {
        "title_size": "16",
        "title": "Bandwidth per Meeting (MBPS)",
        "title_align": "left",
        "markers": [],
        "yaxis": {
          "include_zero": true,
          "max": "auto",
          "scale": "linear",
          "min": "auto",
          "label": ""
        },
        "show_legend": false,
        "requests": [
          {
            "q": "default_zero(sum:rapdev.zoom.meeting.qos.bitrate{$meeting_id,$meeting_host,$user_location,$room_name,$zoom_account_name} by {zoom_meeting_host,zoom_meeting_id})/1000",
            "style": {
              "line_width": "normal",
              "palette": "dog_classic",
              "line_type": "solid"
            },
            "display_type": "line"
          }
        ],
        "type": "timeseries"
      },
      "layout": {
        "y": 25,
        "x": 0,
        "height": 23,
        "width": 56
      },
      "id": 3247601149156674
    },
    {
      "definition": {
        "title_size": "16",
        "title": "Audio Receiving Latency vs Jitter By Meeting",
        "title_align": "left",
        "color_by_groups": [
          "zoom_meeting_qos_network_type"
        ],
        "yaxis": {
          "include_zero": false,
          "label": "QoS Jitter"
        },
        "xaxis": {
          "include_zero": false,
          "label": "QoS Latency"
        },
        "requests": {
          "y": {
            "q": "avg:rapdev.zoom.meeting.qos.jitter{zoom_meeting_qos_audio:input,$meeting_id,$meeting_host,$user_location,$zoom_account_name} by {zoom_meeting_id,zoom_meeting_qos_network_type}",
            "aggregator": "avg"
          },
          "x": {
            "q": "avg:rapdev.zoom.meeting.qos.latency{zoom_meeting_qos_audio:input,$meeting_id,$meeting_host,$user_location,$room_name,$zoom_account_name} by {zoom_meeting_id,zoom_meeting_qos_network_type}",
            "aggregator": "avg"
          }
        },
        "type": "scatterplot"
      },
      "layout": {
        "y": 1,
        "x": 114,
        "height": 23,
        "width": 56
      },
      "id": 117585337859150
    },
    {
      "definition": {
        "type": "toplist",
        "requests": [
          {
            "q": "top(max:rapdev.zoom.meeting.qos.average_loss{zoom_meeting_qos_video:output,$meeting_id,$meeting_host,$user_location,$room_name,$user_name,$zoom_account_name} by {zoom_meeting_host,zoom_meeting_id}, 5, 'max', 'desc')"
          }
        ],
        "title_align": "left",
        "title_size": "16",
        "title": "Video Sending Loss (%)"
      },
      "layout": {
        "y": 79,
        "x": 69,
        "height": 17,
        "width": 33
      },
      "id": 6247308252464694
    },
    {
      "definition": {
        "type": "toplist",
        "requests": [
          {
            "q": "top(max:rapdev.zoom.meeting.qos.average_loss{zoom_meeting_qos_audio:input,$meeting_id,$meeting_host,$user_location,$room_name,$user_name,$zoom_account_name} by {zoom_meeting_host,zoom_meeting_id}, 5, 'max', 'desc')"
          }
        ],
        "title_align": "left",
        "title_size": "16",
        "title": "Top Audio Receiving Loss (%)"
      },
      "layout": {
        "y": 79,
        "x": 103,
        "height": 17,
        "width": 33
      },
      "id": 770958225045752
    },
    {
      "definition": {
        "type": "toplist",
        "requests": [
          {
            "q": "top(max:rapdev.zoom.meeting.qos.average_loss{zoom_meeting_qos_video:input,$meeting_id,$meeting_host,$user_location,$room_name,$user_name,$zoom_account_name} by {zoom_meeting_host,zoom_meeting_id}, 5, 'max', 'desc')"
          }
        ],
        "title_align": "left",
        "title_size": "16",
        "title": "Video Receiving Loss (%)"
      },
      "layout": {
        "y": 79,
        "x": 35,
        "height": 17,
        "width": 33
      },
      "id": 4391882905460278
    },
    {
      "definition": {
        "title_size": "16",
        "legend_columns": [
          "avg",
          "min",
          "max",
          "value",
          "sum"
        ],
        "yaxis": {
          "include_zero": true,
          "max": "auto",
          "scale": "linear",
          "min": "auto",
          "label": ""
        },
        "title_align": "left",
        "markers": [],
        "legend_layout": "vertical",
        "show_legend": false,
        "title": "Average Video Receiving Latency (ms)",
        "requests": [
          {
            "q": "default_zero(avg:rapdev.zoom.meeting.qos.latency{zoom_meeting_qos_video:input,$meeting_id,$meeting_host,$user_location,$room_name,$user_name,$zoom_account_name} by {zoom_meeting_id,zoom_meeting_host})",
            "style": {
              "line_width": "normal",
              "palette": "dog_classic",
              "line_type": "solid"
            },
            "display_type": "line"
          },
          {
            "q": "default_zero(avg:rapdev.zoom.user.qos.latency{$meeting_id,$meeting_host,zoom_user_qos_video:input,$user_location,$room_name,$user_name,$zoom_account_name} by {zoom_user_name})",
            "style": {
              "line_width": "normal",
              "palette": "dog_classic",
              "line_type": "solid"
            },
            "display_type": "line"
          }
        ],
        "type": "timeseries"
      },
      "layout": {
        "y": 97,
        "x": 35,
        "height": 17,
        "width": 33
      },
      "id": 3479918428038952
    },
    {
      "definition": {
        "title_size": "16",
        "legend_columns": [
          "avg",
          "min",
          "max",
          "value",
          "sum"
        ],
        "yaxis": {
          "include_zero": true,
          "max": "auto",
          "scale": "linear",
          "min": "auto",
          "label": ""
        },
        "title_align": "left",
        "markers": [],
        "legend_layout": "vertical",
        "show_legend": false,
        "title": "Average Video Receiving Jitter (ms)",
        "requests": [
          {
            "q": "default_zero(avg:rapdev.zoom.meeting.qos.jitter{zoom_meeting_qos_video:input,$meeting_id,$meeting_host,$user_location,$room_name,$user_name,$zoom_account_name} by {zoom_meeting_host,zoom_meeting_id})",
            "style": {
              "line_width": "normal",
              "palette": "dog_classic",
              "line_type": "solid"
            },
            "display_type": "line"
          },
          {
            "q": "default_zero(avg:rapdev.zoom.user.qos.jitter{$meeting_id,$meeting_host,zoom_user_qos_video:input,$user_location,$room_name,$user_name,$zoom_account_name} by {zoom_user_name})",
            "style": {
              "line_width": "normal",
              "palette": "dog_classic",
              "line_type": "solid"
            },
            "display_type": "line"
          }
        ],
        "type": "timeseries"
      },
      "layout": {
        "y": 115,
        "x": 35,
        "height": 17,
        "width": 33
      },
      "id": 4723126760116144
    },
    {
      "definition": {
        "title_size": "16",
        "legend_columns": [
          "avg",
          "min",
          "max",
          "value",
          "sum"
        ],
        "yaxis": {
          "include_zero": true,
          "max": "auto",
          "scale": "linear",
          "min": "auto",
          "label": ""
        },
        "title_align": "left",
        "markers": [],
        "legend_layout": "vertical",
        "show_legend": false,
        "title": "Average Video Receiving Loss (%)",
        "requests": [
          {
            "q": "default_zero(avg:rapdev.zoom.meeting.qos.average_loss{zoom_meeting_qos_video:input,$meeting_id,$meeting_host,$user_location,$room_name,$user_name,$zoom_account_name} by {zoom_meeting_id,zoom_meeting_host})",
            "style": {
              "line_width": "normal",
              "palette": "dog_classic",
              "line_type": "solid"
            },
            "display_type": "line"
          },
          {
            "q": "default_zero(avg:rapdev.zoom.user.qos.average_loss{$meeting_id,$meeting_host,zoom_user_qos_video:input,$user_location,$room_name,$user_name,$zoom_account_name} by {zoom_user_name})",
            "style": {
              "line_width": "normal",
              "palette": "dog_classic",
              "line_type": "solid"
            },
            "display_type": "line"
          }
        ],
        "type": "timeseries"
      },
      "layout": {
        "y": 133,
        "x": 35,
        "height": 17,
        "width": 33
      },
      "id": 1893492088729326
    },
    {
      "definition": {
        "title_size": "16",
        "legend_columns": [
          "avg",
          "min",
          "max",
          "value",
          "sum"
        ],
        "yaxis": {
          "include_zero": true,
          "max": "auto",
          "scale": "linear",
          "min": "auto",
          "label": ""
        },
        "title_align": "left",
        "markers": [],
        "legend_layout": "vertical",
        "show_legend": false,
        "title": "Max Video Receiving Loss (%)",
        "requests": [
          {
            "q": "default_zero(avg:rapdev.zoom.meeting.qos.max_loss{zoom_meeting_qos_video:input,$meeting_id,$meeting_host,$user_location,$room_name,$user_name,$zoom_account_name} by {zoom_meeting_host,zoom_meeting_id})",
            "style": {
              "line_width": "normal",
              "palette": "dog_classic",
              "line_type": "solid"
            },
            "display_type": "line"
          },
          {
            "q": "default_zero(avg:rapdev.zoom.user.qos.max_loss{$meeting_id,$meeting_host,zoom_user_qos_video:input,$user_location,$room_name,$user_name,$zoom_account_name} by {zoom_user_name})",
            "style": {
              "line_width": "normal",
              "palette": "dog_classic",
              "line_type": "solid"
            },
            "display_type": "line"
          }
        ],
        "type": "timeseries"
      },
      "layout": {
        "y": 151,
        "x": 35,
        "height": 17,
        "width": 33
      },
      "id": 7380231684173098
    },
    {
      "definition": {
        "type": "toplist",
        "requests": [
          {
            "q": "top(max:rapdev.zoom.meeting.qos.average_loss{zoom_meeting_qos_audio:output,$meeting_id,$meeting_host,$user_location,$room_name,$user_name,$zoom_account_name} by {zoom_meeting_host,zoom_meeting_id}, 5, 'max', 'desc')"
          }
        ],
        "title_align": "left",
        "title_size": "16",
        "title": "Top Audio Sending Loss (%)"
      },
      "layout": {
        "y": 79,
        "x": 137,
        "height": 17,
        "width": 33
      },
      "id": 7916670118158904
    },
    {
      "definition": {
        "title_size": "16",
        "legend_columns": [
          "avg",
          "min",
          "max",
          "value",
          "sum"
        ],
        "yaxis": {
          "include_zero": true,
          "max": "auto",
          "scale": "linear",
          "min": "auto",
          "label": ""
        },
        "title_align": "left",
        "markers": [],
        "legend_layout": "vertical",
        "show_legend": false,
        "title": "Average Audio Sending Latency (ms)",
        "requests": [
          {
            "q": "default_zero(avg:rapdev.zoom.meeting.qos.latency{zoom_meeting_qos_audio:output,$meeting_id,$meeting_host,$user_location,$room_name,$user_name,$zoom_account_name} by {zoom_meeting_host,zoom_meeting_id})",
            "style": {
              "line_width": "normal",
              "palette": "dog_classic",
              "line_type": "solid"
            },
            "display_type": "line"
          },
          {
            "q": "default_zero(avg:rapdev.zoom.user.qos.latency{$meeting_id,$meeting_host,zoom_user_qos_audio:output,$user_location,$room_name,$user_name,$zoom_account_name} by {zoom_user_name})",
            "style": {
              "line_width": "normal",
              "palette": "dog_classic",
              "line_type": "solid"
            },
            "display_type": "line"
          }
        ],
        "type": "timeseries"
      },
      "layout": {
        "y": 97,
        "x": 137,
        "height": 17,
        "width": 33
      },
      "id": 1673742751995028
    },
    {
      "definition": {
        "title_size": "16",
        "legend_columns": [
          "avg",
          "min",
          "max",
          "value",
          "sum"
        ],
        "yaxis": {
          "include_zero": true,
          "max": "auto",
          "scale": "linear",
          "min": "auto",
          "label": ""
        },
        "title_align": "left",
        "markers": [],
        "legend_layout": "vertical",
        "show_legend": false,
        "title": "Average Audio Sending Jitter (ms)",
        "requests": [
          {
            "q": "default_zero(avg:rapdev.zoom.meeting.qos.jitter{zoom_meeting_qos_audio:output,$meeting_id,$meeting_host,$user_location,$room_name,$user_name,$zoom_account_name} by {zoom_meeting_id,zoom_meeting_host})",
            "style": {
              "line_width": "normal",
              "palette": "dog_classic",
              "line_type": "solid"
            },
            "display_type": "line"
          },
          {
            "q": "default_zero(avg:rapdev.zoom.user.qos.jitter{$meeting_id,$meeting_host,zoom_user_qos_audio:output,$user_location,$room_name,$user_name,$zoom_account_name} by {zoom_user_name})",
            "style": {
              "line_width": "normal",
              "palette": "dog_classic",
              "line_type": "solid"
            },
            "display_type": "line"
          }
        ],
        "type": "timeseries"
      },
      "layout": {
        "y": 115,
        "x": 137,
        "height": 17,
        "width": 33
      },
      "id": 3840971168800894
    },
    {
      "definition": {
        "title_size": "16",
        "legend_columns": [
          "avg",
          "min",
          "max",
          "value",
          "sum"
        ],
        "yaxis": {
          "include_zero": true,
          "max": "auto",
          "scale": "linear",
          "min": "auto",
          "label": ""
        },
        "title_align": "left",
        "markers": [],
        "legend_layout": "vertical",
        "show_legend": false,
        "title": "Average Audio Sending Loss (%)",
        "requests": [
          {
            "q": "default_zero(avg:rapdev.zoom.meeting.qos.average_loss{zoom_meeting_qos_audio:output,$meeting_id,$meeting_host,$user_location,$room_name,$user_name,$zoom_account_name} by {zoom_meeting_id,zoom_meeting_host})",
            "style": {
              "line_width": "normal",
              "palette": "dog_classic",
              "line_type": "solid"
            },
            "display_type": "line"
          },
          {
            "q": "default_zero(avg:rapdev.zoom.user.qos.average_loss{$meeting_id,$meeting_host,zoom_user_qos_audio:output,$user_location,$room_name,$user_name,$zoom_account_name} by {zoom_user_name})",
            "style": {
              "line_width": "normal",
              "palette": "dog_classic",
              "line_type": "solid"
            },
            "display_type": "line"
          }
        ],
        "type": "timeseries"
      },
      "layout": {
        "y": 133,
        "x": 137,
        "height": 17,
        "width": 33
      },
      "id": 7801348875053580
    },
    {
      "definition": {
        "title_size": "16",
        "legend_columns": [
          "avg",
          "min",
          "max",
          "value",
          "sum"
        ],
        "yaxis": {
          "include_zero": true,
          "max": "auto",
          "scale": "linear",
          "min": "auto",
          "label": ""
        },
        "title_align": "left",
        "markers": [],
        "legend_layout": "vertical",
        "show_legend": false,
        "title": "Max Audio Sending Loss (%)",
        "requests": [
          {
            "q": "default_zero(avg:rapdev.zoom.meeting.qos.max_loss{zoom_meeting_qos_audio:output,$meeting_id,$meeting_host,$user_location,$room_name,$user_name,$zoom_account_name} by {zoom_meeting_host,zoom_meeting_id})",
            "on_right_yaxis": false,
            "style": {
              "line_width": "normal",
              "palette": "dog_classic",
              "line_type": "solid"
            },
            "display_type": "line"
          },
          {
            "q": "default_zero(avg:rapdev.zoom.user.qos.max_loss{$meeting_id,$meeting_host,zoom_user_qos_audio:output,$user_location,$room_name,$user_name,$zoom_account_name} by {zoom_user_name})",
            "style": {
              "line_width": "normal",
              "palette": "dog_classic",
              "line_type": "solid"
            },
            "display_type": "line"
          }
        ],
        "type": "timeseries"
      },
      "layout": {
        "y": 151,
        "x": 137,
        "height": 17,
        "width": 33
      },
      "id": 4521248074683850
    },
    {
      "definition": {
        "title_size": "16",
        "title": "Bandwidth per Location (MBPS)",
        "title_align": "left",
        "markers": [],
        "yaxis": {
          "include_zero": true,
          "max": "auto",
          "scale": "linear",
          "min": "auto",
          "label": ""
        },
        "show_legend": false,
        "requests": [
          {
            "q": "default_zero(sum:rapdev.zoom.user.qos.bitrate{$meeting_id,$meeting_host,$user_location,$room_name,$zoom_account_name} by {zoom_user_location})/1000",
            "style": {
              "line_width": "normal",
              "palette": "dog_classic",
              "line_type": "solid"
            },
            "display_type": "line"
          }
        ],
        "type": "timeseries"
      },
      "layout": {
        "y": 49,
        "x": 0,
        "height": 20,
        "width": 42
      },
      "id": 2886921881371240
    },
    {
      "definition": {
        "type": "toplist",
        "requests": [
          {
            "q": "top(sum:rapdev.zoom.user.qos.bitrate{$meeting_id,$meeting_host,$user_location,$room_name,$zoom_account_name} by {zoom_user_location}/1000,10,'mean','desc')"
          }
        ],
        "title_align": "left",
        "title_size": "16",
        "title": "Bandwidth per Location (MBPS)"
      },
      "layout": {
        "y": 49,
        "x": 43,
        "height": 20,
        "width": 41
      },
      "id": 4705421256024658
    },
    {
      "definition": {
        "type": "toplist",
        "requests": [
          {
            "q": "top(sum:rapdev.zoom.meeting.qos.bitrate{$meeting_id,$meeting_host,$user_location,$room_name,$zoom_account_name} by {zoom_meeting_host,zoom_meeting_id}/1000,10,'mean','desc')"
          }
        ],
        "title_align": "left",
        "title_size": "16",
        "title": "Bandwidth per Meeting (MBPS)"
      },
      "layout": {
        "y": 25,
        "x": 57,
        "height": 23,
        "width": 56
      },
      "id": 2697461277257100
    },
    {
      "definition": {
        "title_size": "16",
        "title": "Total Bandwidth (MBPS)",
        "title_align": "left",
        "markers": [],
        "yaxis": {
          "include_zero": true,
          "max": "auto",
          "scale": "linear",
          "min": "auto",
          "label": ""
        },
        "show_legend": false,
        "requests": [
          {
            "q": "default_zero(sum:rapdev.zoom.meeting.qos.bitrate{$meeting_id,$meeting_host,$user_location,$room_name,$zoom_account_name})/1000",
            "style": {
              "line_width": "normal",
              "palette": "dog_classic",
              "line_type": "solid"
            },
            "display_type": "line"
          },
          {
            "q": "default_zero(week_before(sum:rapdev.zoom.meeting.qos.bitrate{$meeting_id,$meeting_host,$user_location,$room_name,$zoom_account_name}))/1000",
            "on_right_yaxis": false,
            "style": {
              "line_width": "normal",
              "palette": "warm",
              "line_type": "solid"
            },
            "display_type": "line"
          }
        ],
        "type": "timeseries"
      },
      "layout": {
        "y": 25,
        "x": 114,
        "height": 23,
        "width": 56
      },
      "id": 8982604496435880
    },
    {
      "definition": {
        "type": "toplist",
        "requests": [
          {
            "q": "top(sum:rapdev.zoom.user.qos.bitrate{$meeting_id,$meeting_host,$user_location,$room_name,$user_name,$zoom_account_name} by {zoom_user_name}/1000,10,'mean','desc')"
          }
        ],
        "title_align": "left",
        "title_size": "16",
        "title": "Bandwidth per User (MBPS)"
      },
      "layout": {
        "y": 49,
        "x": 129,
        "height": 20,
        "width": 41
      },
      "id": 2985224297843762
    },
    {
      "definition": {
        "title_size": "16",
        "title": "Bandwidth per User (MBPS)",
        "title_align": "left",
        "markers": [],
        "yaxis": {
          "include_zero": true,
          "max": "auto",
          "scale": "linear",
          "min": "auto",
          "label": ""
        },
        "show_legend": false,
        "requests": [
          {
            "q": "default_zero(sum:rapdev.zoom.user.qos.bitrate{$meeting_id,$meeting_host,$user_location,$room_name,$user_name,$zoom_account_name} by {zoom_user_name})/1000",
            "style": {
              "line_width": "normal",
              "palette": "dog_classic",
              "line_type": "solid"
            },
            "display_type": "line"
          }
        ],
        "type": "timeseries"
      },
      "layout": {
        "y": 49,
        "x": 86,
        "height": 20,
        "width": 42
      },
      "id": 6018863891846058
    },
    {
      "definition": {
        "title_size": "16",
        "title": "Bitrate vs Latency by Location",
        "title_align": "left",
        "color_by_groups": [],
        "yaxis": {
          "label": "User Latency (ms)"
        },
        "xaxis": {
          "label": "User Bitrate (kpbs)"
        },
        "requests": {
          "y": {
            "q": "avg:rapdev.zoom.user.qos.latency{$user_location,$room_name,$zoom_account_name} by {zoom_user_location}",
            "aggregator": "avg"
          },
          "x": {
            "q": "avg:rapdev.zoom.user.qos.bitrate{$meeting_id,$meeting_host,$user_location,$room_name,$zoom_account_name} by {zoom_user_location}",
            "aggregator": "avg"
          }
        },
        "type": "scatterplot"
      },
      "layout": {
        "y": 1,
        "x": 57,
        "height": 23,
        "width": 56
      },
      "id": 6165908651964208
    },
    {
      "definition": {
        "title_size": "16",
        "title": "Average Zoom CPU Usage",
        "title_align": "left",
        "markers": [],
        "yaxis": {
          "include_zero": true,
          "max": "auto",
          "scale": "linear",
          "min": "auto",
          "label": ""
        },
        "show_legend": false,
        "requests": [
          {
            "q": "default_zero(max:rapdev.zoom.user.qos.cpu.avg_usage{$meeting_id,$meeting_host,$user_name,$zoom_account_name} by {zoom_user_name})",
            "style": {
              "line_width": "normal",
              "palette": "dog_classic",
              "line_type": "solid"
            },
            "display_type": "line"
          }
        ],
        "type": "timeseries"
      },
      "layout": {
        "y": 79,
        "x": 0,
        "height": 17,
        "width": 33
      },
      "id": 5050639660025904
    },
    {
      "definition": {
        "tick_pos": "50%",
        "show_tick": true,
        "type": "note",
        "tick_edge": "bottom",
        "text_align": "center",
        "content": "# Meetings CPU Usage Metrics",
        "font_size": "14",
        "background_color": "gray"
      },
      "layout": {
        "y": 71,
        "x": 0,
        "height": 6,
        "width": 33
      },
      "id": 6947204302482306
    },
    {
      "definition": {
        "title_size": "16",
        "title": "Max Zoom CPU Usage",
        "title_align": "left",
        "markers": [],
        "yaxis": {
          "include_zero": true,
          "max": "auto",
          "scale": "linear",
          "min": "auto",
          "label": ""
        },
        "show_legend": false,
        "requests": [
          {
            "q": "default_zero(max:rapdev.zoom.user.qos.cpu.max_usage{$meeting_id,$meeting_host,$user_name,$zoom_account_name} by {zoom_user_name})",
            "style": {
              "line_width": "normal",
              "palette": "dog_classic",
              "line_type": "solid"
            },
            "display_type": "line"
          }
        ],
        "type": "timeseries"
      },
      "layout": {
        "y": 97,
        "x": 0,
        "height": 17,
        "width": 33
      },
      "id": 5781629350664928
    },
    {
      "definition": {
        "title_size": "16",
        "title": "Min Zoom CPU Usage",
        "title_align": "left",
        "markers": [],
        "yaxis": {
          "include_zero": true,
          "max": "auto",
          "scale": "linear",
          "min": "auto",
          "label": ""
        },
        "show_legend": false,
        "requests": [
          {
            "q": "default_zero(max:rapdev.zoom.user.qos.cpu.min_usage{$meeting_id,$meeting_host,$user_name,$zoom_account_name} by {zoom_user_name})",
            "style": {
              "line_width": "normal",
              "palette": "dog_classic",
              "line_type": "solid"
            },
            "display_type": "line"
          }
        ],
        "type": "timeseries"
      },
      "layout": {
        "y": 115,
        "x": 0,
        "height": 17,
        "width": 33
      },
      "id": 1359800904525410
    },
    {
      "definition": {
        "title_size": "16",
        "title": "System Max CPU Usage",
        "title_align": "left",
        "markers": [],
        "yaxis": {
          "include_zero": true,
          "max": "auto",
          "scale": "linear",
          "min": "auto",
          "label": ""
        },
        "show_legend": false,
        "requests": [
          {
            "q": "default_zero(max:rapdev.zoom.user.qos.cpu.system_max_usage{$meeting_id,$meeting_host,$user_name,$zoom_account_name} by {zoom_user_name})",
            "style": {
              "line_width": "normal",
              "palette": "dog_classic",
              "line_type": "solid"
            },
            "display_type": "line"
          }
        ],
        "type": "timeseries"
      },
      "layout": {
        "y": 133,
        "x": 0,
        "height": 17,
        "width": 33
      },
      "id": 1888235896139858
    },
    {
      "definition": {
        "tick_pos": "75%",
        "show_tick": true,
        "type": "note",
        "tick_edge": "bottom",
        "text_align": "center",
        "content": "# Meetings Audio Quality Metrics",
        "font_size": "14",
        "background_color": "gray"
      },
      "layout": {
        "y": 71,
        "x": 103,
        "height": 6,
        "width": 67
      },
      "id": 5170804718201050
    },
    {
      "definition": {
        "tick_pos": "75%",
        "show_tick": true,
        "type": "note",
        "tick_edge": "bottom",
        "text_align": "center",
        "content": "# Meetings Video Quality Metrics",
        "font_size": "14",
        "background_color": "gray"
      },
      "layout": {
        "y": 71,
        "x": 35,
        "height": 6,
        "width": 67
      },
      "id": 4099681046158426
    }
  ],
  "layout_type": "free"
}