{
  "notify_list": [],
  "description": "",
  "restricted_roles": [],
  "template_variables": [
    {
      "default": "*",
      "prefix": "interface",
      "name": "Interface"
    },
    {
      "default": "*",
      "prefix": "interfacedescription",
      "name": "InterfaceDescription"
    },
    {
      "default": "*",
      "prefix": "host",
      "name": "Host"
    },
    {
      "default": "7k",
      "prefix": "model",
      "name": "Model"
    },
    {
      "default": "*",
      "prefix": "snmp_device",
      "name": "IP"
    },
    {
      "default": "*",
      "prefix": "snmp_host",
      "name": "Sysname"
    }
  ],
  "is_read_only": false,
  "title": "Arista Switch Dashboard",
  "widgets": [
    {
      "definition": {
        "autoscale": true,
        "title": "CPU Usage (%)",
        "custom_unit": "%",
        "precision": 2,
        "requests": [
          {
            "q": "avg:snmp.CPUUtilization{$Host,$Model,$IP}",
            "aggregator": "avg"
          }
        ],
        "type": "query_value"
      },
      "id": 5159822825631696
    },
    {
      "definition": {
        "autoscale": false,
        "title": "System Up Time",
        "custom_unit": "Days",
        "precision": 2,
        "requests": [
          {
            "q": "avg:snmp.sysUpTimeInstance{$Host,$Model,$IP}/8640000",
            "aggregator": "avg"
          }
        ],
        "type": "query_value"
      },
      "id": 5742653075615874
    },
    {
      "definition": {
        "widgets": [
          {
            "definition": {
              "autoscale": true,
              "requests": [
                {
                  "q": "avg:snmp.ifAdminStatus{$Host,$Model,$IP,$Interface,$InterfaceDescription}",
                  "aggregator": "avg",
                  "conditional_formats": [
                    {
                      "palette": "white_on_red",
                      "value": 2,
                      "comparator": ">="
                    },
                    {
                      "palette": "white_on_green",
                      "value": 1,
                      "comparator": ">="
                    }
                  ]
                }
              ],
              "type": "query_value",
              "precision": 2,
              "title": "Interface Admin Status"
            },
            "id": 7350546470649684
          },
          {
            "definition": {
              "title": "Bytes In & Bytes Out",
              "yaxis": {
                "max": "auto",
                "include_zero": true,
                "scale": "linear",
                "min": "auto",
                "label": ""
              },
              "show_legend": false,
              "legend_size": "0",
              "type": "timeseries",
              "requests": [
                {
                  "q": "avg:snmp.ifHCInOctets{$Host,$Model,$IP,$Interface,$InterfaceDescription} by {interface}.as_count()",
                  "style": {
                    "line_width": "normal",
                    "palette": "dog_classic",
                    "line_type": "solid"
                  },
                  "display_type": "line"
                },
                {
                  "q": "avg:snmp.ifHCOutOctets{$Host,$Model,$IP,$Interface,$InterfaceDescription} by {interface}.as_count()",
                  "style": {
                    "line_width": "normal",
                    "palette": "dog_classic",
                    "line_type": "solid"
                  },
                  "display_type": "line"
                }
              ]
            },
            "id": 4285942978002280
          },
          {
            "definition": {
              "title": "In & Out Broadcasts",
              "yaxis": {
                "max": "auto",
                "include_zero": true,
                "scale": "linear",
                "min": "auto",
                "label": ""
              },
              "show_legend": false,
              "legend_size": "0",
              "type": "timeseries",
              "requests": [
                {
                  "q": "avg:snmp.ifHCInBroadcastPkts{$Host,$Model,$Interface,$InterfaceDescription,$IP} by {interface}.as_count()",
                  "style": {
                    "line_width": "normal",
                    "palette": "dog_classic",
                    "line_type": "solid"
                  },
                  "display_type": "line"
                },
                {
                  "q": "avg:snmp.ifHCOutBroadcastPkts{$Host,$Model,$Interface,$InterfaceDescription,$IP} by {interface}.as_count()",
                  "style": {
                    "line_width": "normal",
                    "palette": "dog_classic",
                    "line_type": "solid"
                  },
                  "display_type": "line"
                }
              ]
            },
            "id": 1413077059464278
          },
          {
            "definition": {
              "title": "In & Out Unicast Packets",
              "yaxis": {
                "max": "auto",
                "include_zero": true,
                "scale": "linear",
                "min": "auto",
                "label": ""
              },
              "show_legend": false,
              "legend_size": "0",
              "type": "timeseries",
              "requests": [
                {
                  "q": "avg:snmp.ifHCInUcastPkts{$Host,$Model,$IP,$Interface,$InterfaceDescription} by {interface}.as_count()",
                  "style": {
                    "line_width": "normal",
                    "palette": "dog_classic",
                    "line_type": "solid"
                  },
                  "display_type": "line"
                },
                {
                  "q": "avg:snmp.Interface.OutUnicastPkts{$Host,$Model,$IP,$Interface,$InterfaceDescription} by {interface}.as_count()",
                  "style": {
                    "line_width": "normal",
                    "palette": "dog_classic",
                    "line_type": "solid"
                  },
                  "display_type": "line"
                }
              ]
            },
            "id": 8827896852566090
          },
          {
            "definition": {
              "title": "In & Out MultiCastPkts",
              "yaxis": {
                "max": "auto",
                "include_zero": true,
                "scale": "linear",
                "min": "auto",
                "label": ""
              },
              "show_legend": false,
              "legend_size": "0",
              "type": "timeseries",
              "requests": [
                {
                  "q": "avg:snmp.ifHCInMulticastPkts{$Host,$Model,$IP,$Interface,$InterfaceDescription} by {interface}.as_count()",
                  "style": {
                    "line_width": "normal",
                    "palette": "dog_classic",
                    "line_type": "solid"
                  },
                  "display_type": "line"
                },
                {
                  "q": "avg:snmp.ifHCOutMulticastPkts{$Host,$Model,$IP,$Interface,$InterfaceDescription} by {interface}.as_count()",
                  "style": {
                    "line_width": "normal",
                    "palette": "dog_classic",
                    "line_type": "solid"
                  },
                  "display_type": "line"
                }
              ]
            },
            "id": 4278137309477124
          },
          {
            "definition": {
              "title": "In & Out Errors",
              "yaxis": {
                "max": "auto",
                "include_zero": true,
                "scale": "linear",
                "min": "auto",
                "label": ""
              },
              "show_legend": false,
              "legend_size": "0",
              "type": "timeseries",
              "requests": [
                {
                  "q": "avg:snmp.ifInErrors{$Interface,$InterfaceDescription,$Host,$Model,$IP} by {interface}.as_count()",
                  "style": {
                    "line_width": "normal",
                    "palette": "dog_classic",
                    "line_type": "solid"
                  },
                  "display_type": "area"
                },
                {
                  "q": "avg:snmp.ifOutErrors{$Interface,$InterfaceDescription,$Host,$Model,$IP} by {interface}.as_count()",
                  "style": {
                    "line_width": "normal",
                    "palette": "dog_classic",
                    "line_type": "solid"
                  },
                  "display_type": "line"
                }
              ]
            },
            "id": 8218317871206302
          },
          {
            "definition": {
              "autoscale": true,
              "requests": [
                {
                  "q": "avg:snmp.ifOperStatus{$Host,$Model,$Interface,$IP,$InterfaceDescription}",
                  "aggregator": "avg",
                  "conditional_formats": [
                    {
                      "palette": "white_on_red",
                      "value": 2,
                      "comparator": ">="
                    },
                    {
                      "palette": "white_on_green",
                      "value": 1,
                      "comparator": ">="
                    }
                  ]
                }
              ],
              "type": "query_value",
              "precision": 2,
              "title": "Interface Operation Status"
            },
            "id": 6191846750514710
          },
          {
            "definition": {
              "autoscale": true,
              "title": "Interface Speed",
              "custom_unit": "b/s",
              "precision": 2,
              "requests": [
                {
                  "q": "max:snmp.ifHighSpeed{$Interface,$InterfaceDescription,$Host,$Model,$IP}",
                  "aggregator": "last"
                }
              ],
              "type": "query_value"
            },
            "id": 1248447682967274
          },
          {
            "definition": {
              "requests": [
                {
                  "q": "avg:snmp.ifAdminStatus{$Interface,$InterfaceDescription,$Host,$IP,$Model} by {interface,interfacedescription}",
                  "aggregator": "last",
                  "alias": "Admin Status"
                },
                {
                  "q": "avg:snmp.ifOperStatus{$Interface,$InterfaceDescription,$Host,$IP,$Model} by {interface,interfacedescription}",
                  "aggregator": "last",
                  "limit": 100,
                  "order": "asc",
                  "alias": "Oper Status"
                },
                {
                  "q": "avg:snmp.ifHighSpeed{$Interface,$InterfaceDescription,$Host,$IP,$Model} by {interface,interfacedescription}",
                  "aggregator": "last",
                  "alias": "Speed"
                }
              ],
              "type": "query_table",
              "title": "Local Interfaces"
            },
            "id": 2951580740340266
          },
          {
            "definition": {
              "autoscale": false,
              "title": "% Utilization In",
              "custom_unit": "%",
              "precision": 3,
              "requests": [
                {
                  "q": "avg:snmp.ifBandwidthInUsage.rate{$Interface,$InterfaceDescription,$Host,$Model,$IP}",
                  "aggregator": "last"
                }
              ],
              "type": "query_value"
            },
            "id": 6246107120188392
          },
          {
            "definition": {
              "autoscale": false,
              "title": "% Utilization Out",
              "custom_unit": "%",
              "precision": 3,
              "requests": [
                {
                  "q": "avg:snmp.ifBandwidthOutUsage.rate{$Interface,$InterfaceDescription,$Host,$Model,$IP}",
                  "aggregator": "last"
                }
              ],
              "type": "query_value"
            },
            "id": 5029082881649160
          },
          {
            "definition": {
              "title": "Interface Utilization (%)",
              "yaxis": {
                "max": "auto",
                "include_zero": true,
                "scale": "linear",
                "min": "auto",
                "label": ""
              },
              "show_legend": false,
              "legend_size": "0",
              "type": "timeseries",
              "requests": [
                {
                  "q": "avg:snmp.ifBandwidthInUsage.rate{$Interface,$InterfaceDescription,$Host,$Model,$IP} by {interface}",
                  "style": {
                    "line_width": "normal",
                    "palette": "dog_classic",
                    "line_type": "solid"
                  },
                  "display_type": "line"
                },
                {
                  "q": "avg:snmp.ifBandwidthOutUsage.rate{$Interface,$InterfaceDescription,$Host,$Model,$IP} by {interface}",
                  "style": {
                    "line_width": "normal",
                    "palette": "dog_classic",
                    "line_type": "solid"
                  },
                  "display_type": "line"
                }
              ]
            },
            "id": 7439821826659824
          },
          {
            "definition": {
              "title": "Egress / Ingress Packets Dropped",
              "yaxis": {
                "max": "auto",
                "include_zero": true,
                "scale": "linear",
                "min": "auto",
                "label": ""
              },
              "show_legend": false,
              "time": {},
              "requests": [
                {
                  "q": "avg:snmp.AristaEgressPktsDropped{$Host,$Model,$IP}.as_count()",
                  "style": {
                    "line_width": "normal",
                    "palette": "dog_classic",
                    "line_type": "solid"
                  },
                  "display_type": "line"
                },
                {
                  "q": "avg:snmp.AristaIngressPktsDropped{$Host,$Model,$IP}.as_count()",
                  "style": {
                    "line_width": "normal",
                    "palette": "dog_classic",
                    "line_type": "solid"
                  },
                  "display_type": "line"
                }
              ],
              "type": "timeseries",
              "legend_size": "0"
            },
            "id": 8333443984273626
          }
        ],
        "layout_type": "ordered",
        "type": "group",
        "title": "Interfaces"
      },
      "id": 7248133278652932
    },
    {
      "definition": {
        "widgets": [
          {
            "definition": {
              "title": "CPU Utilization",
              "yaxis": {
                "max": "auto",
                "include_zero": true,
                "scale": "linear",
                "min": "auto",
                "label": ""
              },
              "show_legend": false,
              "legend_size": "0",
              "type": "timeseries",
              "requests": [
                {
                  "q": "avg:snmp.CPUUtilization{$Model,$IP,$Host}",
                  "style": {
                    "line_width": "normal",
                    "palette": "dog_classic",
                    "line_type": "solid"
                  },
                  "display_type": "line"
                }
              ]
            },
            "id": 6056207141292944
          },
          {
            "definition": {
              "autoscale": true,
              "title": "CPU Utilization",
              "custom_unit": "%",
              "precision": 2,
              "requests": [
                {
                  "q": "avg:snmp.CPUUtilization{$Host,$Model,$IP}",
                  "aggregator": "avg"
                }
              ],
              "type": "query_value"
            },
            "id": 4706974552329076
          }
        ],
        "layout_type": "ordered",
        "type": "group",
        "title": "CPU"
      },
      "id": 6289815069138824
    }
  ],
  "layout_type": "ordered"
}