{
  "notify_list": [],
  "description": "GitLab Dashboard",
  "restricted_roles": [],
  "template_variables": [
    {
      "default": "*",
      "prefix": "project_name",
      "name": "project_name",
      "available_values": []
    },
    {
      "default": "*",
      "prefix": "host",
      "name": "host",
      "available_values": []
    }
  ],
  "is_read_only": false,
  "title": "RapDev GitLab Dashboard",
  "reflow_type": "fixed",
  "widgets": [
    {
      "definition": {
        "sizing": "fill",
        "has_background": true,
        "horizontal_align": "center",
        "has_border": true,
        "url": "https://s3.amazonaws.com/files.rapdev.io/images/rapdev-dash-logo.png",
        "vertical_align": "center",
        "type": "image"
      },
      "layout": {
        "y": 0,
        "x": 0,
        "height": 2,
        "width": 3
      },
      "id": 5423843139882137
    },
    {
      "definition": {
        "title_size": "16",
        "title": "API Connection Status",
        "title_align": "left",
        "group_by": [
          "host"
        ],
        "group": "$host",
        "type": "check_status",
        "check": "rapdev.gitlab.can_connect",
        "tags": [
          "vendor:rapdev"
        ],
        "grouping": "check"
      },
      "layout": {
        "y": 0,
        "x": 3,
        "height": 2,
        "width": 2
      },
      "id": 4366030267360421
    },
    {
      "definition": {
        "sizing": "fill",
        "has_background": false,
        "horizontal_align": "center",
        "has_border": true,
        "url": "https://i.imgur.com/AxE6dXf.png",
        "vertical_align": "center",
        "type": "image"
      },
      "layout": {
        "y": 0,
        "x": 9,
        "height": 2,
        "width": 3
      },
      "id": 6613613515089101
    },
    {
      "definition": {
        "title": "Project Metrics",
        "type": "group",
        "show_title": true,
        "widgets": [
          {
            "definition": {
              "autoscale": true,
              "title": "Project Count",
              "title_align": "left",
              "precision": 2,
              "timeseries_background": {
                "type": "bars"
              },
              "title_size": "16",
              "requests": [
                {
                  "formulas": [
                    {
                      "formula": "query1"
                    }
                  ],
                  "response_format": "scalar",
                  "queries": [
                    {
                      "query": "sum:rapdev.gitlab.project.count{*}",
                      "data_source": "metrics",
                      "name": "query1",
                      "aggregator": "last"
                    }
                  ]
                }
              ],
              "type": "query_value"
            },
            "layout": {
              "y": 0,
              "x": 0,
              "height": 2,
              "width": 2
            },
            "id": 8469165950640218
          },
          {
            "definition": {
              "autoscale": true,
              "title": "Project Fetches from Last 30 Days",
              "title_align": "left",
              "precision": 2,
              "timeseries_background": {
                "type": "area"
              },
              "title_size": "16",
              "requests": [
                {
                  "formulas": [
                    {
                      "formula": "default_zero(query1)"
                    }
                  ],
                  "response_format": "scalar",
                  "queries": [
                    {
                      "query": "max:rapdev.gitlab.project.fetches{$project_name}",
                      "data_source": "metrics",
                      "name": "query1",
                      "aggregator": "last"
                    }
                  ]
                }
              ],
              "type": "query_value"
            },
            "layout": {
              "y": 0,
              "x": 2,
              "height": 2,
              "width": 2
            },
            "id": 2412814749476075
          },
          {
            "definition": {
              "autoscale": true,
              "title": "Total Project Labels",
              "title_align": "left",
              "precision": 2,
              "timeseries_background": {
                "type": "bars"
              },
              "title_size": "16",
              "requests": [
                {
                  "formulas": [
                    {
                      "formula": "default_zero(query1)"
                    }
                  ],
                  "response_format": "scalar",
                  "queries": [
                    {
                      "query": "sum:rapdev.gitlab.project.labels{$project_name}",
                      "data_source": "metrics",
                      "name": "query1",
                      "aggregator": "last"
                    }
                  ]
                }
              ],
              "type": "query_value"
            },
            "layout": {
              "y": 0,
              "x": 4,
              "height": 2,
              "width": 2
            },
            "id": 3751910896070715
          },
          {
            "definition": {
              "title_size": "16",
              "legend_columns": [
                "avg",
                "min",
                "max",
                "value",
                "sum"
              ],
              "title": "Project Count Over Time",
              "title_align": "left",
              "legend_layout": "auto",
              "show_legend": true,
              "requests": [
                {
                  "formulas": [
                    {
                      "formula": "query1"
                    }
                  ],
                  "style": {
                    "line_width": "normal",
                    "palette": "dog_classic",
                    "line_type": "solid"
                  },
                  "display_type": "line",
                  "response_format": "timeseries",
                  "queries": [
                    {
                      "query": "sum:rapdev.gitlab.project.count{*}",
                      "data_source": "metrics",
                      "name": "query1"
                    }
                  ]
                }
              ],
              "type": "timeseries"
            },
            "layout": {
              "y": 0,
              "x": 6,
              "height": 2,
              "width": 6
            },
            "id": 6303324401885366
          }
        ],
        "layout_type": "ordered",
        "background_color": "vivid_pink"
      },
      "layout": {
        "y": 2,
        "x": 0,
        "height": 3,
        "width": 12
      },
      "id": 1440237697110977
    },
    {
      "definition": {
        "title": "Application Metrics",
        "type": "group",
        "show_title": true,
        "widgets": [
          {
            "definition": {
              "autoscale": true,
              "title": "Application SSH Keys",
              "title_align": "left",
              "precision": 2,
              "timeseries_background": {
                "type": "area"
              },
              "title_size": "16",
              "requests": [
                {
                  "formulas": [
                    {
                      "formula": "query1"
                    }
                  ],
                  "response_format": "scalar",
                  "queries": [
                    {
                      "query": "max:rapdev.gitlab.application.ssh_keys{*}",
                      "data_source": "metrics",
                      "name": "query1",
                      "aggregator": "last"
                    }
                  ]
                }
              ],
              "type": "query_value"
            },
            "layout": {
              "y": 0,
              "x": 0,
              "height": 2,
              "width": 2
            },
            "id": 1022580851658318
          },
          {
            "definition": {
              "autoscale": true,
              "title": "Application Forks",
              "title_align": "left",
              "precision": 2,
              "timeseries_background": {
                "type": "area"
              },
              "title_size": "16",
              "requests": [
                {
                  "formulas": [
                    {
                      "formula": "query1"
                    }
                  ],
                  "response_format": "scalar",
                  "queries": [
                    {
                      "query": "max:rapdev.gitlab.application.forks{*}",
                      "data_source": "metrics",
                      "name": "query1",
                      "aggregator": "last"
                    }
                  ]
                }
              ],
              "type": "query_value"
            },
            "layout": {
              "y": 0,
              "x": 2,
              "height": 2,
              "width": 2
            },
            "id": 3259208736348683
          },
          {
            "definition": {
              "autoscale": true,
              "title": "Application Issues",
              "title_align": "left",
              "precision": 2,
              "timeseries_background": {
                "type": "area"
              },
              "title_size": "16",
              "requests": [
                {
                  "formulas": [
                    {
                      "formula": "query1"
                    }
                  ],
                  "response_format": "scalar",
                  "queries": [
                    {
                      "query": "max:rapdev.gitlab.application.issues{*}",
                      "data_source": "metrics",
                      "name": "query1",
                      "aggregator": "last"
                    }
                  ]
                }
              ],
              "type": "query_value"
            },
            "layout": {
              "y": 0,
              "x": 4,
              "height": 2,
              "width": 2
            },
            "id": 3522665539973002
          },
          {
            "definition": {
              "autoscale": true,
              "title": "Application Users",
              "title_align": "left",
              "precision": 2,
              "timeseries_background": {
                "type": "area"
              },
              "title_size": "16",
              "requests": [
                {
                  "formulas": [
                    {
                      "formula": "query1"
                    }
                  ],
                  "response_format": "scalar",
                  "queries": [
                    {
                      "query": "max:rapdev.gitlab.application.users{*}",
                      "data_source": "metrics",
                      "name": "query1",
                      "aggregator": "last"
                    }
                  ]
                }
              ],
              "type": "query_value"
            },
            "layout": {
              "y": 0,
              "x": 6,
              "height": 2,
              "width": 2
            },
            "id": 98456812742628
          },
          {
            "definition": {
              "autoscale": true,
              "title": "Application Groups",
              "title_align": "left",
              "precision": 2,
              "timeseries_background": {
                "type": "area"
              },
              "title_size": "16",
              "requests": [
                {
                  "formulas": [
                    {
                      "formula": "query1"
                    }
                  ],
                  "response_format": "scalar",
                  "queries": [
                    {
                      "query": "max:rapdev.gitlab.application.groups{*}",
                      "data_source": "metrics",
                      "name": "query1",
                      "aggregator": "last"
                    }
                  ]
                }
              ],
              "type": "query_value"
            },
            "layout": {
              "y": 0,
              "x": 8,
              "height": 2,
              "width": 2
            },
            "id": 8366858183153163
          },
          {
            "definition": {
              "autoscale": true,
              "title": "Application Merge Requests",
              "title_align": "left",
              "precision": 2,
              "timeseries_background": {
                "type": "area"
              },
              "title_size": "16",
              "requests": [
                {
                  "formulas": [
                    {
                      "formula": "query1"
                    }
                  ],
                  "response_format": "scalar",
                  "queries": [
                    {
                      "query": "max:rapdev.gitlab.application.merge_requests{*}",
                      "data_source": "metrics",
                      "name": "query1",
                      "aggregator": "last"
                    }
                  ]
                }
              ],
              "type": "query_value"
            },
            "layout": {
              "y": 0,
              "x": 10,
              "height": 2,
              "width": 2
            },
            "id": 1047454148321910
          },
          {
            "definition": {
              "autoscale": true,
              "title": "Application Notes",
              "title_align": "left",
              "precision": 2,
              "timeseries_background": {
                "type": "area"
              },
              "title_size": "16",
              "requests": [
                {
                  "formulas": [
                    {
                      "formula": "query1"
                    }
                  ],
                  "response_format": "scalar",
                  "queries": [
                    {
                      "query": "max:rapdev.gitlab.application.notes{*}",
                      "data_source": "metrics",
                      "name": "query1",
                      "aggregator": "last"
                    }
                  ]
                }
              ],
              "type": "query_value"
            },
            "layout": {
              "y": 2,
              "x": 0,
              "height": 2,
              "width": 2
            },
            "id": 8158826613538576
          },
          {
            "definition": {
              "autoscale": true,
              "title": "Application Active Users",
              "title_align": "left",
              "precision": 2,
              "timeseries_background": {
                "type": "area"
              },
              "title_size": "16",
              "requests": [
                {
                  "formulas": [
                    {
                      "formula": "query1"
                    }
                  ],
                  "response_format": "scalar",
                  "queries": [
                    {
                      "query": "max:rapdev.gitlab.application.active_users{*}",
                      "data_source": "metrics",
                      "name": "query1",
                      "aggregator": "last"
                    }
                  ]
                }
              ],
              "type": "query_value"
            },
            "layout": {
              "y": 2,
              "x": 2,
              "height": 2,
              "width": 2
            },
            "id": 5272826257158327
          },
          {
            "definition": {
              "autoscale": true,
              "title": "Application Active User Percentage",
              "title_align": "left",
              "custom_unit": "%",
              "timeseries_background": {
                "type": "area"
              },
              "precision": 2,
              "title_size": "16",
              "requests": [
                {
                  "formulas": [
                    {
                      "formula": "(query1 / query2) * 100"
                    }
                  ],
                  "response_format": "scalar",
                  "queries": [
                    {
                      "query": "avg:rapdev.gitlab.application.active_users{*}",
                      "data_source": "metrics",
                      "name": "query1",
                      "aggregator": "avg"
                    },
                    {
                      "query": "avg:rapdev.gitlab.application.users{*}",
                      "data_source": "metrics",
                      "name": "query2",
                      "aggregator": "avg"
                    }
                  ]
                }
              ],
              "type": "query_value"
            },
            "layout": {
              "y": 2,
              "x": 4,
              "height": 2,
              "width": 2
            },
            "id": 6214085026886898
          }
        ],
        "layout_type": "ordered",
        "background_color": "vivid_blue"
      },
      "layout": {
        "y": 5,
        "x": 0,
        "height": 5,
        "width": 12
      },
      "id": 7236215076030280
    },
    {
      "definition": {
        "title": "Sidekiq Metrics",
        "type": "group",
        "show_title": true,
        "widgets": [
          {
            "definition": {
              "autoscale": true,
              "title": "Sidekiq Queue Count",
              "title_align": "left",
              "precision": 2,
              "timeseries_background": {
                "type": "area"
              },
              "title_size": "16",
              "requests": [
                {
                  "formulas": [
                    {
                      "formula": "query1"
                    }
                  ],
                  "response_format": "scalar",
                  "queries": [
                    {
                      "query": "max:rapdev.gitlab.sidekiq.queue_count{*}",
                      "data_source": "metrics",
                      "name": "query1",
                      "aggregator": "last"
                    }
                  ]
                }
              ],
              "type": "query_value"
            },
            "layout": {
              "y": 0,
              "x": 0,
              "height": 2,
              "width": 2
            },
            "id": 258001961765563
          },
          {
            "definition": {
              "autoscale": true,
              "title": "Sidekiq Jobs Processed",
              "title_align": "left",
              "precision": 2,
              "timeseries_background": {
                "type": "area"
              },
              "title_size": "16",
              "requests": [
                {
                  "formulas": [
                    {
                      "formula": "query1"
                    }
                  ],
                  "response_format": "scalar",
                  "queries": [
                    {
                      "query": "max:rapdev.gitlab.sidekiq.jobs_processed{*}",
                      "data_source": "metrics",
                      "name": "query1",
                      "aggregator": "last"
                    }
                  ]
                }
              ],
              "type": "query_value"
            },
            "layout": {
              "y": 0,
              "x": 2,
              "height": 2,
              "width": 2
            },
            "id": 2845897390223675
          },
          {
            "definition": {
              "autoscale": true,
              "title": "Sidekiq Jobs Failed",
              "title_align": "left",
              "precision": 2,
              "timeseries_background": {
                "type": "area"
              },
              "title_size": "16",
              "requests": [
                {
                  "formulas": [
                    {
                      "formula": "query1"
                    }
                  ],
                  "response_format": "scalar",
                  "queries": [
                    {
                      "query": "max:rapdev.gitlab.sidekiq.jobs_failed{*}",
                      "data_source": "metrics",
                      "name": "query1",
                      "aggregator": "last"
                    }
                  ]
                }
              ],
              "type": "query_value"
            },
            "layout": {
              "y": 0,
              "x": 4,
              "height": 2,
              "width": 2
            },
            "id": 4382739596370148
          },
          {
            "definition": {
              "autoscale": true,
              "title": "Sidekiq Jobs Enqueued",
              "title_align": "left",
              "precision": 2,
              "timeseries_background": {
                "type": "area"
              },
              "title_size": "16",
              "requests": [
                {
                  "formulas": [
                    {
                      "formula": "query1"
                    }
                  ],
                  "response_format": "scalar",
                  "queries": [
                    {
                      "query": "max:rapdev.gitlab.sidekiq.jobs_enqueued{*}",
                      "data_source": "metrics",
                      "name": "query1",
                      "aggregator": "last"
                    }
                  ]
                }
              ],
              "type": "query_value"
            },
            "layout": {
              "y": 0,
              "x": 6,
              "height": 2,
              "width": 2
            },
            "id": 2963504097655615
          },
          {
            "definition": {
              "autoscale": true,
              "title": "Sidekiq Jobs Dead",
              "title_align": "left",
              "precision": 2,
              "timeseries_background": {
                "type": "area"
              },
              "title_size": "16",
              "requests": [
                {
                  "formulas": [
                    {
                      "formula": "query1"
                    }
                  ],
                  "response_format": "scalar",
                  "queries": [
                    {
                      "query": "max:rapdev.gitlab.sidekiq.jobs_dead{*}",
                      "data_source": "metrics",
                      "name": "query1",
                      "aggregator": "last"
                    }
                  ]
                }
              ],
              "type": "query_value"
            },
            "layout": {
              "y": 0,
              "x": 8,
              "height": 2,
              "width": 2
            },
            "id": 5228790936302149
          }
        ],
        "layout_type": "ordered",
        "background_color": "vivid_purple"
      },
      "layout": {
        "y": 10,
        "x": 0,
        "is_column_break": true,
        "height": 3,
        "width": 12
      },
      "id": 2218691257268676
    },
    {
      "definition": {
        "title": "Runner Metrics",
        "type": "group",
        "show_title": true,
        "widgets": [
          {
            "definition": {
              "autoscale": true,
              "title": "Total Runners",
              "title_align": "left",
              "precision": 2,
              "timeseries_background": {
                "type": "bars"
              },
              "title_size": "16",
              "requests": [
                {
                  "formulas": [
                    {
                      "formula": "query1"
                    }
                  ],
                  "response_format": "scalar",
                  "queries": [
                    {
                      "query": "sum:rapdev.gitlab.runner.data{*}",
                      "data_source": "metrics",
                      "name": "query1",
                      "aggregator": "last"
                    }
                  ]
                }
              ],
              "type": "query_value"
            },
            "layout": {
              "y": 0,
              "x": 0,
              "height": 2,
              "width": 2
            },
            "id": 5809525504674162
          },
          {
            "definition": {
              "autoscale": true,
              "title": "Total Online Runners",
              "title_align": "left",
              "precision": 2,
              "timeseries_background": {
                "type": "bars"
              },
              "title_size": "16",
              "requests": [
                {
                  "formulas": [
                    {
                      "formula": "query1"
                    }
                  ],
                  "response_format": "scalar",
                  "queries": [
                    {
                      "query": "sum:rapdev.gitlab.runner.data{status:online}",
                      "data_source": "metrics",
                      "name": "query1",
                      "aggregator": "last"
                    }
                  ]
                }
              ],
              "type": "query_value"
            },
            "layout": {
              "y": 0,
              "x": 2,
              "height": 2,
              "width": 2
            },
            "id": 171294648301916
          }
        ],
        "layout_type": "ordered",
        "background_color": "vivid_orange"
      },
      "layout": {
        "y": 13,
        "x": 0,
        "height": 3,
        "width": 12
      },
      "id": 4588843462165572
    },
    {
      "definition": {
        "title": "Issue Metrics",
        "type": "group",
        "show_title": true,
        "widgets": [
          {
            "definition": {
              "autoscale": true,
              "title": "Total Issues",
              "title_align": "left",
              "precision": 2,
              "timeseries_background": {
                "type": "bars"
              },
              "title_size": "16",
              "requests": [
                {
                  "formulas": [
                    {
                      "formula": "query1"
                    }
                  ],
                  "response_format": "scalar",
                  "queries": [
                    {
                      "query": "sum:rapdev.gitlab.issues{*}",
                      "data_source": "metrics",
                      "name": "query1",
                      "aggregator": "last"
                    }
                  ]
                }
              ],
              "type": "query_value"
            },
            "layout": {
              "y": 0,
              "x": 0,
              "height": 2,
              "width": 2
            },
            "id": 3120476904624495
          },
          {
            "definition": {
              "autoscale": true,
              "title": "Opened Issues",
              "title_align": "left",
              "precision": 2,
              "timeseries_background": {
                "type": "bars"
              },
              "title_size": "16",
              "requests": [
                {
                  "formulas": [
                    {
                      "formula": "query1"
                    }
                  ],
                  "response_format": "scalar",
                  "queries": [
                    {
                      "query": "sum:rapdev.gitlab.issues{state:opened}",
                      "data_source": "metrics",
                      "name": "query1",
                      "aggregator": "last"
                    }
                  ]
                }
              ],
              "type": "query_value"
            },
            "layout": {
              "y": 0,
              "x": 2,
              "height": 2,
              "width": 2
            },
            "id": 6798567453554883
          },
          {
            "definition": {
              "autoscale": true,
              "title": "Closed Issues",
              "title_align": "left",
              "precision": 2,
              "timeseries_background": {
                "type": "bars"
              },
              "title_size": "16",
              "requests": [
                {
                  "formulas": [
                    {
                      "formula": "query1"
                    }
                  ],
                  "response_format": "scalar",
                  "queries": [
                    {
                      "query": "sum:rapdev.gitlab.issues{state:closed}",
                      "data_source": "metrics",
                      "name": "query1",
                      "aggregator": "last"
                    }
                  ]
                }
              ],
              "type": "query_value"
            },
            "layout": {
              "y": 0,
              "x": 4,
              "height": 2,
              "width": 2
            },
            "id": 7837365280823615
          }
        ],
        "layout_type": "ordered",
        "background_color": "vivid_yellow"
      },
      "layout": {
        "y": 16,
        "x": 0,
        "height": 3,
        "width": 12
      },
      "id": 8854530480057879
    }
  ],
  "layout_type": "ordered"
}