{
  "notify_list": [],
  "description": "",
  "restricted_roles": [],
  "template_variables": [
    {
      "default": "*",
      "prefix": "interface",
      "name": "Interface"
    },
    {
      "default": "*",
      "prefix": "interfacedescription",
      "name": "InterfaceDescription"
    },
    {
      "default": "*",
      "prefix": "host",
      "name": "Host"
    },
    {
      "default": "rd-juniper-ssg",
      "prefix": "snmp_profile",
      "name": "SNMP_Profile"
    },
    {
      "default": "*",
      "prefix": "snmp_device",
      "name": "IP"
    },
    {
      "default": "*",
      "prefix": "policy_name",
      "name": "Policy"
    },
    {
      "default": "*",
      "prefix": "sysname",
      "name": "Sysname"
    }
  ],
  "is_read_only": false,
  "title": "RapDev Juniper SSG Dashboard",
  "widgets": [
    {
      "definition": {
        "custom_links": [],
        "title_size": "16",
        "title": "Current Sessions",
        "title_align": "left",
        "precision": 2,
        "autoscale": true,
        "requests": [
          {
            "q": "avg:snmp.Sessions.Allocated{$Host,$SNMP_Profile,$IP,$Sysname}",
            "aggregator": "last"
          }
        ],
        "type": "query_value"
      },
      "layout": {
        "y": 0,
        "x": 0,
        "height": 15,
        "width": 38
      },
      "id": 1621510738908729
    },
    {
      "definition": {
        "custom_links": [],
        "title_size": "16",
        "title": "System Up Time",
        "title_align": "left",
        "custom_unit": "Days",
        "precision": 2,
        "requests": [
          {
            "q": "avg:snmp.sysUpTimeInstance{$Host,$SNMP_Profile,$IP,$Sysname}/8640000",
            "aggregator": "last"
          }
        ],
        "type": "query_value"
      },
      "layout": {
        "y": 0,
        "x": 77,
        "height": 15,
        "width": 40
      },
      "id": 7886822182304332
    },
    {
      "definition": {
        "custom_links": [],
        "title_size": "16",
        "title": "Admin Status",
        "title_align": "left",
        "precision": 0,
        "requests": [
          {
            "q": "max:snmp.Interface.AdminStatus{$Host,$SNMP_Profile,$IP,$InterfaceDescription,$Interface,$Sysname}",
            "aggregator": "last",
            "conditional_formats": [
              {
                "palette": "white_on_red",
                "value": 2,
                "comparator": ">="
              },
              {
                "palette": "white_on_green",
                "value": 1,
                "comparator": ">="
              }
            ]
          }
        ],
        "type": "query_value"
      },
      "layout": {
        "y": 23,
        "x": 0,
        "height": 15,
        "width": 16
      },
      "id": 8230030202595119
    },
    {
      "definition": {
        "title_size": "16",
        "title": "Bytes In & Bytes Out",
        "title_align": "left",
        "yaxis": {
          "max": "auto",
          "include_zero": true,
          "scale": "linear",
          "min": "auto",
          "label": ""
        },
        "show_legend": false,
        "time": {},
        "requests": [
          {
            "q": "avg:snmp.Interface.InOctets.rate{$Host,$SNMP_Profile,$IP,$InterfaceDescription,$Interface,$Sysname} by {interface,snmp_device}",
            "style": {
              "line_width": "normal",
              "palette": "dog_classic",
              "line_type": "solid"
            },
            "display_type": "line"
          },
          {
            "q": "avg:snmp.Interface.OutOctets.rate{$Host,$SNMP_Profile,$IP,$InterfaceDescription,$Interface,$Sysname} by {interface,snmp_device}",
            "style": {
              "line_width": "normal",
              "palette": "dog_classic",
              "line_type": "solid"
            },
            "display_type": "line"
          }
        ],
        "type": "timeseries",
        "legend_size": "0"
      },
      "layout": {
        "y": 23,
        "x": 48,
        "height": 15,
        "width": 36
      },
      "id": 6107325399982654
    },
    {
      "definition": {
        "title_size": "16",
        "title": "In & Out Broadcasts",
        "title_align": "left",
        "yaxis": {
          "max": "auto",
          "scale": "linear",
          "min": "auto",
          "label": ""
        },
        "show_legend": false,
        "time": {},
        "requests": [
          {
            "q": "avg:snmp.Interface.InBroadcastPkts{$Host,$SNMP_Profile,$Interface,$InterfaceDescription,$IP,$Sysname} by {interface,snmp_device}.as_count()",
            "style": {
              "line_width": "normal",
              "palette": "dog_classic",
              "line_type": "solid"
            },
            "display_type": "line"
          },
          {
            "q": "avg:snmp.Interface.OutBroadcastPkts{$Host,$SNMP_Profile,$Interface,$InterfaceDescription,$IP,$Sysname} by {interface,snmp_device}.as_count()",
            "style": {
              "line_width": "normal",
              "palette": "dog_classic",
              "line_type": "solid"
            },
            "display_type": "line"
          }
        ],
        "type": "timeseries",
        "legend_size": "0"
      },
      "layout": {
        "y": 23,
        "x": 85,
        "height": 15,
        "width": 32
      },
      "id": 4642535577665142
    },
    {
      "definition": {
        "title_size": "16",
        "title": "In & Out Unicast Packets",
        "title_align": "left",
        "yaxis": {
          "max": "auto",
          "scale": "linear",
          "min": "auto",
          "label": ""
        },
        "show_legend": false,
        "time": {},
        "requests": [
          {
            "q": "avg:snmp.Interface.InUnicastPkts{$Host,$SNMP_Profile,$IP,$Interface,$InterfaceDescription,$Sysname} by {interface,snmp_device}.as_count()",
            "style": {
              "line_width": "normal",
              "palette": "dog_classic",
              "line_type": "solid"
            },
            "display_type": "line"
          },
          {
            "q": "avg:snmp.Interface.OutUnicastPkts{$Host,$SNMP_Profile,$IP,$Interface,$InterfaceDescription,$Sysname} by {interface,snmp_device}.as_count()",
            "style": {
              "line_width": "normal",
              "palette": "dog_classic",
              "line_type": "solid"
            },
            "display_type": "line"
          }
        ],
        "type": "timeseries",
        "legend_size": "0"
      },
      "layout": {
        "y": 55,
        "x": 85,
        "height": 15,
        "width": 32
      },
      "id": 8874844649260218
    },
    {
      "definition": {
        "title_size": "16",
        "title": "In & Out MultiCastPkts",
        "title_align": "left",
        "yaxis": {
          "max": "auto",
          "scale": "linear",
          "min": "auto",
          "label": ""
        },
        "show_legend": false,
        "time": {},
        "requests": [
          {
            "q": "avg:snmp.Interface.InMulticastPkts{$Host,$SNMP_Profile,$IP,$Interface,$InterfaceDescription,$Sysname} by {interface,snmp_device}.as_count()",
            "style": {
              "line_width": "normal",
              "palette": "dog_classic",
              "line_type": "solid"
            },
            "display_type": "line"
          },
          {
            "q": "avg:snmp.Interface.OutMulticastPkts{$Host,$SNMP_Profile,$IP,$Interface,$InterfaceDescription,$Sysname} by {interface,snmp_device}.as_count()",
            "style": {
              "line_width": "normal",
              "palette": "dog_classic",
              "line_type": "solid"
            },
            "display_type": "line"
          }
        ],
        "type": "timeseries",
        "legend_size": "0"
      },
      "layout": {
        "y": 39,
        "x": 48,
        "height": 15,
        "width": 36
      },
      "id": 6099909625064317
    },
    {
      "definition": {
        "title_size": "16",
        "title": "In & Out Errors",
        "title_align": "left",
        "yaxis": {
          "max": "auto",
          "scale": "linear",
          "min": "auto",
          "label": ""
        },
        "show_legend": false,
        "time": {},
        "requests": [
          {
            "q": "avg:snmp.Interface.InErrors{$Interface,$InterfaceDescription,$Host,$SNMP_Profile,$IP,$Sysname} by {interface,snmp_device}.as_count()",
            "style": {
              "line_width": "normal",
              "palette": "dog_classic",
              "line_type": "solid"
            },
            "display_type": "area"
          },
          {
            "q": "avg:snmp.Interface.OutErrors{$Interface,$Host,$SNMP_Profile,$IP,$InterfaceDescription,$Sysname} by {interface,snmp_device}.as_count()",
            "style": {
              "line_width": "normal",
              "palette": "dog_classic",
              "line_type": "solid"
            },
            "display_type": "line"
          }
        ],
        "type": "timeseries",
        "legend_size": "0"
      },
      "layout": {
        "y": 39,
        "x": 85,
        "height": 15,
        "width": 32
      },
      "id": 3143786430095366
    },
    {
      "definition": {
        "custom_links": [],
        "title_size": "16",
        "title": "Operation Status",
        "title_align": "left",
        "precision": 0,
        "requests": [
          {
            "q": "max:snmp.Interface.OperStatus{$Host,$SNMP_Profile,$InterfaceDescription,$IP,$Interface,$Sysname}",
            "aggregator": "last",
            "conditional_formats": [
              {
                "palette": "white_on_red",
                "value": 2,
                "comparator": ">="
              },
              {
                "palette": "white_on_green",
                "value": 1,
                "comparator": ">="
              }
            ]
          }
        ],
        "type": "query_value"
      },
      "layout": {
        "y": 23,
        "x": 17,
        "height": 15,
        "width": 15
      },
      "id": 5383627911955949
    },
    {
      "definition": {
        "custom_links": [],
        "title_size": "16",
        "title": "Interface Speed",
        "title_align": "left",
        "custom_unit": "b/s",
        "precision": 0,
        "autoscale": true,
        "requests": [
          {
            "q": "max:snmp.Interface.Speed{$InterfaceDescription,$Interface,$Host,$SNMP_Profile,$IP,$Sysname}",
            "aggregator": "last"
          }
        ],
        "type": "query_value"
      },
      "layout": {
        "y": 23,
        "x": 33,
        "height": 15,
        "width": 14
      },
      "id": 1372546212874393
    },
    {
      "definition": {
        "custom_links": [],
        "title_size": "16",
        "title": "Local Interfaces",
        "title_align": "left",
        "requests": [
          {
            "q": "avg:snmp.Interface.AdminStatus{$Interface,$InterfaceDescription,$Host,$IP,$SNMP_Profile,$Sysname} by {interface,interfacedescription,softwareversion}",
            "aggregator": "last",
            "alias": "Admin Status"
          },
          {
            "q": "avg:snmp.Interface.OperStatus{$Interface,$InterfaceDescription,$Host,$IP,$SNMP_Profile,$Sysname} by {interface,interfacedescription,softwareversion}",
            "aggregator": "last",
            "limit": 100,
            "order": "asc",
            "alias": "Oper Status"
          },
          {
            "q": "avg:snmp.Interface.Speed{$Interface,$InterfaceDescription,$Host,$IP,$SNMP_Profile,$Sysname} by {interface,interfacedescription,softwareversion}",
            "aggregator": "last",
            "alias": "Speed"
          }
        ],
        "type": "query_table"
      },
      "layout": {
        "y": 55,
        "x": 48,
        "height": 15,
        "width": 36
      },
      "id": 2902444709237781
    },
    {
      "definition": {
        "custom_links": [],
        "title_size": "16",
        "title": "% Utilization In",
        "title_align": "left",
        "custom_unit": "%",
        "precision": 3,
        "requests": [
          {
            "q": "(avg:snmp.Interface.InOctets.rate{$InterfaceDescription,$Interface,$Host,$SNMP_Profile,$IP,$Sysname}/avg:snmp.Interface.Speed{$InterfaceDescription,$Interface,$Host,$SNMP_Profile,$IP,$Sysname})/10000",
            "aggregator": "last"
          }
        ],
        "type": "query_value"
      },
      "layout": {
        "y": 39,
        "x": 0,
        "height": 15,
        "width": 23
      },
      "id": 2329623384443431
    },
    {
      "definition": {
        "custom_links": [],
        "title_size": "16",
        "title": "% Utilization Out",
        "title_align": "left",
        "custom_unit": "%",
        "precision": 3,
        "requests": [
          {
            "q": "(avg:snmp.Interface.OutOctets.rate{$Interface,$InterfaceDescription,$Host,$SNMP_Profile,$IP,$Sysname}/avg:snmp.Interface.Speed{$Interface,$InterfaceDescription,$Host,$SNMP_Profile,$IP,$Sysname})/10000",
            "aggregator": "last"
          }
        ],
        "type": "query_value"
      },
      "layout": {
        "y": 39,
        "x": 24,
        "height": 15,
        "width": 23
      },
      "id": 7844009372446179
    },
    {
      "definition": {
        "title_size": "16",
        "title": "Interface Utilization (%)",
        "title_align": "left",
        "yaxis": {
          "max": "auto",
          "include_zero": true,
          "scale": "linear",
          "min": "auto",
          "label": ""
        },
        "show_legend": false,
        "time": {},
        "requests": [
          {
            "q": "avg:snmp.Interface.InOctets.rate{$InterfaceDescription,$Interface,$Host,$SNMP_Profile,$IP,$Sysname} by {interface,snmp_device}/avg:snmp.Interface.Speed{$InterfaceDescription,$Interface,$Host,$SNMP_Profile,$IP,$Sysname} by {interface,snmp_device}/10000",
            "style": {
              "line_width": "normal",
              "palette": "dog_classic",
              "line_type": "solid"
            },
            "display_type": "line"
          },
          {
            "q": "avg:snmp.Interface.OutOctets.rate{$InterfaceDescription,$Interface,$Host,$SNMP_Profile,$IP,$Sysname} by {interface}/avg:snmp.Interface.Speed{$InterfaceDescription,$Interface,$Host,$SNMP_Profile,$IP,$Sysname} by {interface}/10000",
            "style": {
              "line_width": "normal",
              "palette": "dog_classic",
              "line_type": "solid"
            },
            "display_type": "line"
          }
        ],
        "type": "timeseries",
        "legend_size": "0"
      },
      "layout": {
        "y": 55,
        "x": 0,
        "height": 15,
        "width": 47
      },
      "id": 90489979632474
    },
    {
      "definition": {
        "title_size": "16",
        "title": "CPU Utilization (%)",
        "title_align": "left",
        "yaxis": {
          "max": "auto",
          "scale": "linear",
          "min": "auto",
          "label": ""
        },
        "show_legend": false,
        "time": {},
        "requests": [
          {
            "q": "avg:snmp.CPU.Utilization{$SNMP_Profile,$IP,$Host,$Sysname} by {snmp_device}",
            "style": {
              "line_width": "normal",
              "palette": "dog_classic",
              "line_type": "solid"
            },
            "display_type": "line"
          }
        ],
        "type": "timeseries",
        "legend_size": "0"
      },
      "layout": {
        "y": 78,
        "x": 80,
        "height": 15,
        "width": 37
      },
      "id": 5821706854051942
    },
    {
      "definition": {
        "title_size": "16",
        "title": "CPU Utilization",
        "title_align": "left",
        "custom_unit": "%",
        "precision": 2,
        "time": {},
        "requests": [
          {
            "q": "avg:snmp.CPU.Utilization{$Host,$SNMP_Profile,$IP,$Sysname}",
            "aggregator": "last"
          }
        ],
        "type": "query_value"
      },
      "layout": {
        "y": 78,
        "x": 41,
        "height": 15,
        "width": 38
      },
      "id": 5883259656458984
    },
    {
      "definition": {
        "title_size": "16",
        "title": "Memory Usage",
        "title_align": "left",
        "custom_unit": "%",
        "precision": 2,
        "time": {},
        "requests": [
          {
            "q": "avg:snmp.Memory.Allocated{$Host,$SNMP_Profile,$IP,$Sysname}/(avg:snmp.Memory.Allocated{$Host,$SNMP_Profile,$IP,$Sysname}+avg:snmp.Memory.Available{$Host,$SNMP_Profile,$IP,$Sysname})*100",
            "aggregator": "last"
          }
        ],
        "type": "query_value"
      },
      "layout": {
        "y": 78,
        "x": 0,
        "height": 15,
        "width": 40
      },
      "id": 1572835749680636
    },
    {
      "definition": {
        "title_size": "16",
        "title": "Memory Used ",
        "title_align": "left",
        "yaxis": {
          "max": "auto",
          "scale": "linear",
          "min": "auto",
          "label": ""
        },
        "show_legend": false,
        "requests": [
          {
            "q": "avg:snmp.Memory.Allocated{$Host,$SNMP_Profile,$IP,$Sysname} by {snmp_device}",
            "style": {
              "line_width": "normal",
              "palette": "dog_classic",
              "line_type": "solid"
            },
            "display_type": "line"
          }
        ],
        "type": "timeseries",
        "legend_size": "0"
      },
      "layout": {
        "y": 94,
        "x": 0,
        "height": 15,
        "width": 40
      },
      "id": 7180455515848223
    },
    {
      "definition": {
        "title_size": "16",
        "title": "Memory Free ",
        "title_align": "left",
        "yaxis": {
          "max": "auto",
          "scale": "linear",
          "min": "auto",
          "label": ""
        },
        "show_legend": false,
        "requests": [
          {
            "q": "avg:snmp.Memory.Available{$Host,$SNMP_Profile,$IP,$Sysname} by {snmp_device}",
            "style": {
              "line_width": "normal",
              "palette": "dog_classic",
              "line_type": "solid"
            },
            "display_type": "line"
          }
        ],
        "type": "timeseries",
        "legend_size": "0"
      },
      "layout": {
        "y": 94,
        "x": 41,
        "height": 15,
        "width": 38
      },
      "id": 2822681024393074
    },
    {
      "definition": {
        "tick_pos": "50%",
        "show_tick": true,
        "type": "note",
        "tick_edge": "bottom",
        "text_align": "center",
        "content": "Policy Metrics",
        "font_size": "24",
        "background_color": "white"
      },
      "layout": {
        "y": 110,
        "x": 0,
        "height": 6,
        "width": 117
      },
      "id": 1892134716245640
    },
    {
      "definition": {
        "tick_pos": "50%",
        "show_tick": true,
        "type": "note",
        "tick_edge": "bottom",
        "text_align": "center",
        "content": "System Resources",
        "font_size": "24",
        "background_color": "white"
      },
      "layout": {
        "y": 71,
        "x": -4,
        "height": 6,
        "width": 117
      },
      "id": 2416047057760040
    },
    {
      "definition": {
        "tick_pos": "50%",
        "show_tick": true,
        "type": "note",
        "tick_edge": "bottom",
        "text_align": "center",
        "content": "Interfaces",
        "font_size": "24",
        "background_color": "white"
      },
      "layout": {
        "y": 16,
        "x": 0,
        "height": 6,
        "width": 117
      },
      "id": 5784592308484356
    },
    {
      "definition": {
        "title_size": "16",
        "title": "Session Utilization (%)",
        "title_align": "left",
        "yaxis": {
          "max": "auto",
          "include_zero": true,
          "scale": "linear",
          "min": "auto",
          "label": ""
        },
        "show_legend": false,
        "requests": [
          {
            "q": "(avg:snmp.Sessions.Allocated{$Host,$SNMP_Profile,$IP,$Sysname} by {snmp_device}/avg:snmp.Maximum.Sessions{$Host,$SNMP_Profile,$IP,$Sysname} by {snmp_device})*100",
            "style": {
              "line_width": "normal",
              "palette": "dog_classic",
              "line_type": "solid"
            },
            "display_type": "line"
          }
        ],
        "type": "timeseries",
        "legend_size": "0"
      },
      "layout": {
        "y": 0,
        "x": 39,
        "height": 15,
        "width": 37
      },
      "id": 8106842403271176
    },
    {
      "definition": {
        "title_size": "16",
        "title": "Policy Traffic (Bytes)",
        "title_align": "left",
        "has_search_bar": "auto",
        "requests": [
          {
            "aggregator": "last",
            "cell_display_mode": [
              "bar"
            ],
            "q": "avg:snmp.Policy.Traffic{$IP,$SNMP_Profile,$InterfaceDescription,$Host,$Sysname} by {sysname,snmp_device,policy_name,policy_id}",
            "alias": "Policy Traffic",
            "limit": 50,
            "order": "desc"
          },
          {
            "q": "avg:snmp.Sessions.PerMinute{$IP,$SNMP_Profile,$InterfaceDescription,$Host,$Sysname} by {sysname,snmp_device,policy_name,policy_id}",
            "aggregator": "last",
            "cell_display_mode": [
              "bar"
            ],
            "alias": "Sessions Per Minute"
          }
        ],
        "type": "query_table"
      },
      "layout": {
        "y": 117,
        "x": 0,
        "height": 15,
        "width": 52
      },
      "id": 755393523854276
    },
    {
      "definition": {
        "custom_links": [],
        "title_size": "16",
        "title": "Sessions per Minute per Policy",
        "title_align": "left",
        "yaxis": {
          "max": "auto",
          "include_zero": true,
          "scale": "linear",
          "min": "auto",
          "label": ""
        },
        "show_legend": false,
        "requests": [
          {
            "q": "avg:snmp.Sessions.PerMinute{$Host,$SNMP_Profile,$IP,$Policy,$Sysname} by {policy_name,policy_id}",
            "style": {
              "line_width": "normal",
              "palette": "dog_classic",
              "line_type": "solid"
            },
            "display_type": "line"
          }
        ],
        "type": "timeseries",
        "legend_size": "0"
      },
      "layout": {
        "y": 117,
        "x": 53,
        "height": 15,
        "width": 45
      },
      "id": 6465163206231190
    },
    {
      "definition": {
        "autoscale": true,
        "title": "Sessions Per Minute ",
        "title_align": "left",
        "precision": 0,
        "title_size": "16",
        "requests": [
          {
            "q": "avg:snmp.Sessions.PerMinute{$Sysname,$Policy,$IP,$Host}",
            "aggregator": "last"
          }
        ],
        "type": "query_value"
      },
      "layout": {
        "y": 117,
        "x": 99,
        "height": 15,
        "width": 18
      },
      "id": 6171865530815494
    }
  ],
  "layout_type": "free"
}