{
  "notify_list": [],
  "description": "",
  "restricted_roles": [],
  "template_variables": [],
  "is_read_only": false,
  "title": "test by Paul Kim",
  "reflow_type": "fixed",
  "widgets": [
    {
      "definition": {
        "type": "custom",
        "title_align": "left",
        "title_size": "16",
        "app_id": "771bdbac-123f-11ec-8307-da7ad0900002",
        "custom_widget_key": "pk_app_test"
      },
      "layout": {
        "y": 0,
        "x": 0,
        "height": 4,
        "width": 7
      },
      "id": 5781839385992938
    },
    {
      "definition": {
        "title_size": "16",
        "title": "",
        "title_align": "left",
        "app_id": "46ca9dd6-16fd-11ec-85ce-da7ad0900002",
        "custom_widget_key": "your_first_widget",
        "type": "custom"
      },
      "layout": {
        "y": 4,
        "x": 0,
        "height": 2,
        "width": 4
      },
      "id": 7882962596408934
    }
  ],
  "layout_type": "ordered"
}