{
  "notify_list": null,
  "description": "## Title\n\nDescribe this dashboard. Add links to other dashboards, monitors, wikis,  and docs to help your teammates. Markdown is supported.\n\n- [This might link to a dashboard](#)\n- [This might link to a wiki](#)",
  "restricted_roles": [],
  "template_variables": [
    {
      "default": "*",
      "prefix": "resource_group",
      "name": "resource_group",
      "available_values": []
    }
  ],
  "is_read_only": false,
  "title": "[TEMPLATE] - SAP HANA Overview - RapDev",
  "reflow_type": "fixed",
  "widgets": [
    {
      "definition": {
        "widgets": [
          {
            "definition": {
              "custom_links": [],
              "title_size": "16",
              "title": "Disk utilization",
              "title_align": "left",
              "custom_unit": "%",
              "precision": 2,
              "time": {
                "live_span": "15m"
              },
              "autoscale": true,
              "requests": [
                {
                  "q": "avg:sap_hana.disk.utilized{$resource_group}",
                  "aggregator": "avg",
                  "conditional_formats": [
                    {
                      "palette": "white_on_green",
                      "comparator": "<",
                      "value": 70
                    },
                    {
                      "palette": "white_on_yellow",
                      "comparator": ">=",
                      "value": 70
                    },
                    {
                      "palette": "white_on_red",
                      "comparator": ">=",
                      "value": 80
                    }
                  ]
                }
              ],
              "type": "query_value"
            },
            "layout": {
              "y": 0,
              "x": 0,
              "width": 3,
              "height": 1
            },
            "id": 6
          },
          {
            "definition": {
              "custom_links": [],
              "title_size": "16",
              "title": "Time since last backup",
              "title_align": "left",
              "custom_unit": "min",
              "precision": 0,
              "time": {
                "live_span": "15m"
              },
              "autoscale": true,
              "requests": [
                {
                  "q": "avg:sap_hana.backup.latest{$resource_group}/60",
                  "aggregator": "avg"
                }
              ],
              "type": "query_value"
            },
            "layout": {
              "y": 0,
              "x": 6,
              "width": 3,
              "height": 1
            },
            "id": 9
          }
        ],
        "layout_type": "ordered",
        "type": "group",
        "show_title": true,
        "title": "Overview"
      },
      "layout": {
        "y": 0,
        "x": 0,
        "width": 12,
        "height": 2
      },
      "id": 4720136465607566
    },
    {
      "definition": {
        "widgets": [
          {
            "definition": {
              "custom_links": [],
              "title_size": "16",
              "title": "Average read, write, and total I/O time (%)",
              "title_align": "left",
              "legend_layout": "auto",
              "show_legend": true,
              "legend_size": "0",
              "type": "timeseries",
              "requests": [
                {
                  "q": "avg:sap_hana.volume.io.utilized{$resource_group}, avg:sap_hana.volume.io.read.utilized{$resource_group}, avg:sap_hana.volume.io.write.utilized{$resource_group}",
                  "style": {
                    "line_width": "normal",
                    "palette": "dog_classic",
                    "line_type": "solid"
                  },
                  "display_type": "line"
                }
              ]
            },
            "layout": {
              "y": 0,
              "x": 0,
              "width": 3,
              "height": 2
            },
            "id": 11
          },
          {
            "definition": {
              "custom_links": [],
              "title_size": "16",
              "title": "Average throughput",
              "title_align": "left",
              "legend_layout": "auto",
              "show_legend": true,
              "legend_size": "0",
              "type": "timeseries",
              "requests": [
                {
                  "q": "avg:sap_hana.volume.io.throughput{$resource_group}",
                  "style": {
                    "line_width": "normal",
                    "palette": "dog_classic",
                    "line_type": "solid"
                  },
                  "display_type": "line"
                }
              ]
            },
            "layout": {
              "y": 0,
              "x": 3,
              "width": 3,
              "height": 2
            },
            "id": 10
          },
          {
            "definition": {
              "custom_links": [],
              "title_size": "16",
              "title": "Average read and write I/O count",
              "title_align": "left",
              "legend_layout": "auto",
              "show_legend": true,
              "legend_size": "0",
              "type": "timeseries",
              "requests": [
                {
                  "q": "avg:sap_hana.volume.io.read.count{$resource_group} by {hana_host}.as_count(), avg:sap_hana.volume.io.write.count{$resource_group} by {hana_host}.as_count()",
                  "style": {
                    "line_width": "normal",
                    "palette": "dog_classic",
                    "line_type": "solid"
                  },
                  "display_type": "bars"
                }
              ]
            },
            "layout": {
              "y": 2,
              "x": 0,
              "width": 6,
              "height": 2
            },
            "id": 15
          }
        ],
        "layout_type": "ordered",
        "type": "group",
        "show_title": true,
        "title": "Throughput"
      },
      "layout": {
        "y": 0,
        "x": 0,
        "width": 6,
        "height": 5
      },
      "id": 8461607377423780
    },
    {
      "definition": {
        "widgets": [
          {
            "definition": {
              "custom_links": [],
              "title_size": "16",
              "title": "Average row store memory utilization (%)",
              "title_align": "left",
              "legend_layout": "auto",
              "show_legend": true,
              "legend_size": "0",
              "type": "timeseries",
              "requests": [
                {
                  "q": "avg:sap_hana.memory.row_store.utilized{$resource_group}",
                  "style": {
                    "line_width": "normal",
                    "palette": "cool",
                    "line_type": "solid"
                  },
                  "display_type": "line"
                }
              ]
            },
            "layout": {
              "y": 0,
              "x": 0,
              "width": 6,
              "height": 2
            },
            "id": 7
          },
          {
            "definition": {
              "custom_links": [],
              "title_size": "16",
              "title": "Average memory utilization by service (%)",
              "title_align": "left",
              "legend_layout": "auto",
              "show_legend": true,
              "legend_size": "0",
              "type": "timeseries",
              "requests": [
                {
                  "q": "avg:sap_hana.memory.service.overall.utilized{service_name:compileserver,$resource_group}, avg:sap_hana.memory.service.overall.utilized{service_name:nameserver,$resource_group}, avg:sap_hana.memory.service.overall.utilized{service_name:indexserver,$resource_group}, avg:sap_hana.memory.service.overall.utilized{service_name:preprocessor,$resource_group}, avg:sap_hana.memory.service.overall.utilized{service_name:webdispatcher,$resource_group}",
                  "style": {
                    "line_width": "normal",
                    "palette": "cool",
                    "line_type": "solid"
                  },
                  "display_type": "area"
                }
              ]
            },
            "layout": {
              "y": 2,
              "x": 0,
              "width": 6,
              "height": 2
            },
            "id": 2
          }
        ],
        "layout_type": "ordered",
        "type": "group",
        "show_title": true,
        "title": "Memory"
      },
      "layout": {
        "y": 0,
        "x": 6,
        "width": 6,
        "height": 5
      },
      "id": 7387324258680674
    },
    {
      "definition": {
        "widgets": [
          {
            "definition": {
              "custom_links": [],
              "title_size": "16",
              "title": "Average connections (idle and running)",
              "title_align": "left",
              "legend_layout": "auto",
              "show_legend": true,
              "legend_size": "0",
              "type": "timeseries",
              "requests": [
                {
                  "q": "avg:sap_hana.connection.idle{$resource_group}, avg:sap_hana.connection.running{$resource_group}",
                  "style": {
                    "line_width": "normal",
                    "palette": "dog_classic",
                    "line_type": "solid"
                  },
                  "display_type": "area"
                }
              ]
            },
            "layout": {
              "y": 0,
              "x": 0,
              "width": 6,
              "height": 2
            },
            "id": 4
          },
          {
            "definition": {
              "custom_links": [],
              "title_size": "16",
              "title": "Average disk free and disk used",
              "title_align": "left",
              "legend_layout": "auto",
              "show_legend": true,
              "legend_size": "0",
              "type": "timeseries",
              "requests": [
                {
                  "q": "avg:sap_hana.disk.free{$resource_group}, avg:sap_hana.disk.used{$resource_group}",
                  "style": {
                    "line_width": "normal",
                    "palette": "dog_classic",
                    "line_type": "solid"
                  },
                  "display_type": "line"
                }
              ]
            },
            "layout": {
              "y": 0,
              "x": 6,
              "width": 6,
              "height": 2
            },
            "id": 5
          },
          {
            "definition": {
              "custom_links": [],
              "title_size": "16",
              "title": "Count of active and inactive threads",
              "title_align": "left",
              "legend_layout": "auto",
              "show_legend": true,
              "legend_size": "0",
              "type": "timeseries",
              "requests": [
                {
                  "q": "avg:sap_hana.thread.service.active{$resource_group}, avg:sap_hana.thread.service.inactive{$resource_group}",
                  "style": {
                    "line_width": "normal",
                    "palette": "dog_classic",
                    "line_type": "solid"
                  },
                  "display_type": "area"
                }
              ]
            },
            "layout": {
              "y": 2,
              "x": 0,
              "width": 6,
              "height": 2
            },
            "id": 8
          },
          {
            "definition": {
              "custom_links": [],
              "title_size": "16",
              "title": "CPU utilization",
              "title_align": "left",
              "legend_layout": "auto",
              "show_legend": true,
              "legend_size": "0",
              "type": "timeseries",
              "requests": [
                {
                  "q": "avg:sap_hana.cpu.service.utilized{$resource_group} by {hana_host}",
                  "style": {
                    "line_width": "normal",
                    "palette": "dog_classic",
                    "line_type": "solid"
                  },
                  "display_type": "line"
                }
              ]
            },
            "layout": {
              "y": 2,
              "x": 6,
              "width": 6,
              "height": 2
            },
            "id": 3
          }
        ],
        "layout_type": "ordered",
        "type": "group",
        "show_title": true,
        "title": "Network"
      },
      "layout": {
        "y": 0,
        "x": 0,
        "is_column_break": true,
        "width": 12,
        "height": 5
      },
      "id": 1721174936394464
    }
  ],
  "layout_type": "ordered"
}