{
  "notify_list": [],
  "description": "",
  "restricted_roles": [],
  "template_variables": [
    {
      "default": "*",
      "prefix": "nutanix_cluster",
      "name": "nutanix_cluster"
    },
    {
      "default": "*",
      "prefix": "nutanix_host",
      "name": "nutanix_host"
    },
    {
      "default": "*",
      "prefix": "hypervisor",
      "name": "hypervisor"
    },
    {
      "default": "*",
      "prefix": "vm_description",
      "name": "vm_description"
    },
    {
      "default": "*",
      "prefix": "nutanix_cvm",
      "name": "nutanix_cvm"
    }
  ],
  "is_read_only": false,
  "title": "RapDev Nutanix VMs Dashboard",
  "widgets": [
    {
      "definition": {
        "url": "https://1000logos.net/wp-content/uploads/2019/07/Nutanix.jpg",
        "sizing": "zoom",
        "type": "image"
      },
      "layout": {
        "y": 0,
        "x": 0,
        "height": 11,
        "width": 41
      },
      "id": 7480045821955258
    },
    {
      "definition": {
        "autoscale": true,
        "title": "VM Count",
        "title_align": "left",
        "precision": 0,
        "title_size": "16",
        "requests": [
          {
            "q": "sum:rapdev.nutanix.vms.count{$hypervisor,$vm_description,$nutanix_cvm}",
            "aggregator": "last"
          }
        ],
        "type": "query_value"
      },
      "layout": {
        "y": 0,
        "x": 42,
        "height": 11,
        "width": 17
      },
      "id": 6037617244956386
    },
    {
      "definition": {
        "title_size": "16",
        "title": "Virtual Disk Count",
        "title_align": "left",
        "precision": 0,
        "requests": [
          {
            "q": "sum:rapdev.nutanix.virtual_disks.count{$hypervisor,$vm_description,$nutanix_cvm}",
            "aggregator": "last"
          }
        ],
        "type": "query_value"
      },
      "layout": {
        "y": 0,
        "x": 60,
        "height": 11,
        "width": 17
      },
      "id": 5420071965137038
    },
    {
      "definition": {
        "title_size": "20",
        "title": "VM Summary",
        "title_align": "left",
        "has_search_bar": "auto",
        "time": {},
        "requests": [
          {
            "q": "avg:rapdev.nutanix.memory_usage{nutanix_type:vm,$nutanix_cluster,$nutanix_host,$hypervisor,$vm_description,$nutanix_cvm} by {host,vm_description,nutanix_host,hypervisor}",
            "alias": "Memory Usage (%)",
            "cell_display_mode": [
              "number"
            ],
            "aggregator": "last"
          },
          {
            "aggregator": "last",
            "cell_display_mode": [
              "number"
            ],
            "q": "avg:rapdev.nutanix.hypervisor_cpu_usage{nutanix_type:vm,$nutanix_cluster,$nutanix_host,$hypervisor,$vm_description,$nutanix_cvm} by {host,vm_description,nutanix_host,hypervisor}",
            "alias": "CPU Usage (%)",
            "limit": 50,
            "order": "desc"
          },
          {
            "q": "avg:rapdev.nutanix.controller_avg_io_latency_usecs{nutanix_type:vm,$nutanix_cluster,$nutanix_host,$hypervisor,$vm_description,$nutanix_cvm} by {host,vm_description,nutanix_host,hypervisor}",
            "alias": "Average IO Latency",
            "cell_display_mode": [
              "number"
            ],
            "aggregator": "last"
          },
          {
            "q": "avg:rapdev.nutanix.controller_io_bandwidth_kBps{nutanix_type:vm,$nutanix_cluster,$nutanix_host,$hypervisor,$vm_description,$nutanix_cvm} by {host,vm_description,nutanix_host,hypervisor}",
            "alias": "IO Bandwidth",
            "cell_display_mode": [
              "number"
            ],
            "aggregator": "last"
          }
        ],
        "type": "query_table"
      },
      "layout": {
        "y": 12,
        "x": 0,
        "height": 45,
        "width": 77
      },
      "id": 6733017968450936
    },
    {
      "definition": {
        "tick_pos": "50%",
        "font_size": "36",
        "type": "note",
        "tick_edge": "bottom",
        "text_align": "center",
        "content": "VM Metrics",
        "vertical_align": "center",
        "has_padding": true,
        "show_tick": false,
        "background_color": "vivid_purple"
      },
      "layout": {
        "y": 0,
        "x": 78,
        "height": 6,
        "width": 71
      },
      "id": 1994602504342840
    },
    {
      "definition": {
        "title_size": "16",
        "title": "Read / Write IO Latency",
        "title_align": "left",
        "markers": [],
        "yaxis": {
          "include_zero": true,
          "max": "auto",
          "scale": "linear",
          "min": "auto",
          "label": ""
        },
        "show_legend": false,
        "requests": [
          {
            "q": "avg:rapdev.nutanix.controller_avg_io_latency_usecs{$nutanix_cluster,nutanix_type:vm,$hypervisor,$vm_description,$nutanix_cvm} by {vm_description,guest_os,nutanix_cluster,host}",
            "on_right_yaxis": false,
            "style": {
              "line_width": "normal",
              "palette": "purple",
              "line_type": "solid"
            },
            "display_type": "line"
          }
        ],
        "type": "timeseries"
      },
      "layout": {
        "y": 32,
        "x": 78,
        "height": 12,
        "width": 35
      },
      "id": 5463823728163190
    },
    {
      "definition": {
        "title_size": "16",
        "title": "Memory Usage (%)",
        "title_align": "left",
        "markers": [],
        "yaxis": {
          "include_zero": true,
          "max": "auto",
          "scale": "linear",
          "min": "auto",
          "label": ""
        },
        "show_legend": false,
        "requests": [
          {
            "q": "avg:rapdev.nutanix.memory_usage{nutanix_type:vm,$nutanix_cluster,$nutanix_host,$hypervisor,$vm_description,$nutanix_cvm} by {vm_description,nutanix_cluster,guest_os,host}",
            "on_right_yaxis": false,
            "style": {
              "line_width": "normal",
              "palette": "purple",
              "line_type": "solid"
            },
            "display_type": "line"
          }
        ],
        "type": "timeseries"
      },
      "layout": {
        "y": 19,
        "x": 114,
        "height": 12,
        "width": 35
      },
      "id": 4395843151517558
    },
    {
      "definition": {
        "title_size": "16",
        "title": "CPU Usage (%)",
        "title_align": "left",
        "markers": [],
        "yaxis": {
          "include_zero": true,
          "max": "auto",
          "scale": "linear",
          "min": "auto",
          "label": ""
        },
        "show_legend": false,
        "requests": [
          {
            "q": "avg:rapdev.nutanix.hypervisor_cpu_usage{nutanix_type:vm,$nutanix_cluster,$nutanix_host,$hypervisor,$vm_description,$nutanix_cvm} by {nutanix_cluster,vm_description,host,guest_os}",
            "on_right_yaxis": false,
            "style": {
              "line_width": "normal",
              "palette": "purple",
              "line_type": "solid"
            },
            "display_type": "line"
          }
        ],
        "type": "timeseries"
      },
      "layout": {
        "y": 19,
        "x": 78,
        "height": 12,
        "width": 35
      },
      "id": 950083518457144
    },
    {
      "definition": {
        "title_size": "16",
        "title": "Read / Write IOPS",
        "title_align": "left",
        "markers": [],
        "yaxis": {
          "include_zero": true,
          "max": "auto",
          "scale": "linear",
          "min": "auto",
          "label": ""
        },
        "show_legend": false,
        "requests": [
          {
            "q": "avg:rapdev.nutanix.controller_num_iops{nutanix_type:vm,$nutanix_cluster,$nutanix_host,$hypervisor,$vm_description,$nutanix_cvm} by {host,nutanix_cluster,vm_description,guest_os}",
            "on_right_yaxis": false,
            "style": {
              "line_width": "normal",
              "palette": "purple",
              "line_type": "solid"
            },
            "display_type": "line"
          }
        ],
        "type": "timeseries"
      },
      "layout": {
        "y": 32,
        "x": 114,
        "height": 12,
        "width": 35
      },
      "id": 3376623782034006
    },
    {
      "definition": {
        "title_size": "16",
        "title": "IO Bandwidth",
        "title_align": "left",
        "markers": [],
        "yaxis": {
          "include_zero": true,
          "max": "auto",
          "scale": "linear",
          "min": "auto",
          "label": ""
        },
        "show_legend": false,
        "requests": [
          {
            "q": "avg:rapdev.nutanix.controller_io_bandwidth_kBps{nutanix_type:vm,$nutanix_cluster,$nutanix_host,$hypervisor,$vm_description,$nutanix_cvm} by {host,nutanix_cluster,vm_description,guest_os}",
            "on_right_yaxis": false,
            "style": {
              "line_width": "normal",
              "palette": "purple",
              "line_type": "solid"
            },
            "display_type": "line"
          }
        ],
        "type": "timeseries"
      },
      "layout": {
        "y": 45,
        "x": 78,
        "height": 12,
        "width": 35
      },
      "id": 8368953616179196
    },
    {
      "definition": {
        "title_size": "16",
        "title": "CPU Ready Time",
        "title_align": "left",
        "markers": [],
        "yaxis": {
          "include_zero": true,
          "max": "auto",
          "scale": "linear",
          "min": "auto",
          "label": ""
        },
        "show_legend": false,
        "requests": [
          {
            "q": "avg:rapdev.nutanix.hypervisor.cpu_ready_time{nutanix_type:vm,$nutanix_cluster,$vm_description} by {vm_description,host,guest_os}",
            "on_right_yaxis": false,
            "style": {
              "line_width": "normal",
              "palette": "purple",
              "line_type": "solid"
            },
            "display_type": "line"
          }
        ],
        "type": "timeseries"
      },
      "layout": {
        "y": 45,
        "x": 114,
        "height": 12,
        "width": 35
      },
      "id": 4036332948804914
    },
    {
      "definition": {
        "title_size": "16",
        "title": "Avg CPU Utilization",
        "title_align": "left",
        "custom_unit": "%",
        "precision": 2,
        "time": {},
        "autoscale": true,
        "requests": [
          {
            "q": "avg:rapdev.nutanix.hypervisor_cpu_usage{$nutanix_cluster,$nutanix_host,$hypervisor,$vm_description,$nutanix_cvm,nutanix_type:vm}",
            "aggregator": "avg"
          }
        ],
        "type": "query_value"
      },
      "layout": {
        "y": 7,
        "x": 78,
        "height": 11,
        "width": 17
      },
      "id": 7112845140589716
    },
    {
      "definition": {
        "title_size": "16",
        "title": "Avg Memory Utilization",
        "title_align": "left",
        "custom_unit": "%",
        "precision": 2,
        "time": {},
        "autoscale": true,
        "requests": [
          {
            "q": "avg:rapdev.nutanix.memory_usage{$nutanix_cluster,$nutanix_host,$hypervisor,$vm_description,$nutanix_cvm,nutanix_type:vm}",
            "aggregator": "avg"
          }
        ],
        "type": "query_value"
      },
      "layout": {
        "y": 7,
        "x": 96,
        "height": 11,
        "width": 17
      },
      "id": 1366038664839752
    },
    {
      "definition": {
        "title_size": "16",
        "title": "Avg IO Bandwidth",
        "title_align": "left",
        "custom_unit": "Kbps",
        "precision": 2,
        "time": {},
        "autoscale": true,
        "requests": [
          {
            "q": "avg:rapdev.nutanix.controller_io_bandwidth_kBps{nutanix_type:vm,$nutanix_cluster,$nutanix_host,$hypervisor,$vm_description,$nutanix_cvm}",
            "aggregator": "avg"
          }
        ],
        "type": "query_value"
      },
      "layout": {
        "y": 7,
        "x": 114,
        "height": 11,
        "width": 17
      },
      "id": 6719681829314192
    },
    {
      "definition": {
        "title_size": "16",
        "title": "Avg IO Latency",
        "title_align": "left",
        "precision": 2,
        "time": {},
        "autoscale": true,
        "requests": [
          {
            "q": "avg:rapdev.nutanix.controller_avg_io_latency_usecs{nutanix_type:vm,$nutanix_cluster,$nutanix_host,$hypervisor,$vm_description,$nutanix_cvm}",
            "aggregator": "avg"
          }
        ],
        "type": "query_value"
      },
      "layout": {
        "y": 7,
        "x": 132,
        "height": 11,
        "width": 17
      },
      "id": 3265959887809328
    }
  ],
  "layout_type": "free"
}