{
  "notify_list": null,
  "description": "This dashboard provides an overview of your Azure Service Bus message broker to keep you updated on message traffic and error rates. For further reading on monitoring Azure Service Bus: \n\n- [Monitoring Azure with Datadog](https://www.datadoghq.com/blog/azure-monitoring-enhancements/)\n\n- [Datadog\u2019s Azure Service Bus integration docs](https://docs.datadoghq.com/integrations/azure_service_bus/#overview) \n\nClone this template dashboard to make changes and add your own graph widgets. (cloned) (cloned)",
  "restricted_roles": [],
  "template_variable_presets": [
    {
      "template_variables": [],
      "name": "JUNCTION - DEV"
    }
  ],
  "template_variables": [
    {
      "default": "pzi-gxus-n-rgp-jdtnb-d004",
      "prefix": "resource_group",
      "name": "resource_group",
      "available_values": [
        "pzi-gxus-n-rgp-jdtnb-d004",
        "pzi-gxu2-n-rgp-caash-d005"
      ]
    }
  ],
  "is_read_only": false,
  "title": "[TEMPLATE] - Azure Service Bus",
  "widgets": [
    {
      "definition": {
        "custom_links": [],
        "title_size": "16",
        "title": "Incoming Requests by Entity",
        "title_align": "left",
        "show_legend": false,
        "time": {
          "live_span": "4h"
        },
        "legend_size": "0",
        "type": "timeseries",
        "requests": [
          {
            "q": "avg:azure.servicebus_namespaces.incoming_requests{$resource_group} by {entityname}",
            "style": {
              "line_width": "normal",
              "palette": "dog_classic",
              "line_type": "solid"
            },
            "display_type": "bars"
          }
        ]
      },
      "layout": {
        "y": 28,
        "x": 36.16666666666667,
        "width": 47,
        "height": 15
      },
      "id": 0
    },
    {
      "definition": {
        "custom_links": [],
        "title_size": "16",
        "title": "Throttled Requests by Entity",
        "title_align": "left",
        "show_legend": false,
        "time": {
          "live_span": "4h"
        },
        "legend_size": "0",
        "type": "timeseries",
        "requests": [
          {
            "q": "avg:azure.servicebus_namespaces.throttled_requests.{$resource_group} by {entityname}",
            "style": {
              "line_width": "normal",
              "palette": "warm",
              "line_type": "solid"
            },
            "display_type": "bars"
          }
        ]
      },
      "layout": {
        "y": 44,
        "x": 36.16666666666667,
        "width": 47,
        "height": 15
      },
      "id": 1
    },
    {
      "definition": {
        "custom_links": [],
        "title_size": "16",
        "title": "Successful Requests by Entity",
        "title_align": "left",
        "show_legend": false,
        "time": {
          "live_span": "4h"
        },
        "legend_size": "0",
        "type": "timeseries",
        "requests": [
          {
            "q": "avg:azure.servicebus_namespaces.successful_requests{$resource_group} by {entityname}",
            "style": {
              "line_width": "normal",
              "palette": "green",
              "line_type": "solid"
            },
            "display_type": "bars"
          }
        ]
      },
      "layout": {
        "y": 12,
        "x": 36.16666666666667,
        "width": 47,
        "height": 15
      },
      "id": 2
    },
    {
      "definition": {
        "custom_links": [],
        "title_size": "16",
        "title": "User Errors by Entity",
        "title_align": "left",
        "show_legend": false,
        "time": {
          "live_span": "4h"
        },
        "legend_size": "0",
        "type": "timeseries",
        "requests": [
          {
            "q": "sum:azure.servicebus_namespaces.user_errors.{$resource_group} by {entityname}",
            "style": {
              "line_width": "normal",
              "palette": "warm",
              "line_type": "solid"
            },
            "display_type": "bars"
          }
        ]
      },
      "layout": {
        "y": 12,
        "x": 85.16666666666667,
        "width": 47,
        "height": 15
      },
      "id": 3
    },
    {
      "definition": {
        "custom_links": [],
        "title_size": "16",
        "title": "Server Errors by Entity",
        "title_align": "left",
        "show_legend": false,
        "time": {
          "live_span": "4h"
        },
        "legend_size": "0",
        "type": "timeseries",
        "requests": [
          {
            "q": "avg:azure.servicebus_namespaces.server_errors.{$resource_group} by {entityname}",
            "style": {
              "line_width": "normal",
              "palette": "warm",
              "line_type": "solid"
            },
            "display_type": "bars"
          }
        ]
      },
      "layout": {
        "y": 28,
        "x": 85,
        "width": 47,
        "height": 15
      },
      "id": 4
    },
    {
      "definition": {
        "custom_links": [],
        "title_size": "16",
        "title": "Outgoing Messages by Entity",
        "title_align": "left",
        "show_legend": false,
        "time": {
          "live_span": "4h"
        },
        "legend_size": "0",
        "type": "timeseries",
        "requests": [
          {
            "q": "avg:azure.servicebus_namespaces.outgoing_messages{$resource_group} by {entityname}",
            "style": {
              "line_width": "normal",
              "palette": "dog_classic",
              "line_type": "solid"
            },
            "display_type": "bars"
          }
        ]
      },
      "layout": {
        "y": 28,
        "x": 134.16666666666666,
        "width": 47,
        "height": 15
      },
      "id": 5
    },
    {
      "definition": {
        "custom_links": [],
        "title_size": "16",
        "title": "Incoming Messages by Entity",
        "title_align": "left",
        "show_legend": false,
        "time": {
          "live_span": "4h"
        },
        "legend_size": "0",
        "type": "timeseries",
        "requests": [
          {
            "q": "avg:azure.servicebus_namespaces.incoming_messages{$resource_group} by {entityname}",
            "style": {
              "line_width": "normal",
              "palette": "dog_classic",
              "line_type": "solid"
            },
            "display_type": "bars"
          }
        ]
      },
      "layout": {
        "y": 12,
        "x": 134.16666666666666,
        "width": 47,
        "height": 15
      },
      "id": 6
    },
    {
      "definition": {
        "show_tick": true,
        "background_color": "gray",
        "type": "note",
        "tick_edge": "bottom",
        "text_align": "center",
        "content": "Requests",
        "font_size": "16",
        "tick_pos": "50%"
      },
      "layout": {
        "y": 0,
        "x": 36,
        "width": 47,
        "height": 11
      },
      "id": 7
    },
    {
      "definition": {
        "show_tick": true,
        "background_color": "gray",
        "type": "note",
        "tick_edge": "bottom",
        "text_align": "center",
        "content": "Errors",
        "font_size": "16",
        "tick_pos": "50%"
      },
      "layout": {
        "y": 0,
        "x": 85.16666666666667,
        "width": 47,
        "height": 11
      },
      "id": 8
    },
    {
      "definition": {
        "show_tick": true,
        "background_color": "gray",
        "type": "note",
        "tick_edge": "bottom",
        "text_align": "center",
        "content": "Messages",
        "font_size": "16",
        "tick_pos": "50%"
      },
      "layout": {
        "y": 0,
        "x": 134,
        "width": 47,
        "height": 11
      },
      "id": 9
    },
    {
      "definition": {
        "custom_links": [],
        "title_size": "16",
        "title": "Total Active Connections",
        "title_align": "left",
        "precision": 2,
        "time": {
          "live_span": "4h"
        },
        "autoscale": true,
        "requests": [
          {
            "q": "sum:azure.servicebus_namespaces.active_connections{$resource_group}",
            "aggregator": "last"
          }
        ],
        "type": "query_value"
      },
      "layout": {
        "y": 12,
        "x": 0,
        "width": 35,
        "height": 15
      },
      "id": 10
    },
    {
      "definition": {
        "custom_links": [],
        "title_size": "16",
        "title": "Active Messages by Entity",
        "title_align": "left",
        "show_legend": false,
        "time": {
          "live_span": "4h"
        },
        "legend_size": "0",
        "type": "timeseries",
        "requests": [
          {
            "q": "sum:azure.servicebus_namespaces.count_of_active_messages_in_a_queue_topic.{$resource_group} by {entityname}",
            "style": {
              "line_width": "normal",
              "palette": "dog_classic",
              "line_type": "solid"
            },
            "display_type": "bars"
          }
        ]
      },
      "layout": {
        "y": 44,
        "x": 134,
        "width": 47,
        "height": 15
      },
      "id": 11
    },
    {
      "definition": {
        "custom_links": [],
        "title_size": "16",
        "title": "Total Messages per Entity",
        "title_align": "left",
        "time": {
          "live_span": "4h"
        },
        "requests": [
          {
            "q": "top(sum:azure.servicebus_namespaces.count_of_messages_in_a_queue_topic.{$resource_group} by {entityname}, 10, \"last\", \"desc\")",
            "style": {
              "palette": "dog_classic"
            }
          }
        ],
        "type": "toplist"
      },
      "layout": {
        "y": 28,
        "x": 0,
        "width": 35,
        "height": 31
      },
      "id": 12
    },
    {
      "definition": {
        "url": "/static/images/logos/azure-service-bus_avatar.svg",
        "sizing": "fit",
        "margin": "large",
        "type": "image"
      },
      "layout": {
        "y": 0,
        "x": 0,
        "width": 35,
        "height": 11
      },
      "id": 13
    }
  ],
  "layout_type": "free"
}