{
  "notify_list": null,
  "description": "This dashboard shows you performance and status metrics for state machines running with AWS Step Functions, and focuses on steps that invoke AWS Lambda functions. See Datadog's documentation on the [AWS Step Functions integration](https://docs.datadoghq.com/integrations/amazon_step_functions/).\n\nIf your state machine is running [activities](https://docs.aws.amazon.com/step-functions/latest/dg/concepts-activities.html), metrics are available for per-activity status and execution time\u2014clone and customize this dashboard to add them. (cloned)",
  "restricted_roles": [],
  "template_variables": [
    {
      "default": "*",
      "prefix": "$scope",
      "name": "scope",
      "available_values": []
    },
    {
      "default": "*",
      "prefix": "statemachinearn",
      "name": "statemachinearn",
      "available_values": []
    },
    {
      "default": "*",
      "prefix": "lambdafunctionarn",
      "name": "lambdafunctionarn",
      "available_values": []
    }
  ],
  "is_read_only": false,
  "title": "AWS Step Functions (cloned)",
  "widgets": [
    {
      "definition": {
        "custom_links": [],
        "title_size": "16",
        "title": "Average execution time by state machine",
        "title_align": "left",
        "show_legend": false,
        "legend_size": "0",
        "type": "timeseries",
        "requests": [
          {
            "q": "avg:aws.states.execution_time{$scope,$statemachinearn,$lambdafunctionarn} by {statemachinearn}",
            "style": {
              "line_width": "normal",
              "palette": "dog_classic",
              "line_type": "solid"
            },
            "display_type": "line"
          }
        ]
      },
      "layout": {
        "y": 69,
        "x": 0,
        "height": 15,
        "width": 47
      },
      "id": 0
    },
    {
      "definition": {
        "custom_links": [],
        "title_size": "16",
        "title": "p95 execution time by state machine",
        "title_align": "left",
        "show_legend": false,
        "legend_size": "0",
        "type": "timeseries",
        "requests": [
          {
            "q": "avg:aws.states.execution_time.p95{$scope,$statemachinearn,$lambdafunctionarn} by {statemachinearn}",
            "style": {
              "line_width": "normal",
              "palette": "dog_classic",
              "line_type": "solid"
            },
            "display_type": "line"
          }
        ]
      },
      "layout": {
        "y": 53,
        "x": 0,
        "height": 15,
        "width": 47
      },
      "id": 1
    },
    {
      "definition": {
        "custom_links": [],
        "title_size": "16",
        "title": "Slowest state machines (p95 execution time)",
        "title_align": "left",
        "requests": [
          {
            "q": "top(avg:aws.states.execution_time.p95{$scope,$statemachinearn,$lambdafunctionarn} by {statemachinearn}, 10, 'mean', 'desc')",
            "style": {
              "palette": "dog_classic"
            }
          }
        ],
        "type": "toplist"
      },
      "layout": {
        "y": 37,
        "x": 0,
        "height": 15,
        "width": 47
      },
      "id": 2
    },
    {
      "definition": {
        "custom_links": [],
        "autoscale": true,
        "title": "Slowest execution",
        "title_align": "left",
        "precision": 2,
        "title_size": "16",
        "requests": [
          {
            "q": "max:aws.states.execution_time.maximum{$scope,$statemachinearn,$lambdafunctionarn}",
            "aggregator": "max",
            "conditional_formats": [
              {
                "palette": "white_on_red",
                "value": 0,
                "comparator": ">="
              }
            ]
          }
        ],
        "type": "query_value"
      },
      "layout": {
        "y": 21,
        "x": 0,
        "height": 15,
        "width": 15
      },
      "id": 3
    },
    {
      "definition": {
        "custom_links": [],
        "autoscale": true,
        "title": "Fastest execution",
        "title_align": "left",
        "precision": 2,
        "title_size": "16",
        "requests": [
          {
            "q": "min:aws.states.execution_time.minimum{$scope,$statemachinearn,$lambdafunctionarn}",
            "aggregator": "min",
            "conditional_formats": [
              {
                "palette": "white_on_green",
                "value": 0,
                "comparator": ">="
              }
            ]
          }
        ],
        "type": "query_value"
      },
      "layout": {
        "y": 21,
        "x": 16,
        "height": 15,
        "width": 15
      },
      "id": 4
    },
    {
      "definition": {
        "custom_links": [],
        "autoscale": true,
        "title": "Avg execution",
        "title_align": "left",
        "precision": 2,
        "title_size": "16",
        "requests": [
          {
            "q": "avg:aws.states.execution_time{$scope,$statemachinearn,$lambdafunctionarn}",
            "aggregator": "avg",
            "conditional_formats": [
              {
                "palette": "white_on_gray",
                "value": 0,
                "comparator": ">="
              }
            ]
          }
        ],
        "type": "query_value"
      },
      "layout": {
        "y": 21,
        "x": 32,
        "height": 15,
        "width": 15
      },
      "id": 5
    },
    {
      "definition": {
        "tick_pos": "50%",
        "show_tick": true,
        "type": "note",
        "tick_edge": "bottom",
        "text_align": "center",
        "content": "State machine execution time",
        "font_size": "18",
        "background_color": "gray"
      },
      "layout": {
        "y": 14,
        "x": 0,
        "height": 6,
        "width": 47
      },
      "id": 6
    },
    {
      "definition": {
        "tick_pos": "50%",
        "show_tick": true,
        "type": "note",
        "tick_edge": "bottom",
        "text_align": "left",
        "content": "State machine execution issues",
        "font_size": "18",
        "background_color": "gray"
      },
      "layout": {
        "y": 40,
        "x": 49,
        "height": 6,
        "width": 47
      },
      "id": 7
    },
    {
      "definition": {
        "custom_links": [],
        "autoscale": true,
        "title": "Aborted",
        "title_align": "left",
        "precision": 2,
        "title_size": "16",
        "requests": [
          {
            "q": "sum:aws.states.executions_aborted{$scope,$statemachinearn,$lambdafunctionarn}.as_count()",
            "aggregator": "sum",
            "conditional_formats": [
              {
                "palette": "white_on_red",
                "value": 0,
                "comparator": ">"
              },
              {
                "palette": "white_on_green",
                "value": 1,
                "comparator": "<"
              }
            ]
          }
        ],
        "type": "query_value"
      },
      "layout": {
        "y": 47,
        "x": 49,
        "height": 11,
        "width": 11
      },
      "id": 8
    },
    {
      "definition": {
        "custom_links": [],
        "autoscale": true,
        "title": "Failed",
        "title_align": "left",
        "precision": 2,
        "title_size": "16",
        "requests": [
          {
            "q": "sum:aws.states.executions_failed{$scope,$statemachinearn,$lambdafunctionarn}.as_count()",
            "aggregator": "sum",
            "conditional_formats": [
              {
                "palette": "white_on_red",
                "value": 0,
                "comparator": ">"
              },
              {
                "palette": "white_on_green",
                "value": 1,
                "comparator": "<"
              }
            ]
          }
        ],
        "type": "query_value"
      },
      "layout": {
        "y": 47,
        "x": 85,
        "height": 11,
        "width": 11
      },
      "id": 9
    },
    {
      "definition": {
        "custom_links": [],
        "autoscale": true,
        "title": "Throttled",
        "title_align": "left",
        "precision": 2,
        "title_size": "16",
        "requests": [
          {
            "q": "sum:aws.states.execution_throttled{$scope,$statemachinearn,$lambdafunctionarn}.as_count()",
            "aggregator": "sum",
            "conditional_formats": [
              {
                "palette": "white_on_red",
                "value": 0,
                "comparator": ">"
              },
              {
                "palette": "white_on_green",
                "value": 1,
                "comparator": "<"
              }
            ]
          }
        ],
        "type": "query_value"
      },
      "layout": {
        "y": 47,
        "x": 61,
        "height": 11,
        "width": 11
      },
      "id": 10
    },
    {
      "definition": {
        "custom_links": [],
        "autoscale": true,
        "title": "Timed out",
        "title_align": "left",
        "precision": 2,
        "title_size": "16",
        "requests": [
          {
            "q": "sum:aws.states.executions_timed_out{$scope,$statemachinearn,$lambdafunctionarn}.as_count()",
            "aggregator": "sum",
            "conditional_formats": [
              {
                "palette": "white_on_red",
                "value": 0,
                "comparator": ">"
              },
              {
                "palette": "white_on_green",
                "value": 1,
                "comparator": "<"
              }
            ]
          }
        ],
        "type": "query_value"
      },
      "layout": {
        "y": 47,
        "x": 73,
        "height": 11,
        "width": 11
      },
      "id": 11
    },
    {
      "definition": {
        "url": "/static/images/logos/amazon-step-functions_avatar.svg",
        "sizing": "fit",
        "margin": "large",
        "type": "image"
      },
      "layout": {
        "y": 0,
        "x": 0,
        "height": 12,
        "width": 47
      },
      "id": 12
    },
    {
      "definition": {
        "custom_links": [],
        "title_size": "16",
        "title": "Executions started",
        "title_align": "left",
        "show_legend": false,
        "legend_size": "0",
        "type": "timeseries",
        "requests": [
          {
            "q": "sum:aws.states.executions_started{$scope,$statemachinearn,$lambdafunctionarn}.as_count()",
            "style": {
              "line_width": "normal",
              "palette": "dog_classic",
              "line_type": "solid"
            },
            "display_type": "bars"
          }
        ]
      },
      "layout": {
        "y": 7,
        "x": 49,
        "height": 15,
        "width": 47
      },
      "id": 13
    },
    {
      "definition": {
        "custom_links": [],
        "title_size": "16",
        "title": "Executions succeeded",
        "title_align": "left",
        "show_legend": false,
        "legend_size": "0",
        "type": "timeseries",
        "requests": [
          {
            "q": "sum:aws.states.executions_succeeded{$scope,$statemachinearn,$lambdafunctionarn}.as_count()",
            "style": {
              "line_width": "normal",
              "palette": "dog_classic",
              "line_type": "solid"
            },
            "display_type": "bars"
          }
        ]
      },
      "layout": {
        "y": 23,
        "x": 49,
        "height": 15,
        "width": 47
      },
      "id": 14
    },
    {
      "definition": {
        "tick_pos": "50%",
        "show_tick": true,
        "type": "note",
        "tick_edge": "bottom",
        "text_align": "center",
        "content": "Steps running Lambda functions",
        "font_size": "18",
        "background_color": "gray"
      },
      "layout": {
        "y": 52,
        "x": 98,
        "height": 6,
        "width": 95
      },
      "id": 15
    },
    {
      "definition": {
        "custom_links": [],
        "title_size": "16",
        "title": "p95 run time by step",
        "title_align": "left",
        "show_legend": false,
        "legend_size": "0",
        "type": "timeseries",
        "requests": [
          {
            "q": "avg:aws.states.lambda_function_time.p95{$scope,$statemachinearn,$lambdafunctionarn} by {stepname}",
            "style": {
              "line_width": "normal",
              "palette": "dog_classic",
              "line_type": "solid"
            },
            "display_type": "area"
          }
        ]
      },
      "layout": {
        "y": 59,
        "x": 98,
        "height": 15,
        "width": 47
      },
      "id": 16
    },
    {
      "definition": {
        "custom_links": [],
        "title_size": "16",
        "title": "Slowest steps (p95 run time)",
        "title_align": "left",
        "requests": [
          {
            "q": "top(avg:aws.states.lambda_function_time.p95{$scope,$statemachinearn,$lambdafunctionarn} by {stepname}, 10, 'mean', 'desc')",
            "style": {
              "palette": "dog_classic"
            }
          }
        ],
        "type": "toplist"
      },
      "layout": {
        "y": 59,
        "x": 146,
        "height": 15,
        "width": 47
      },
      "id": 17
    },
    {
      "definition": {
        "custom_links": [],
        "title_size": "16",
        "title": "p95 schedule time by step",
        "title_align": "left",
        "show_legend": false,
        "legend_size": "0",
        "type": "timeseries",
        "requests": [
          {
            "q": "avg:aws.states.lambda_function_schedule_time.p95{$scope,$statemachinearn,$lambdafunctionarn} by {stepname}",
            "style": {
              "line_width": "normal",
              "palette": "dog_classic",
              "line_type": "solid"
            },
            "display_type": "area"
          }
        ]
      },
      "layout": {
        "y": 75,
        "x": 98,
        "height": 15,
        "width": 47
      },
      "id": 18
    },
    {
      "definition": {
        "custom_links": [],
        "title_size": "16",
        "title": "Slowest steps (p95 schedule time)",
        "title_align": "left",
        "requests": [
          {
            "q": "top(avg:aws.states.lambda_function_schedule_time.p95{$scope,$statemachinearn,$lambdafunctionarn} by {stepname}, 10, 'mean', 'desc')",
            "style": {
              "palette": "dog_classic"
            }
          }
        ],
        "type": "toplist"
      },
      "layout": {
        "y": 75,
        "x": 146,
        "height": 15,
        "width": 47
      },
      "id": 19
    },
    {
      "definition": {
        "tick_pos": "50%",
        "show_tick": true,
        "type": "note",
        "tick_edge": "bottom",
        "text_align": "left",
        "content": "Lambda state execution status",
        "font_size": "18",
        "background_color": "gray"
      },
      "layout": {
        "y": 0,
        "x": 98,
        "height": 6,
        "width": 47
      },
      "id": 20
    },
    {
      "definition": {
        "custom_links": [],
        "autoscale": true,
        "title": "Failed",
        "title_align": "left",
        "precision": 2,
        "title_size": "16",
        "requests": [
          {
            "q": "sum:aws.states.lambda_functions_failed{$scope,$statemachinearn,$lambdafunctionarn}.as_count()",
            "aggregator": "sum",
            "conditional_formats": [
              {
                "palette": "white_on_red",
                "value": 0,
                "comparator": ">"
              },
              {
                "palette": "white_on_green",
                "value": 1,
                "comparator": "<"
              }
            ]
          }
        ],
        "type": "query_value"
      },
      "layout": {
        "y": 7,
        "x": 147,
        "height": 11,
        "width": 11
      },
      "id": 21
    },
    {
      "definition": {
        "custom_links": [],
        "autoscale": true,
        "title": "Timed out",
        "title_align": "left",
        "precision": 2,
        "title_size": "16",
        "requests": [
          {
            "q": "sum:aws.states.lambda_functions_timed_out{$scope,$statemachinearn,$lambdafunctionarn}.as_count()",
            "aggregator": "sum",
            "conditional_formats": [
              {
                "palette": "white_on_red",
                "value": 0,
                "comparator": ">"
              },
              {
                "palette": "white_on_green",
                "value": 1,
                "comparator": "<"
              }
            ]
          }
        ],
        "type": "query_value"
      },
      "layout": {
        "y": 7,
        "x": 159,
        "height": 11,
        "width": 11
      },
      "id": 22
    },
    {
      "definition": {
        "custom_links": [],
        "autoscale": true,
        "title": "Started",
        "title_align": "left",
        "precision": 2,
        "title_size": "16",
        "requests": [
          {
            "q": "sum:aws.states.lambda_functions_started{$scope,$statemachinearn,$lambdafunctionarn}.as_count()",
            "aggregator": "sum",
            "conditional_formats": [
              {
                "palette": "white_on_gray",
                "value": 0,
                "comparator": ">="
              }
            ]
          }
        ],
        "type": "query_value"
      },
      "layout": {
        "y": 7,
        "x": 122,
        "height": 11,
        "width": 11
      },
      "id": 23
    },
    {
      "definition": {
        "custom_links": [],
        "autoscale": true,
        "title": "Scheduled",
        "title_align": "left",
        "precision": 2,
        "title_size": "16",
        "requests": [
          {
            "q": "sum:aws.states.lambda_functions_scheduled{$scope,$statemachinearn,$lambdafunctionarn}.as_count()",
            "aggregator": "sum",
            "conditional_formats": [
              {
                "palette": "white_on_gray",
                "value": 0,
                "comparator": ">="
              }
            ]
          }
        ],
        "type": "query_value"
      },
      "layout": {
        "y": 7,
        "x": 110,
        "height": 11,
        "width": 11
      },
      "id": 24
    },
    {
      "definition": {
        "custom_links": [],
        "autoscale": true,
        "title": "Succeeded",
        "title_align": "left",
        "precision": 2,
        "title_size": "16",
        "requests": [
          {
            "q": "sum:aws.states.lambda_functions_succeeded{$scope,$statemachinearn,$lambdafunctionarn}.as_count()",
            "aggregator": "sum",
            "conditional_formats": [
              {
                "palette": "white_on_green",
                "value": 0,
                "comparator": ">"
              },
              {
                "palette": "white_on_gray",
                "value": 1,
                "comparator": "<"
              }
            ]
          }
        ],
        "type": "query_value"
      },
      "layout": {
        "y": 7,
        "x": 98,
        "height": 11,
        "width": 11
      },
      "id": 25
    },
    {
      "definition": {
        "tick_pos": "50%",
        "show_tick": true,
        "type": "note",
        "tick_edge": "bottom",
        "text_align": "center",
        "content": "State machine execution status",
        "font_size": "18",
        "background_color": "gray"
      },
      "layout": {
        "y": 0,
        "x": 49,
        "height": 6,
        "width": 47
      },
      "id": 26
    },
    {
      "definition": {
        "custom_links": [],
        "title_size": "16",
        "title": "State machine executions with issues (by issue)",
        "title_align": "left",
        "show_legend": false,
        "legend_size": "0",
        "type": "timeseries",
        "requests": [
          {
            "q": "sum:aws.states.executions_aborted{$scope,$statemachinearn,$lambdafunctionarn}.as_count()",
            "style": {
              "line_width": "normal",
              "palette": "dog_classic",
              "line_type": "solid"
            },
            "display_type": "bars"
          },
          {
            "q": "sum:aws.states.executions_failed{$scope,$statemachinearn,$lambdafunctionarn}.as_count()",
            "style": {
              "line_width": "normal",
              "palette": "dog_classic",
              "line_type": "solid"
            },
            "display_type": "bars"
          },
          {
            "q": "sum:aws.states.execution_throttled{$scope,$statemachinearn,$lambdafunctionarn}.as_count()",
            "style": {
              "line_width": "normal",
              "palette": "dog_classic",
              "line_type": "solid"
            },
            "display_type": "bars"
          },
          {
            "q": "sum:aws.states.executions_timed_out{$scope,$statemachinearn,$lambdafunctionarn}.as_count()",
            "style": {
              "line_width": "normal",
              "palette": "dog_classic",
              "line_type": "solid"
            },
            "display_type": "bars"
          }
        ]
      },
      "layout": {
        "y": 82,
        "x": 49,
        "height": 15,
        "width": 47
      },
      "id": 27
    },
    {
      "definition": {
        "custom_links": [],
        "title_size": "16",
        "title": "State machines with the most execution issues",
        "title_align": "left",
        "requests": [
          {
            "q": "top(sum:aws.states.executions_failed{$scope,$statemachinearn,$lambdafunctionarn} by {statemachinearn}.as_count()+sum:aws.states.executions_aborted{$scope,$statemachinearn,$lambdafunctionarn} by {statemachinearn}.as_count()+sum:aws.states.execution_throttled{$scope,$statemachinearn,$lambdafunctionarn} by {statemachinearn}.as_count()+sum:aws.states.executions_timed_out{$scope,$statemachinearn,$lambdafunctionarn} by {statemachinearn}.as_count(),10,'sum','desc')",
            "style": {
              "palette": "dog_classic"
            }
          }
        ],
        "type": "toplist"
      },
      "layout": {
        "y": 66,
        "x": 49,
        "height": 15,
        "width": 47
      },
      "id": 28
    },
    {
      "definition": {
        "custom_links": [],
        "title_size": "16",
        "title": "Lambda steps with the most failures or timeouts",
        "title_align": "left",
        "requests": [
          {
            "q": "top(sum:aws.states.lambda_functions_failed{$scope,$statemachinearn,$lambdafunctionarn} by {lambdafunctionarn}.as_count()+sum:aws.states.lambda_functions_timed_out{$scope,$statemachinearn,$lambdafunctionarn} by {lambdafunctionarn}.as_count(),10,'sum','desc')",
            "style": {
              "palette": "dog_classic"
            }
          }
        ],
        "type": "toplist"
      },
      "layout": {
        "y": 19,
        "x": 147,
        "height": 15,
        "width": 47
      },
      "id": 29
    },
    {
      "definition": {
        "tick_pos": "50%",
        "show_tick": true,
        "type": "note",
        "tick_edge": "bottom",
        "text_align": "left",
        "content": "Includes aborted, failed, throttled, and timed out executions",
        "font_size": "14",
        "background_color": "yellow"
      },
      "layout": {
        "y": 59,
        "x": 49,
        "height": 6,
        "width": 47
      },
      "id": 30
    },
    {
      "definition": {
        "custom_links": [],
        "title_size": "16",
        "title": "Lambda state executions with failures or timeouts",
        "title_align": "left",
        "show_legend": false,
        "legend_size": "0",
        "type": "timeseries",
        "requests": [
          {
            "q": "sum:aws.states.lambda_functions_failed{$scope,$statemachinearn,$lambdafunctionarn}.as_count()",
            "style": {
              "line_width": "normal",
              "palette": "dog_classic",
              "line_type": "solid"
            },
            "display_type": "bars"
          },
          {
            "q": "sum:aws.states.lambda_functions_timed_out{$scope,$statemachinearn,$lambdafunctionarn}.as_count()",
            "style": {
              "line_width": "normal",
              "palette": "dog_classic",
              "line_type": "solid"
            },
            "display_type": "bars"
          }
        ]
      },
      "layout": {
        "y": 35,
        "x": 147,
        "height": 15,
        "width": 47
      },
      "id": 31
    },
    {
      "definition": {
        "custom_links": [],
        "title_size": "16",
        "title": "Lambda state executions succeeded",
        "title_align": "left",
        "show_legend": false,
        "legend_size": "0",
        "type": "timeseries",
        "requests": [
          {
            "q": "sum:aws.states.lambda_functions_succeeded{$scope,$statemachinearn,$lambdafunctionarn}.as_count()",
            "style": {
              "line_width": "normal",
              "palette": "dog_classic",
              "line_type": "solid"
            },
            "display_type": "bars"
          }
        ]
      },
      "layout": {
        "y": 35,
        "x": 98,
        "height": 15,
        "width": 47
      },
      "id": 32
    },
    {
      "definition": {
        "custom_links": [],
        "title_size": "16",
        "title": "Lambda state executions started",
        "title_align": "left",
        "show_legend": false,
        "legend_size": "0",
        "type": "timeseries",
        "requests": [
          {
            "q": "sum:aws.states.lambda_functions_started{$scope,$statemachinearn,$lambdafunctionarn}.as_count()",
            "style": {
              "line_width": "normal",
              "palette": "dog_classic",
              "line_type": "solid"
            },
            "display_type": "bars"
          }
        ]
      },
      "layout": {
        "y": 19,
        "x": 98,
        "height": 15,
        "width": 47
      },
      "id": 33
    },
    {
      "definition": {
        "tick_pos": "50%",
        "show_tick": true,
        "type": "note",
        "tick_edge": "bottom",
        "text_align": "left",
        "content": "Lambda state execution issues",
        "font_size": "18",
        "background_color": "gray"
      },
      "layout": {
        "y": 0,
        "x": 147,
        "height": 6,
        "width": 47
      },
      "id": 34
    }
  ],
  "layout_type": "free"
}