{
  "notify_list": [],
  "description": "",
  "restricted_roles": [],
  "template_variable_presets": [
    {
      "template_variables": [
        {
          "name": "host",
          "value": "Nicks-MBP.localdomain"
        },
        {
          "name": "check_name",
          "value": "uptime"
        }
      ],
      "name": "test"
    }
  ],
  "template_variables": [
    {
      "default": "*",
      "prefix": "host",
      "name": "host",
      "available_values": []
    },
    {
      "default": "*",
      "prefix": "check_name",
      "name": "check_name",
      "available_values": []
    }
  ],
  "is_read_only": false,
  "title": "Datadog Agent Statistics",
  "reflow_type": "fixed",
  "widgets": [
    {
      "definition": {
        "widgets": [
          {
            "definition": {
              "tick_pos": "50%",
              "font_size": "14",
              "type": "note",
              "tick_edge": "left",
              "text_align": "left",
              "content": "- Worker Utilization by Host and Worker\n  - On a scale of 0-1, shows the utilization of each worker on each host reporting data\n  - 1 implies that a worker is at full capacity\n- Worker Count\n  - The number of workers the agent is running\n- Queue Size by Check Interval\n  - The amount of items entered into a queue, assigned by their frequency. This number only indicates how many check instances are assigned to a specific queue, not how many are currently IN the queue\n- Currently Running Checks\n  - The number of checks that are currently running at polling time\n- Checks in Scheduler\n  - The total number of scheduled check instances. This indicates the number of checks an agent will run, not how many are currently scheduled.\n- Queue Count\n  - The number of queues created by the agent. Depends on how many collection intervals are set in check configurations\n ",
              "vertical_align": "top",
              "has_padding": true,
              "show_tick": false,
              "background_color": "white"
            },
            "layout": {
              "y": 0,
              "x": 0,
              "height": 6,
              "width": 4
            },
            "id": 7456796901925648
          },
          {
            "definition": {
              "title_size": "16",
              "legend_columns": [
                "avg",
                "min",
                "max",
                "value",
                "sum"
              ],
              "title": "Worker Utilization by Host and Worker",
              "title_align": "left",
              "legend_layout": "auto",
              "show_legend": true,
              "requests": [
                {
                  "formulas": [
                    {
                      "formula": "query1"
                    }
                  ],
                  "style": {
                    "line_width": "normal",
                    "palette": "dog_classic",
                    "line_type": "solid"
                  },
                  "display_type": "line",
                  "response_format": "timeseries",
                  "queries": [
                    {
                      "query": "avg:ddagent.stats.checks.workers.utilization{$host} by {host,worker_id}",
                      "data_source": "metrics",
                      "name": "query1"
                    }
                  ]
                }
              ],
              "type": "timeseries"
            },
            "layout": {
              "y": 0,
              "x": 4,
              "height": 2,
              "width": 4
            },
            "id": 3573098461082060
          },
          {
            "definition": {
              "title_size": "16",
              "legend_columns": [
                "avg",
                "min",
                "max",
                "value",
                "sum"
              ],
              "title": "Worker Count",
              "title_align": "left",
              "legend_layout": "auto",
              "show_legend": true,
              "requests": [
                {
                  "formulas": [
                    {
                      "formula": "query1"
                    }
                  ],
                  "style": {
                    "line_width": "normal",
                    "palette": "dog_classic",
                    "line_type": "solid"
                  },
                  "display_type": "line",
                  "response_format": "timeseries",
                  "queries": [
                    {
                      "query": "avg:ddagent.stats.checks.workers.count{$host} by {host}",
                      "data_source": "metrics",
                      "name": "query1"
                    }
                  ]
                }
              ],
              "type": "timeseries"
            },
            "layout": {
              "y": 0,
              "x": 8,
              "height": 2,
              "width": 4
            },
            "id": 7565092425695438
          },
          {
            "definition": {
              "title_size": "16",
              "legend_columns": [
                "avg",
                "min",
                "max",
                "value",
                "sum"
              ],
              "title": "Queue Size by Check Interval",
              "title_align": "left",
              "legend_layout": "auto",
              "show_legend": true,
              "requests": [
                {
                  "formulas": [
                    {
                      "formula": "query1"
                    }
                  ],
                  "style": {
                    "line_width": "normal",
                    "palette": "dog_classic",
                    "line_type": "solid"
                  },
                  "display_type": "line",
                  "response_format": "timeseries",
                  "queries": [
                    {
                      "query": "avg:ddagent.stats.scheduler.queue.size{$host} by {host,queue_interval}",
                      "data_source": "metrics",
                      "name": "query1"
                    }
                  ]
                }
              ],
              "type": "timeseries"
            },
            "layout": {
              "y": 2,
              "x": 4,
              "height": 2,
              "width": 4
            },
            "id": 7637830375216438
          },
          {
            "definition": {
              "title_size": "16",
              "legend_columns": [
                "avg",
                "min",
                "max",
                "value",
                "sum"
              ],
              "title": "Currently Running Checks",
              "title_align": "left",
              "legend_layout": "auto",
              "show_legend": true,
              "requests": [
                {
                  "formulas": [
                    {
                      "formula": "query1"
                    }
                  ],
                  "style": {
                    "line_width": "normal",
                    "palette": "dog_classic",
                    "line_type": "solid"
                  },
                  "display_type": "line",
                  "response_format": "timeseries",
                  "queries": [
                    {
                      "query": "avg:ddagent.stats.checks.running_checks{$host} by {host}",
                      "data_source": "metrics",
                      "name": "query1"
                    }
                  ]
                }
              ],
              "type": "timeseries"
            },
            "layout": {
              "y": 2,
              "x": 8,
              "height": 2,
              "width": 4
            },
            "id": 3612062863485762
          },
          {
            "definition": {
              "title_size": "16",
              "legend_columns": [
                "avg",
                "min",
                "max",
                "value",
                "sum"
              ],
              "title": "Checks in Scheduler",
              "title_align": "left",
              "legend_layout": "auto",
              "show_legend": true,
              "requests": [
                {
                  "formulas": [
                    {
                      "formula": "query1"
                    }
                  ],
                  "style": {
                    "line_width": "normal",
                    "palette": "dog_classic",
                    "line_type": "solid"
                  },
                  "display_type": "line",
                  "response_format": "timeseries",
                  "queries": [
                    {
                      "query": "avg:ddagent.stats.scheduler.check_entered{$host} by {host}",
                      "data_source": "metrics",
                      "name": "query1"
                    }
                  ]
                }
              ],
              "type": "timeseries"
            },
            "layout": {
              "y": 4,
              "x": 4,
              "height": 2,
              "width": 4
            },
            "id": 371668882337190
          },
          {
            "definition": {
              "title_size": "16",
              "legend_columns": [
                "avg",
                "min",
                "max",
                "value",
                "sum"
              ],
              "title": "Queue Count",
              "title_align": "left",
              "legend_layout": "auto",
              "show_legend": true,
              "requests": [
                {
                  "formulas": [
                    {
                      "formula": "query1"
                    }
                  ],
                  "style": {
                    "line_width": "normal",
                    "palette": "dog_classic",
                    "line_type": "solid"
                  },
                  "display_type": "line",
                  "response_format": "timeseries",
                  "queries": [
                    {
                      "query": "avg:ddagent.stats.scheduler.queues.count{$host} by {host}",
                      "data_source": "metrics",
                      "name": "query1"
                    }
                  ]
                }
              ],
              "type": "timeseries"
            },
            "layout": {
              "y": 4,
              "x": 8,
              "height": 2,
              "width": 4
            },
            "id": 6119295655284884
          }
        ],
        "layout_type": "ordered",
        "type": "group",
        "show_title": true,
        "title": "Worker And Queue Activity"
      },
      "layout": {
        "y": 0,
        "x": 0,
        "height": 7,
        "width": 12
      },
      "id": 5878824871455518
    },
    {
      "definition": {
        "widgets": [
          {
            "definition": {
              "tick_pos": "50%",
              "font_size": "14",
              "type": "note",
              "tick_edge": "left",
              "text_align": "left",
              "content": "- Checks Run\n  - Cumulative number of checks run by an agent  \n- Total Check Runs\n  - Cumulative number of checks run by check type\n- Metric Samples Submitted by Check\n  - The number of series submitted by individual runs of the check\n- Total Metric Samples Submitted by Check\n  - Cumulative number of metric samples submitted by an individual check\n- Check Average Execution Time\n  - How long a given check and check instance takes to run on average  \n- Check Error Count\n  - Number of errors by check  and check instance\n- Total Events Sent By Check\n  - Number of events sent by a check\n- Service Check Count\n  - Number of service checks submitted by a check for each check run  ",
              "vertical_align": "top",
              "has_padding": true,
              "show_tick": false,
              "background_color": "white"
            },
            "layout": {
              "y": 0,
              "x": 0,
              "height": 4,
              "width": 4
            },
            "id": 1842789129530888
          },
          {
            "definition": {
              "title_size": "16",
              "legend_columns": [
                "avg",
                "min",
                "max",
                "value",
                "sum"
              ],
              "title": "Checks Run",
              "title_align": "left",
              "legend_layout": "auto",
              "show_legend": true,
              "requests": [
                {
                  "formulas": [
                    {
                      "formula": "query1"
                    }
                  ],
                  "style": {
                    "line_width": "normal",
                    "palette": "dog_classic",
                    "line_type": "solid"
                  },
                  "display_type": "line",
                  "response_format": "timeseries",
                  "queries": [
                    {
                      "query": "avg:ddagent.stats.checks.runs{$host} by {host}",
                      "data_source": "metrics",
                      "name": "query1"
                    }
                  ]
                }
              ],
              "type": "timeseries"
            },
            "layout": {
              "y": 0,
              "x": 4,
              "height": 2,
              "width": 4
            },
            "id": 4180180693408706
          },
          {
            "definition": {
              "type": "toplist",
              "requests": [
                {
                  "formulas": [
                    {
                      "formula": "query1",
                      "limit": {
                        "count": 500,
                        "order": "desc"
                      }
                    }
                  ],
                  "response_format": "scalar",
                  "queries": [
                    {
                      "query": "sum:ddagent.stats.checks.total_runs{$host,$check_name} by {check_name,host}",
                      "data_source": "metrics",
                      "name": "query1",
                      "aggregator": "last"
                    }
                  ]
                }
              ],
              "title_align": "left",
              "title_size": "16",
              "title": "Total Check Runs"
            },
            "layout": {
              "y": 0,
              "x": 8,
              "height": 2,
              "width": 4
            },
            "id": 7003697331868146
          },
          {
            "definition": {
              "title_size": "16",
              "legend_columns": [
                "avg",
                "min",
                "max",
                "value",
                "sum"
              ],
              "title": "Metric Samples Submitted by Check",
              "title_align": "left",
              "legend_layout": "auto",
              "show_legend": true,
              "requests": [
                {
                  "formulas": [
                    {
                      "formula": "query1"
                    }
                  ],
                  "style": {
                    "line_width": "normal",
                    "palette": "dog_classic",
                    "line_type": "solid"
                  },
                  "display_type": "line",
                  "response_format": "timeseries",
                  "queries": [
                    {
                      "query": "avg:ddagent.stats.checks.metric_samples{$host,$check_name} by {check_name,host}",
                      "data_source": "metrics",
                      "name": "query1"
                    }
                  ]
                }
              ],
              "type": "timeseries"
            },
            "layout": {
              "y": 2,
              "x": 4,
              "height": 2,
              "width": 4
            },
            "id": 4328465834471352
          },
          {
            "definition": {
              "title_size": "16",
              "legend_columns": [
                "avg",
                "min",
                "max",
                "value",
                "sum"
              ],
              "title": "Total Metric Sample Submitted by check",
              "title_align": "left",
              "legend_layout": "auto",
              "show_legend": true,
              "requests": [
                {
                  "formulas": [
                    {
                      "formula": "query1"
                    }
                  ],
                  "style": {
                    "line_width": "normal",
                    "palette": "dog_classic",
                    "line_type": "solid"
                  },
                  "display_type": "line",
                  "response_format": "timeseries",
                  "queries": [
                    {
                      "query": "avg:ddagent.stats.checks.total_metric_samples{$host,$check_name} by {check_name,host}",
                      "data_source": "metrics",
                      "name": "query1"
                    }
                  ]
                }
              ],
              "type": "timeseries"
            },
            "layout": {
              "y": 2,
              "x": 8,
              "height": 2,
              "width": 4
            },
            "id": 8298605025802594
          },
          {
            "definition": {
              "title_size": "16",
              "legend_columns": [
                "avg",
                "min",
                "max",
                "value",
                "sum"
              ],
              "title": "Check Average Execution Time",
              "title_align": "left",
              "legend_layout": "auto",
              "show_legend": true,
              "requests": [
                {
                  "formulas": [
                    {
                      "formula": "query1"
                    }
                  ],
                  "style": {
                    "line_width": "normal",
                    "palette": "dog_classic",
                    "line_type": "solid"
                  },
                  "display_type": "line",
                  "response_format": "timeseries",
                  "queries": [
                    {
                      "query": "avg:ddagent.stats.checks.average_execution_time{$host,$check_name} by {check_name,host,instance_name}",
                      "data_source": "metrics",
                      "name": "query1"
                    }
                  ]
                }
              ],
              "type": "timeseries"
            },
            "layout": {
              "y": 4,
              "x": 4,
              "height": 2,
              "width": 4
            },
            "id": 4908860583302772
          },
          {
            "definition": {
              "title_size": "16",
              "legend_columns": [
                "avg",
                "min",
                "max",
                "value",
                "sum"
              ],
              "title": "Check Error Count",
              "title_align": "left",
              "legend_layout": "auto",
              "show_legend": true,
              "requests": [
                {
                  "formulas": [
                    {
                      "formula": "query1"
                    }
                  ],
                  "style": {
                    "line_width": "normal",
                    "palette": "dog_classic",
                    "line_type": "solid"
                  },
                  "display_type": "line",
                  "response_format": "timeseries",
                  "queries": [
                    {
                      "query": "sum:ddagent.stats.checks.total_errors{$host,$check_name} by {check_name,host,instance_name}",
                      "data_source": "metrics",
                      "name": "query1"
                    }
                  ]
                }
              ],
              "type": "timeseries"
            },
            "layout": {
              "y": 4,
              "x": 8,
              "height": 2,
              "width": 4
            },
            "id": 8239709305078022
          },
          {
            "definition": {
              "title_size": "16",
              "legend_columns": [
                "avg",
                "min",
                "max",
                "value",
                "sum"
              ],
              "title": "Total Events Sent by Check",
              "title_align": "left",
              "legend_layout": "auto",
              "show_legend": true,
              "requests": [
                {
                  "formulas": [
                    {
                      "formula": "query1"
                    }
                  ],
                  "style": {
                    "line_width": "normal",
                    "palette": "dog_classic",
                    "line_type": "solid"
                  },
                  "display_type": "line",
                  "response_format": "timeseries",
                  "queries": [
                    {
                      "query": "avg:ddagent.stats.checks.total_events{$host,$check_name} by {check_name,host}",
                      "data_source": "metrics",
                      "name": "query1"
                    }
                  ]
                }
              ],
              "type": "timeseries"
            },
            "layout": {
              "y": 6,
              "x": 4,
              "height": 2,
              "width": 4
            },
            "id": 2899192772158450
          },
          {
            "definition": {
              "title_size": "16",
              "legend_columns": [
                "avg",
                "min",
                "max",
                "value",
                "sum"
              ],
              "title": "Service Check Count",
              "title_align": "left",
              "legend_layout": "auto",
              "show_legend": true,
              "requests": [
                {
                  "formulas": [
                    {
                      "formula": "query1"
                    }
                  ],
                  "style": {
                    "line_width": "normal",
                    "palette": "dog_classic",
                    "line_type": "solid"
                  },
                  "display_type": "line",
                  "response_format": "timeseries",
                  "queries": [
                    {
                      "query": "avg:ddagent.stats.checks.service_checks{$host,$check_name} by {check_name,host}",
                      "data_source": "metrics",
                      "name": "query1"
                    }
                  ]
                }
              ],
              "type": "timeseries"
            },
            "layout": {
              "y": 6,
              "x": 8,
              "height": 2,
              "width": 4
            },
            "id": 6505196758831896
          }
        ],
        "layout_type": "ordered",
        "type": "group",
        "show_title": true,
        "title": "Check Statistics"
      },
      "layout": {
        "y": 7,
        "x": 0,
        "height": 9,
        "width": 12
      },
      "id": 2518930121956054
    },
    {
      "definition": {
        "widgets": [
          {
            "definition": {
              "tick_pos": "50%",
              "font_size": "14",
              "type": "note",
              "tick_edge": "left",
              "text_align": "left",
              "content": "- Log Agent Is Running\n  - 1 if the log agent is running, 0 if not \n- Logs Sent\n  - The number of logs sent by the log agent \n- Log Bytes Sent\n  -  Data volume of logs sent\n- Logs Processed\n  - Number of logs processed   \n- Log Sender Latency\n  - How long it took to send logs  \n- Log Agent Destination Errors\n  - Number of network errors when sending logs \n- Number of Logs Decoded\n  - Total number of decoded logs ",
              "vertical_align": "top",
              "has_padding": true,
              "show_tick": false,
              "background_color": "white"
            },
            "layout": {
              "y": 0,
              "x": 0,
              "height": 4,
              "width": 4
            },
            "id": 4790797651378974
          },
          {
            "definition": {
              "title_size": "16",
              "legend_columns": [
                "avg",
                "min",
                "max",
                "value",
                "sum"
              ],
              "title": "Log Agent Is Running",
              "title_align": "left",
              "legend_layout": "auto",
              "show_legend": true,
              "requests": [
                {
                  "formulas": [
                    {
                      "formula": "query1"
                    }
                  ],
                  "style": {
                    "line_width": "normal",
                    "palette": "dog_classic",
                    "line_type": "solid"
                  },
                  "display_type": "line",
                  "response_format": "timeseries",
                  "queries": [
                    {
                      "query": "avg:ddagent.stats.log_agent.is_running{$host} by {host}",
                      "data_source": "metrics",
                      "name": "query1"
                    }
                  ]
                }
              ],
              "type": "timeseries"
            },
            "layout": {
              "y": 0,
              "x": 4,
              "height": 2,
              "width": 4
            },
            "id": 8580570722340102
          },
          {
            "definition": {
              "title_size": "16",
              "legend_columns": [
                "avg",
                "min",
                "max",
                "value",
                "sum"
              ],
              "title": "Logs Sent",
              "title_align": "left",
              "legend_layout": "auto",
              "show_legend": true,
              "requests": [
                {
                  "formulas": [
                    {
                      "formula": "query1"
                    }
                  ],
                  "style": {
                    "line_width": "normal",
                    "palette": "dog_classic",
                    "line_type": "solid"
                  },
                  "display_type": "line",
                  "response_format": "timeseries",
                  "queries": [
                    {
                      "query": "avg:ddagent.stats.log_agent.logs_sent{$host} by {host}",
                      "data_source": "metrics",
                      "name": "query1"
                    }
                  ]
                }
              ],
              "type": "timeseries"
            },
            "layout": {
              "y": 0,
              "x": 8,
              "height": 2,
              "width": 4
            },
            "id": 354632109356498
          },
          {
            "definition": {
              "title_size": "16",
              "legend_columns": [
                "avg",
                "min",
                "max",
                "value",
                "sum"
              ],
              "title": "Log Bytes Sent",
              "title_align": "left",
              "legend_layout": "auto",
              "show_legend": true,
              "requests": [
                {
                  "formulas": [
                    {
                      "formula": "query1"
                    },
                    {
                      "formula": "query2"
                    }
                  ],
                  "style": {
                    "line_width": "normal",
                    "palette": "dog_classic",
                    "line_type": "solid"
                  },
                  "display_type": "line",
                  "response_format": "timeseries",
                  "queries": [
                    {
                      "query": "avg:ddagent.stats.log_agent.bytes_sent{$host} by {host}",
                      "data_source": "metrics",
                      "name": "query1"
                    },
                    {
                      "query": "avg:ddagent.stats.log_agent.encoded_bytes_sent{$host} by {host}",
                      "data_source": "metrics",
                      "name": "query2"
                    }
                  ]
                }
              ],
              "type": "timeseries"
            },
            "layout": {
              "y": 2,
              "x": 4,
              "height": 2,
              "width": 4
            },
            "id": 2469741971827102
          },
          {
            "definition": {
              "title_size": "16",
              "legend_columns": [
                "avg",
                "min",
                "max",
                "value",
                "sum"
              ],
              "title": "Logs Processed",
              "title_align": "left",
              "legend_layout": "auto",
              "show_legend": true,
              "requests": [
                {
                  "formulas": [
                    {
                      "formula": "query1"
                    }
                  ],
                  "style": {
                    "line_width": "normal",
                    "palette": "dog_classic",
                    "line_type": "solid"
                  },
                  "display_type": "line",
                  "response_format": "timeseries",
                  "queries": [
                    {
                      "query": "avg:ddagent.stats.log_agent.logs_processed{$host} by {host}",
                      "data_source": "metrics",
                      "name": "query1"
                    }
                  ]
                }
              ],
              "type": "timeseries"
            },
            "layout": {
              "y": 2,
              "x": 8,
              "height": 2,
              "width": 4
            },
            "id": 6883031747153810
          },
          {
            "definition": {
              "title_size": "16",
              "legend_columns": [
                "avg",
                "min",
                "max",
                "value",
                "sum"
              ],
              "title": "Log Sender Latency",
              "title_align": "left",
              "legend_layout": "auto",
              "show_legend": true,
              "requests": [
                {
                  "formulas": [
                    {
                      "formula": "query1"
                    }
                  ],
                  "style": {
                    "line_width": "normal",
                    "palette": "dog_classic",
                    "line_type": "solid"
                  },
                  "display_type": "line",
                  "response_format": "timeseries",
                  "queries": [
                    {
                      "query": "avg:ddagent.stats.log_agent.sender_latency{$host} by {host}",
                      "data_source": "metrics",
                      "name": "query1"
                    }
                  ]
                }
              ],
              "type": "timeseries"
            },
            "layout": {
              "y": 4,
              "x": 0,
              "height": 2,
              "width": 4
            },
            "id": 1639060453770454
          },
          {
            "definition": {
              "title_size": "16",
              "legend_columns": [
                "avg",
                "min",
                "max",
                "value",
                "sum"
              ],
              "title": "Log Agent Destination Errors",
              "title_align": "left",
              "legend_layout": "auto",
              "show_legend": true,
              "requests": [
                {
                  "formulas": [
                    {
                      "formula": "query1"
                    }
                  ],
                  "style": {
                    "line_width": "normal",
                    "palette": "dog_classic",
                    "line_type": "solid"
                  },
                  "display_type": "line",
                  "response_format": "timeseries",
                  "queries": [
                    {
                      "query": "avg:ddagent.stats.log_agent.destination_errors{$host} by {host}",
                      "data_source": "metrics",
                      "name": "query1"
                    }
                  ]
                }
              ],
              "type": "timeseries"
            },
            "layout": {
              "y": 4,
              "x": 4,
              "height": 2,
              "width": 4
            },
            "id": 5292866408290294
          },
          {
            "definition": {
              "title_size": "16",
              "legend_columns": [
                "avg",
                "min",
                "max",
                "value",
                "sum"
              ],
              "title": "Number of Logs Decoded",
              "title_align": "left",
              "legend_layout": "auto",
              "show_legend": true,
              "requests": [
                {
                  "formulas": [
                    {
                      "formula": "query1"
                    }
                  ],
                  "style": {
                    "line_width": "normal",
                    "palette": "dog_classic",
                    "line_type": "solid"
                  },
                  "display_type": "line",
                  "response_format": "timeseries",
                  "queries": [
                    {
                      "query": "avg:ddagent.stats.log_agent.logs_decoded{$host} by {host}",
                      "data_source": "metrics",
                      "name": "query1"
                    }
                  ]
                }
              ],
              "type": "timeseries"
            },
            "layout": {
              "y": 4,
              "x": 8,
              "height": 2,
              "width": 4
            },
            "id": 8480766721223840
          }
        ],
        "layout_type": "ordered",
        "type": "group",
        "show_title": true,
        "title": "Log Agent"
      },
      "layout": {
        "y": 16,
        "x": 0,
        "height": 7,
        "width": 12
      },
      "id": 8465092261689296
    },
    {
      "definition": {
        "widgets": [
          {
            "definition": {
              "tick_pos": "50%",
              "font_size": "14",
              "type": "note",
              "tick_edge": "left",
              "text_align": "left",
              "content": "[Go Memstats reference](https://pkg.go.dev/runtime#MemStats)\n\n- Memstats Total Allocations\n  - TotalAlloc is cumulative bytes allocated for heap objects. TotalAlloc increases as heap objects are allocated, but unlike Alloc and HeapAlloc, it does not decrease when objects are freed. \n- Memstats Objects Freed\n  - The cumulative count of heap objects freed.  \n- Average GC Pause Time\n  - A circular buffer of recent GC stop-the-world pause times in nanoseconds.  \n- Mallocs\n  - Cumulative count of heap objects allocated\n- Idle Heap\n  - Bytes in idle (unused) spans.  Idle spans have no objects in them. These spans could be (and may already have been) returned to the OS, or they can be reused for heap allocations, or they can be reused as stack memory.\n- Heap In Use\n  -   Bytes in in-use spans.  In-use spans have at least one object in them. These spans can only be used for other objects of roughly the same size. \n- Garbage Collection Event Count\n  - Number of completed garbage collection cycles\n- Live Heap Objects\n  - Mallocs - Frees \n- System Heap \n  - measures the amount of virtual address space reserved for the heap, obtained from the OS\n-  Bytes Allocated\n   - Bytes allocated to the heap  ",
              "vertical_align": "top",
              "has_padding": true,
              "show_tick": false,
              "background_color": "white"
            },
            "layout": {
              "y": 0,
              "x": 0,
              "height": 6,
              "width": 4
            },
            "id": 2116960950457376
          },
          {
            "definition": {
              "title_size": "16",
              "legend_columns": [
                "avg",
                "min",
                "max",
                "value",
                "sum"
              ],
              "title": "Memstats Total Allocations",
              "title_align": "left",
              "legend_layout": "auto",
              "show_legend": true,
              "requests": [
                {
                  "formulas": [
                    {
                      "formula": "query1"
                    }
                  ],
                  "style": {
                    "line_width": "normal",
                    "palette": "dog_classic",
                    "line_type": "solid"
                  },
                  "display_type": "line",
                  "response_format": "timeseries",
                  "queries": [
                    {
                      "query": "avg:ddagent.stats.memstats.total_alloc{$host} by {host}",
                      "data_source": "metrics",
                      "name": "query1"
                    }
                  ]
                }
              ],
              "type": "timeseries"
            },
            "layout": {
              "y": 0,
              "x": 4,
              "height": 2,
              "width": 4
            },
            "id": 5276361815798278
          },
          {
            "definition": {
              "title_size": "16",
              "legend_columns": [
                "avg",
                "min",
                "max",
                "value",
                "sum"
              ],
              "title": "Memstats Objects Freed",
              "title_align": "left",
              "legend_layout": "auto",
              "show_legend": true,
              "requests": [
                {
                  "formulas": [
                    {
                      "formula": "query1"
                    }
                  ],
                  "style": {
                    "line_width": "normal",
                    "palette": "dog_classic",
                    "line_type": "solid"
                  },
                  "display_type": "line",
                  "response_format": "timeseries",
                  "queries": [
                    {
                      "query": "avg:ddagent.stats.memstats.frees{$host} by {host}",
                      "data_source": "metrics",
                      "name": "query1"
                    }
                  ]
                }
              ],
              "type": "timeseries"
            },
            "layout": {
              "y": 0,
              "x": 8,
              "height": 2,
              "width": 4
            },
            "id": 4782865286890508
          },
          {
            "definition": {
              "title_size": "16",
              "legend_columns": [
                "avg",
                "min",
                "max",
                "value",
                "sum"
              ],
              "title": "Average GC Pause Time",
              "title_align": "left",
              "legend_layout": "auto",
              "show_legend": true,
              "requests": [
                {
                  "formulas": [
                    {
                      "formula": "query1"
                    }
                  ],
                  "style": {
                    "line_width": "normal",
                    "palette": "dog_classic",
                    "line_type": "solid"
                  },
                  "display_type": "line",
                  "response_format": "timeseries",
                  "queries": [
                    {
                      "query": "avg:ddagent.stats.memstats.pause_ns.avg{$host} by {host}",
                      "data_source": "metrics",
                      "name": "query1"
                    }
                  ]
                }
              ],
              "type": "timeseries"
            },
            "layout": {
              "y": 2,
              "x": 4,
              "height": 2,
              "width": 4
            },
            "id": 1271011725808914
          },
          {
            "definition": {
              "title_size": "16",
              "legend_columns": [
                "avg",
                "min",
                "max",
                "value",
                "sum"
              ],
              "title": "Memstats Mallocs",
              "title_align": "left",
              "legend_layout": "auto",
              "show_legend": true,
              "requests": [
                {
                  "formulas": [
                    {
                      "formula": "query1"
                    }
                  ],
                  "style": {
                    "line_width": "normal",
                    "palette": "dog_classic",
                    "line_type": "solid"
                  },
                  "display_type": "line",
                  "response_format": "timeseries",
                  "queries": [
                    {
                      "query": "avg:ddagent.stats.memstats.mallocs{$host} by {host}",
                      "data_source": "metrics",
                      "name": "query1"
                    }
                  ]
                }
              ],
              "type": "timeseries"
            },
            "layout": {
              "y": 2,
              "x": 8,
              "height": 2,
              "width": 4
            },
            "id": 3421963915748440
          },
          {
            "definition": {
              "title_size": "16",
              "legend_columns": [
                "avg",
                "min",
                "max",
                "value",
                "sum"
              ],
              "title": "Memstats Idle Heap",
              "title_align": "left",
              "legend_layout": "auto",
              "show_legend": true,
              "requests": [
                {
                  "formulas": [
                    {
                      "formula": "query1"
                    }
                  ],
                  "style": {
                    "line_width": "normal",
                    "palette": "dog_classic",
                    "line_type": "solid"
                  },
                  "display_type": "line",
                  "response_format": "timeseries",
                  "queries": [
                    {
                      "query": "avg:ddagent.stats.memstats.heap_idle{$host} by {host}",
                      "data_source": "metrics",
                      "name": "query1"
                    }
                  ]
                }
              ],
              "type": "timeseries"
            },
            "layout": {
              "y": 4,
              "x": 4,
              "height": 2,
              "width": 4
            },
            "id": 8263937298498254
          },
          {
            "definition": {
              "title_size": "16",
              "legend_columns": [
                "avg",
                "min",
                "max",
                "value",
                "sum"
              ],
              "title": "Memstats Heap In Use",
              "title_align": "left",
              "legend_layout": "auto",
              "show_legend": true,
              "requests": [
                {
                  "formulas": [
                    {
                      "formula": "query1"
                    }
                  ],
                  "style": {
                    "line_width": "normal",
                    "palette": "dog_classic",
                    "line_type": "solid"
                  },
                  "display_type": "line",
                  "response_format": "timeseries",
                  "queries": [
                    {
                      "query": "avg:ddagent.stats.memstats.heap_inuse{$host} by {host}",
                      "data_source": "metrics",
                      "name": "query1"
                    }
                  ]
                }
              ],
              "type": "timeseries"
            },
            "layout": {
              "y": 4,
              "x": 8,
              "height": 2,
              "width": 4
            },
            "id": 1448774907592172
          },
          {
            "definition": {
              "title_size": "16",
              "legend_columns": [
                "avg",
                "min",
                "max",
                "value",
                "sum"
              ],
              "title": "Garbage Collection Event Count",
              "title_align": "left",
              "legend_layout": "auto",
              "show_legend": true,
              "requests": [
                {
                  "formulas": [
                    {
                      "formula": "query1"
                    }
                  ],
                  "style": {
                    "line_width": "normal",
                    "palette": "dog_classic",
                    "line_type": "solid"
                  },
                  "display_type": "line",
                  "response_format": "timeseries",
                  "queries": [
                    {
                      "query": "avg:ddagent.stats.memstats.num_gc{$host} by {host}",
                      "data_source": "metrics",
                      "name": "query1"
                    }
                  ]
                }
              ],
              "type": "timeseries"
            },
            "layout": {
              "y": 6,
              "x": 0,
              "height": 2,
              "width": 4
            },
            "id": 1943976486801854
          },
          {
            "definition": {
              "title_size": "16",
              "legend_columns": [
                "avg",
                "min",
                "max",
                "value",
                "sum"
              ],
              "title": "Live Heap Objects",
              "title_align": "left",
              "legend_layout": "auto",
              "show_legend": true,
              "requests": [
                {
                  "formulas": [
                    {
                      "formula": "query1 - query2"
                    }
                  ],
                  "style": {
                    "line_width": "normal",
                    "palette": "dog_classic",
                    "line_type": "solid"
                  },
                  "display_type": "line",
                  "response_format": "timeseries",
                  "queries": [
                    {
                      "query": "avg:ddagent.stats.memstats.mallocs{$host} by {host}",
                      "data_source": "metrics",
                      "name": "query1"
                    },
                    {
                      "query": "avg:ddagent.stats.memstats.frees{$host} by {host}",
                      "data_source": "metrics",
                      "name": "query2"
                    }
                  ]
                }
              ],
              "type": "timeseries"
            },
            "layout": {
              "y": 6,
              "x": 4,
              "height": 2,
              "width": 4
            },
            "id": 8540694448756510
          },
          {
            "definition": {
              "title_size": "16",
              "legend_columns": [
                "avg",
                "min",
                "max",
                "value",
                "sum"
              ],
              "title": "Memstats System Heap",
              "title_align": "left",
              "legend_layout": "auto",
              "show_legend": true,
              "requests": [
                {
                  "formulas": [
                    {
                      "formula": "query1"
                    }
                  ],
                  "style": {
                    "line_width": "normal",
                    "palette": "dog_classic",
                    "line_type": "solid"
                  },
                  "display_type": "line",
                  "response_format": "timeseries",
                  "queries": [
                    {
                      "query": "avg:ddagent.stats.memstats.heap_sys{$host} by {host}",
                      "data_source": "metrics",
                      "name": "query1"
                    }
                  ]
                }
              ],
              "type": "timeseries"
            },
            "layout": {
              "y": 6,
              "x": 8,
              "height": 2,
              "width": 4
            },
            "id": 3851989554443574
          },
          {
            "definition": {
              "title_size": "16",
              "legend_columns": [
                "avg",
                "min",
                "max",
                "value",
                "sum"
              ],
              "title": "Bytes Allocated",
              "title_align": "left",
              "legend_layout": "auto",
              "show_legend": true,
              "requests": [
                {
                  "formulas": [
                    {
                      "formula": "query1"
                    }
                  ],
                  "style": {
                    "line_width": "normal",
                    "palette": "dog_classic",
                    "line_type": "solid"
                  },
                  "display_type": "line",
                  "response_format": "timeseries",
                  "queries": [
                    {
                      "query": "avg:ddagent.stats.memstats.alloc{$host} by {host}",
                      "data_source": "metrics",
                      "name": "query1"
                    }
                  ]
                }
              ],
              "type": "timeseries"
            },
            "layout": {
              "y": 8,
              "x": 0,
              "height": 2,
              "width": 4
            },
            "id": 2437704378862938
          }
        ],
        "layout_type": "ordered",
        "type": "group",
        "show_title": true,
        "title": "Agent Memstats"
      },
      "layout": {
        "y": 23,
        "x": 0,
        "is_column_break": true,
        "height": 11,
        "width": 12
      },
      "id": 5137338765061766
    }
  ],
  "layout_type": "ordered"
}