{
  "notify_list": [],
  "description": "",
  "restricted_roles": [],
  "template_variables": [
    {
      "default": "*",
      "prefix": "interfacedescription",
      "name": "InterfaceDescription"
    },
    {
      "default": "*",
      "prefix": "interface",
      "name": "Interface"
    },
    {
      "default": "*",
      "prefix": "host",
      "name": "Host"
    },
    {
      "default": "rd-audiocodes-controller",
      "prefix": "snmp_profile",
      "name": "SNMP_Profile"
    },
    {
      "default": "*",
      "prefix": "snmp_device",
      "name": "IP"
    },
    {
      "default": "*",
      "prefix": "snmp_host",
      "name": "Sysname"
    }
  ],
  "is_read_only": false,
  "title": "RapDev AudioCodes Controller",
  "widgets": [
    {
      "definition": {
        "title_size": "16",
        "title": "System Up Time",
        "title_align": "left",
        "custom_unit": "Days",
        "precision": 2,
        "requests": [
          {
            "q": "avg:snmp.sysUpTimeInstance{$Host,$SNMP_Profile,$IP,$Sysname}/8640000",
            "aggregator": "last"
          }
        ],
        "type": "query_value"
      },
      "layout": {
        "y": 0,
        "x": 80,
        "height": 15,
        "width": 37
      },
      "id": 1653432602520160
    },
    {
      "definition": {
        "title_size": "16",
        "title": "CPU Usage",
        "title_align": "left",
        "custom_unit": "%",
        "precision": 2,
        "requests": [
          {
            "q": "avg:snmp.CPU.Utilization{$Host,$SNMP_Profile,$IP,$Sysname}",
            "aggregator": "last"
          }
        ],
        "type": "query_value"
      },
      "layout": {
        "y": 0,
        "x": 0,
        "height": 15,
        "width": 37
      },
      "id": 4812011963878828
    },
    {
      "definition": {
        "title_size": "16",
        "title": "Admin Status",
        "title_align": "left",
        "precision": 0,
        "requests": [
          {
            "q": "max:snmp.ifAdminStatus{$Host,$SNMP_Profile,$IP,$InterfaceDescription,$Interface,$Sysname}",
            "aggregator": "last",
            "conditional_formats": [
              {
                "palette": "white_on_red",
                "value": 2,
                "comparator": ">="
              },
              {
                "palette": "white_on_green",
                "value": 1,
                "comparator": ">="
              }
            ]
          }
        ],
        "type": "query_value"
      },
      "layout": {
        "y": 133,
        "x": 0,
        "height": 15,
        "width": 16
      },
      "id": 5289707955110707
    },
    {
      "definition": {
        "title_size": "16",
        "title": "In & Out Broadcasts",
        "title_align": "left",
        "yaxis": {
          "max": "auto",
          "include_zero": true,
          "scale": "linear",
          "min": "auto",
          "label": ""
        },
        "show_legend": false,
        "requests": [
          {
            "q": "avg:snmp.ifHCInBroadcastPkts{$Host,$SNMP_Profile,$InterfaceDescription,$Interface,$IP,$Sysname} by {interface}",
            "style": {
              "line_width": "normal",
              "palette": "dog_classic",
              "line_type": "solid"
            },
            "display_type": "line"
          },
          {
            "q": "avg:snmp.ifHCOutBroadcastPkts{$Host,$SNMP_Profile,$InterfaceDescription,$Interface,$IP,$Sysname} by {interface}",
            "style": {
              "line_width": "normal",
              "palette": "dog_classic",
              "line_type": "solid"
            },
            "display_type": "line"
          }
        ],
        "type": "timeseries",
        "legend_size": "0"
      },
      "layout": {
        "y": 133,
        "x": 85,
        "height": 15,
        "width": 32
      },
      "id": 7576376465407962
    },
    {
      "definition": {
        "title_size": "16",
        "title": "In & Out Unicast Packets",
        "title_align": "left",
        "yaxis": {
          "max": "auto",
          "include_zero": true,
          "scale": "linear",
          "min": "auto",
          "label": ""
        },
        "show_legend": false,
        "requests": [
          {
            "q": "avg:snmp.ifHCInUcastPkts{$Host,$SNMP_Profile,$IP,$InterfaceDescription,$Interface,$Sysname} by {interface}",
            "style": {
              "line_width": "normal",
              "palette": "dog_classic",
              "line_type": "solid"
            },
            "display_type": "line"
          },
          {
            "q": "avg:snmp.Interface.OutUnicastPkts{$Host,$SNMP_Profile,$IP,$InterfaceDescription,$Interface,$Sysname} by {interface}",
            "style": {
              "line_width": "normal",
              "palette": "dog_classic",
              "line_type": "solid"
            },
            "display_type": "line"
          }
        ],
        "type": "timeseries",
        "legend_size": "0"
      },
      "layout": {
        "y": 165,
        "x": 85,
        "height": 15,
        "width": 32
      },
      "id": 8501003832696975
    },
    {
      "definition": {
        "title_size": "16",
        "title": "In & Out MultiCastPkts",
        "title_align": "left",
        "yaxis": {
          "max": "auto",
          "include_zero": true,
          "scale": "linear",
          "min": "auto",
          "label": ""
        },
        "show_legend": false,
        "requests": [
          {
            "q": "avg:snmp.ifHCInMulticastPkts{$Host,$SNMP_Profile,$IP,$InterfaceDescription,$Interface,$Sysname} by {interface}",
            "style": {
              "line_width": "normal",
              "palette": "dog_classic",
              "line_type": "solid"
            },
            "display_type": "line"
          },
          {
            "q": "avg:snmp.ifHCOutMulticastPkts{$Host,$SNMP_Profile,$IP,$InterfaceDescription,$Interface,$Sysname} by {interface}",
            "style": {
              "line_width": "normal",
              "palette": "dog_classic",
              "line_type": "solid"
            },
            "display_type": "line"
          }
        ],
        "type": "timeseries",
        "legend_size": "0"
      },
      "layout": {
        "y": 149,
        "x": 48,
        "height": 15,
        "width": 36
      },
      "id": 7369588810455413
    },
    {
      "definition": {
        "title_size": "16",
        "title": "In & Out Errors",
        "title_align": "left",
        "yaxis": {
          "max": "auto",
          "include_zero": true,
          "scale": "linear",
          "min": "auto",
          "label": ""
        },
        "show_legend": false,
        "requests": [
          {
            "q": "avg:snmp.ifInErrors{$InterfaceDescription,$Interface,$Host,$SNMP_Profile,$IP,$Sysname} by {interface}",
            "style": {
              "line_width": "normal",
              "palette": "dog_classic",
              "line_type": "solid"
            },
            "display_type": "area"
          },
          {
            "q": "avg:snmp.ifOutErrors{$InterfaceDescription,$Interface,$Host,$SNMP_Profile,$IP,$Sysname} by {interface}",
            "style": {
              "line_width": "normal",
              "palette": "dog_classic",
              "line_type": "solid"
            },
            "display_type": "line"
          }
        ],
        "type": "timeseries",
        "legend_size": "0"
      },
      "layout": {
        "y": 149,
        "x": 85,
        "height": 15,
        "width": 32
      },
      "id": 4107821788112824
    },
    {
      "definition": {
        "custom_links": [],
        "title_size": "16",
        "title": "Operation Status",
        "title_align": "left",
        "precision": 0,
        "requests": [
          {
            "q": "max:snmp.ifOperStatus{$Host,$SNMP_Profile,$InterfaceDescription,$IP,$Interface,$Sysname}",
            "aggregator": "last",
            "conditional_formats": [
              {
                "palette": "white_on_red",
                "value": 2,
                "comparator": ">="
              },
              {
                "palette": "white_on_green",
                "value": 1,
                "comparator": ">="
              }
            ]
          }
        ],
        "type": "query_value"
      },
      "layout": {
        "y": 133,
        "x": 17,
        "height": 15,
        "width": 15
      },
      "id": 8035457538584654
    },
    {
      "definition": {
        "custom_links": [],
        "title_size": "16",
        "title": "Interface Speed",
        "title_align": "left",
        "custom_unit": "b/s",
        "precision": 0,
        "requests": [
          {
            "q": "avg:snmp.ifHighSpeed{$InterfaceDescription,$Interface,$Host,$SNMP_Profile,$IP,$Sysname}",
            "aggregator": "last"
          }
        ],
        "type": "query_value"
      },
      "layout": {
        "y": 133,
        "x": 33,
        "height": 15,
        "width": 14
      },
      "id": 8839600570954013
    },
    {
      "definition": {
        "title_size": "16",
        "requests": [
          {
            "q": "avg:snmp.ifAdminStatus{$Host,$SNMP_Profile,$IP,$Sysname,$Interface,$InterfaceDescription} by {interface,host,snmp_device}",
            "aggregator": "last",
            "alias": "Admin Status"
          },
          {
            "q": "avg:snmp.ifOperStatus{$Host,$SNMP_Profile,$IP,$Sysname,$Interface,$InterfaceDescription} by {interface,host,snmp_device}",
            "aggregator": "last",
            "limit": 100,
            "order": "asc",
            "alias": "Oper Status"
          },
          {
            "q": "avg:snmp.ifHighSpeed{$Host,$SNMP_Profile,$IP,$Sysname,$Interface,$InterfaceDescription} by {interface,host,snmp_device}",
            "aggregator": "last",
            "alias": "Int Speed"
          }
        ],
        "title_align": "left",
        "type": "query_table",
        "title": "Local Interfaces"
      },
      "layout": {
        "y": 165,
        "x": 48,
        "height": 15,
        "width": 36
      },
      "id": 6006556623324802
    },
    {
      "definition": {
        "tick_pos": "50%",
        "show_tick": true,
        "type": "note",
        "tick_edge": "bottom",
        "text_align": "center",
        "content": "Interfaces",
        "font_size": "24",
        "background_color": "white"
      },
      "layout": {
        "y": 126,
        "x": 0,
        "height": 6,
        "width": 117
      },
      "id": 6739531664958380
    },
    {
      "definition": {
        "autoscale": false,
        "title": "% Utilization In",
        "title_align": "left",
        "custom_unit": "%",
        "precision": 3,
        "title_size": "16",
        "requests": [
          {
            "q": "avg:snmp.ifBandwidthInUsage.rate{$InterfaceDescription,$Interface,$Host,$SNMP_Profile,$IP,$Sysname}",
            "aggregator": "last"
          }
        ],
        "type": "query_value"
      },
      "layout": {
        "y": 149,
        "x": 0,
        "height": 15,
        "width": 23
      },
      "id": 1115937569730768
    },
    {
      "definition": {
        "autoscale": false,
        "title": "% Utilization Out",
        "title_align": "left",
        "custom_unit": "%",
        "precision": 3,
        "title_size": "16",
        "requests": [
          {
            "q": "avg:snmp.ifBandwidthOutUsage.rate{$InterfaceDescription,$Interface,$Host,$SNMP_Profile,$IP,$Sysname}",
            "aggregator": "last"
          }
        ],
        "type": "query_value"
      },
      "layout": {
        "y": 149,
        "x": 24,
        "height": 15,
        "width": 23
      },
      "id": 1212240361225036
    },
    {
      "definition": {
        "title_size": "16",
        "title": "Interface Utilization (%)",
        "title_align": "left",
        "yaxis": {
          "max": "auto",
          "include_zero": true,
          "scale": "linear",
          "min": "auto",
          "label": ""
        },
        "show_legend": false,
        "requests": [
          {
            "q": "avg:snmp.ifBandwidthInUsage.rate{$InterfaceDescription,$Interface,$Host,$SNMP_Profile,$IP,$Sysname} by {interface}",
            "style": {
              "line_width": "normal",
              "palette": "dog_classic",
              "line_type": "solid"
            },
            "display_type": "line"
          },
          {
            "q": "avg:snmp.ifBandwidthOutUsage.rate{$InterfaceDescription,$Interface,$Host,$SNMP_Profile,$IP,$Sysname} by {interface}",
            "style": {
              "line_width": "normal",
              "palette": "dog_classic",
              "line_type": "solid"
            },
            "display_type": "line"
          }
        ],
        "type": "timeseries",
        "legend_size": "0"
      },
      "layout": {
        "y": 165,
        "x": 0,
        "height": 15,
        "width": 47
      },
      "id": 2931435457113688
    },
    {
      "definition": {
        "title_size": "16",
        "title": "Bytes In & Bytes Out",
        "title_align": "left",
        "yaxis": {
          "max": "auto",
          "include_zero": true,
          "scale": "linear",
          "min": "auto",
          "label": ""
        },
        "show_legend": false,
        "requests": [
          {
            "q": "avg:snmp.ifHCInOctets.rate{$Host,$SNMP_Profile,$IP,$InterfaceDescription,$Interface,$Sysname} by {interface}",
            "style": {
              "line_width": "normal",
              "palette": "dog_classic",
              "line_type": "solid"
            },
            "display_type": "line"
          },
          {
            "q": "avg:snmp.ifHCOutOctets.rate{$Host,$SNMP_Profile,$IP,$InterfaceDescription,$Interface,$Sysname} by {interface}",
            "style": {
              "line_width": "normal",
              "palette": "dog_classic",
              "line_type": "solid"
            },
            "display_type": "line"
          }
        ],
        "type": "timeseries",
        "legend_size": "0"
      },
      "layout": {
        "y": 133,
        "x": 48,
        "height": 15,
        "width": 36
      },
      "id": 7435372221432500
    },
    {
      "definition": {
        "tick_pos": "50%",
        "show_tick": true,
        "type": "note",
        "tick_edge": "bottom",
        "text_align": "center",
        "content": "Call Statistics",
        "font_size": "24",
        "background_color": "white"
      },
      "layout": {
        "y": 16,
        "x": 0,
        "height": 6,
        "width": 117
      },
      "id": 7365757007043640
    },
    {
      "definition": {
        "title_size": "16",
        "title": "Call Duration",
        "title_align": "left",
        "yaxis": {
          "max": "auto",
          "include_zero": true,
          "scale": "linear",
          "min": "auto",
          "label": ""
        },
        "show_legend": false,
        "requests": [
          {
            "q": "avg:snmp.CallDuration.Value{$Host,$SNMP_Profile,$IP,$Sysname} by {snmp_device,location}",
            "style": {
              "line_width": "normal",
              "palette": "dog_classic",
              "line_type": "solid"
            },
            "display_type": "line"
          }
        ],
        "type": "timeseries",
        "legend_size": "0"
      },
      "layout": {
        "y": 23,
        "x": 0,
        "height": 15,
        "width": 38
      },
      "id": 790168749965488
    },
    {
      "definition": {
        "title_size": "16",
        "title": "Call Volume",
        "title_align": "left",
        "yaxis": {
          "max": "auto",
          "include_zero": true,
          "scale": "linear",
          "min": "auto",
          "label": ""
        },
        "show_legend": false,
        "requests": [
          {
            "q": "avg:snmp.CallDuration.Volume{$SNMP_Profile,$Sysname,$Host,$IP} by {snmp_device,location}",
            "style": {
              "line_width": "normal",
              "palette": "dog_classic",
              "line_type": "solid"
            },
            "display_type": "line"
          }
        ],
        "type": "timeseries",
        "legend_size": "0"
      },
      "layout": {
        "y": 23,
        "x": 78,
        "height": 15,
        "width": 39
      },
      "id": 2148377669977174
    },
    {
      "definition": {
        "title_size": "16",
        "title": "Total Call Duration (Since Last Reboot)",
        "title_align": "left",
        "yaxis": {
          "max": "auto",
          "include_zero": true,
          "scale": "linear",
          "min": "auto",
          "label": ""
        },
        "show_legend": false,
        "requests": [
          {
            "q": "avg:snmp.CallDuration.Total{$Host,$IP,$Sysname,$SNMP_Profile} by {snmp_device,location}",
            "style": {
              "line_width": "normal",
              "palette": "dog_classic",
              "line_type": "solid"
            },
            "display_type": "line"
          }
        ],
        "type": "timeseries",
        "legend_size": "0"
      },
      "layout": {
        "y": 23,
        "x": 39,
        "height": 15,
        "width": 38
      },
      "id": 7880542119590170
    },
    {
      "definition": {
        "title_size": "16",
        "title": "Call Statistics ",
        "title_align": "left",
        "has_search_bar": "auto",
        "requests": [
          {
            "q": "avg:snmp.CallDuration.Value{snmp_profile:rd-audiocodes-controller} by {snmp_device, sysdescription, location}",
            "aggregator": "avg",
            "cell_display_mode": [
              "bar"
            ],
            "alias": "Call Duration"
          },
          {
            "aggregator": "avg",
            "cell_display_mode": [
              "bar"
            ],
            "q": "avg:snmp.CallDuration.Volume{snmp_profile:rd-audiocodes-controller} by {snmp_device, sysdescription, location}",
            "alias": "Call Volume",
            "limit": 50,
            "order": "desc"
          }
        ],
        "type": "query_table"
      },
      "layout": {
        "y": 39,
        "x": 0,
        "height": 31,
        "width": 77
      },
      "id": 3190659704898640
    },
    {
      "definition": {
        "title_size": "16",
        "title": "Call Errors",
        "title_align": "left",
        "yaxis": {
          "max": "auto",
          "include_zero": true,
          "scale": "linear",
          "min": "auto",
          "label": ""
        },
        "show_legend": false,
        "requests": [
          {
            "q": "avg:snmp.BusyCalls.Value{$Host,$SNMP_Profile,$IP,$Sysname} by {snmp_device,location}, avg:snmp.NoMatchCalls.Value{$Host,$SNMP_Profile,$IP,$Sysname} by {snmp_device,location}, avg:snmp.FailedCalls.Value{$Host,$SNMP_Profile,$IP,$Sysname} by {snmp_device,location}, avg:snmp.NoRouteCalls.Value{$Host,$SNMP_Profile,$IP,$Sysname} by {snmp_device,location}, avg:snmp.NoAnswerCalls.Value{$Host,$SNMP_Profile,$IP,$Sysname} by {snmp_device,location}",
            "style": {
              "line_width": "normal",
              "palette": "dog_classic",
              "line_type": "solid"
            },
            "display_type": "line"
          }
        ],
        "type": "timeseries",
        "legend_size": "0"
      },
      "layout": {
        "y": 55,
        "x": 78,
        "height": 15,
        "width": 39
      },
      "id": 1960521646686958
    },
    {
      "definition": {
        "title_size": "16",
        "title": "Established Calls ",
        "title_align": "left",
        "yaxis": {
          "max": "auto",
          "include_zero": true,
          "scale": "linear",
          "min": "auto",
          "label": ""
        },
        "show_legend": false,
        "requests": [
          {
            "q": "avg:snmp.EstablishedCalls.Value{$Host,$SNMP_Profile,$IP,$Sysname} by {snmp_device,location}",
            "style": {
              "line_width": "normal",
              "palette": "dog_classic",
              "line_type": "solid"
            },
            "display_type": "line"
          }
        ],
        "type": "timeseries",
        "legend_size": "0"
      },
      "layout": {
        "y": 39,
        "x": 78,
        "height": 15,
        "width": 39
      },
      "id": 1536222803719272
    },
    {
      "definition": {
        "tick_pos": "50%",
        "show_tick": true,
        "type": "note",
        "tick_edge": "bottom",
        "text_align": "center",
        "content": "RTP Statistics",
        "font_size": "24",
        "background_color": "white"
      },
      "layout": {
        "y": 71,
        "x": 0,
        "height": 6,
        "width": 117
      },
      "id": 476684321290678
    },
    {
      "definition": {
        "title_size": "16",
        "title": "Module RTP Packet Delay ",
        "title_align": "left",
        "yaxis": {
          "max": "auto",
          "include_zero": true,
          "scale": "linear",
          "min": "auto",
          "label": ""
        },
        "show_legend": false,
        "requests": [
          {
            "q": "avg:snmp.ModulePacketDelay.Value{$Host,$SNMP_Profile,$IP,$Sysname} by {snmp_device,location}",
            "style": {
              "line_width": "normal",
              "palette": "dog_classic",
              "line_type": "solid"
            },
            "display_type": "line"
          }
        ],
        "type": "timeseries",
        "legend_size": "0"
      },
      "layout": {
        "y": 78,
        "x": 0,
        "height": 15,
        "width": 38
      },
      "id": 1825442330622562
    },
    {
      "definition": {
        "title_size": "16",
        "title": "Trunk RTP Packet Delay",
        "title_align": "left",
        "yaxis": {
          "max": "auto",
          "include_zero": true,
          "scale": "linear",
          "min": "auto",
          "label": ""
        },
        "show_legend": false,
        "requests": [
          {
            "q": "avg:snmp.TrunkPacketDelay.Value{$Host,$SNMP_Profile,$IP,$Sysname} by {snmp_device,location}",
            "style": {
              "line_width": "normal",
              "palette": "dog_classic",
              "line_type": "solid"
            },
            "display_type": "line"
          }
        ],
        "type": "timeseries",
        "legend_size": "0"
      },
      "layout": {
        "y": 94,
        "x": 0,
        "height": 15,
        "width": 38
      },
      "id": 5535598703801588
    },
    {
      "definition": {
        "title_size": "16",
        "title": "Module RTP Volume Bytes In & Bytes Out",
        "title_align": "left",
        "yaxis": {
          "max": "auto",
          "include_zero": true,
          "scale": "linear",
          "min": "auto",
          "label": ""
        },
        "show_legend": false,
        "requests": [
          {
            "q": "avg:snmp.ModuleVolume.OutBytes{$Host,$SNMP_Profile,$IP,$Sysname} by {snmp_device,location}, avg:snmp.ModuleVolume.InBytes{$Host,$SNMP_Profile,$IP,$Sysname} by {snmp_device,location}",
            "style": {
              "line_width": "normal",
              "palette": "dog_classic",
              "line_type": "solid"
            },
            "display_type": "line"
          }
        ],
        "type": "timeseries",
        "legend_size": "0"
      },
      "layout": {
        "y": 78,
        "x": 39,
        "height": 15,
        "width": 38
      },
      "id": 2278313487915390
    },
    {
      "definition": {
        "title_size": "16",
        "title": "RTP per Trunk Bytes In & Bytes Out",
        "title_align": "left",
        "yaxis": {
          "max": "auto",
          "include_zero": true,
          "scale": "linear",
          "min": "auto",
          "label": ""
        },
        "show_legend": false,
        "requests": [
          {
            "q": "avg:snmp.TrunkValue.OutBytes{$Host,$SNMP_Profile,$IP,$Sysname} by {snmp_device,location}, avg:snmp.TrunkValue.InBytes{$Host,$SNMP_Profile,$IP,$Sysname} by {snmp_device,location}",
            "style": {
              "line_width": "normal",
              "palette": "dog_classic",
              "line_type": "solid"
            },
            "display_type": "line"
          }
        ],
        "type": "timeseries",
        "legend_size": "0"
      },
      "layout": {
        "y": 94,
        "x": 39,
        "height": 15,
        "width": 38
      },
      "id": 5761080559808046
    },
    {
      "definition": {
        "title_size": "16",
        "title": "Module RTP Packet Jitter (Milliseconds)",
        "title_align": "left",
        "yaxis": {
          "max": "auto",
          "include_zero": true,
          "scale": "linear",
          "min": "auto",
          "label": ""
        },
        "show_legend": false,
        "time": {},
        "requests": [
          {
            "q": "avg:snmp.ModulePacketJitter.Value{$Host,$SNMP_Profile,$IP,$Sysname} by {snmp_device,location}",
            "style": {
              "line_width": "normal",
              "palette": "dog_classic",
              "line_type": "solid"
            },
            "display_type": "line"
          }
        ],
        "type": "timeseries",
        "legend_size": "0"
      },
      "layout": {
        "y": 78,
        "x": 78,
        "height": 15,
        "width": 39
      },
      "id": 8036525356234280
    },
    {
      "definition": {
        "title_size": "16",
        "title": "Packet Jitter per Trunk (Milliseconds)",
        "title_align": "left",
        "yaxis": {
          "max": "auto",
          "include_zero": true,
          "scale": "linear",
          "min": "auto",
          "label": ""
        },
        "show_legend": false,
        "time": {},
        "requests": [
          {
            "q": "avg:snmp.TrunkPacketJitter.Value{$Host,$SNMP_Profile,$IP,$Sysname} by {snmp_device,location}",
            "style": {
              "line_width": "normal",
              "palette": "dog_classic",
              "line_type": "solid"
            },
            "display_type": "line"
          }
        ],
        "type": "timeseries",
        "legend_size": "0"
      },
      "layout": {
        "y": 110,
        "x": 0,
        "height": 15,
        "width": 38
      },
      "id": 6634017085160606
    },
    {
      "definition": {
        "title_size": "16",
        "title": "Module Packet Jitter Volume",
        "title_align": "left",
        "yaxis": {
          "max": "auto",
          "include_zero": true,
          "scale": "linear",
          "min": "auto",
          "label": ""
        },
        "show_legend": false,
        "requests": [
          {
            "q": "avg:snmp.ModulePacketJitter.Volume{$Host,$SNMP_Profile,$IP,$Sysname} by {snmp_device,location}",
            "style": {
              "line_width": "normal",
              "palette": "dog_classic",
              "line_type": "solid"
            },
            "display_type": "line"
          }
        ],
        "type": "timeseries",
        "legend_size": "0"
      },
      "layout": {
        "y": 94,
        "x": 78,
        "height": 15,
        "width": 39
      },
      "id": 3220190608441166
    },
    {
      "definition": {
        "title_size": "16",
        "title": "Packet Jitter Volume per Trunk",
        "title_align": "left",
        "yaxis": {
          "max": "auto",
          "include_zero": true,
          "scale": "linear",
          "min": "auto",
          "label": ""
        },
        "show_legend": false,
        "requests": [
          {
            "q": "avg:snmp.TrunkPacketJitter.Volume{$Host,$IP,$SNMP_Profile,$Sysname} by {snmp_device,location}",
            "style": {
              "line_width": "normal",
              "palette": "dog_classic",
              "line_type": "solid"
            },
            "display_type": "line"
          }
        ],
        "type": "timeseries",
        "legend_size": "0"
      },
      "layout": {
        "y": 110,
        "x": 39,
        "height": 15,
        "width": 38
      },
      "id": 608569740925020
    }
  ],
  "layout_type": "free"
}