{
  "notify_list": [],
  "description": "## RapDev AudioCodes Controller Virtual Edition Dashboard\n\nThis dashboard shows the information collected from your AudioCodes Virtual Devices\n+ MIBS currently support the channel status and performance metrics\n+ Host level resource metrics, CPU, Memory\n\n",
  "restricted_roles": [],
  "template_variables": [
    {
      "default": "*",
      "prefix": "host",
      "name": "Host",
      "available_values": []
    },
    {
      "default": "rd-audiocodes-ve",
      "prefix": "snmp_profile",
      "name": "SNMP_Profile",
      "available_values": []
    },
    {
      "default": "*",
      "prefix": "snmp_device",
      "name": "IP",
      "available_values": []
    },
    {
      "default": "*",
      "prefix": "snmp_host",
      "name": "Sysname",
      "available_values": []
    },
    {
      "default": "*",
      "prefix": "channel",
      "name": "channel",
      "available_values": []
    }
  ],
  "is_read_only": false,
  "title": "RapDev AudioCodes Controller Virtual Edition",
  "widgets": [
    {
      "definition": {
        "title_size": "16",
        "title": "System Up Time",
        "title_align": "left",
        "custom_unit": "Days",
        "precision": 2,
        "requests": [
          {
            "q": "avg:snmp.sysUpTimeInstance{$Host,$SNMP_Profile,$IP,$Sysname,$channel} / 8640000",
            "aggregator": "last"
          }
        ],
        "type": "query_value"
      },
      "layout": {
        "y": 24,
        "x": 80,
        "height": 15,
        "width": 38
      },
      "id": 1653432602520160
    },
    {
      "definition": {
        "title_size": "16",
        "title": "CPU Usage",
        "title_align": "left",
        "custom_unit": "%",
        "precision": 2,
        "requests": [
          {
            "q": "avg:snmp.CPU.Utilization{$Host,$SNMP_Profile,$IP,$Sysname,$channel}",
            "aggregator": "last"
          }
        ],
        "type": "query_value"
      },
      "layout": {
        "y": 24,
        "x": 1,
        "height": 15,
        "width": 38
      },
      "id": 4812011963878828
    },
    {
      "definition": {
        "tick_pos": "50%",
        "show_tick": true,
        "type": "note",
        "tick_edge": "bottom",
        "text_align": "center",
        "content": "Channel Status",
        "font_size": "24",
        "background_color": "white"
      },
      "layout": {
        "y": 40,
        "x": 1,
        "height": 6,
        "width": 117
      },
      "id": 7365757007043640
    },
    {
      "definition": {
        "title_size": "16",
        "legend_columns": [
          "avg",
          "min",
          "max",
          "value",
          "sum"
        ],
        "yaxis": {
          "include_zero": true,
          "max": "auto",
          "scale": "linear",
          "min": "auto",
          "label": ""
        },
        "title_align": "left",
        "legend_layout": "auto",
        "show_legend": false,
        "title": "RTP Active",
        "requests": [
          {
            "formulas": [
              {
                "formula": "query1"
              }
            ],
            "style": {
              "line_width": "normal",
              "palette": "dog_classic",
              "line_type": "solid"
            },
            "display_type": "line",
            "response_format": "timeseries",
            "queries": [
              {
                "query": "avg:snmp.channel.rTPActive{$Host,$SNMP_Profile,$IP,$Sysname,$channel} by {snmp_device,snmp_host,channel}",
                "data_source": "metrics",
                "name": "query1"
              }
            ]
          }
        ],
        "type": "timeseries"
      },
      "layout": {
        "y": 47,
        "x": 1,
        "height": 15,
        "width": 38
      },
      "id": 790168749965488
    },
    {
      "definition": {
        "tick_pos": "50%",
        "show_tick": true,
        "type": "note",
        "tick_edge": "bottom",
        "text_align": "center",
        "content": "Transmitted & Received",
        "font_size": "24",
        "background_color": "white"
      },
      "layout": {
        "y": 79,
        "x": 1,
        "height": 6,
        "width": 117
      },
      "id": 476684321290678
    },
    {
      "definition": {
        "title_size": "16",
        "legend_columns": [
          "avg",
          "min",
          "max",
          "value",
          "sum"
        ],
        "yaxis": {
          "include_zero": true,
          "max": "auto",
          "scale": "linear",
          "min": "auto",
          "label": ""
        },
        "title_align": "left",
        "legend_layout": "auto",
        "show_legend": false,
        "title": "Bypass NIC",
        "requests": [
          {
            "formulas": [
              {
                "formula": "query1"
              }
            ],
            "style": {
              "line_width": "normal",
              "palette": "dog_classic",
              "line_type": "solid"
            },
            "display_type": "line",
            "response_format": "timeseries",
            "queries": [
              {
                "query": "avg:snmp.channel.bypassNIC{$Host,$SNMP_Profile,$IP,$Sysname,$channel} by {snmp_device,snmp_host,channel}",
                "data_source": "metrics",
                "name": "query1"
              }
            ]
          }
        ],
        "type": "timeseries"
      },
      "layout": {
        "y": 47,
        "x": 40,
        "height": 15,
        "width": 39
      },
      "id": 4072107668593028
    },
    {
      "definition": {
        "title_size": "16",
        "legend_columns": [
          "avg",
          "min",
          "max",
          "value",
          "sum"
        ],
        "yaxis": {
          "include_zero": true,
          "max": "auto",
          "scale": "linear",
          "min": "auto",
          "label": ""
        },
        "title_align": "left",
        "legend_layout": "auto",
        "show_legend": false,
        "title": "Pending Idle",
        "requests": [
          {
            "formulas": [
              {
                "formula": "query1"
              }
            ],
            "style": {
              "line_width": "normal",
              "palette": "dog_classic",
              "line_type": "solid"
            },
            "display_type": "line",
            "response_format": "timeseries",
            "queries": [
              {
                "query": "avg:snmp.channel.pendingIdle{$Host,$SNMP_Profile,$IP,$Sysname,$channel} by {snmp_device,snmp_host,channel}",
                "data_source": "metrics",
                "name": "query1"
              }
            ]
          }
        ],
        "type": "timeseries"
      },
      "layout": {
        "y": 47,
        "x": 80,
        "height": 15,
        "width": 38
      },
      "id": 4208974107518102
    },
    {
      "definition": {
        "title_size": "16",
        "legend_columns": [
          "avg",
          "min",
          "max",
          "value",
          "sum"
        ],
        "yaxis": {
          "include_zero": true,
          "max": "auto",
          "scale": "linear",
          "min": "auto",
          "label": ""
        },
        "title_align": "left",
        "legend_layout": "auto",
        "show_legend": false,
        "title": "TX Silence Period",
        "requests": [
          {
            "formulas": [
              {
                "formula": "query1"
              }
            ],
            "style": {
              "line_width": "normal",
              "palette": "dog_classic",
              "line_type": "solid"
            },
            "display_type": "line",
            "response_format": "timeseries",
            "queries": [
              {
                "query": "avg:snmp.channel.txSilencePeriod{$Host,$SNMP_Profile,$IP,$Sysname,$channel} by {snmp_device,snmp_host,channel}",
                "data_source": "metrics",
                "name": "query1"
              }
            ]
          }
        ],
        "type": "timeseries"
      },
      "layout": {
        "y": 86,
        "x": 1,
        "height": 15,
        "width": 38
      },
      "id": 6948754014017434
    },
    {
      "definition": {
        "title_size": "16",
        "legend_columns": [
          "avg",
          "min",
          "max",
          "value",
          "sum"
        ],
        "yaxis": {
          "include_zero": true,
          "max": "auto",
          "scale": "linear",
          "min": "auto",
          "label": ""
        },
        "title_align": "left",
        "legend_layout": "auto",
        "show_legend": false,
        "title": "RX Silence Period",
        "requests": [
          {
            "formulas": [
              {
                "formula": "query1"
              }
            ],
            "style": {
              "line_width": "normal",
              "palette": "dog_classic",
              "line_type": "solid"
            },
            "display_type": "line",
            "response_format": "timeseries",
            "queries": [
              {
                "query": "avg:snmp.channel.rxSilencePeriod{$Host,$SNMP_Profile,$IP,$Sysname,$channel} by {snmp_device,snmp_host,channel}",
                "data_source": "metrics",
                "name": "query1"
              }
            ]
          }
        ],
        "type": "timeseries"
      },
      "layout": {
        "y": 102,
        "x": 1,
        "height": 15,
        "width": 38
      },
      "id": 3960856673257528
    },
    {
      "definition": {
        "title_size": "16",
        "legend_columns": [
          "avg",
          "min",
          "max",
          "value",
          "sum"
        ],
        "yaxis": {
          "include_zero": true,
          "max": "auto",
          "scale": "linear",
          "min": "auto",
          "label": ""
        },
        "title_align": "left",
        "legend_layout": "auto",
        "show_legend": false,
        "title": "TX Fax Mode",
        "requests": [
          {
            "formulas": [
              {
                "formula": "query1"
              }
            ],
            "style": {
              "line_width": "normal",
              "palette": "dog_classic",
              "line_type": "solid"
            },
            "display_type": "line",
            "response_format": "timeseries",
            "queries": [
              {
                "query": "avg:snmp.channel.txFaxMode{$Host,$SNMP_Profile,$IP,$Sysname,$channel} by {snmp_device,snmp_host,channel}",
                "data_source": "metrics",
                "name": "query1"
              }
            ]
          }
        ],
        "type": "timeseries"
      },
      "layout": {
        "y": 86,
        "x": 40,
        "height": 15,
        "width": 39
      },
      "id": 2394734171768916
    },
    {
      "definition": {
        "title_size": "16",
        "legend_columns": [
          "avg",
          "min",
          "max",
          "value",
          "sum"
        ],
        "yaxis": {
          "include_zero": true,
          "max": "auto",
          "scale": "linear",
          "min": "auto",
          "label": ""
        },
        "title_align": "left",
        "legend_layout": "auto",
        "show_legend": false,
        "title": "RX Fax Mode",
        "requests": [
          {
            "formulas": [
              {
                "formula": "query1"
              }
            ],
            "style": {
              "line_width": "normal",
              "palette": "dog_classic",
              "line_type": "solid"
            },
            "display_type": "line",
            "response_format": "timeseries",
            "queries": [
              {
                "query": "avg:snmp.channel.txFaxMode{$Host,$SNMP_Profile,$IP,$Sysname,$channel} by {snmp_device,snmp_host,channel}",
                "data_source": "metrics",
                "name": "query1"
              }
            ]
          }
        ],
        "type": "timeseries"
      },
      "layout": {
        "y": 102,
        "x": 40,
        "height": 15,
        "width": 39
      },
      "id": 3761942741669522
    },
    {
      "definition": {
        "title_size": "16",
        "legend_columns": [
          "avg",
          "min",
          "max",
          "value",
          "sum"
        ],
        "yaxis": {
          "include_zero": true,
          "max": "auto",
          "scale": "linear",
          "min": "auto",
          "label": ""
        },
        "title_align": "left",
        "legend_layout": "auto",
        "show_legend": false,
        "title": "TX DTMF Period",
        "requests": [
          {
            "formulas": [
              {
                "formula": "query1"
              }
            ],
            "style": {
              "line_width": "normal",
              "palette": "dog_classic",
              "line_type": "solid"
            },
            "display_type": "line",
            "response_format": "timeseries",
            "queries": [
              {
                "query": "avg:snmp.channel.txDTMFPeriod{$Host,$SNMP_Profile,$IP,$Sysname,$channel} by {snmp_device,snmp_host,channel}",
                "data_source": "metrics",
                "name": "query1"
              }
            ]
          }
        ],
        "type": "timeseries"
      },
      "layout": {
        "y": 86,
        "x": 80,
        "height": 15,
        "width": 38
      },
      "id": 4619324200886490
    },
    {
      "definition": {
        "title_size": "16",
        "legend_columns": [
          "avg",
          "min",
          "max",
          "value",
          "sum"
        ],
        "yaxis": {
          "include_zero": true,
          "max": "auto",
          "scale": "linear",
          "min": "auto",
          "label": ""
        },
        "title_align": "left",
        "legend_layout": "auto",
        "show_legend": false,
        "title": "RX DTMF Period",
        "requests": [
          {
            "formulas": [
              {
                "formula": "query1"
              }
            ],
            "style": {
              "line_width": "normal",
              "palette": "dog_classic",
              "line_type": "solid"
            },
            "display_type": "line",
            "response_format": "timeseries",
            "queries": [
              {
                "query": "avg:snmp.channel.txDTMFPeriod{$Host,$SNMP_Profile,$IP,$Sysname,$channel} by {snmp_device,snmp_host,channel}",
                "data_source": "metrics",
                "name": "query1"
              }
            ]
          }
        ],
        "type": "timeseries"
      },
      "layout": {
        "y": 102,
        "x": 80,
        "height": 15,
        "width": 38
      },
      "id": 6075825496762648
    },
    {
      "definition": {
        "tick_pos": "50%",
        "show_tick": true,
        "type": "note",
        "tick_edge": "bottom",
        "text_align": "center",
        "content": "Jitter",
        "font_size": "24",
        "background_color": "white"
      },
      "layout": {
        "y": 118,
        "x": 1,
        "height": 6,
        "width": 117
      },
      "id": 6871323157147658
    },
    {
      "definition": {
        "title_size": "16",
        "legend_columns": [
          "avg",
          "min",
          "max",
          "value",
          "sum"
        ],
        "yaxis": {
          "include_zero": true,
          "max": "auto",
          "scale": "linear",
          "min": "auto",
          "label": ""
        },
        "title_align": "left",
        "legend_layout": "auto",
        "show_legend": false,
        "title": "Jitter Buffer Error Count",
        "requests": [
          {
            "formulas": [
              {
                "formula": "query1"
              }
            ],
            "style": {
              "line_width": "normal",
              "palette": "dog_classic",
              "line_type": "solid"
            },
            "display_type": "line",
            "response_format": "timeseries",
            "queries": [
              {
                "query": "avg:snmp.channel.jitterBufErrorCnt{$Host,$SNMP_Profile,$IP,$Sysname,$channel} by {snmp_device,snmp_host,channel}",
                "data_source": "metrics",
                "name": "query1"
              }
            ]
          }
        ],
        "type": "timeseries"
      },
      "layout": {
        "y": 125,
        "x": 1,
        "height": 15,
        "width": 38
      },
      "id": 2840046839749912
    },
    {
      "definition": {
        "title_size": "16",
        "legend_columns": [
          "avg",
          "min",
          "max",
          "value",
          "sum"
        ],
        "yaxis": {
          "include_zero": true,
          "max": "auto",
          "scale": "linear",
          "min": "auto",
          "label": ""
        },
        "title_align": "left",
        "legend_layout": "auto",
        "show_legend": false,
        "title": "Jitter Buffer Forced Packet Lost",
        "requests": [
          {
            "formulas": [
              {
                "formula": "query1"
              }
            ],
            "style": {
              "line_width": "normal",
              "palette": "dog_classic",
              "line_type": "solid"
            },
            "display_type": "line",
            "response_format": "timeseries",
            "queries": [
              {
                "query": "avg:snmp.channel.jitterBufForcedPacketLost{$Host,$SNMP_Profile,$IP,$Sysname,$channel} by {snmp_device,snmp_host,channel}",
                "data_source": "metrics",
                "name": "query1"
              }
            ]
          }
        ],
        "type": "timeseries"
      },
      "layout": {
        "y": 125,
        "x": 40,
        "height": 15,
        "width": 39
      },
      "id": 4525323643320116
    },
    {
      "definition": {
        "title_size": "16",
        "legend_columns": [
          "avg",
          "min",
          "max",
          "value",
          "sum"
        ],
        "yaxis": {
          "include_zero": true,
          "max": "auto",
          "scale": "linear",
          "min": "auto",
          "label": ""
        },
        "title_align": "left",
        "legend_layout": "auto",
        "show_legend": false,
        "title": "Jitter Buffer Forced Packet Addition",
        "requests": [
          {
            "formulas": [
              {
                "formula": "query1"
              }
            ],
            "style": {
              "line_width": "normal",
              "palette": "dog_classic",
              "line_type": "solid"
            },
            "display_type": "line",
            "response_format": "timeseries",
            "queries": [
              {
                "query": "avg:snmp.channel.jitterBufForcedPacketAddition{$Host,$SNMP_Profile,$IP,$Sysname,$channel} by {snmp_device,snmp_host,channel}",
                "data_source": "metrics",
                "name": "query1"
              }
            ]
          }
        ],
        "type": "timeseries"
      },
      "layout": {
        "y": 125,
        "x": 80,
        "height": 15,
        "width": 38
      },
      "id": 964137682160782
    },
    {
      "definition": {
        "title_size": "16",
        "legend_columns": [
          "avg",
          "min",
          "max",
          "value",
          "sum"
        ],
        "yaxis": {
          "include_zero": true,
          "max": "auto",
          "scale": "linear",
          "min": "auto",
          "label": ""
        },
        "title_align": "left",
        "legend_layout": "auto",
        "show_legend": false,
        "title": "Jitter Buffer Under-Run Count",
        "requests": [
          {
            "formulas": [
              {
                "formula": "query1"
              }
            ],
            "style": {
              "line_width": "normal",
              "palette": "dog_classic",
              "line_type": "solid"
            },
            "display_type": "line",
            "response_format": "timeseries",
            "queries": [
              {
                "query": "avg:snmp.channel.jitterBufUnderRunCnt{$Host,$SNMP_Profile,$IP,$Sysname,$channel} by {snmp_device,snmp_host,channel}",
                "data_source": "metrics",
                "name": "query1"
              }
            ]
          }
        ],
        "type": "timeseries"
      },
      "layout": {
        "y": 141,
        "x": 1,
        "height": 15,
        "width": 38
      },
      "id": 2315663328617396
    },
    {
      "definition": {
        "title_size": "16",
        "legend_columns": [
          "avg",
          "min",
          "max",
          "value",
          "sum"
        ],
        "yaxis": {
          "include_zero": true,
          "max": "auto",
          "scale": "linear",
          "min": "auto",
          "label": ""
        },
        "title_align": "left",
        "legend_layout": "auto",
        "show_legend": false,
        "title": "Jitter Buffer Over-Run Count",
        "requests": [
          {
            "formulas": [
              {
                "formula": "query1"
              }
            ],
            "style": {
              "line_width": "normal",
              "palette": "dog_classic",
              "line_type": "solid"
            },
            "display_type": "line",
            "response_format": "timeseries",
            "queries": [
              {
                "query": "avg:snmp.channel.jitterBufOverRunCnt{$Host,$SNMP_Profile,$IP,$Sysname,$channel} by {snmp_device,snmp_host,channel}",
                "data_source": "metrics",
                "name": "query1"
              }
            ]
          }
        ],
        "type": "timeseries"
      },
      "layout": {
        "y": 141,
        "x": 40,
        "height": 15,
        "width": 39
      },
      "id": 477003534413976
    },
    {
      "definition": {
        "title_size": "16",
        "legend_columns": [
          "avg",
          "min",
          "max",
          "value",
          "sum"
        ],
        "yaxis": {
          "include_zero": true,
          "max": "auto",
          "scale": "linear",
          "min": "auto",
          "label": ""
        },
        "title_align": "left",
        "legend_layout": "auto",
        "show_legend": false,
        "title": "Jitter Buffer Accume Delay",
        "requests": [
          {
            "formulas": [
              {
                "formula": "query1"
              }
            ],
            "style": {
              "line_width": "normal",
              "palette": "dog_classic",
              "line_type": "solid"
            },
            "display_type": "line",
            "response_format": "timeseries",
            "queries": [
              {
                "query": "avg:snmp.channel.jitterBufAccumDelay{$Host,$SNMP_Profile,$IP,$Sysname,$channel} by {snmp_device,snmp_host,channel}",
                "data_source": "metrics",
                "name": "query1"
              }
            ]
          }
        ],
        "type": "timeseries"
      },
      "layout": {
        "y": 141,
        "x": 80,
        "height": 15,
        "width": 38
      },
      "id": 5816301877645666
    },
    {
      "definition": {
        "type": "query_table",
        "requests": [
          {
            "formulas": [
              {
                "alias": "Channel Hook State",
                "limit": {
                  "count": 500,
                  "order": "desc"
                },
                "formula": "query1"
              }
            ],
            "response_format": "scalar",
            "queries": [
              {
                "query": "avg:snmp.channel.channelHookState{$Host,$SNMP_Profile,$IP,$Sysname,$channel} by {snmp_device,snmp_host,channel}",
                "data_source": "metrics",
                "name": "query1",
                "aggregator": "last"
              }
            ]
          }
        ],
        "title_align": "left",
        "title_size": "16",
        "title": "Channel Hook State"
      },
      "layout": {
        "y": 63,
        "x": 1,
        "height": 15,
        "width": 117
      },
      "id": 4857931094995832
    },
    {
      "definition": {
        "type": "toplist",
        "requests": [
          {
            "formulas": [
              {
                "formula": "(query2 / query1) * 100",
                "limit": {
                  "count": 500,
                  "order": "desc"
                }
              }
            ],
            "response_format": "scalar",
            "queries": [
              {
                "query": "avg:snmp.Device.Used{$Host,$SNMP_Profile,$IP,$Sysname,$channel} by {device,snmp_host}",
                "data_source": "metrics",
                "name": "query2",
                "aggregator": "last"
              },
              {
                "query": "avg:snmp.Device.Size{$Host,$SNMP_Profile,$IP,$Sysname,$channel} by {device,snmp_host}",
                "data_source": "metrics",
                "name": "query1",
                "aggregator": "last"
              }
            ]
          }
        ],
        "title_align": "left",
        "title_size": "16",
        "title": "Device Utilization"
      },
      "layout": {
        "y": 24,
        "x": 40,
        "height": 15,
        "width": 39
      },
      "id": 5661858856035126
    },
    {
      "definition": {
        "tick_pos": "50%",
        "show_tick": true,
        "type": "note",
        "tick_edge": "bottom",
        "text_align": "center",
        "content": "System Resources",
        "font_size": "24",
        "background_color": "white"
      },
      "layout": {
        "y": 17,
        "x": 1.083333333333333,
        "height": 6,
        "width": 117
      },
      "id": 650327757502390
    },
    {
      "definition": {
        "sizing": "cover",
        "has_background": true,
        "horizontal_align": "center",
        "has_border": true,
        "url": "https://s3.amazonaws.com/files.rapdev.io/images/rapdev-dash-logo.png",
        "vertical_align": "center",
        "type": "image"
      },
      "layout": {
        "y": 1,
        "x": 1,
        "height": 15,
        "width": 38
      },
      "id": 1471346948215266
    },
    {
      "definition": {
        "sizing": "contain",
        "has_background": true,
        "horizontal_align": "center",
        "has_border": true,
        "url": "https://s3.amazonaws.com/files.rapdev.io/images/steelhead_riverbed.png",
        "type": "image",
        "vertical_align": "center",
        "margin": "sm"
      },
      "layout": {
        "y": 1,
        "x": 80,
        "height": 15,
        "width": 38
      },
      "id": 1413357203570068
    },
    {
      "definition": {
        "sizing": "contain",
        "has_background": true,
        "horizontal_align": "center",
        "has_border": true,
        "url": "https://s3.amazonaws.com/files.rapdev.io/images/RD_Integrations_SNMP_Profiles_Light.svg",
        "vertical_align": "center",
        "type": "image"
      },
      "layout": {
        "y": 1,
        "x": 40,
        "height": 15,
        "width": 39
      },
      "id": 972473934815194
    }
  ],
  "layout_type": "free"
}