{
  "notify_list": [],
  "description": "",
  "restricted_roles": [],
  "template_variables": [],
  "is_read_only": false,
  "title": "Monthly Bill Estimate (cloned)",
  "widgets": [
    {
      "definition": {
        "title_size": "16",
        "title": "# of Infra Hosts (rollup per hour)",
        "title_align": "left",
        "markers": [],
        "yaxis": {
          "include_zero": true,
          "max": "auto",
          "scale": "linear",
          "min": "auto",
          "label": ""
        },
        "time": {},
        "requests": [
          {
            "formulas": [
              {
                "formula": "query1"
              }
            ],
            "style": {
              "line_width": "normal",
              "palette": "dog_classic",
              "line_type": "solid"
            },
            "display_type": "line",
            "response_format": "timeseries",
            "queries": [
              {
                "query": "max:datadog.estimated_usage.hosts{*}.rollup(max, 3600)",
                "data_source": "metrics",
                "name": "query1"
              }
            ]
          }
        ],
        "type": "timeseries"
      },
      "layout": {
        "y": -4,
        "x": 1,
        "height": 17,
        "width": 40
      },
      "id": 1750278307367524
    },
    {
      "definition": {
        "title_size": "16",
        "title": "# of APM Hosts (rollup per hour)",
        "title_align": "left",
        "markers": [],
        "yaxis": {
          "include_zero": true,
          "max": "auto",
          "scale": "linear",
          "min": "auto",
          "label": ""
        },
        "time": {},
        "requests": [
          {
            "style": {
              "line_width": "normal",
              "palette": "dog_classic",
              "line_type": "solid"
            },
            "display_type": "line",
            "response_format": "timeseries",
            "queries": [
              {
                "query": "max:datadog.estimated_usage.apm_hosts{*}.rollup(max, 3600)",
                "data_source": "metrics",
                "name": "query1"
              }
            ]
          }
        ],
        "type": "timeseries"
      },
      "layout": {
        "y": 0,
        "x": 41,
        "height": 17,
        "width": 40
      },
      "id": 7379312429239450
    },
    {
      "definition": {
        "title_size": "16",
        "legend_columns": [
          "avg",
          "min",
          "max",
          "value",
          "sum"
        ],
        "yaxis": {
          "include_zero": true,
          "max": "auto",
          "scale": "linear",
          "min": "auto",
          "label": ""
        },
        "title_align": "left",
        "markers": [],
        "legend_layout": "auto",
        "show_legend": true,
        "time": {},
        "title": "# Browser Tests (rollup per day)",
        "requests": [
          {
            "formulas": [
              {
                "formula": "query1"
              }
            ],
            "style": {
              "line_width": "normal",
              "palette": "dog_classic",
              "line_type": "solid"
            },
            "display_type": "line",
            "response_format": "timeseries",
            "queries": [
              {
                "query": "sum:datadog.estimated_usage.synthetics.browser_test_runs{*} by {app}.as_count().rollup(count, 86400)",
                "data_source": "metrics",
                "name": "query1"
              }
            ]
          }
        ],
        "type": "timeseries"
      },
      "layout": {
        "y": 41,
        "x": 0,
        "height": 17,
        "width": 40
      },
      "id": 8949543868868794
    },
    {
      "definition": {
        "title_size": "16",
        "legend_columns": [
          "avg",
          "min",
          "max",
          "value",
          "sum"
        ],
        "yaxis": {
          "include_zero": true,
          "max": "auto",
          "scale": "linear",
          "min": "auto",
          "label": ""
        },
        "title_align": "left",
        "markers": [],
        "legend_layout": "auto",
        "show_legend": true,
        "time": {},
        "title": "# API Tests (rollup per day)",
        "requests": [
          {
            "formulas": [
              {
                "formula": "query1"
              }
            ],
            "style": {
              "line_width": "normal",
              "palette": "dog_classic",
              "line_type": "solid"
            },
            "display_type": "line",
            "response_format": "timeseries",
            "queries": [
              {
                "query": "sum:datadog.estimated_usage.synthetics.api_test_runs{*} by {app}.rollup(count, 86400)",
                "data_source": "metrics",
                "name": "query1"
              }
            ]
          }
        ],
        "type": "timeseries"
      },
      "layout": {
        "y": 41,
        "x": 40,
        "height": 17,
        "width": 40
      },
      "id": 4041651320241850
    }
  ],
  "layout_type": "free"
}