{
  "notify_list": [],
  "description": "## Title\n\nDescribe this dashboard. Add links to other dashboards, monitors, wikis,  and docs to help your teammates. Markdown is supported.\n\n- [This might link to a dashboard](#)\n- [This might link to a wiki](#)",
  "restricted_roles": [],
  "template_variables": [
    {
      "default": "*",
      "prefix": "datacenter",
      "name": "Datacenter",
      "available_values": []
    },
    {
      "default": "*",
      "prefix": "manufacturer",
      "name": "Manufacturer",
      "available_values": []
    },
    {
      "default": "*",
      "prefix": "model",
      "name": "Model",
      "available_values": []
    },
    {
      "default": "*",
      "prefix": "snmp_device",
      "name": "IP",
      "available_values": []
    },
    {
      "default": "*",
      "prefix": "snmp_host",
      "name": "Sysname",
      "available_values": []
    }
  ],
  "is_read_only": false,
  "title": "SNMP Device Inventory v2",
  "reflow_type": "auto",
  "widgets": [
    {
      "definition": {
        "requests": [
          {
            "q": "avg:snmp.sysUpTimeInstance{$Datacenter,$Manufacturer,$Model,$IP,$Sysname} by {snmp_device,sysname,manufacturer,model,chassisversion,softwareversion,serialnumber}",
            "aggregator": "avg",
            "limit": 50,
            "order": "desc",
            "alias": "Uptime"
          }
        ],
        "type": "query_table",
        "title": "SNMP Inventory"
      },
      "id": 6869601912275336
    }
  ],
  "layout_type": "ordered"
}