{
  "notify_list": null,
  "description": "",
  "restricted_roles": [],
  "template_variables": [],
  "is_read_only": false,
  "title": "Mitch Widget Test (cloned)",
  "widgets": [
    {
      "definition": {
        "title_size": "16",
        "title": "Stat Panel - system.cpu.user",
        "title_align": "left",
        "app_id": "196a7fe2-b021-11ec-90db-da7ad0900002",
        "custom_widget_key": "rapdev_stat_panel",
        "type": "custom",
        "options": {
          "group": "host",
          "background": " #95EDAA",
          "metric": "system.cpu.user",
          "reducer": "avg",
          "background2": "#619EFF",
          "background1": "#FF7A7F",
          "host": "host:i-*",
          "value2": "0.33",
          "value1": "0.66",
          "operation": "avg",
          "condition2": "Greater",
          "condition1": "Greater"
        }
      },
      "layout": {
        "y": 0,
        "x": 0,
        "height": 24,
        "width": 48
      },
      "id": 8689072487820066
    },
    {
      "definition": {
        "title_size": "16",
        "title": "Polar Chart - system.cpu.user by instance-type",
        "title_align": "left",
        "app_id": "196a7fe2-b021-11ec-90db-da7ad0900002",
        "custom_widget_key": "rapdev_polar",
        "type": "custom",
        "options": {
          "active-operation": "avg",
          "show-legend": true,
          "reduce-operation": "avg",
          "chart-color": "default",
          "active-group": "instance-type",
          "active-metrics": "system.cpu.user",
          "active-host": "*"
        }
      },
      "layout": {
        "y": 0,
        "x": 48,
        "height": 24,
        "width": 48
      },
      "id": 8570990250750300
    },
    {
      "definition": {
        "title_size": "16",
        "title": "Radar Chart",
        "title_align": "left",
        "app_id": "196a7fe2-b021-11ec-90db-da7ad0900002",
        "custom_widget_key": "rapdev_radar",
        "type": "custom",
        "options": {
          "active-operation": "sum",
          "show-legend": false,
          "reduce-operation": "avg",
          "chart-color": "cool",
          "active-group": "snmp_profile",
          "active-metrics": "snmp.devices_monitored",
          "active-host": "*"
        }
      },
      "layout": {
        "y": 0,
        "x": 96,
        "height": 24,
        "width": 48
      },
      "id": 4998813139721958
    },
    {
      "definition": {
        "title_size": "16",
        "title": "Gauge - system.io.r_s",
        "title_align": "left",
        "app_id": "196a7fe2-b021-11ec-90db-da7ad0900002",
        "custom_widget_key": "panat_gauge",
        "type": "custom",
        "options": {
          "active-operation": "avg",
          "min-value": 0,
          "max-value": "50",
          "reduce-operation": "avg",
          "active-metrics": "system.io.r_s",
          "active-host": "*"
        }
      },
      "layout": {
        "y": 24,
        "x": 0,
        "height": 24,
        "width": 48
      },
      "id": 6022577142180720
    },
    {
      "definition": {
        "title_size": "16",
        "legend_columns": [
          "avg",
          "min",
          "max",
          "value",
          "sum"
        ],
        "title": "",
        "title_align": "left",
        "legend_layout": "auto",
        "show_legend": true,
        "requests": [
          {
            "formulas": [
              {
                "formula": "query1"
              }
            ],
            "style": {
              "line_width": "normal",
              "palette": "dog_classic",
              "line_type": "solid"
            },
            "display_type": "line",
            "response_format": "timeseries",
            "queries": [
              {
                "query": "avg:system.io.r_s{*}",
                "data_source": "metrics",
                "name": "query1"
              }
            ]
          }
        ],
        "type": "timeseries"
      },
      "layout": {
        "y": 24,
        "x": 48,
        "height": 24,
        "width": 48
      },
      "id": 3017316732723414
    },
    {
      "definition": {
        "title_size": "16",
        "title": "Gauge - system.io.w_s",
        "title_align": "left",
        "app_id": "196a7fe2-b021-11ec-90db-da7ad0900002",
        "custom_widget_key": "panat_gauge",
        "type": "custom",
        "options": {
          "active-operation": "avg",
          "min-value": 0,
          "max-value": "50",
          "reduce-operation": "avg",
          "active-metrics": "system.io.w_s",
          "active-host": "*"
        }
      },
      "layout": {
        "y": 24,
        "x": 96,
        "height": 24,
        "width": 48
      },
      "id": 8208976785406298
    },
    {
      "definition": {
        "title_size": "16",
        "legend_columns": [
          "avg",
          "min",
          "max",
          "value",
          "sum"
        ],
        "title": "",
        "title_align": "left",
        "legend_layout": "auto",
        "show_legend": true,
        "requests": [
          {
            "formulas": [
              {
                "formula": "query1"
              }
            ],
            "style": {
              "line_width": "normal",
              "palette": "dog_classic",
              "line_type": "solid"
            },
            "display_type": "line",
            "response_format": "timeseries",
            "queries": [
              {
                "query": "avg:system.io.w_s{*}",
                "data_source": "metrics",
                "name": "query1"
              }
            ]
          }
        ],
        "type": "timeseries"
      },
      "layout": {
        "y": 48,
        "x": 0,
        "height": 24,
        "width": 48
      },
      "id": 5634476436874812
    }
  ],
  "layout_type": "free"
}