{
  "notify_list": [],
  "description": "",
  "restricted_roles": [],
  "template_variables": [
    {
      "default": "*",
      "prefix": "region",
      "name": "region",
      "available_values": []
    },
    {
      "default": "*",
      "prefix": "email",
      "name": "email",
      "available_values": []
    }
  ],
  "is_read_only": false,
  "title": "Synthetic Email",
  "widgets": [
    {
      "definition": {
        "tick_pos": "50%",
        "show_tick": true,
        "type": "note",
        "tick_edge": "right",
        "text_align": "right",
        "content": "North Virginia",
        "font_size": "24",
        "background_color": "blue"
      },
      "layout": {
        "y": 22,
        "x": 0,
        "height": 7,
        "width": 18
      },
      "id": 7870689673773706
    },
    {
      "definition": {
        "url": "https://files.rapdev.io/images/rapdev-dash-logo.png",
        "sizing": "fit",
        "type": "image"
      },
      "layout": {
        "y": 0,
        "x": 0,
        "height": 17,
        "width": 18
      },
      "id": 6640751355726908
    },
    {
      "definition": {
        "tick_pos": "50%",
        "show_tick": true,
        "type": "note",
        "tick_edge": "right",
        "text_align": "center",
        "content": "Frankfurt",
        "font_size": "24",
        "background_color": "blue"
      },
      "layout": {
        "y": 37,
        "x": 0,
        "height": 7,
        "width": 18
      },
      "id": 1799606302633142
    },
    {
      "definition": {
        "tick_pos": "50%",
        "show_tick": true,
        "type": "note",
        "tick_edge": "right",
        "text_align": "center",
        "content": "Sydney",
        "font_size": "24",
        "background_color": "blue"
      },
      "layout": {
        "y": 54,
        "x": 0,
        "height": 7,
        "width": 18
      },
      "id": 1790597031008394
    },
    {
      "definition": {
        "title_size": "16",
        "title": "Average RTT by Region (ms)",
        "title_align": "left",
        "yaxis": {
          "include_zero": true,
          "max": "auto",
          "scale": "linear",
          "min": "auto",
          "label": ""
        },
        "show_legend": false,
        "legend_size": "0",
        "type": "timeseries",
        "requests": [
          {
            "q": "avg:rapdev.syntheticemail.rtt{$region,$email} by {region}",
            "style": {
              "line_width": "normal",
              "palette": "warm",
              "line_type": "solid"
            },
            "display_type": "line"
          }
        ]
      },
      "layout": {
        "y": 0,
        "x": 20,
        "height": 17,
        "width": 47
      },
      "id": 3326955091641234
    },
    {
      "definition": {
        "type": "toplist",
        "requests": [
          {
            "q": "top(avg:rapdev.syntheticemail.rtt{$region,$email} by {region,email}, 10, 'mean', 'desc')"
          }
        ],
        "title_align": "left",
        "title_size": "16",
        "title": "Top Average RTT (ms)"
      },
      "layout": {
        "y": 0,
        "x": 68,
        "height": 17,
        "width": 54
      },
      "id": 1507429895609388
    },
    {
      "definition": {
        "autoscale": false,
        "title": "Average RTT (ms)",
        "title_align": "left",
        "custom_unit": "ms",
        "precision": 0,
        "title_size": "16",
        "requests": [
          {
            "q": "avg:rapdev.syntheticemail.rtt{region:us-east-1,$email}",
            "aggregator": "avg"
          }
        ],
        "type": "query_value"
      },
      "layout": {
        "y": 18,
        "x": 20,
        "height": 15,
        "width": 30
      },
      "id": 426047690625242
    },
    {
      "definition": {
        "autoscale": true,
        "title": "Hops Count",
        "title_align": "left",
        "custom_unit": "hops",
        "precision": 2,
        "title_size": "16",
        "requests": [
          {
            "q": "avg:rapdev.syntheticemail.hops{region:us-east-1,$email}",
            "aggregator": "avg"
          }
        ],
        "type": "query_value"
      },
      "layout": {
        "y": 18,
        "x": 51,
        "height": 15,
        "width": 24
      },
      "id": 4421486459238776
    },
    {
      "definition": {
        "autoscale": true,
        "title": "Seconds Elapsed Since Last Email",
        "title_align": "left",
        "custom_unit": "s",
        "precision": 0,
        "title_size": "16",
        "requests": [
          {
            "q": "avg:rapdev.syntheticemail.last_sent{region:us-east-1,$email}",
            "aggregator": "avg"
          }
        ],
        "type": "query_value"
      },
      "layout": {
        "y": 18,
        "x": 76,
        "height": 15,
        "width": 23
      },
      "id": 7894558655790724
    },
    {
      "definition": {
        "autoscale": true,
        "title": "Last Check-In (seconds)",
        "title_align": "left",
        "custom_unit": "s",
        "precision": 2,
        "title_size": "16",
        "requests": [
          {
            "q": "avg:rapdev.syntheticemail.last_seen{region:us-east-1,$email}",
            "aggregator": "last",
            "conditional_formats": [
              {
                "palette": "white_on_green",
                "value": 330,
                "comparator": "<="
              },
              {
                "palette": "white_on_yellow",
                "value": 330,
                "comparator": ">"
              },
              {
                "palette": "white_on_red",
                "value": 660,
                "comparator": ">="
              }
            ]
          }
        ],
        "type": "query_value"
      },
      "layout": {
        "y": 18,
        "x": 100,
        "height": 15,
        "width": 22
      },
      "id": 8325004061995456
    },
    {
      "definition": {
        "autoscale": false,
        "title": "Average RTT (ms)",
        "title_align": "left",
        "custom_unit": "ms",
        "precision": 0,
        "title_size": "16",
        "requests": [
          {
            "q": "avg:rapdev.syntheticemail.rtt{region:eu-central-1,$email}",
            "aggregator": "avg"
          }
        ],
        "type": "query_value"
      },
      "layout": {
        "y": 34,
        "x": 20,
        "height": 15,
        "width": 30
      },
      "id": 5118063404676802
    },
    {
      "definition": {
        "autoscale": true,
        "title": "Hops Count",
        "title_align": "left",
        "custom_unit": "hops",
        "precision": 2,
        "title_size": "16",
        "requests": [
          {
            "q": "avg:rapdev.syntheticemail.hops{region:eu-central-1,$email}",
            "aggregator": "avg"
          }
        ],
        "type": "query_value"
      },
      "layout": {
        "y": 34,
        "x": 51,
        "height": 15,
        "width": 24
      },
      "id": 4058308064029304
    },
    {
      "definition": {
        "autoscale": true,
        "title": "Seconds Elapsed Since Last Email",
        "title_align": "left",
        "custom_unit": "s",
        "precision": 0,
        "title_size": "16",
        "requests": [
          {
            "q": "avg:rapdev.syntheticemail.last_sent{region:eu-central-1,$email}",
            "aggregator": "avg"
          }
        ],
        "type": "query_value"
      },
      "layout": {
        "y": 34,
        "x": 76,
        "height": 15,
        "width": 23
      },
      "id": 5172291252768634
    },
    {
      "definition": {
        "autoscale": true,
        "title": "Last Check-In (seconds)",
        "title_align": "left",
        "custom_unit": "s",
        "precision": 2,
        "title_size": "16",
        "requests": [
          {
            "q": "avg:rapdev.syntheticemail.last_seen{region:eu-central-1,$email}",
            "aggregator": "last",
            "conditional_formats": [
              {
                "palette": "white_on_green",
                "value": 330,
                "comparator": "<="
              },
              {
                "palette": "white_on_yellow",
                "value": 330,
                "comparator": ">"
              },
              {
                "palette": "white_on_red",
                "value": 660,
                "comparator": ">="
              }
            ]
          }
        ],
        "type": "query_value"
      },
      "layout": {
        "y": 34,
        "x": 100,
        "height": 15,
        "width": 22
      },
      "id": 5355372214344986
    },
    {
      "definition": {
        "autoscale": false,
        "title": "Average RTT (ms)",
        "title_align": "left",
        "custom_unit": "ms",
        "precision": 0,
        "title_size": "16",
        "requests": [
          {
            "q": "avg:rapdev.syntheticemail.rtt{region:ap-southeast-2,$email}",
            "aggregator": "avg"
          }
        ],
        "type": "query_value"
      },
      "layout": {
        "y": 50,
        "x": 20,
        "height": 15,
        "width": 30
      },
      "id": 6041908697247100
    },
    {
      "definition": {
        "autoscale": true,
        "title": "Hops Count",
        "title_align": "left",
        "custom_unit": "hops",
        "precision": 2,
        "title_size": "16",
        "requests": [
          {
            "q": "avg:rapdev.syntheticemail.hops{region:eu-central-1,$email}",
            "aggregator": "avg"
          }
        ],
        "type": "query_value"
      },
      "layout": {
        "y": 50,
        "x": 51,
        "height": 15,
        "width": 24
      },
      "id": 5570496358904466
    },
    {
      "definition": {
        "autoscale": true,
        "title": "Seconds Elapsed Since Last Email",
        "title_align": "left",
        "custom_unit": "s",
        "precision": 0,
        "title_size": "16",
        "requests": [
          {
            "q": "avg:rapdev.syntheticemail.last_sent{region:ap-southeast-2,$email}",
            "aggregator": "avg"
          }
        ],
        "type": "query_value"
      },
      "layout": {
        "y": 50,
        "x": 76,
        "height": 15,
        "width": 23
      },
      "id": 7754829504268622
    },
    {
      "definition": {
        "autoscale": true,
        "title": "Last Check-In (seconds)",
        "title_align": "left",
        "custom_unit": "s",
        "precision": 2,
        "title_size": "16",
        "requests": [
          {
            "q": "avg:rapdev.syntheticemail.last_seen{region:ap-southeast-2,$email}",
            "aggregator": "last",
            "conditional_formats": [
              {
                "palette": "white_on_green",
                "value": 330,
                "comparator": "<="
              },
              {
                "palette": "white_on_yellow",
                "value": 330,
                "comparator": ">"
              },
              {
                "palette": "white_on_green",
                "value": 660,
                "comparator": ">"
              }
            ]
          }
        ],
        "type": "query_value"
      },
      "layout": {
        "y": 50,
        "x": 100,
        "height": 15,
        "width": 22
      },
      "id": 3135400633310932
    },
    {
      "definition": {
        "autoscale": false,
        "title": "Average RTT (ms)",
        "title_align": "left",
        "custom_unit": "ms",
        "precision": 0,
        "title_size": "16",
        "requests": [
          {
            "q": "avg:rapdev.syntheticemail.rtt{$email,region:ap-northeast-1}",
            "aggregator": "avg"
          }
        ],
        "type": "query_value"
      },
      "layout": {
        "y": 66,
        "x": 20,
        "height": 15,
        "width": 30
      },
      "id": 8174109465218036
    },
    {
      "definition": {
        "autoscale": false,
        "title": "Average RTT (ms)",
        "title_align": "left",
        "custom_unit": "ms",
        "precision": 0,
        "title_size": "16",
        "requests": [
          {
            "q": "avg:rapdev.syntheticemail.rtt{$email,region:ap-south-1}",
            "aggregator": "avg"
          }
        ],
        "type": "query_value"
      },
      "layout": {
        "y": 82,
        "x": 20,
        "height": 15,
        "width": 30
      },
      "id": 8668902662781714
    },
    {
      "definition": {
        "autoscale": false,
        "title": "Average RTT (ms)",
        "title_align": "left",
        "custom_unit": "ms",
        "precision": 0,
        "title_size": "16",
        "requests": [
          {
            "q": "avg:rapdev.syntheticemail.rtt{region:ap-southeast-1,$email}",
            "aggregator": "avg"
          }
        ],
        "type": "query_value"
      },
      "layout": {
        "y": 98,
        "x": 20,
        "height": 15,
        "width": 30
      },
      "id": 4846914617393782
    },
    {
      "definition": {
        "tick_pos": "50%",
        "show_tick": true,
        "type": "note",
        "tick_edge": "right",
        "text_align": "center",
        "content": "Tokyo",
        "font_size": "24",
        "background_color": "blue"
      },
      "layout": {
        "y": 70,
        "x": 0,
        "height": 7,
        "width": 18
      },
      "id": 8062906423464314
    },
    {
      "definition": {
        "tick_pos": "50%",
        "show_tick": true,
        "type": "note",
        "tick_edge": "right",
        "text_align": "center",
        "content": "Mumbai",
        "font_size": "24",
        "background_color": "blue"
      },
      "layout": {
        "y": 86,
        "x": 0,
        "height": 7,
        "width": 18
      },
      "id": 6051311270155128
    },
    {
      "definition": {
        "tick_pos": "50%",
        "show_tick": true,
        "type": "note",
        "tick_edge": "right",
        "text_align": "center",
        "content": "Singapore",
        "font_size": "24",
        "background_color": "blue"
      },
      "layout": {
        "y": 102,
        "x": 0,
        "height": 7,
        "width": 18
      },
      "id": 7452216034096122
    },
    {
      "definition": {
        "autoscale": true,
        "title": "Hops Count",
        "title_align": "left",
        "custom_unit": "hops",
        "precision": 2,
        "title_size": "16",
        "requests": [
          {
            "q": "avg:rapdev.syntheticemail.hops{region:ap-northeast-1,$email}",
            "aggregator": "avg"
          }
        ],
        "type": "query_value"
      },
      "layout": {
        "y": 66,
        "x": 51,
        "height": 15,
        "width": 24
      },
      "id": 4676427351996768
    },
    {
      "definition": {
        "autoscale": true,
        "title": "Hops Count",
        "title_align": "left",
        "custom_unit": "hops",
        "precision": 2,
        "title_size": "16",
        "requests": [
          {
            "q": "avg:rapdev.syntheticemail.hops{region:ap-south-1,$email}",
            "aggregator": "avg"
          }
        ],
        "type": "query_value"
      },
      "layout": {
        "y": 82,
        "x": 51,
        "height": 15,
        "width": 24
      },
      "id": 7135684568333522
    },
    {
      "definition": {
        "autoscale": true,
        "title": "Hops Count",
        "title_align": "left",
        "custom_unit": "hops",
        "precision": 2,
        "title_size": "16",
        "requests": [
          {
            "q": "avg:rapdev.syntheticemail.hops{region:ap-southeast-1,$email}",
            "aggregator": "avg"
          }
        ],
        "type": "query_value"
      },
      "layout": {
        "y": 98,
        "x": 51,
        "height": 15,
        "width": 24
      },
      "id": 6633118889593896
    },
    {
      "definition": {
        "autoscale": true,
        "title": "Seconds Elapsed Since Last Email",
        "title_align": "left",
        "custom_unit": "s",
        "precision": 0,
        "title_size": "16",
        "requests": [
          {
            "q": "avg:rapdev.syntheticemail.last_sent{region:ap-northeast-1,$email}",
            "aggregator": "avg"
          }
        ],
        "type": "query_value"
      },
      "layout": {
        "y": 66,
        "x": 76,
        "height": 15,
        "width": 23
      },
      "id": 6446319954223194
    },
    {
      "definition": {
        "autoscale": true,
        "title": "Seconds Elapsed Since Last Email",
        "title_align": "left",
        "custom_unit": "s",
        "precision": 0,
        "title_size": "16",
        "requests": [
          {
            "q": "avg:rapdev.syntheticemail.last_sent{region:ap-south-1,$email}",
            "aggregator": "avg"
          }
        ],
        "type": "query_value"
      },
      "layout": {
        "y": 82,
        "x": 76,
        "height": 15,
        "width": 23
      },
      "id": 4358240505357020
    },
    {
      "definition": {
        "autoscale": true,
        "title": "Seconds Elapsed Since Last Email",
        "title_align": "left",
        "custom_unit": "s",
        "precision": 0,
        "title_size": "16",
        "requests": [
          {
            "q": "avg:rapdev.syntheticemail.last_sent{region:ap-southeast-1,$email}",
            "aggregator": "avg"
          }
        ],
        "type": "query_value"
      },
      "layout": {
        "y": 98,
        "x": 76,
        "height": 15,
        "width": 23
      },
      "id": 4283902781679324
    },
    {
      "definition": {
        "autoscale": true,
        "title": "Last Check-In (seconds)",
        "title_align": "left",
        "custom_unit": "s",
        "precision": 2,
        "title_size": "16",
        "requests": [
          {
            "q": "avg:rapdev.syntheticemail.last_seen{region:ap-northeast-1,$email}",
            "aggregator": "last",
            "conditional_formats": [
              {
                "palette": "white_on_green",
                "value": 330,
                "comparator": "<="
              },
              {
                "palette": "white_on_yellow",
                "value": 330,
                "comparator": ">"
              },
              {
                "palette": "white_on_green",
                "value": 660,
                "comparator": ">"
              }
            ]
          }
        ],
        "type": "query_value"
      },
      "layout": {
        "y": 66,
        "x": 100,
        "height": 15,
        "width": 22
      },
      "id": 2656366232963648
    },
    {
      "definition": {
        "autoscale": true,
        "title": "Last Check-In (seconds)",
        "title_align": "left",
        "custom_unit": "s",
        "precision": 2,
        "title_size": "16",
        "requests": [
          {
            "q": "avg:rapdev.syntheticemail.last_seen{region:ap-south-1,$email}",
            "aggregator": "last",
            "conditional_formats": [
              {
                "palette": "white_on_green",
                "value": 330,
                "comparator": "<="
              },
              {
                "palette": "white_on_yellow",
                "value": 330,
                "comparator": ">"
              },
              {
                "palette": "white_on_green",
                "value": 660,
                "comparator": ">"
              }
            ]
          }
        ],
        "type": "query_value"
      },
      "layout": {
        "y": 82,
        "x": 100,
        "height": 15,
        "width": 22
      },
      "id": 1384663848508566
    },
    {
      "definition": {
        "autoscale": true,
        "title": "Last Check-In (seconds)",
        "title_align": "left",
        "custom_unit": "s",
        "precision": 2,
        "title_size": "16",
        "requests": [
          {
            "q": "avg:rapdev.syntheticemail.last_seen{$email,region:ap-southeast-1}",
            "aggregator": "last",
            "conditional_formats": [
              {
                "palette": "white_on_green",
                "value": 330,
                "comparator": "<="
              },
              {
                "palette": "white_on_yellow",
                "value": 330,
                "comparator": ">"
              },
              {
                "palette": "white_on_green",
                "value": 660,
                "comparator": ">"
              }
            ]
          }
        ],
        "type": "query_value"
      },
      "layout": {
        "y": 98,
        "x": 100,
        "height": 15,
        "width": 22
      },
      "id": 5205816867722332
    }
  ],
  "layout_type": "free"
}