{
  "notify_list": [],
  "description": "",
  "restricted_roles": [],
  "template_variables": [
    {
      "default": "*",
      "prefix": "snmp_device",
      "name": "IP"
    },
    {
      "default": "rd-apc-pdu-2g",
      "prefix": "snmp_profile",
      "name": "SNMP_Profile"
    },
    {
      "default": "*",
      "prefix": "host",
      "name": "Host"
    },
    {
      "default": "*",
      "prefix": "bankid",
      "name": "PowerBank"
    }
  ],
  "is_read_only": false,
  "title": "RapDev APC PDU Dashboard",
  "widgets": [
    {
      "definition": {
        "custom_links": [],
        "title_size": "16",
        "title": "Total Group Energy",
        "title_align": "left",
        "custom_unit": "kW h",
        "precision": 2,
        "autoscale": true,
        "requests": [
          {
            "q": "avg:snmp.GroupTotalEnergy{$IP,$SNMP_Profile,$Host}/10",
            "aggregator": "avg"
          }
        ],
        "type": "query_value"
      },
      "layout": {
        "y": 0,
        "x": 0,
        "height": 15,
        "width": 37
      },
      "id": 7309238462896054
    },
    {
      "definition": {
        "custom_links": [],
        "title_size": "16",
        "title": "System Up Time",
        "title_align": "left",
        "custom_unit": "Days",
        "precision": 2,
        "autoscale": true,
        "requests": [
          {
            "q": "avg:snmp.sysUpTimeInstance{$IP,$SNMP_Profile,$Host}/8640000",
            "aggregator": "avg"
          }
        ],
        "type": "query_value"
      },
      "layout": {
        "y": 0,
        "x": 77,
        "height": 15,
        "width": 40
      },
      "id": 6916255011485180
    },
    {
      "definition": {
        "custom_links": [],
        "title_size": "16",
        "title": "Current Load State",
        "title_align": "left",
        "precision": 2,
        "autoscale": true,
        "requests": [
          {
            "q": "avg:snmp.DeviceStatusLoadState{$IP,$SNMP_Profile,$Host}",
            "aggregator": "last"
          }
        ],
        "type": "query_value"
      },
      "layout": {
        "y": 0,
        "x": 38,
        "height": 15,
        "width": 38
      },
      "id": 8617803978370700
    },
    {
      "definition": {
        "tick_pos": "50%",
        "show_tick": true,
        "type": "note",
        "tick_edge": "bottom",
        "text_align": "center",
        "content": "Power & Phase",
        "font_size": "24",
        "background_color": "white"
      },
      "layout": {
        "y": 16,
        "x": 0,
        "height": 6,
        "width": 117
      },
      "id": 4094499453322462
    },
    {
      "definition": {
        "custom_links": [],
        "title_size": "16",
        "title": "Power Consumption",
        "title_align": "left",
        "custom_unit": "kW",
        "precision": 2,
        "autoscale": true,
        "requests": [
          {
            "q": "avg:snmp.DeviceStatusPower{$IP,$SNMP_Profile,$Host}/100",
            "aggregator": "avg"
          }
        ],
        "type": "query_value"
      },
      "layout": {
        "y": 23,
        "x": 38,
        "height": 15,
        "width": 38
      },
      "id": 4872982735142116
    },
    {
      "definition": {
        "custom_links": [],
        "title_size": "16",
        "title": "Power Supply Alarm",
        "title_align": "left",
        "precision": 0,
        "autoscale": false,
        "requests": [
          {
            "q": "max:snmp.DeviceStatusPowerSupplyAlarm{$IP,$SNMP_Profile,$Host}",
            "aggregator": "avg",
            "conditional_formats": [
              {
                "palette": "white_on_red",
                "value": 1,
                "comparator": ">"
              },
              {
                "palette": "white_on_green",
                "value": 0,
                "comparator": ">"
              }
            ]
          }
        ],
        "type": "query_value"
      },
      "layout": {
        "y": 23,
        "x": 0,
        "height": 15,
        "width": 37
      },
      "id": 814923896886792
    },
    {
      "definition": {
        "custom_links": [],
        "title_size": "16",
        "title": "Phase Load (amps)",
        "title_align": "left",
        "yaxis": {
          "max": "auto",
          "include_zero": true,
          "scale": "linear",
          "min": "auto",
          "label": ""
        },
        "show_legend": false,
        "requests": [
          {
            "q": "avg:snmp.PhaseStatusCurrent{$IP,$SNMP_Profile,$Host} by {snmp_device}/10",
            "style": {
              "line_width": "normal",
              "palette": "dog_classic",
              "line_type": "solid"
            },
            "display_type": "line"
          }
        ],
        "type": "timeseries"
      },
      "layout": {
        "y": 23,
        "x": 77,
        "height": 15,
        "width": 40
      },
      "id": 8937361369406194
    },
    {
      "definition": {
        "custom_links": [],
        "title_size": "16",
        "title": "Phase Voltage (volts)",
        "title_align": "left",
        "yaxis": {
          "max": "auto",
          "include_zero": true,
          "scale": "linear",
          "min": "auto",
          "label": ""
        },
        "show_legend": false,
        "requests": [
          {
            "q": "avg:snmp.PhaseStatusVoltage{$IP,$SNMP_Profile,$Host} by {snmp_device}",
            "style": {
              "line_width": "normal",
              "palette": "dog_classic",
              "line_type": "solid"
            },
            "display_type": "line"
          }
        ],
        "type": "timeseries"
      },
      "layout": {
        "y": 39,
        "x": 0,
        "height": 15,
        "width": 37
      },
      "id": 8645470568583018
    },
    {
      "definition": {
        "custom_links": [],
        "title_size": "16",
        "title": "Peak Power",
        "title_align": "left",
        "custom_unit": "kW",
        "precision": 2,
        "autoscale": true,
        "requests": [
          {
            "q": "max:snmp.DeviceStatusPeakPower{$IP,$SNMP_Profile,$Host}/100",
            "aggregator": "avg"
          }
        ],
        "type": "query_value"
      },
      "layout": {
        "y": 39,
        "x": 38,
        "height": 15,
        "width": 38
      },
      "id": 8470230069456260
    },
    {
      "definition": {
        "tick_pos": "50%",
        "show_tick": true,
        "type": "note",
        "tick_edge": "bottom",
        "text_align": "center",
        "content": "Input Banks",
        "font_size": "24",
        "background_color": "white"
      },
      "layout": {
        "y": 55,
        "x": 0,
        "height": 6,
        "width": 117
      },
      "id": 3509069949949594
    },
    {
      "definition": {
        "title_size": "16",
        "title": "Current Draw (amps)",
        "title_align": "left",
        "yaxis": {
          "max": "auto",
          "include_zero": true,
          "scale": "linear",
          "min": "auto",
          "label": ""
        },
        "show_legend": false,
        "time": {},
        "requests": [
          {
            "q": "avg:snmp.Current{$IP,$SNMP_Profile,$Host,$PowerBank} by {bankid,snmp_device}/10",
            "style": {
              "line_width": "normal",
              "palette": "dog_classic",
              "line_type": "solid"
            },
            "display_type": "line"
          }
        ],
        "type": "timeseries"
      },
      "layout": {
        "y": 62,
        "x": 0,
        "height": 15,
        "width": 37
      },
      "id": 2924387962863934
    },
    {
      "definition": {
        "title_size": "16",
        "yaxis": {
          "max": "auto",
          "include_zero": true,
          "scale": "linear",
          "min": "auto",
          "label": ""
        },
        "title_align": "left",
        "markers": [
          {
            "display_type": "ok dashed",
            "value": "y = 1",
            "label": "\u00a0LowLoad\u00a0"
          },
          {
            "display_type": "ok dashed",
            "value": "y = 2",
            "label": "\u00a0Normal\u00a0"
          },
          {
            "display_type": "warning dashed",
            "value": "y = 3",
            "label": "\u00a0NearOverload\u00a0"
          },
          {
            "display_type": "error dashed",
            "value": "y = 4",
            "label": "\u00a0Overload\u00a0"
          }
        ],
        "show_legend": false,
        "time": {},
        "title": "Load State",
        "requests": [
          {
            "q": "avg:snmp.Load.State{$IP,$SNMP_Profile,$Host,$PowerBank} by {bankid,snmp_device}",
            "style": {
              "line_width": "normal",
              "palette": "dog_classic",
              "line_type": "solid"
            },
            "display_type": "line"
          }
        ],
        "type": "timeseries"
      },
      "layout": {
        "y": 62,
        "x": 38,
        "height": 15,
        "width": 38
      },
      "id": 4604724627213756
    },
    {
      "definition": {
        "custom_links": [],
        "title_size": "16",
        "title": "Power Consumption (kW)",
        "title_align": "left",
        "yaxis": {
          "max": "auto",
          "include_zero": true,
          "scale": "linear",
          "min": "auto",
          "label": ""
        },
        "show_legend": false,
        "requests": [
          {
            "q": "avg:snmp.DeviceStatusPower{$IP,$SNMP_Profile,$Host} by {snmp_device}/100",
            "style": {
              "line_width": "normal",
              "palette": "dog_classic",
              "line_type": "solid"
            },
            "display_type": "line"
          }
        ],
        "type": "timeseries"
      },
      "layout": {
        "y": 39,
        "x": 77,
        "height": 15,
        "width": 40
      },
      "id": 8864161057969100
    }
  ],
  "layout_type": "free"
}