{
  "notify_list": [],
  "description": "This dashboard aggregates [resource utilization metrics](https://www.datadoghq.com/blog/monitoring-101-collecting-data/#resource-metrics) from your entire infrastructure, or from any subset of hosts that you identify using the template variable selector at the upper left. For more details on the metrics collected:\n\n- [Datadog's system integration docs](https://docs.datadoghq.com/integrations/system/)\n\nClone this template dashboard to make changes and add your own graph widgets. (cloned)",
  "restricted_roles": [],
  "template_variables": [
    {
      "default": "*",
      "prefix": "role",
      "name": "scope",
      "available_values": []
    },
    {
      "default": "*",
      "prefix": "hostname",
      "name": "hostname",
      "available_values": []
    }
  ],
  "is_read_only": false,
  "title": "System - Metrics (cloned)",
  "reflow_type": "auto",
  "widgets": [
    {
      "definition": {
        "legend_layout": "auto",
        "show_legend": true,
        "type": "timeseries",
        "requests": [
          {
            "q": "system.load.1{$scope,$hostname}"
          },
          {
            "q": "system.load.5{$scope,$hostname}"
          },
          {
            "q": "system.load.15{$scope,$hostname}"
          }
        ],
        "title": "System load"
      },
      "id": 5019902159557862
    },
    {
      "definition": {
        "legend_layout": "auto",
        "show_legend": true,
        "type": "timeseries",
        "requests": [
          {
            "q": "system.cpu.idle{$scope,$hostname}, system.cpu.system{$scope,$hostname}, system.cpu.iowait{$scope,$hostname}, system.cpu.user{$scope,$hostname}, system.cpu.stolen{$scope,$hostname}, system.cpu.guest{$scope,$hostname}"
          }
        ],
        "title": "CPU usage (%)"
      },
      "id": 1760141083739723
    },
    {
      "definition": {
        "legend_layout": "auto",
        "show_legend": true,
        "type": "timeseries",
        "requests": [
          {
            "q": "max:system.cpu.iowait{$scope,$hostname}"
          }
        ],
        "title": "I/O wait (%)"
      },
      "id": 7534585586552852
    },
    {
      "definition": {
        "legend_layout": "auto",
        "show_legend": true,
        "type": "timeseries",
        "requests": [
          {
            "q": "sum:system.mem.usable{$scope,$hostname}, sum:system.mem.total{$scope,$hostname} - sum:system.mem.usable{$scope,$hostname}"
          }
        ],
        "title": "System memory"
      },
      "id": 5402101723522851
    },
    {
      "definition": {
        "legend_layout": "auto",
        "show_legend": true,
        "type": "timeseries",
        "requests": [
          {
            "q": "sum:system.net.bytes_rcvd{$scope,$hostname}"
          },
          {
            "q": "sum:system.net.bytes_sent{$scope,$hostname}"
          }
        ],
        "title": "Network traffic (per sec)"
      },
      "id": 1077260295836354
    },
    {
      "definition": {
        "title_size": "16",
        "title": "",
        "title_align": "left",
        "precision": 2,
        "time": {},
        "autoscale": true,
        "requests": [
          {
            "formulas": [
              {
                "formula": "query1"
              }
            ],
            "response_format": "scalar",
            "queries": [
              {
                "query": "avg:sqlserver.cache.pages{$hostname}",
                "data_source": "metrics",
                "name": "query1",
                "aggregator": "avg"
              }
            ]
          }
        ],
        "type": "query_value"
      },
      "id": 292502719957142
    }
  ],
  "layout_type": "ordered"
}