{
  "notify_list": [],
  "description": "",
  "restricted_roles": [],
  "template_variables": [],
  "is_read_only": false,
  "title": "Screenboard Test",
  "widgets": [
    {
      "definition": {
        "title_size": "16",
        "legend_columns": [
          "avg",
          "min",
          "max",
          "value",
          "sum"
        ],
        "title": "",
        "title_align": "left",
        "legend_layout": "auto",
        "show_legend": true,
        "time": {},
        "requests": [
          {
            "style": {
              "line_width": "normal",
              "palette": "dog_classic",
              "line_type": "solid"
            },
            "display_type": "line",
            "response_format": "timeseries",
            "queries": [
              {
                "query": "avg:system.cpu.user{*}",
                "data_source": "metrics",
                "name": "query1"
              }
            ]
          }
        ],
        "type": "timeseries"
      },
      "layout": {
        "y": 10,
        "x": 23,
        "height": 15,
        "width": 47
      },
      "id": 48007240060525
    }
  ],
  "layout_type": "free"
}