{
  "notify_list": [],
  "description": "",
  "restricted_roles": [],
  "template_variables": [
    {
      "default": "*",
      "prefix": "repo_name",
      "name": "repo_name",
      "available_values": []
    },
    {
      "default": "*",
      "prefix": "repo_author",
      "name": "repo_author",
      "available_values": []
    },
    {
      "default": "*",
      "prefix": "host",
      "name": "host",
      "available_values": []
    }
  ],
  "is_read_only": false,
  "title": "RapDev GitHub Dashboard",
  "reflow_type": "fixed",
  "widgets": [
    {
      "definition": {
        "sizing": "fill",
        "has_background": false,
        "horizontal_align": "center",
        "has_border": false,
        "url": "https://s3.amazonaws.com/files.rapdev.io/images/rapdev-dash-logo.png",
        "vertical_align": "center",
        "type": "image"
      },
      "layout": {
        "y": 0,
        "x": 0,
        "height": 2,
        "width": 3
      },
      "id": 2687151797114382
    },
    {
      "definition": {
        "autoscale": true,
        "title": "Total Number of Repos",
        "title_align": "left",
        "precision": 2,
        "title_size": "16",
        "requests": [
          {
            "formulas": [
              {
                "formula": "default_zero(query1)"
              }
            ],
            "response_format": "scalar",
            "queries": [
              {
                "query": "sum:rapdev.github.repos.count.total{*}",
                "data_source": "metrics",
                "name": "query1",
                "aggregator": "last"
              }
            ]
          }
        ],
        "type": "query_value"
      },
      "layout": {
        "y": 0,
        "x": 3,
        "height": 2,
        "width": 3
      },
      "id": 2099065075062705
    },
    {
      "definition": {
        "autoscale": true,
        "title": "Total Number of Users",
        "title_align": "left",
        "precision": 2,
        "title_size": "16",
        "requests": [
          {
            "formulas": [
              {
                "formula": "default_zero(query1)"
              }
            ],
            "response_format": "scalar",
            "queries": [
              {
                "query": "sum:rapdev.github.users.count{*}",
                "data_source": "metrics",
                "name": "query1",
                "aggregator": "last"
              }
            ]
          }
        ],
        "type": "query_value"
      },
      "layout": {
        "y": 0,
        "x": 6,
        "height": 2,
        "width": 3
      },
      "id": 6425134293601044
    },
    {
      "definition": {
        "sizing": "fill",
        "has_background": false,
        "horizontal_align": "center",
        "has_border": false,
        "url": "https://logos-world.net/wp-content/uploads/2020/11/GitHub-Emblem.png",
        "vertical_align": "center",
        "type": "image"
      },
      "layout": {
        "y": 0,
        "x": 9,
        "height": 2,
        "width": 3
      },
      "id": 3116251360274092
    },
    {
      "definition": {
        "title_size": "16",
        "title": "Repo Inventory",
        "title_align": "left",
        "has_search_bar": "auto",
        "requests": [
          {
            "formulas": [
              {
                "alias": "Total Stargazers",
                "conditional_formats": [],
                "limit": {
                  "count": 500,
                  "order": "desc"
                },
                "cell_display_mode": "number",
                "formula": "default_zero(query2)"
              },
              {
                "alias": "Total Watchers",
                "conditional_formats": [],
                "cell_display_mode": "number",
                "formula": "default_zero(query3)"
              },
              {
                "alias": "Total Forks",
                "conditional_formats": [],
                "cell_display_mode": "number",
                "formula": "default_zero(query4)"
              },
              {
                "alias": "Total Size",
                "conditional_formats": [],
                "cell_display_mode": "number",
                "formula": "default_zero(query5)"
              },
              {
                "alias": "Total Open Issues",
                "conditional_formats": [],
                "cell_display_mode": "number",
                "formula": "default_zero(query6)"
              },
              {
                "alias": "Total Pull Requests",
                "conditional_formats": [],
                "cell_display_mode": "number",
                "formula": "default_zero(query7)"
              },
              {
                "alias": "Total Number of Caches",
                "conditional_formats": [],
                "cell_display_mode": "number",
                "formula": "default_zero(query8)"
              },
              {
                "alias": "Size of Caches",
                "conditional_formats": [],
                "cell_display_mode": "number",
                "formula": "default_zero(query9)"
              }
            ],
            "response_format": "scalar",
            "queries": [
              {
                "query": "sum:rapdev.github.repos.stargazers{$repo_name}",
                "data_source": "metrics",
                "name": "query2",
                "aggregator": "last"
              },
              {
                "query": "sum:rapdev.github.repos.watchers{$repo_name}",
                "data_source": "metrics",
                "name": "query3",
                "aggregator": "last"
              },
              {
                "query": "sum:rapdev.github.repos.forks{$repo_name}",
                "data_source": "metrics",
                "name": "query4",
                "aggregator": "last"
              },
              {
                "query": "sum:rapdev.github.repos.size{$repo_name}",
                "data_source": "metrics",
                "name": "query5",
                "aggregator": "last"
              },
              {
                "query": "sum:rapdev.github.repos.issues{$repo_name}",
                "data_source": "metrics",
                "name": "query6",
                "aggregator": "last"
              },
              {
                "query": "sum:rapdev.github.repos.pull_reqs{$repo_name}",
                "data_source": "metrics",
                "name": "query7",
                "aggregator": "last"
              },
              {
                "query": "sum:rapdev.github.repos.cachecount{$repo_name}",
                "data_source": "metrics",
                "name": "query8",
                "aggregator": "last"
              },
              {
                "query": "sum:rapdev.github.repos.cachesize{$repo_name}",
                "data_source": "metrics",
                "name": "query9",
                "aggregator": "last"
              }
            ]
          }
        ],
        "type": "query_table"
      },
      "layout": {
        "y": 2,
        "x": 0,
        "height": 2,
        "width": 12
      },
      "id": 7858254376682176
    },
    {
      "definition": {
        "title_size": "16",
        "legend_columns": [
          "avg",
          "min",
          "max",
          "value",
          "sum"
        ],
        "title": "Number of Repos over Time",
        "title_align": "left",
        "legend_layout": "auto",
        "show_legend": true,
        "requests": [
          {
            "formulas": [
              {
                "alias": "Repo Count",
                "formula": "default_zero(query2)"
              }
            ],
            "style": {
              "line_width": "normal",
              "palette": "dog_classic",
              "line_type": "solid"
            },
            "display_type": "line",
            "response_format": "timeseries",
            "queries": [
              {
                "query": "sum:rapdev.github.repos.count.total{*}",
                "data_source": "metrics",
                "name": "query2"
              }
            ]
          }
        ],
        "type": "timeseries"
      },
      "layout": {
        "y": 4,
        "x": 0,
        "height": 3,
        "width": 12
      },
      "id": 731645063309509
    },
    {
      "definition": {
        "title": "Repo Metrics",
        "type": "group",
        "show_title": true,
        "widgets": [
          {
            "definition": {
              "autoscale": true,
              "title": "Total Repo Commits in Repo",
              "title_align": "left",
              "precision": 2,
              "timeseries_background": {
                "type": "bars",
                "yaxis": {
                  "include_zero": true
                }
              },
              "title_size": "16",
              "requests": [
                {
                  "formulas": [
                    {
                      "formula": "default_zero(query1)"
                    }
                  ],
                  "response_format": "scalar",
                  "queries": [
                    {
                      "query": "sum:rapdev.github.repos.commits{$repo_name,$repo_author}",
                      "data_source": "metrics",
                      "name": "query1",
                      "aggregator": "last"
                    }
                  ]
                }
              ],
              "type": "query_value"
            },
            "layout": {
              "y": 0,
              "x": 0,
              "height": 3,
              "width": 6
            },
            "id": 2053273146161880
          },
          {
            "definition": {
              "autoscale": true,
              "title": "Total Number of Watchers in Repo",
              "title_align": "left",
              "precision": 2,
              "timeseries_background": {
                "type": "bars"
              },
              "title_size": "16",
              "requests": [
                {
                  "formulas": [
                    {
                      "formula": "default_zero(query1)"
                    }
                  ],
                  "response_format": "scalar",
                  "queries": [
                    {
                      "query": "sum:rapdev.github.repos.watchers{$repo_name}",
                      "data_source": "metrics",
                      "name": "query1",
                      "aggregator": "last"
                    }
                  ]
                }
              ],
              "type": "query_value"
            },
            "layout": {
              "y": 0,
              "x": 6,
              "height": 3,
              "width": 3
            },
            "id": 8593338505276872
          },
          {
            "definition": {
              "autoscale": true,
              "title": "Total Number of Stargazers in Repo",
              "title_align": "left",
              "precision": 2,
              "timeseries_background": {
                "type": "bars"
              },
              "title_size": "16",
              "requests": [
                {
                  "formulas": [
                    {
                      "formula": "default_zero(query1)"
                    }
                  ],
                  "response_format": "scalar",
                  "queries": [
                    {
                      "query": "sum:rapdev.github.repos.stargazers{$repo_name}",
                      "data_source": "metrics",
                      "name": "query1",
                      "aggregator": "last"
                    }
                  ]
                }
              ],
              "type": "query_value"
            },
            "layout": {
              "y": 0,
              "x": 9,
              "height": 3,
              "width": 3
            },
            "id": 7985943436226980
          },
          {
            "definition": {
              "title_size": "16",
              "title": "Total Commits of Watched Repos",
              "title_align": "left",
              "requests": [
                {
                  "formulas": [
                    {
                      "formula": "default_zero(query1)",
                      "limit": {
                        "order": "desc"
                      }
                    }
                  ],
                  "response_format": "scalar",
                  "queries": [
                    {
                      "query": "sum:rapdev.github.repos.commits{$repo_name,$repo_author} by {repo_name}",
                      "data_source": "metrics",
                      "name": "query1",
                      "aggregator": "last"
                    }
                  ]
                }
              ],
              "type": "sunburst",
              "legend": {
                "type": "automatic"
              }
            },
            "layout": {
              "y": 3,
              "x": 0,
              "height": 4,
              "width": 6
            },
            "id": 7317124297786825
          },
          {
            "definition": {
              "title_size": "16",
              "legend_columns": [
                "avg",
                "min",
                "max",
                "value",
                "sum"
              ],
              "title": "Number of Commits Between All Watched Repos",
              "title_align": "left",
              "legend_layout": "auto",
              "show_legend": true,
              "requests": [
                {
                  "formulas": [
                    {
                      "alias": "Repo Commits",
                      "formula": "default_zero(query1)"
                    }
                  ],
                  "style": {
                    "line_width": "normal",
                    "palette": "dog_classic",
                    "line_type": "solid"
                  },
                  "display_type": "line",
                  "response_format": "timeseries",
                  "queries": [
                    {
                      "query": "sum:rapdev.github.repos.commits{*} by {repo_name}",
                      "data_source": "metrics",
                      "name": "query1"
                    }
                  ]
                }
              ],
              "type": "timeseries"
            },
            "layout": {
              "y": 3,
              "x": 6,
              "height": 4,
              "width": 6
            },
            "id": 5295731045014201
          }
        ],
        "layout_type": "ordered",
        "background_color": "vivid_blue"
      },
      "layout": {
        "y": 7,
        "x": 0,
        "height": 8,
        "width": 12
      },
      "id": 5172518373893586
    },
    {
      "definition": {
        "title": "Runner Metrics",
        "type": "group",
        "show_title": true,
        "widgets": [
          {
            "definition": {
              "autoscale": true,
              "title": "Total Number of Runner Apps",
              "title_align": "left",
              "precision": 2,
              "timeseries_background": {
                "type": "bars",
                "yaxis": {
                  "include_zero": false
                }
              },
              "title_size": "16",
              "requests": [
                {
                  "formulas": [
                    {
                      "formula": "default_zero(query1)"
                    }
                  ],
                  "response_format": "scalar",
                  "queries": [
                    {
                      "query": "sum:rapdev.github.runners.count{*}",
                      "data_source": "metrics",
                      "name": "query1",
                      "aggregator": "last"
                    }
                  ]
                }
              ],
              "type": "query_value"
            },
            "layout": {
              "y": 0,
              "x": 0,
              "height": 3,
              "width": 3
            },
            "id": 6493806950123387
          },
          {
            "definition": {
              "autoscale": true,
              "title": "Total Paid Minutes Used",
              "title_align": "left",
              "precision": 2,
              "timeseries_background": {
                "type": "bars",
                "yaxis": {
                  "include_zero": false
                }
              },
              "title_size": "16",
              "requests": [
                {
                  "formulas": [
                    {
                      "formula": "default_zero(query1)"
                    }
                  ],
                  "response_format": "scalar",
                  "queries": [
                    {
                      "query": "sum:rapdev.github.runners.mins_used{*}",
                      "data_source": "metrics",
                      "name": "query1",
                      "aggregator": "last"
                    }
                  ]
                }
              ],
              "type": "query_value"
            },
            "layout": {
              "y": 0,
              "x": 3,
              "height": 3,
              "width": 3
            },
            "id": 7935848276282639
          },
          {
            "definition": {
              "type": "query_table",
              "requests": [
                {
                  "formulas": [
                    {
                      "alias": "Total Minutes",
                      "limit": {
                        "order": "desc"
                      },
                      "formula": "default_zero(query1)"
                    }
                  ],
                  "response_format": "scalar",
                  "queries": [
                    {
                      "query": "sum:rapdev.github.runners.mins_used{*} by {os}",
                      "data_source": "metrics",
                      "name": "query1",
                      "aggregator": "last"
                    }
                  ]
                }
              ],
              "title_align": "left",
              "title_size": "16",
              "title": "Number of Paid Minutes Used by OS"
            },
            "layout": {
              "y": 0,
              "x": 6,
              "height": 3,
              "width": 6
            },
            "id": 4837467843076197
          },
          {
            "definition": {
              "autoscale": true,
              "title": "Total Self-Hosted Runners",
              "title_align": "left",
              "precision": 2,
              "timeseries_background": {
                "type": "bars"
              },
              "title_size": "16",
              "requests": [
                {
                  "formulas": [
                    {
                      "formula": "default_zero(query1)"
                    }
                  ],
                  "response_format": "scalar",
                  "queries": [
                    {
                      "query": "sum:rapdev.github.runners.self_hosted_runners_total{*}",
                      "data_source": "metrics",
                      "name": "query1",
                      "aggregator": "last"
                    }
                  ]
                }
              ],
              "type": "query_value"
            },
            "layout": {
              "y": 3,
              "x": 0,
              "height": 3,
              "width": 3
            },
            "id": 354347986646101
          },
          {
            "definition": {
              "title_size": "16",
              "title": "Current Status of Self-Hosted Runners",
              "title_align": "left",
              "group_by": [],
              "group": "$host",
              "type": "check_status",
              "check": "rapdev.github.self_hosted_runner.is_running",
              "tags": [
                "*"
              ],
              "grouping": "check"
            },
            "layout": {
              "y": 3,
              "x": 3,
              "height": 3,
              "width": 3
            },
            "id": 6824706437702577
          },
          {
            "definition": {
              "autoscale": true,
              "title": "Percentage Used Mins",
              "title_align": "left",
              "custom_unit": "%",
              "timeseries_background": {
                "type": "bars"
              },
              "precision": 2,
              "title_size": "16",
              "requests": [
                {
                  "formulas": [
                    {
                      "formula": "default_zero((query1 / query2) * 100)"
                    }
                  ],
                  "response_format": "scalar",
                  "queries": [
                    {
                      "query": "sum:rapdev.github.runners.mins_used{*}",
                      "data_source": "metrics",
                      "name": "query1",
                      "aggregator": "last"
                    },
                    {
                      "query": "sum:rapdev.github.runners.included_mins{*}",
                      "data_source": "metrics",
                      "name": "query2",
                      "aggregator": "last"
                    }
                  ]
                }
              ],
              "type": "query_value"
            },
            "layout": {
              "y": 3,
              "x": 6,
              "height": 3,
              "width": 3
            },
            "id": 7651359146223425
          },
          {
            "definition": {
              "autoscale": true,
              "title": "Percentage Mins Left",
              "title_align": "left",
              "custom_unit": "%",
              "timeseries_background": {
                "type": "bars"
              },
              "precision": 2,
              "title_size": "16",
              "requests": [
                {
                  "formulas": [
                    {
                      "formula": "default_zero(100 - ((query1 / query2) * 100))"
                    }
                  ],
                  "response_format": "scalar",
                  "queries": [
                    {
                      "query": "sum:rapdev.github.runners.mins_used{*}",
                      "data_source": "metrics",
                      "name": "query1",
                      "aggregator": "last"
                    },
                    {
                      "query": "sum:rapdev.github.runners.included_mins{*}",
                      "data_source": "metrics",
                      "name": "query2",
                      "aggregator": "last"
                    }
                  ]
                }
              ],
              "type": "query_value"
            },
            "layout": {
              "y": 3,
              "x": 9,
              "height": 3,
              "width": 3
            },
            "id": 3527621763789661
          }
        ],
        "layout_type": "ordered",
        "background_color": "vivid_green"
      },
      "layout": {
        "y": 15,
        "x": 0,
        "is_column_break": true,
        "height": 7,
        "width": 12
      },
      "id": 3448262860507482
    },
    {
      "definition": {
        "title": "Workflows",
        "type": "group",
        "show_title": true,
        "widgets": [
          {
            "definition": {
              "title_size": "16",
              "title": "Workflows by Status",
              "title_align": "left",
              "hide_total": false,
              "requests": [
                {
                  "formulas": [
                    {
                      "formula": "default_zero(query1)",
                      "limit": {
                        "order": "desc"
                      }
                    }
                  ],
                  "response_format": "scalar",
                  "queries": [
                    {
                      "query": "sum:rapdev.github.repos.workflows{$repo_name} by {status}",
                      "data_source": "metrics",
                      "name": "query1",
                      "aggregator": "last"
                    }
                  ]
                }
              ],
              "type": "sunburst",
              "legend": {
                "type": "automatic"
              }
            },
            "layout": {
              "y": 0,
              "x": 0,
              "height": 4,
              "width": 6
            },
            "id": 698061341637220
          },
          {
            "definition": {
              "type": "toplist",
              "requests": [
                {
                  "formulas": [
                    {
                      "formula": "default_zero(query1)",
                      "limit": {
                        "count": 500,
                        "order": "desc"
                      }
                    }
                  ],
                  "response_format": "scalar",
                  "queries": [
                    {
                      "query": "sum:rapdev.github.repos.workflows{$repo_name} by {repo_name,status}",
                      "data_source": "metrics",
                      "name": "query1",
                      "aggregator": "last"
                    }
                  ]
                }
              ],
              "title_align": "left",
              "title_size": "16",
              "title": "Workflows by Status and Repo"
            },
            "layout": {
              "y": 0,
              "x": 6,
              "height": 4,
              "width": 6
            },
            "id": 7556292434454424
          }
        ],
        "layout_type": "ordered",
        "background_color": "vivid_orange"
      },
      "layout": {
        "y": 22,
        "x": 0,
        "height": 5,
        "width": 12
      },
      "id": 6765382514104361
    }
  ],
  "layout_type": "ordered"
}