{
  "notify_list": [],
  "description": "",
  "restricted_roles": [],
  "template_variables": [
    {
      "default": "*",
      "prefix": "node",
      "name": "Node"
    },
    {
      "default": "*",
      "prefix": "pool",
      "name": "Pool"
    },
    {
      "default": "*",
      "prefix": "virtualservice",
      "name": "Virtual_Service"
    },
    {
      "default": "*",
      "prefix": "ifdesc",
      "name": "Interface"
    },
    {
      "default": "*",
      "prefix": "snmp_device",
      "name": "IPAddress"
    },
    {
      "default": "loadmaster",
      "prefix": "model",
      "name": "Model"
    }
  ],
  "is_read_only": false,
  "title": "Kemp LoadMaster Dashboard",
  "widgets": [
    {
      "definition": {
        "title": "SSL Transactions per Second",
        "yaxis": {
          "max": "auto",
          "include_zero": true,
          "scale": "linear",
          "min": "auto",
          "label": ""
        },
        "show_legend": false,
        "legend_size": "0",
        "type": "timeseries",
        "requests": [
          {
            "q": "avg:snmp.SSL.TransactionsPerSecond{$IPAddress,$Model}",
            "style": {
              "line_width": "normal",
              "palette": "cool",
              "line_type": "solid"
            },
            "display_type": "area"
          }
        ]
      },
      "id": 8821182498798772
    },
    {
      "definition": {
        "title": "SSL Client Connections",
        "yaxis": {
          "max": "auto",
          "include_zero": true,
          "scale": "linear",
          "min": "auto",
          "label": ""
        },
        "show_legend": false,
        "legend_size": "0",
        "type": "timeseries",
        "requests": [
          {
            "q": "avg:snmp.SSL.Client.Connections{$IPAddress,$Model}",
            "style": {
              "line_width": "normal",
              "palette": "dog_classic",
              "line_type": "solid"
            },
            "display_type": "line"
          }
        ]
      },
      "id": 1682683648939322
    },
    {
      "definition": {
        "autoscale": true,
        "title": "Total Transactions per Second",
        "custom_unit": "TPS",
        "precision": 2,
        "requests": [
          {
            "q": "avg:snmp.Total.TransactionsPerSecond{$IPAddress,$Model}",
            "aggregator": "avg"
          }
        ],
        "type": "query_value"
      },
      "id": 4197764361884050
    },
    {
      "definition": {
        "requests": [
          {
            "q": "top(max:snmp.Current.Connections{$IPAddress,$Model} by {virtualservice}, 10, 'last', 'desc')"
          }
        ],
        "type": "toplist",
        "title": "VIP Top-Talkers (connections)"
      },
      "id": 3126688256046278
    },
    {
      "definition": {
        "requests": [
          {
            "q": "top(avg:snmp.Connections.Active{$Model,$IPAddress} by {node}, 10, 'last', 'desc')"
          }
        ],
        "type": "toplist",
        "title": "Node Top Talkers (connections)"
      },
      "id": 6927975724302122
    },
    {
      "definition": {
        "widgets": [
          {
            "definition": {
              "tick_pos": "50%",
              "show_tick": false,
              "type": "note",
              "tick_edge": "left",
              "text_align": "center",
              "content": "- HA State\n- 0: None\n- 1: Master\n- 2: Standby\n- 3: Passive",
              "font_size": "24",
              "background_color": "white"
            },
            "id": 852521790306270
          },
          {
            "definition": {
              "autoscale": true,
              "requests": [
                {
                  "q": "avg:snmp.Failover.Status{$IPAddress,$Model}",
                  "aggregator": "last"
                }
              ],
              "type": "query_value",
              "precision": 2,
              "title": "Failover State"
            },
            "id": 8801472694754286
          },
          {
            "definition": {
              "autoscale": true,
              "requests": [
                {
                  "q": "avg:snmp.Load.Average{$IPAddress,$Model}",
                  "aggregator": "avg"
                }
              ],
              "type": "query_value",
              "precision": 2,
              "title": "Load Average (%)"
            },
            "id": 4454644858194648
          },
          {
            "definition": {
              "title": "Bytes In/Out",
              "yaxis": {
                "max": "auto",
                "include_zero": true,
                "scale": "linear",
                "min": "auto",
                "label": ""
              },
              "show_legend": false,
              "legend_size": "0",
              "type": "timeseries",
              "requests": [
                {
                  "q": "avg:snmp.Incoming.Bytes{$IPAddress,$Model} by {snmp_device}/100000",
                  "style": {
                    "line_width": "normal",
                    "palette": "dog_classic",
                    "line_type": "solid"
                  },
                  "display_type": "line"
                },
                {
                  "q": "avg:snmp.Outgoing.Bytes{$IPAddress,$Model} by {snmp_device}/100000",
                  "style": {
                    "line_width": "normal",
                    "palette": "dog_classic",
                    "line_type": "solid"
                  },
                  "display_type": "line"
                }
              ]
            },
            "id": 1954915094329454
          },
          {
            "definition": {
              "autoscale": true,
              "requests": [
                {
                  "q": "sum:snmp.Services.Total{$Model,$IPAddress}",
                  "aggregator": "avg"
                }
              ],
              "type": "query_value",
              "precision": 2,
              "title": "Total Services Defined"
            },
            "id": 5480954919527256
          },
          {
            "definition": {
              "title": "CPU Usage (%)",
              "yaxis": {
                "max": "auto",
                "include_zero": true,
                "scale": "linear",
                "min": "auto",
                "label": ""
              },
              "show_legend": false,
              "legend_size": "0",
              "type": "timeseries",
              "requests": [
                {
                  "q": "avg:snmp.CPUSystemTime{$Model,$IPAddress} by {snmp_device}+avg:snmp.CPUUserTime{$Model,$IPAddress} by {snmp_device}",
                  "style": {
                    "line_width": "normal",
                    "palette": "dog_classic",
                    "line_type": "solid"
                  },
                  "display_type": "area"
                }
              ]
            },
            "id": 1483059685636050
          },
          {
            "definition": {
              "title": "Used Memory",
              "yaxis": {
                "max": "auto",
                "include_zero": true,
                "scale": "linear",
                "min": "auto",
                "label": ""
              },
              "show_legend": false,
              "legend_size": "0",
              "type": "timeseries",
              "requests": [
                {
                  "q": "avg:snmp.Memory.Total{$Model,$IPAddress} by {snmp_device}-(avg:snmp.Memory.Free{$Model,$IPAddress} by {snmp_device}+avg:snmp.Memory.Buffer{$Model,$IPAddress} by {snmp_device}+avg:snmp.Memory.Shared{$Model,$IPAddress} by {snmp_device}+avg:snmp.Memory.Cached{$Model,$IPAddress} by {snmp_device})",
                  "style": {
                    "line_width": "normal",
                    "palette": "dog_classic",
                    "line_type": "solid"
                  },
                  "display_type": "line"
                }
              ]
            },
            "id": 8869903006079092
          }
        ],
        "layout_type": "ordered",
        "type": "group",
        "title": "System Overall Health"
      },
      "id": 6628394589110770
    },
    {
      "definition": {
        "widgets": [
          {
            "definition": {
              "title": "Incoming & Outgoing Bytes",
              "yaxis": {
                "max": "auto",
                "include_zero": true,
                "scale": "linear",
                "min": "auto",
                "label": ""
              },
              "show_legend": false,
              "legend_size": "0",
              "type": "timeseries",
              "requests": [
                {
                  "q": "avg:snmp.Incoming.Bytes{$Virtual_Service,$IPAddress,$Model} by {virtualserver}/1000",
                  "style": {
                    "line_width": "normal",
                    "palette": "dog_classic",
                    "line_type": "solid"
                  },
                  "display_type": "line"
                },
                {
                  "q": "avg:snmp.Outgoing.Bytes{$IPAddress,$Virtual_Service,$Model} by {virtualserver}/1000",
                  "style": {
                    "line_width": "normal",
                    "palette": "dog_classic",
                    "line_type": "solid"
                  },
                  "display_type": "line"
                }
              ]
            },
            "id": 3589424622187960
          },
          {
            "definition": {
              "requests": [
                {
                  "q": "avg:snmp.Destination.Count{$IPAddress,$Model,$Virtual_Service} by {virtualservice}",
                  "aggregator": "avg",
                  "limit": 25,
                  "order": "desc",
                  "alias": "Real Server"
                }
              ],
              "type": "query_table",
              "title": "Real Servers per Service"
            },
            "id": 5501294299402884
          },
          {
            "definition": {
              "title": "Virtual Service State",
              "yaxis": {
                "max": "auto",
                "include_zero": true,
                "scale": "linear",
                "min": "auto",
                "label": ""
              },
              "markers": [
                {
                  "display_type": "ok bold",
                  "value": "y = 1",
                  "label": "\u00a0In Service\u00a0"
                },
                {
                  "display_type": "warning bold",
                  "value": "y = 2",
                  "label": "\u00a0OutOfService\u00a0"
                },
                {
                  "display_type": "error bold",
                  "value": "y = 3",
                  "label": "\u00a0Failed\u00a0"
                },
                {
                  "display_type": "warning bold",
                  "value": "y = 4",
                  "label": "\u00a0Disabled\u00a0"
                },
                {
                  "display_type": "warning bold",
                  "value": "y = 5",
                  "label": "\u00a0Sorry\u00a0"
                },
                {
                  "display_type": "warning bold",
                  "value": "y = 6",
                  "label": "\u00a0Redirect\u00a0"
                },
                {
                  "display_type": "warning bold",
                  "value": "y = 7",
                  "label": "\u00a0ErrorMsg\u00a0"
                }
              ],
              "show_legend": false,
              "requests": [
                {
                  "q": "avg:snmp.State{$IPAddress,$Virtual_Service,$Model} by {virtualservice}",
                  "style": {
                    "line_width": "normal",
                    "palette": "dog_classic",
                    "line_type": "solid"
                  },
                  "display_type": "line"
                }
              ],
              "type": "timeseries",
              "legend_size": "0"
            },
            "id": 1741485395436280
          },
          {
            "definition": {
              "autoscale": true,
              "title": "Current Connections",
              "custom_unit": "Conn",
              "precision": 2,
              "requests": [
                {
                  "q": "avg:snmp.Current.Connections{$IPAddress,$Virtual_Service,$Model}",
                  "aggregator": "last"
                }
              ],
              "type": "query_value"
            },
            "id": 8822389104830730
          },
          {
            "definition": {
              "title": "Total Connections",
              "yaxis": {
                "max": "auto",
                "include_zero": true,
                "scale": "linear",
                "min": "auto",
                "label": ""
              },
              "show_legend": false,
              "legend_size": "0",
              "type": "timeseries",
              "requests": [
                {
                  "q": "avg:snmp.Current.Connections{$IPAddress,$Model,$Virtual_Service} by {virtualservice}",
                  "style": {
                    "line_width": "normal",
                    "palette": "dog_classic",
                    "line_type": "solid"
                  },
                  "display_type": "line"
                }
              ]
            },
            "id": 2523712370874420
          },
          {
            "definition": {
              "requests": [
                {
                  "q": "top(avg:snmp.Current.Connections{$Virtual_Service,$IPAddress,$Model} by {virtualservice}, 10, 'mean', 'desc')"
                }
              ],
              "type": "toplist",
              "title": "Avg of snmp.Current.Connections over $Virtual_Service,$IPAddress,$Model by vi..."
            },
            "id": 4163068134416110
          }
        ],
        "layout_type": "ordered",
        "type": "group",
        "title": "Virtual Services"
      },
      "id": 1318976594776910
    },
    {
      "definition": {
        "widgets": [
          {
            "definition": {
              "title": "Incoming & Outgoing Bytes",
              "yaxis": {
                "max": "auto",
                "include_zero": true,
                "scale": "linear",
                "min": "auto",
                "label": ""
              },
              "show_legend": false,
              "legend_size": "0",
              "type": "timeseries",
              "requests": [
                {
                  "q": "avg:snmp.Incoming.Bytes{$Node,$IPAddress,$Model} by {node}/100000",
                  "style": {
                    "line_width": "normal",
                    "palette": "dog_classic",
                    "line_type": "solid"
                  },
                  "display_type": "area"
                },
                {
                  "q": "avg:snmp.Outgoing.Bytes{$Node,$IPAddress,$Model} by {node}/100000",
                  "style": {
                    "line_width": "normal",
                    "palette": "dog_classic",
                    "line_type": "solid"
                  },
                  "display_type": "area"
                }
              ]
            },
            "id": 7269869494713194
          },
          {
            "definition": {
              "title": "Node Active Connections",
              "yaxis": {
                "max": "auto",
                "include_zero": true,
                "scale": "linear",
                "min": "auto",
                "label": ""
              },
              "show_legend": false,
              "legend_size": "0",
              "type": "timeseries",
              "requests": [
                {
                  "q": "avg:snmp.Connections.Active{$Node,$IPAddress,$Model} by {node}",
                  "style": {
                    "line_width": "normal",
                    "palette": "dog_classic",
                    "line_type": "solid"
                  },
                  "display_type": "area"
                }
              ]
            },
            "id": 4792281761943048
          },
          {
            "definition": {
              "title": "Node State",
              "yaxis": {
                "max": "auto",
                "include_zero": true,
                "scale": "linear",
                "min": "auto",
                "label": ""
              },
              "markers": [
                {
                  "display_type": "ok solid",
                  "value": "y = 1",
                  "label": "\u00a0InService\u00a0"
                },
                {
                  "display_type": "warning dashed",
                  "value": "y = 2",
                  "label": "\u00a0OutOfService\u00a0"
                },
                {
                  "display_type": "error dashed",
                  "value": "y = 3",
                  "label": "\u00a0Failed\u00a0"
                },
                {
                  "display_type": "warning dashed",
                  "value": "y = 4",
                  "label": "\u00a0Disabled\u00a0"
                },
                {
                  "display_type": "warning dashed",
                  "value": "y = 5",
                  "label": "\u00a0Sorry\u00a0"
                },
                {
                  "display_type": "warning dashed",
                  "value": "y = 6",
                  "label": "\u00a0Redirect\u00a0"
                },
                {
                  "display_type": "warning dashed",
                  "value": "y = 7",
                  "label": "\u00a0ErrorMsg\u00a0"
                }
              ],
              "show_legend": false,
              "requests": [
                {
                  "q": "avg:snmp.State{$Node,$Model,$IPAddress} by {node}",
                  "style": {
                    "line_width": "normal",
                    "palette": "dog_classic",
                    "line_type": "solid"
                  },
                  "display_type": "line"
                }
              ],
              "type": "timeseries",
              "legend_size": "0"
            },
            "id": 1381476725782166
          },
          {
            "definition": {
              "autoscale": true,
              "title": "Active Connections",
              "custom_unit": "",
              "precision": 2,
              "requests": [
                {
                  "q": "avg:snmp.Connections.Active{$Node,$IPAddress,$Model}",
                  "aggregator": "avg"
                }
              ],
              "type": "query_value"
            },
            "id": 850075006352206
          }
        ],
        "layout_type": "ordered",
        "type": "group",
        "title": "Nodes"
      },
      "id": 5538269124514044
    },
    {
      "definition": {
        "widgets": [
          {
            "definition": {
              "title": "Interface Throughput (Bytes)",
              "yaxis": {
                "max": "auto",
                "include_zero": true,
                "scale": "linear",
                "min": "auto",
                "label": ""
              },
              "show_legend": false,
              "legend_size": "0",
              "type": "timeseries",
              "requests": [
                {
                  "q": "max:snmp.Interface.InOctets{$Interface,$IPAddress,$Model} by {interface}/1000000",
                  "style": {
                    "line_width": "normal",
                    "palette": "dog_classic",
                    "line_type": "solid"
                  },
                  "display_type": "area"
                },
                {
                  "q": "max:snmp.Interface.OutOctets{$Interface,$IPAddress,$Model} by {interface}/1000000",
                  "style": {
                    "line_width": "normal",
                    "palette": "dog_classic",
                    "line_type": "solid"
                  },
                  "display_type": "area"
                }
              ]
            },
            "id": 3662162800051954
          },
          {
            "definition": {
              "title": "Interface Status",
              "yaxis": {
                "max": "auto",
                "include_zero": true,
                "scale": "linear",
                "min": "auto",
                "label": ""
              },
              "markers": [
                {
                  "display_type": "ok dashed",
                  "value": "y = 1",
                  "label": "\u00a0Up\u00a0"
                },
                {
                  "display_type": "error dashed",
                  "value": "y = 2",
                  "label": "\u00a0Down\u00a0"
                },
                {
                  "display_type": "info dashed",
                  "value": "y = 3",
                  "label": "\u00a0Testing\u00a0"
                }
              ],
              "show_legend": false,
              "requests": [
                {
                  "q": "avg:snmp.Interface.OperStatus{$Interface,$Model,$IPAddress} by {interface}",
                  "style": {
                    "line_width": "normal",
                    "palette": "dog_classic",
                    "line_type": "solid"
                  },
                  "display_type": "line"
                }
              ],
              "type": "timeseries",
              "legend_size": "0"
            },
            "id": 3535943767062800
          },
          {
            "definition": {
              "autoscale": false,
              "title": "Interface Speed",
              "custom_unit": "MB",
              "precision": 0,
              "requests": [
                {
                  "q": "max:snmp.Interface.Speed{$Interface,$IPAddress,$Model}",
                  "aggregator": "avg"
                }
              ],
              "type": "query_value"
            },
            "id": 5024104710159410
          }
        ],
        "layout_type": "ordered",
        "type": "group",
        "title": "Interfaces"
      },
      "id": 5892252872363804
    }
  ],
  "layout_type": "ordered"
}