{
  "notify_list": null,
  "description": "",
  "restricted_roles": [],
  "template_variables": [
    {
      "default": "*",
      "prefix": "ifAlias",
      "name": "interface_alias"
    },
    {
      "default": "*",
      "prefix": "ifName",
      "name": "interface"
    },
    {
      "default": "*",
      "prefix": "host",
      "name": "Host"
    },
    {
      "default": "*",
      "prefix": "snmp_profile",
      "name": "SNMP_Profile"
    },
    {
      "default": "*",
      "prefix": "snmp_device",
      "name": "IP"
    },
    {
      "default": "*",
      "prefix": "snmp_host",
      "name": "Sysname"
    }
  ],
  "is_read_only": false,
  "title": "RapDev Cisco ASA Dashboard",
  "widgets": [
    {
      "definition": {
        "custom_links": [],
        "title_size": "16",
        "title": "Active VPN LAN-to-LAN",
        "title_align": "left",
        "precision": 2,
        "requests": [
          {
            "q": "max:snmp.Vpn.L2l.Sessions.Active{$Host,$SNMP_Profile,$IP}",
            "aggregator": "last"
          }
        ],
        "type": "query_value"
      },
      "layout": {
        "y": 16,
        "x": 0,
        "height": 15,
        "width": 39
      },
      "id": 4989056660981006
    },
    {
      "definition": {
        "custom_links": [],
        "title_size": "16",
        "title": "Active SSL VPN Sessions",
        "title_align": "left",
        "precision": 2,
        "requests": [
          {
            "q": "max:snmp.Vpn.Ssl.Sessions.Active{$Host,$SNMP_Profile,$IP}",
            "aggregator": "last"
          }
        ],
        "type": "query_value"
      },
      "layout": {
        "y": 16,
        "x": 40,
        "height": 15,
        "width": 36
      },
      "id": 1002061084496881
    },
    {
      "definition": {
        "custom_links": [],
        "title_size": "16",
        "title": "Active IPsec VPN Sessions",
        "title_align": "left",
        "precision": 2,
        "requests": [
          {
            "q": "max:snmp.Vpn.Ipsec.Sessions.Active{$Host,$SNMP_Profile,$IP}",
            "aggregator": "last"
          }
        ],
        "type": "query_value"
      },
      "layout": {
        "y": 16,
        "x": 77,
        "height": 15,
        "width": 40
      },
      "id": 8007327755497594
    },
    {
      "definition": {
        "custom_links": [],
        "title_size": "16",
        "title": "CPU Usage (%)",
        "title_align": "left",
        "custom_unit": "%",
        "precision": 2,
        "requests": [
          {
            "q": "avg:snmp.CPU.Utilization{$Host,$SNMP_Profile,$IP}",
            "aggregator": "avg"
          }
        ],
        "type": "query_value"
      },
      "layout": {
        "y": 0,
        "x": 0,
        "height": 15,
        "width": 39
      },
      "id": 3388972495680673
    },
    {
      "definition": {
        "custom_links": [],
        "title_size": "16",
        "title": "Memory Usage (%)",
        "title_align": "left",
        "custom_unit": "%",
        "precision": 2,
        "requests": [
          {
            "q": "avg:snmp.Memory.Used{$Host,$SNMP_Profile,$IP,$Sysname}/(avg:snmp.Memory.Free{$Host,$SNMP_Profile,$IP,$Sysname}+avg:snmp.Memory.Used{$Host,$SNMP_Profile,$IP,$Sysname})*100",
            "aggregator": "avg"
          }
        ],
        "type": "query_value"
      },
      "layout": {
        "y": 0,
        "x": 40,
        "height": 15,
        "width": 36
      },
      "id": 26179378513624
    },
    {
      "definition": {
        "custom_links": [],
        "title_size": "16",
        "title": "Total Active Sessions/Connections",
        "title_align": "left",
        "requests": [
          {
            "q": "avg:snmp.Connections.Active.Total{$Host,$SNMP_Profile,$IP}",
            "style": {
              "line_width": "normal",
              "palette": "dog_classic",
              "line_type": "solid"
            },
            "display_type": "line"
          },
          {
            "q": "avg:snmp.Vpn.Ssl.Sessions.Active{$Host,$SNMP_Profile,$IP}",
            "style": {
              "line_width": "normal",
              "palette": "dog_classic",
              "line_type": "solid"
            },
            "display_type": "line"
          },
          {
            "q": "avg:snmp.Vpn.Ipsec.Sessions.Active{$Host,$SNMP_Profile,$IP}",
            "style": {
              "line_width": "normal",
              "palette": "dog_classic",
              "line_type": "solid"
            },
            "display_type": "line"
          }
        ],
        "type": "timeseries"
      },
      "layout": {
        "y": 0,
        "x": 77,
        "height": 15,
        "width": 40
      },
      "id": 3949225123915235
    },
    {
      "definition": {
        "title_size": "16",
        "title": "Interface Speed",
        "title_align": "left",
        "custom_unit": "b/s",
        "precision": 0,
        "time": {},
        "autoscale": true,
        "requests": [
          {
            "q": "max:snmp.ifHighSpeed{$interface_alias,$interface,$Host,$SNMP_Profile,$IP}",
            "aggregator": "last"
          }
        ],
        "type": "query_value"
      },
      "layout": {
        "y": 39,
        "x": 33,
        "height": 15,
        "width": 14
      },
      "id": 3510375523861889
    },
    {
      "definition": {
        "custom_links": [],
        "title_size": "16",
        "title": "Admin Status",
        "title_align": "left",
        "precision": 0,
        "requests": [
          {
            "q": "max:snmp.ifAdminStatus{$Host,$SNMP_Profile,$IP,$interface_alias,$interface}",
            "aggregator": "last",
            "conditional_formats": [
              {
                "palette": "white_on_red",
                "value": 2,
                "comparator": ">="
              },
              {
                "palette": "white_on_green",
                "value": 1,
                "comparator": ">="
              }
            ]
          }
        ],
        "type": "query_value"
      },
      "layout": {
        "y": 39,
        "x": 0,
        "height": 15,
        "width": 16
      },
      "id": 8165837417098518
    },
    {
      "definition": {
        "custom_links": [],
        "title_size": "16",
        "title": "Operation Status",
        "title_align": "left",
        "precision": 0,
        "requests": [
          {
            "q": "max:snmp.ifOperStatus{$Host,$SNMP_Profile,$interface_alias,$IP,$interface}",
            "aggregator": "last",
            "conditional_formats": [
              {
                "palette": "white_on_red",
                "value": 2,
                "comparator": ">="
              },
              {
                "palette": "white_on_green",
                "value": 1,
                "comparator": ">="
              }
            ]
          }
        ],
        "type": "query_value"
      },
      "layout": {
        "y": 39,
        "x": 17,
        "height": 15,
        "width": 15
      },
      "id": 4349942031815744
    },
    {
      "definition": {
        "custom_links": [],
        "title_size": "16",
        "title": "% Utilization In",
        "title_align": "left",
        "custom_unit": "%",
        "precision": 3,
        "requests": [
          {
            "q": "avg:snmp.ifBandwidthInUsage.rate{$interface_alias,$interface,$Host,$SNMP_Profile,$IP}",
            "aggregator": "last"
          }
        ],
        "type": "query_value"
      },
      "layout": {
        "y": 55,
        "x": 0,
        "height": 15,
        "width": 23
      },
      "id": 6183551808995629
    },
    {
      "definition": {
        "custom_links": [],
        "title_size": "16",
        "title": "% Utilization Out",
        "title_align": "left",
        "custom_unit": "%",
        "precision": 3,
        "requests": [
          {
            "q": "avg:snmp.ifBandwidthOutUsage.rate{$interface_alias,$interface,$Host,$SNMP_Profile,$IP}",
            "aggregator": "last"
          }
        ],
        "type": "query_value"
      },
      "layout": {
        "y": 55,
        "x": 24,
        "height": 15,
        "width": 23
      },
      "id": 5330505525403583
    },
    {
      "definition": {
        "custom_links": [],
        "title_size": "16",
        "title": "Interface Utilization (%)",
        "title_align": "left",
        "yaxis": {
          "max": "auto",
          "include_zero": true,
          "scale": "linear",
          "min": "auto",
          "label": ""
        },
        "show_legend": false,
        "requests": [
          {
            "q": "avg:snmp.ifBandwidthInUsage.rate{$interface_alias,$interface,$Host,$SNMP_Profile,$IP} by {ifName}",
            "style": {
              "line_width": "normal",
              "palette": "dog_classic",
              "line_type": "solid"
            },
            "display_type": "line"
          },
          {
            "q": "avg:snmp.ifBandwidthOutUsage.rate{$interface_alias,$interface,$Host,$SNMP_Profile,$IP} by {ifName}",
            "style": {
              "line_width": "normal",
              "palette": "dog_classic",
              "line_type": "solid"
            },
            "display_type": "line"
          }
        ],
        "type": "timeseries"
      },
      "layout": {
        "y": 71,
        "x": 0,
        "height": 15,
        "width": 47
      },
      "id": 128228297503505
    },
    {
      "definition": {
        "custom_links": [],
        "title_size": "16",
        "title": "Bytes In & Bytes Out",
        "title_align": "left",
        "yaxis": {
          "max": "auto",
          "include_zero": true,
          "scale": "linear",
          "min": "auto",
          "label": ""
        },
        "show_legend": false,
        "requests": [
          {
            "q": "avg:snmp.ifHCInOctets.rate{$Host,$SNMP_Profile,$IP,$interface_alias,$interface} by {ifName}",
            "style": {
              "line_width": "normal",
              "palette": "dog_classic",
              "line_type": "solid"
            },
            "display_type": "line"
          },
          {
            "q": "avg:snmp.ifHCOutOctets.rate{$Host,$SNMP_Profile,$IP,$interface_alias,$interface} by {ifName}",
            "style": {
              "line_width": "normal",
              "palette": "dog_classic",
              "line_type": "solid"
            },
            "display_type": "line"
          }
        ],
        "type": "timeseries"
      },
      "layout": {
        "y": 39,
        "x": 48,
        "height": 15,
        "width": 36
      },
      "id": 6290136388263600
    },
    {
      "definition": {
        "custom_links": [],
        "title_size": "16",
        "title": "In & Out Unicast Packets",
        "title_align": "left",
        "yaxis": {
          "max": "auto",
          "include_zero": true,
          "scale": "linear",
          "min": "auto",
          "label": ""
        },
        "show_legend": false,
        "requests": [
          {
            "q": "avg:snmp.ifHCInUcastPkts{$Host,$SNMP_Profile,$IP,$interface_alias,$interface} by {ifName}",
            "style": {
              "line_width": "normal",
              "palette": "dog_classic",
              "line_type": "solid"
            },
            "display_type": "line"
          },
          {
            "q": "avg:snmp.ifHCOutUcastPkts{$Host,$SNMP_Profile,$IP,$interface_alias,$interface} by {ifName}",
            "style": {
              "line_width": "normal",
              "palette": "dog_classic",
              "line_type": "solid"
            },
            "display_type": "line"
          }
        ],
        "type": "timeseries"
      },
      "layout": {
        "y": 71,
        "x": 85,
        "height": 15,
        "width": 32
      },
      "id": 5913709574436937
    },
    {
      "definition": {
        "custom_links": [],
        "title_size": "16",
        "title": "In & Out MultiCastPkts",
        "title_align": "left",
        "yaxis": {
          "max": "auto",
          "include_zero": true,
          "scale": "linear",
          "min": "auto",
          "label": ""
        },
        "show_legend": false,
        "requests": [
          {
            "q": "avg:snmp.ifHCInMulticastPkts{$Host,$SNMP_Profile,$IP,$interface_alias,$interface} by {ifName}",
            "style": {
              "line_width": "normal",
              "palette": "dog_classic",
              "line_type": "solid"
            },
            "display_type": "line"
          },
          {
            "q": "avg:snmp.ifHCOutMulticastPkts{$Host,$SNMP_Profile,$IP,$interface_alias,$interface} by {ifName}",
            "style": {
              "line_width": "normal",
              "palette": "dog_classic",
              "line_type": "solid"
            },
            "display_type": "line"
          }
        ],
        "type": "timeseries"
      },
      "layout": {
        "y": 55,
        "x": 48,
        "height": 15,
        "width": 36
      },
      "id": 2999968478550216
    },
    {
      "definition": {
        "custom_links": [],
        "title_size": "16",
        "title": "In & Out Errors",
        "title_align": "left",
        "yaxis": {
          "max": "auto",
          "include_zero": true,
          "scale": "linear",
          "min": "auto",
          "label": ""
        },
        "show_legend": false,
        "requests": [
          {
            "q": "avg:snmp.ifInErrors{$interface_alias,$interface,$Host,$SNMP_Profile,$IP} by {ifName}",
            "style": {
              "line_width": "normal",
              "palette": "dog_classic",
              "line_type": "solid"
            },
            "display_type": "area"
          },
          {
            "q": "avg:snmp.ifOutErrors{$interface_alias,$interface,$Host,$SNMP_Profile,$IP} by {ifName}",
            "style": {
              "line_width": "normal",
              "palette": "dog_classic",
              "line_type": "solid"
            },
            "display_type": "line"
          }
        ],
        "type": "timeseries"
      },
      "layout": {
        "y": 55,
        "x": 85,
        "height": 15,
        "width": 32
      },
      "id": 5026415106074233
    },
    {
      "definition": {
        "custom_links": [],
        "title_size": "16",
        "title": "In & Out Broadcasts",
        "title_align": "left",
        "yaxis": {
          "max": "auto",
          "include_zero": true,
          "scale": "linear",
          "min": "auto",
          "label": ""
        },
        "show_legend": false,
        "requests": [
          {
            "q": "avg:snmp.ifHCInBroadcastPkts{$interface_alias,$interface,$Host,$SNMP_Profile,$IP} by {ifName}",
            "style": {
              "line_width": "normal",
              "palette": "dog_classic",
              "line_type": "solid"
            },
            "display_type": "line"
          },
          {
            "q": "avg:snmp.ifHCOutBroadcastPkts{$interface_alias,$interface,$Host,$SNMP_Profile,$IP} by {ifName}",
            "style": {
              "line_width": "normal",
              "palette": "dog_classic",
              "line_type": "solid"
            },
            "display_type": "line"
          }
        ],
        "type": "timeseries"
      },
      "layout": {
        "y": 39,
        "x": 85,
        "height": 15,
        "width": 32
      },
      "id": 3188361497568368
    },
    {
      "definition": {
        "tick_pos": "50%",
        "show_tick": true,
        "type": "note",
        "tick_edge": "bottom",
        "text_align": "center",
        "content": "Interfaces",
        "font_size": "24",
        "background_color": "white"
      },
      "layout": {
        "y": 32,
        "x": 0,
        "height": 6,
        "width": 117
      },
      "id": 5177872523422654
    },
    {
      "definition": {
        "custom_links": [],
        "title_size": "16",
        "title": "Local Interfaces",
        "title_align": "left",
        "requests": [
          {
            "q": "avg:snmp.ifAdminStatus{$SNMP_Profile,$Host,$IP} by {ifName,ifAlias}",
            "aggregator": "last",
            "alias": "Admin Status"
          },
          {
            "q": "avg:snmp.ifOperStatus{$SNMP_Profile,$Host,$IP} by {ifName,ifAlias}",
            "aggregator": "last",
            "limit": 100,
            "order": "asc",
            "alias": "Oper Status"
          },
          {
            "q": "avg:snmp.ifHighSpeed{$SNMP_Profile,$Host,$IP} by {ifName,ifAlias}",
            "aggregator": "last",
            "alias": "Speed"
          }
        ],
        "type": "query_table"
      },
      "layout": {
        "y": 71,
        "x": 48,
        "height": 15,
        "width": 36
      },
      "id": 422005813067410
    }
  ],
  "layout_type": "free"
}