{
  "notify_list": [],
  "description": "",
  "restricted_roles": [],
  "template_variables": [
    {
      "default": "*",
      "prefix": "ifalias",
      "name": "ifAlias"
    },
    {
      "default": "*",
      "prefix": "ifname",
      "name": "ifName"
    },
    {
      "default": "*",
      "prefix": "host",
      "name": "Host"
    },
    {
      "default": "cgf",
      "prefix": "model",
      "name": "Model"
    },
    {
      "default": "*",
      "prefix": "snmp_device",
      "name": "IP"
    }
  ],
  "is_read_only": false,
  "title": "Barracuda CloudGen Firewall Dashboard",
  "widgets": [
    {
      "definition": {
        "autoscale": true,
        "title": "CPU Utilization (%)",
        "custom_unit": "%",
        "precision": 2,
        "time": {},
        "requests": [
          {
            "q": "avg:snmp.CPUUtilization{$Host,$IP,$Model}",
            "aggregator": "avg",
            "conditional_formats": [
              {
                "palette": "white_on_green",
                "value": 70,
                "comparator": "<"
              },
              {
                "palette": "white_on_yellow",
                "value": 90,
                "comparator": "<="
              },
              {
                "palette": "white_on_red",
                "value": 90,
                "comparator": ">"
              }
            ]
          }
        ],
        "type": "query_value"
      },
      "id": 7018688303915402
    },
    {
      "definition": {
        "autoscale": true,
        "title": "Memory Used (%)",
        "custom_unit": "%",
        "precision": 2,
        "time": {},
        "requests": [
          {
            "q": "(avg:snmp.Memory.Used{$Host,$Model,$IP}/avg:snmp.Memory.Total{$Host,$Model,$IP})*100",
            "aggregator": "avg",
            "conditional_formats": [
              {
                "palette": "white_on_green",
                "value": 80,
                "comparator": "<"
              },
              {
                "palette": "white_on_yellow",
                "value": 90,
                "comparator": "<="
              },
              {
                "palette": "white_on_red",
                "value": 90,
                "comparator": ">"
              }
            ]
          }
        ],
        "type": "query_value"
      },
      "id": 2674372225261276
    },
    {
      "definition": {
        "autoscale": true,
        "title": "Uptime",
        "custom_unit": "Days",
        "precision": 2,
        "time": {},
        "requests": [
          {
            "q": "avg:snmp.systemUptime{$Host,$Model,$IP}/8600000",
            "aggregator": "last"
          }
        ],
        "type": "query_value"
      },
      "id": 1429802441937918
    },
    {
      "definition": {
        "autoscale": false,
        "title": "VPN Users Connected",
        "custom_unit": "user",
        "precision": 0,
        "time": {},
        "requests": [
          {
            "q": "avg:snmp.User.Count{*}",
            "aggregator": "last"
          }
        ],
        "type": "query_value"
      },
      "id": 5742653075615874
    },
    {
      "definition": {
        "title": "Device Throughput",
        "yaxis": {
          "max": "auto",
          "include_zero": true,
          "scale": "linear",
          "min": "auto",
          "label": ""
        },
        "show_legend": false,
        "time": {},
        "requests": [
          {
            "q": "avg:snmp.DataThroughput.Total{$Host,$Model,$IP}",
            "style": {
              "line_width": "normal",
              "palette": "dog_classic",
              "line_type": "solid"
            },
            "display_type": "area"
          }
        ],
        "type": "timeseries",
        "legend_size": "0"
      },
      "id": 2484929788940130
    },
    {
      "definition": {
        "requests": [
          {
            "q": "avg:snmp.Service.State{$Host,$IP,$Model} by {service}",
            "aggregator": "avg",
            "limit": 10,
            "order": "desc",
            "alias": "Service State (1 Running, 0 Stopped)"
          }
        ],
        "time": {},
        "type": "query_table",
        "title": "Service States"
      },
      "id": 3495763352209414
    },
    {
      "definition": {
        "widgets": [
          {
            "definition": {
              "autoscale": true,
              "title": "Interface Admin Status",
              "precision": 2,
              "time": {},
              "requests": [
                {
                  "q": "avg:snmp.Interface.AdminStatus{$Host,$Model,$IP,$ifAlias,$ifName}",
                  "aggregator": "avg",
                  "conditional_formats": [
                    {
                      "palette": "white_on_red",
                      "value": 2,
                      "comparator": ">="
                    },
                    {
                      "palette": "white_on_green",
                      "value": 1,
                      "comparator": ">="
                    }
                  ]
                }
              ],
              "type": "query_value"
            },
            "id": 7350546470649684
          },
          {
            "definition": {
              "title": "Bytes In & Bytes Out",
              "yaxis": {
                "max": "auto",
                "include_zero": true,
                "scale": "linear",
                "min": "auto",
                "label": ""
              },
              "show_legend": false,
              "time": {},
              "requests": [
                {
                  "q": "avg:snmp.Interface.InOctets{$Host,$Model,$IP,$ifAlias,$ifName}.as_count()",
                  "style": {
                    "line_width": "normal",
                    "palette": "dog_classic",
                    "line_type": "solid"
                  },
                  "display_type": "line"
                },
                {
                  "q": "avg:snmp.Interface.OutOctets{$Host,$Model,$IP,$ifAlias,$ifName}.as_count()",
                  "style": {
                    "line_width": "normal",
                    "palette": "dog_classic",
                    "line_type": "solid"
                  },
                  "display_type": "line"
                }
              ],
              "type": "timeseries",
              "legend_size": "0"
            },
            "id": 4285942978002280
          },
          {
            "definition": {
              "title": "In & Out Broadcasts",
              "yaxis": {
                "max": "auto",
                "include_zero": true,
                "scale": "linear",
                "min": "auto",
                "label": ""
              },
              "show_legend": false,
              "time": {},
              "requests": [
                {
                  "q": "avg:snmp.Interface.InBroadcastPkts{$Host,$Model,$ifAlias,$ifName,$IP}.as_count()",
                  "style": {
                    "line_width": "normal",
                    "palette": "dog_classic",
                    "line_type": "solid"
                  },
                  "display_type": "line"
                },
                {
                  "q": "avg:snmp.Interface.OutBroadcastPkts{$Host,$Model,$ifAlias,$ifName,$IP}.as_count()",
                  "style": {
                    "line_width": "normal",
                    "palette": "dog_classic",
                    "line_type": "solid"
                  },
                  "display_type": "line"
                }
              ],
              "type": "timeseries",
              "legend_size": "0"
            },
            "id": 1413077059464278
          },
          {
            "definition": {
              "title": "In & Out Unicast Packets",
              "yaxis": {
                "max": "auto",
                "include_zero": true,
                "scale": "linear",
                "min": "auto",
                "label": ""
              },
              "show_legend": false,
              "time": {},
              "requests": [
                {
                  "q": "avg:snmp.Interface.InUnicastPkts{$Host,$Model,$IP,$ifAlias,$ifName}.as_count()",
                  "style": {
                    "line_width": "normal",
                    "palette": "dog_classic",
                    "line_type": "solid"
                  },
                  "display_type": "line"
                },
                {
                  "q": "avg:snmp.Interface.OutUnicastPkts{$Host,$Model,$IP,$ifAlias,$ifName}.as_count()",
                  "style": {
                    "line_width": "normal",
                    "palette": "dog_classic",
                    "line_type": "solid"
                  },
                  "display_type": "line"
                }
              ],
              "type": "timeseries",
              "legend_size": "0"
            },
            "id": 8827896852566090
          },
          {
            "definition": {
              "title": "In & Out MultiCastPkts",
              "yaxis": {
                "max": "auto",
                "include_zero": true,
                "scale": "linear",
                "min": "auto",
                "label": ""
              },
              "show_legend": false,
              "time": {},
              "requests": [
                {
                  "q": "avg:snmp.Interface.InMulticastPkts{$Host,$Model,$IP,$ifAlias,$ifName}.as_count()",
                  "style": {
                    "line_width": "normal",
                    "palette": "dog_classic",
                    "line_type": "solid"
                  },
                  "display_type": "line"
                },
                {
                  "q": "avg:snmp.Interface.OutMulticastPkts{$Host,$Model,$IP,$ifAlias,$ifName}.as_count()",
                  "style": {
                    "line_width": "normal",
                    "palette": "dog_classic",
                    "line_type": "solid"
                  },
                  "display_type": "line"
                }
              ],
              "type": "timeseries",
              "legend_size": "0"
            },
            "id": 4278137309477124
          },
          {
            "definition": {
              "title": "In & Out Errors",
              "yaxis": {
                "max": "auto",
                "include_zero": true,
                "scale": "linear",
                "min": "auto",
                "label": ""
              },
              "show_legend": false,
              "time": {},
              "requests": [
                {
                  "q": "avg:snmp.Interface.InErrors{$ifAlias,$ifName,$Host,$Model,$IP} by {ifdesc}.as_count()",
                  "style": {
                    "line_width": "normal",
                    "palette": "dog_classic",
                    "line_type": "solid"
                  },
                  "display_type": "area"
                },
                {
                  "q": "avg:snmp.Interface.OutErrors{$ifAlias,$ifName,$Host,$Model,$IP} by {ifdesc}.as_count()",
                  "style": {
                    "line_width": "normal",
                    "palette": "dog_classic",
                    "line_type": "solid"
                  },
                  "display_type": "line"
                }
              ],
              "type": "timeseries",
              "legend_size": "0"
            },
            "id": 8218317871206302
          },
          {
            "definition": {
              "autoscale": true,
              "title": "Interface Operation Status",
              "precision": 2,
              "time": {},
              "requests": [
                {
                  "q": "avg:snmp.Interface.OperStatus{$Host,$Model,$ifAlias,$IP,$ifName}",
                  "aggregator": "avg",
                  "conditional_formats": [
                    {
                      "palette": "white_on_red",
                      "value": 2,
                      "comparator": ">="
                    },
                    {
                      "palette": "white_on_green",
                      "value": 1,
                      "comparator": ">="
                    }
                  ]
                }
              ],
              "type": "query_value"
            },
            "id": 6191846750514710
          },
          {
            "definition": {
              "autoscale": true,
              "title": "Interface Speed",
              "custom_unit": "b/s",
              "precision": 2,
              "time": {},
              "requests": [
                {
                  "q": "avg:snmp.Interface.Speed{$ifAlias,$ifName,$Host,$IP,$Model}",
                  "aggregator": "avg"
                }
              ],
              "type": "query_value"
            },
            "id": 1248447682967274
          },
          {
            "definition": {
              "requests": [
                {
                  "q": "avg:snmp.Interface.AdminStatus{$Host,$Model,$IP} by {interface}",
                  "aggregator": "avg",
                  "limit": 10,
                  "order": "desc",
                  "alias": "Admin Status"
                },
                {
                  "q": "avg:snmp.Interface.OperStatus{$Host,$Model,$IP} by {interface}",
                  "aggregator": "avg",
                  "alias": "Operation Status"
                },
                {
                  "q": "avg:snmp.Interface.Speed{$Host,$Model,$IP} by {interface}",
                  "aggregator": "avg",
                  "alias": "Speed"
                }
              ],
              "time": {},
              "type": "query_table",
              "title": "Local Interfaces"
            },
            "id": 1310489150856066
          }
        ],
        "layout_type": "ordered",
        "type": "group",
        "title": "Interfaces"
      },
      "id": 7248133278652932
    },
    {
      "definition": {
        "widgets": [
          {
            "definition": {
              "autoscale": true,
              "title": "CPU System Time",
              "custom_unit": "%",
              "precision": 2,
              "time": {},
              "requests": [
                {
                  "q": "avg:snmp.CPUSystemTime{$Host,$Model,$IP}",
                  "aggregator": "avg"
                }
              ],
              "type": "query_value"
            },
            "id": 5323057836553828
          },
          {
            "definition": {
              "autoscale": true,
              "title": "CPU User Time",
              "custom_unit": "%",
              "precision": 2,
              "time": {},
              "requests": [
                {
                  "q": "avg:snmp.CPUUserTime{$Host,$Model,$IP}",
                  "aggregator": "avg"
                }
              ],
              "type": "query_value"
            },
            "id": 6569921345593550
          },
          {
            "definition": {
              "autoscale": true,
              "title": "CPU Idle",
              "custom_unit": "%",
              "precision": 2,
              "time": {},
              "requests": [
                {
                  "q": "avg:snmp.CPUIdleTime{$Host,$Model,$IP}",
                  "aggregator": "avg"
                }
              ],
              "type": "query_value"
            },
            "id": 4706974552329076
          }
        ],
        "layout_type": "ordered",
        "type": "group",
        "title": "CPU"
      },
      "id": 6289815069138824
    },
    {
      "definition": {
        "widgets": [
          {
            "definition": {
              "title": "Memory Stats",
              "yaxis": {
                "max": "auto",
                "include_zero": true,
                "scale": "linear",
                "min": "auto",
                "label": ""
              },
              "show_legend": false,
              "time": {},
              "requests": [
                {
                  "q": "avg:snmp.Memory.Total{$Host,$Model,$IP}",
                  "style": {
                    "line_width": "normal",
                    "palette": "dog_classic",
                    "line_type": "solid"
                  },
                  "display_type": "line"
                },
                {
                  "q": "avg:snmp.Memory.Used{$Host,$Model,$IP}",
                  "style": {
                    "line_width": "normal",
                    "palette": "dog_classic",
                    "line_type": "solid"
                  },
                  "display_type": "line"
                }
              ],
              "type": "timeseries",
              "legend_size": "0"
            },
            "id": 8333443984273626
          },
          {
            "definition": {
              "autoscale": true,
              "title": "Memory Usage (%)",
              "custom_unit": "%",
              "precision": 2,
              "time": {},
              "requests": [
                {
                  "q": "(avg:snmp.Memory.Used{$Host,$Model,$IP}/avg:snmp.Memory.Total{$Host,$Model,$IP})*100",
                  "aggregator": "avg"
                }
              ],
              "type": "query_value"
            },
            "id": 6954583733339830
          }
        ],
        "layout_type": "ordered",
        "type": "group",
        "title": "Memory"
      },
      "id": 5340564789279712
    }
  ],
  "layout_type": "ordered"
}