{
  "notify_list": [],
  "description": "MyMsk: \n\nThis dashboard provides high-level resource metrics for the .NET runtime, including different forms of CPU and memory utilization.\n\nClone this template dashboard to make changes and add your own graph widgets. (cloned) (cloned)",
  "restricted_roles": [],
  "template_variable_presets": [
    {
      "template_variables": [
        {
          "name": "env",
          "value": "prod"
        },
        {
          "name": "host",
          "value": "vssddpmwebptl32"
        }
      ],
      "name": "VSSDD_Prod"
    }
  ],
  "template_variables": [
    {
      "default": "*",
      "prefix": "env",
      "name": "env",
      "available_values": []
    },
    {
      "default": "*",
      "prefix": "service",
      "name": "service",
      "available_values": []
    },
    {
      "default": "*",
      "prefix": "host",
      "name": "host",
      "available_values": []
    },
    {
      "default": "*",
      "prefix": "validated_host",
      "name": "validated_host",
      "available_values": []
    },
    {
      "default": "*",
      "prefix": "resource_name",
      "name": "resource_name",
      "available_values": []
    }
  ],
  "is_read_only": false,
  "title": "MyMsk - Dashboard",
  "reflow_type": "auto",
  "widgets": [
    {
      "definition": {
        "widgets": [
          {
            "definition": {
              "title_size": "16",
              "title": "Agent Status By Service",
              "title_align": "left",
              "group_by": [],
              "type": "check_status",
              "check": "datadog.agent.up",
              "tags": [
                "$service",
                "$host"
              ],
              "grouping": "cluster"
            },
            "id": 5593588794253816
          },
          {
            "definition": {
              "title_size": "16",
              "title": "IIS App Pool Status",
              "title_align": "left",
              "group_by": [],
              "type": "check_status",
              "check": "iis.app_pool_up",
              "tags": [
                "*"
              ],
              "grouping": "cluster"
            },
            "id": 7736677796283628
          },
          {
            "definition": {
              "title_size": "16",
              "title": "Tag Value Validator by Validated Host",
              "title_align": "left",
              "group_by": [],
              "type": "check_status",
              "check": "rapdev.validator.tag.value_validator",
              "tags": [
                "$validated_host"
              ],
              "grouping": "cluster"
            },
            "id": 1578315210265254
          },
          {
            "definition": {
              "title_size": "16",
              "title": "Tag Key Validator By Validated Host",
              "title_align": "left",
              "group_by": [],
              "type": "check_status",
              "check": "rapdev.validator.tag.key_validator",
              "tags": [
                "$validated_host"
              ],
              "grouping": "cluster"
            },
            "id": 6324138488460626
          }
        ],
        "layout_type": "ordered",
        "type": "group",
        "show_title": true,
        "title": "Status Checks"
      },
      "id": 7690145967535770
    },
    {
      "definition": {
        "widgets": [
          {
            "definition": {
              "title_size": "16",
              "legend_columns": [
                "avg",
                "min",
                "max",
                "value",
                "sum"
              ],
              "yaxis": {
                "include_zero": true,
                "max": "auto",
                "scale": "linear",
                "min": "auto",
                "label": ""
              },
              "title_align": "left",
              "markers": [],
              "legend_layout": "auto",
              "show_legend": true,
              "title": "Request By Duration And Path",
              "requests": [
                {
                  "formulas": [
                    {
                      "formula": "query1"
                    }
                  ],
                  "style": {
                    "line_width": "normal",
                    "palette": "dog_classic",
                    "line_type": "solid"
                  },
                  "display_type": "line",
                  "response_format": "timeseries",
                  "queries": [
                    {
                      "query": "avg:trace.aspnet_core.request.duration{$service,$host,$env} by {http.status_code,resource_name}",
                      "data_source": "metrics",
                      "name": "query1"
                    }
                  ]
                }
              ],
              "type": "timeseries"
            },
            "id": 6738123007391118
          },
          {
            "definition": {
              "title_size": "16",
              "legend_columns": [
                "avg",
                "min",
                "max",
                "value",
                "sum"
              ],
              "yaxis": {
                "include_zero": true,
                "max": "auto",
                "scale": "linear",
                "min": "auto",
                "label": ""
              },
              "title_align": "left",
              "markers": [],
              "legend_layout": "auto",
              "show_legend": true,
              "title": "Request By Path",
              "requests": [
                {
                  "formulas": [
                    {
                      "alias": "",
                      "formula": "query1"
                    }
                  ],
                  "style": {
                    "line_width": "normal",
                    "palette": "dog_classic",
                    "line_type": "solid"
                  },
                  "display_type": "line",
                  "response_format": "timeseries",
                  "queries": [
                    {
                      "query": "max:trace.aspnet_core.request{$host,$env,$resource_name} by {resource_name}",
                      "data_source": "metrics",
                      "name": "query1"
                    }
                  ]
                }
              ],
              "type": "timeseries"
            },
            "id": 3758275138324712
          },
          {
            "definition": {
              "title_size": "16",
              "legend_columns": [
                "avg",
                "min",
                "max",
                "value",
                "sum"
              ],
              "yaxis": {
                "include_zero": true,
                "max": "auto",
                "scale": "linear",
                "min": "auto",
                "label": ""
              },
              "title_align": "left",
              "markers": [],
              "legend_layout": "auto",
              "show_legend": false,
              "title": "Request Hits vs Errors",
              "requests": [
                {
                  "formulas": [
                    {
                      "alias": "Hits",
                      "formula": "query1"
                    }
                  ],
                  "style": {
                    "line_width": "normal",
                    "palette": "dog_classic",
                    "line_type": "solid"
                  },
                  "display_type": "bars",
                  "response_format": "timeseries",
                  "queries": [
                    {
                      "query": "sum:trace.aspnet_core.request.hits{$resource_name,$service}.as_count()",
                      "data_source": "metrics",
                      "name": "query1"
                    }
                  ]
                },
                {
                  "formulas": [
                    {
                      "alias": "Errors",
                      "formula": "query1"
                    }
                  ],
                  "style": {
                    "palette": "warm"
                  },
                  "display_type": "bars",
                  "response_format": "timeseries",
                  "queries": [
                    {
                      "query": "sum:trace.aspnet_core.request.errors{$resource_name,$service}.as_count()",
                      "data_source": "metrics",
                      "name": "query1"
                    }
                  ]
                }
              ],
              "type": "timeseries"
            },
            "id": 1990017291888164
          },
          {
            "definition": {
              "title_size": "16",
              "legend_columns": [
                "avg",
                "min",
                "max",
                "value",
                "sum"
              ],
              "yaxis": {
                "include_zero": true,
                "max": "auto",
                "scale": "linear",
                "min": "auto",
                "label": ""
              },
              "title_align": "left",
              "markers": [],
              "legend_layout": "auto",
              "show_legend": false,
              "title": "Request Apdex",
              "requests": [
                {
                  "formulas": [
                    {
                      "formula": "query1"
                    }
                  ],
                  "style": {
                    "line_width": "normal",
                    "palette": "dog_classic",
                    "line_type": "solid"
                  },
                  "display_type": "line",
                  "response_format": "timeseries",
                  "queries": [
                    {
                      "query": "sum:trace.aspnet_core.request.apdex{service:mskpatientportal,$env}",
                      "data_source": "metrics",
                      "name": "query1"
                    }
                  ]
                }
              ],
              "type": "timeseries"
            },
            "id": 2053413778770842
          },
          {
            "definition": {
              "title_size": "16",
              "title": "Performance by service",
              "title_align": "left",
              "has_search_bar": "auto",
              "time": {},
              "requests": [
                {
                  "formulas": [
                    {
                      "alias": "Avg latency",
                      "conditional_formats": [],
                      "cell_display_mode": "bar",
                      "formula": "query1"
                    },
                    {
                      "alias": "Total time",
                      "conditional_formats": [],
                      "cell_display_mode": "bar",
                      "formula": "query2"
                    },
                    {
                      "alias": "Hits",
                      "cell_display_mode": "bar",
                      "limit": {
                        "count": 500,
                        "order": "desc"
                      },
                      "formula": "query3"
                    },
                    {
                      "alias": "Errors",
                      "cell_display_mode": "bar",
                      "formula": "query4"
                    },
                    {
                      "alias": "Error rate (%)",
                      "conditional_formats": [],
                      "cell_display_mode": "bar",
                      "formula": "query4 / (query3 + query4) * 100"
                    }
                  ],
                  "response_format": "scalar",
                  "queries": [
                    {
                      "query": "avg:trace.http.request{$service} by {resource_name,service}",
                      "data_source": "metrics",
                      "name": "query1",
                      "aggregator": "avg"
                    },
                    {
                      "query": "sum:trace.http.request{$service} by {resource_name,service}.as_count()",
                      "data_source": "metrics",
                      "name": "query2",
                      "aggregator": "sum"
                    },
                    {
                      "query": "sum:trace.http.request.hits{$service} by {resource_name,service}.as_count()",
                      "data_source": "metrics",
                      "name": "query3",
                      "aggregator": "sum"
                    },
                    {
                      "query": "sum:trace.http.request.errors{$service} by {resource_name,service}.as_count()",
                      "data_source": "metrics",
                      "name": "query4",
                      "aggregator": "sum"
                    }
                  ]
                }
              ],
              "type": "query_table"
            },
            "id": 3102476087204932
          }
        ],
        "layout_type": "ordered",
        "type": "group",
        "show_title": true,
        "title": "ASP.NET Core Tracing"
      },
      "id": 10
    },
    {
      "definition": {
        "widgets": [
          {
            "definition": {
              "title_size": "16",
              "legend_columns": [
                "avg",
                "min",
                "max",
                "value",
                "sum"
              ],
              "yaxis": {
                "include_zero": true,
                "max": "auto",
                "scale": "linear",
                "min": "auto",
                "label": ""
              },
              "title_align": "left",
              "markers": [],
              "legend_layout": "auto",
              "show_legend": true,
              "title": "Requests",
              "requests": [
                {
                  "formulas": [
                    {
                      "alias": "Total per minute",
                      "formula": "per_second(query1)"
                    }
                  ],
                  "style": {
                    "line_width": "normal",
                    "palette": "dog_classic",
                    "line_type": "solid"
                  },
                  "display_type": "line",
                  "response_format": "timeseries",
                  "queries": [
                    {
                      "query": "avg:runtime.dotnet.aspnetcore.requests.total{$env,$service,$host}.rollup(60)",
                      "data_source": "metrics",
                      "name": "query1"
                    }
                  ]
                },
                {
                  "formulas": [
                    {
                      "alias": "Failed per Minute",
                      "formula": "per_second(query1)"
                    }
                  ],
                  "style": {
                    "line_width": "normal",
                    "palette": "orange",
                    "line_type": "solid"
                  },
                  "response_format": "timeseries",
                  "on_right_yaxis": false,
                  "display_type": "line",
                  "queries": [
                    {
                      "query": "avg:runtime.dotnet.aspnetcore.requests.failed{$env,$service,$host}.rollup(60)",
                      "data_source": "metrics",
                      "name": "query1"
                    }
                  ]
                },
                {
                  "formulas": [
                    {
                      "formula": "query1",
                      "alias": "Current"
                    }
                  ],
                  "style": {
                    "line_width": "normal",
                    "palette": "dog_classic",
                    "line_type": "solid"
                  },
                  "display_type": "line",
                  "response_format": "timeseries",
                  "queries": [
                    {
                      "query": "avg:runtime.dotnet.aspnetcore.requests.current{$env,$service,$host}",
                      "data_source": "metrics",
                      "name": "query1"
                    }
                  ]
                },
                {
                  "formulas": [
                    {
                      "formula": "query1",
                      "alias": "Queue-length"
                    }
                  ],
                  "style": {
                    "line_width": "normal",
                    "palette": "dog_classic",
                    "line_type": "solid"
                  },
                  "display_type": "line",
                  "response_format": "timeseries",
                  "queries": [
                    {
                      "query": "avg:runtime.dotnet.aspnetcore.requests.queue_length{$env,$service,$host}",
                      "data_source": "metrics",
                      "name": "query1"
                    }
                  ]
                }
              ],
              "type": "timeseries"
            },
            "id": 6966838297853428
          },
          {
            "definition": {
              "title": ".NET process CPU usage",
              "yaxis": {
                "include_zero": true,
                "max": "auto",
                "scale": "linear",
                "min": "auto",
                "label": ""
              },
              "right_yaxis": {
                "include_zero": true,
                "max": "auto",
                "scale": "linear",
                "min": "auto",
                "label": ""
              },
              "legend_layout": "auto",
              "show_legend": true,
              "markers": [],
              "legend_size": "0",
              "type": "timeseries",
              "requests": [
                {
                  "q": "avg:runtime.dotnet.cpu.user{$env,$service,$host}",
                  "style": {
                    "line_width": "normal",
                    "palette": "dog_classic",
                    "line_type": "solid"
                  },
                  "display_type": "line",
                  "metadata": [
                    {
                      "alias_name": "user time",
                      "expression": "avg:runtime.dotnet.cpu.user{$env,$service,$host}"
                    }
                  ]
                },
                {
                  "q": "avg:runtime.dotnet.cpu.system{$env,$service,$host}",
                  "style": {
                    "line_width": "normal",
                    "palette": "dog_classic",
                    "line_type": "solid"
                  },
                  "display_type": "line",
                  "metadata": [
                    {
                      "alias_name": "system time",
                      "expression": "avg:runtime.dotnet.cpu.system{$env,$service,$host}"
                    }
                  ]
                },
                {
                  "q": "avg:runtime.dotnet.cpu.percent{$env,$service,$host}",
                  "on_right_yaxis": true,
                  "style": {
                    "line_width": "normal",
                    "palette": "dog_classic",
                    "line_type": "solid"
                  },
                  "display_type": "line",
                  "metadata": [
                    {
                      "alias_name": "cpu usage",
                      "expression": "avg:runtime.dotnet.cpu.percent{$env,$service,$host}"
                    }
                  ]
                }
              ]
            },
            "id": 0
          },
          {
            "definition": {
              "title": ".NET process memory usage",
              "yaxis": {
                "include_zero": true,
                "max": "auto",
                "scale": "linear",
                "min": "auto",
                "label": ""
              },
              "legend_layout": "auto",
              "show_legend": true,
              "legend_size": "0",
              "type": "timeseries",
              "requests": [
                {
                  "q": "avg:runtime.dotnet.mem.committed{$env,$service,$host}",
                  "style": {
                    "line_width": "normal",
                    "palette": "dog_classic",
                    "line_type": "solid"
                  },
                  "display_type": "line"
                }
              ]
            },
            "id": 1
          },
          {
            "definition": {
              "title": "Threads count",
              "yaxis": {
                "include_zero": true,
                "max": "auto",
                "scale": "linear",
                "min": "auto",
                "label": ""
              },
              "markers": [],
              "legend_layout": "auto",
              "show_legend": true,
              "legend_size": "0",
              "type": "timeseries",
              "requests": [
                {
                  "q": "avg:runtime.dotnet.threads.count{$env,$service,$host}",
                  "style": {
                    "line_width": "normal",
                    "palette": "dog_classic",
                    "line_type": "solid"
                  },
                  "display_type": "line",
                  "metadata": [
                    {
                      "alias_name": "Threads",
                      "expression": "avg:runtime.dotnet.threads.count{$env,$service,$host}"
                    }
                  ]
                },
                {
                  "q": "avg:runtime.dotnet.threads.workers_count{$env,$service,$host}",
                  "style": {
                    "line_width": "normal",
                    "palette": "dog_classic",
                    "line_type": "solid"
                  },
                  "display_type": "line",
                  "metadata": [
                    {
                      "alias_name": "Threadpool workers",
                      "expression": "avg:runtime.dotnet.threads.workers_count{$env,$service,$host}"
                    }
                  ]
                }
              ]
            },
            "id": 3
          },
          {
            "definition": {
              "title": "GC pause time",
              "yaxis": {
                "include_zero": true,
                "max": "auto",
                "scale": "linear",
                "min": "auto",
                "label": ""
              },
              "legend_layout": "auto",
              "show_legend": true,
              "legend_size": "0",
              "type": "timeseries",
              "requests": [
                {
                  "q": "avg:runtime.dotnet.gc.pause_time.median{$env,$service,$host}",
                  "style": {
                    "line_width": "normal",
                    "palette": "dog_classic",
                    "line_type": "solid"
                  },
                  "display_type": "line",
                  "metadata": [
                    {
                      "alias_name": "Median pause time",
                      "expression": "avg:runtime.dotnet.gc.pause_time.median{*}"
                    }
                  ]
                },
                {
                  "q": "avg:runtime.dotnet.gc.pause_time.max{$env,$service,$host}",
                  "style": {
                    "line_width": "normal",
                    "palette": "dog_classic",
                    "line_type": "solid"
                  },
                  "display_type": "line",
                  "metadata": [
                    {
                      "alias_name": "Max pause time",
                      "expression": "avg:runtime.dotnet.gc.pause_time.max{*}"
                    }
                  ]
                }
              ]
            },
            "id": 5
          },
          {
            "definition": {
              "title": "Memory load",
              "yaxis": {
                "max": "100"
              },
              "markers": [
                {
                  "display_type": "error solid",
                  "value": "y = 90",
                  "label": " High memory load "
                },
                {
                  "display_type": "warning dashed",
                  "value": "y = 85"
                }
              ],
              "legend_layout": "auto",
              "show_legend": true,
              "legend_size": "0",
              "type": "timeseries",
              "requests": [
                {
                  "q": "avg:runtime.dotnet.gc.memory_load{$env,$service,$host}",
                  "style": {
                    "line_width": "normal",
                    "palette": "dog_classic",
                    "line_type": "solid"
                  },
                  "display_type": "line"
                }
              ]
            },
            "id": 7
          },
          {
            "definition": {
              "title": "Contention time",
              "yaxis": {
                "include_zero": true,
                "max": "auto",
                "scale": "linear",
                "min": "auto",
                "label": ""
              },
              "markers": [],
              "legend_layout": "auto",
              "show_legend": true,
              "legend_size": "0",
              "type": "timeseries",
              "requests": [
                {
                  "q": "avg:runtime.dotnet.threads.contention_time{$env,$service,$host}",
                  "style": {
                    "line_width": "normal",
                    "palette": "dog_classic",
                    "line_type": "solid"
                  },
                  "display_type": "line"
                }
              ]
            },
            "id": 8
          },
          {
            "definition": {
              "legend_columns": [
                "avg",
                "min",
                "max",
                "value",
                "sum"
              ],
              "title": "GC collections count",
              "yaxis": {
                "include_zero": true,
                "max": "auto",
                "scale": "linear",
                "min": "auto",
                "label": ""
              },
              "markers": [],
              "legend_layout": "auto",
              "show_legend": true,
              "requests": [
                {
                  "formulas": [
                    {
                      "formula": "query1",
                      "alias": "gen0"
                    }
                  ],
                  "style": {
                    "line_width": "normal",
                    "palette": "dog_classic",
                    "line_type": "solid"
                  },
                  "display_type": "line",
                  "response_format": "timeseries",
                  "queries": [
                    {
                      "query": "avg:runtime.dotnet.gc.count.gen0{$env,$service,$host}.as_count()",
                      "data_source": "metrics",
                      "name": "query1"
                    }
                  ]
                },
                {
                  "formulas": [
                    {
                      "formula": "query1",
                      "alias": "gen1"
                    }
                  ],
                  "style": {
                    "line_width": "normal",
                    "palette": "dog_classic",
                    "line_type": "solid"
                  },
                  "display_type": "line",
                  "response_format": "timeseries",
                  "queries": [
                    {
                      "query": "avg:runtime.dotnet.gc.count.gen1{$env,$service,$host}.as_count()",
                      "data_source": "metrics",
                      "name": "query1"
                    }
                  ]
                },
                {
                  "formulas": [
                    {
                      "formula": "query1",
                      "alias": "background gen2"
                    }
                  ],
                  "style": {
                    "line_width": "normal",
                    "palette": "dog_classic",
                    "line_type": "solid"
                  },
                  "display_type": "line",
                  "response_format": "timeseries",
                  "queries": [
                    {
                      "query": "avg:runtime.dotnet.gc.count.gen2{compacting_gc:false,$env,$service,$host}.as_count()",
                      "data_source": "metrics",
                      "name": "query1"
                    }
                  ]
                },
                {
                  "formulas": [
                    {
                      "formula": "query1",
                      "alias": "foreground gen2"
                    }
                  ],
                  "style": {
                    "line_width": "normal",
                    "palette": "dog_classic",
                    "line_type": "solid"
                  },
                  "display_type": "line",
                  "response_format": "timeseries",
                  "queries": [
                    {
                      "query": "avg:runtime.dotnet.gc.count.gen2{compacting_gc:true,$env,$service,$host}.as_count()",
                      "data_source": "metrics",
                      "name": "query1"
                    }
                  ]
                },
                {
                  "formulas": [
                    {
                      "formula": "query1",
                      "alias": "gen2"
                    }
                  ],
                  "style": {
                    "line_width": "normal",
                    "palette": "dog_classic",
                    "line_type": "solid"
                  },
                  "display_type": "line",
                  "response_format": "timeseries",
                  "queries": [
                    {
                      "query": "avg:runtime.dotnet.gc.count.gen2{(NOT (compacting_gc:false OR compacting_gc:true)) AND $env AND $service AND $host}.as_count()",
                      "data_source": "metrics",
                      "name": "query1"
                    }
                  ]
                }
              ],
              "type": "timeseries"
            },
            "id": 4
          },
          {
            "definition": {
              "title_size": "16",
              "yaxis": {
                "include_zero": true,
                "max": "auto",
                "scale": "linear",
                "min": "auto",
                "label": ""
              },
              "title_align": "left",
              "markers": [],
              "legend_layout": "auto",
              "show_legend": true,
              "title": "Connections",
              "requests": [
                {
                  "q": "per_second(avg:runtime.dotnet.aspnetcore.connections.total{$env,$service,$host}.rollup(10))",
                  "style": {
                    "line_width": "normal",
                    "palette": "dog_classic",
                    "line_type": "solid"
                  },
                  "display_type": "line",
                  "metadata": [
                    {
                      "alias_name": "Total per second",
                      "expression": "per_second(avg:runtime.dotnet.aspnetcore.connections.total{$env,$service,$host}.rollup(10))"
                    }
                  ]
                },
                {
                  "q": "avg:runtime.dotnet.aspnetcore.connections.current{$env,$service,$host}",
                  "style": {
                    "line_width": "normal",
                    "palette": "dog_classic",
                    "line_type": "solid"
                  },
                  "display_type": "line",
                  "metadata": [
                    {
                      "alias_name": "Current",
                      "expression": "avg:runtime.dotnet.aspnetcore.connections.current{$env,$service,$host}"
                    }
                  ]
                },
                {
                  "q": "avg:runtime.dotnet.aspnetcore.connections.queue_length{$env,$service,$host}",
                  "style": {
                    "line_width": "normal",
                    "palette": "dog_classic",
                    "line_type": "solid"
                  },
                  "display_type": "line",
                  "metadata": [
                    {
                      "alias_name": "Queue length",
                      "expression": "avg:runtime.dotnet.aspnetcore.connections.queue_length{$env,$service,$host}"
                    }
                  ]
                }
              ],
              "type": "timeseries"
            },
            "id": 2271287020437686
          }
        ],
        "layout_type": "ordered",
        "type": "group",
        "show_title": true,
        "title": ".NET Runtime Metrics"
      },
      "id": 8482015990182850
    }
  ],
  "layout_type": "ordered"
}