{
  "notify_list": [],
  "description": "This dashboard contains all the widgets from the RapDev Dashboard Widget Pack.\n\nAny of the widgets here can be cloned and imported into any other dashboard or dragged and dropped from the App section of the widget list.",
  "restricted_roles": [],
  "template_variables": [],
  "is_read_only": false,
  "title": "RapDev Dashboard Widgets Pack",
  "reflow_type": "fixed",
  "widgets": [
    {
      "definition": {
        "title_size": "16",
        "title": "",
        "title_align": "left",
        "app_id": "d92a6a54-aff0-41b0-9eef-1f6772ef2fac",
        "custom_widget_key": "rapdev_polar",
        "type": "custom",
        "options": {
          "active-operation": "sum",
          "show-legend": false,
          "reduce-operation": "sum",
          "chart-color": "cool",
          "active-group": "instance-type",
          "active-metrics": "aws.ec2.host_ok",
          "active-host": "*"
        }
      },
      "layout": {
        "y": 0,
        "x": 0,
        "height": 4,
        "width": 4
      },
      "id": 4928542033482906
    },
    {
      "definition": {
        "title_size": "16",
        "title": "",
        "title_align": "left",
        "app_id": "d92a6a54-aff0-41b0-9eef-1f6772ef2fac",
        "custom_widget_key": "rapdev_radar",
        "type": "custom",
        "options": {
          "active-operation": "sum",
          "show-legend": false,
          "reduce-operation": "avg",
          "chart-color": "default",
          "active-group": "instance-type",
          "active-metrics": "aws.ec2.host_ok",
          "active-host": "*"
        }
      },
      "layout": {
        "y": 0,
        "x": 4,
        "height": 4,
        "width": 4
      },
      "id": 5883849268397752
    },
    {
      "definition": {
        "title_size": "16",
        "title": "",
        "title_align": "left",
        "app_id": "d92a6a54-aff0-41b0-9eef-1f6772ef2fac",
        "custom_widget_key": "rapdev_gauge",
        "type": "custom",
        "options": {
          "active-operation": "avg",
          "min-value": 0,
          "max-value": 100,
          "reduce-operation": "avg",
          "active-metrics": "system.cpu.user",
          "active-host": "*"
        }
      },
      "layout": {
        "y": 4,
        "x": 0,
        "height": 4,
        "width": 4
      },
      "id": 3767498211368738
    },
    {
      "definition": {
        "title_size": "16",
        "title": "",
        "title_align": "left",
        "app_id": "d92a6a54-aff0-41b0-9eef-1f6772ef2fac",
        "custom_widget_key": "panat_gauge",
        "type": "custom",
        "options": {
          "active-operation": "avg",
          "min-value": 0,
          "max-value": 100,
          "reduce-operation": "avg",
          "active-metrics": "system.cpu.user",
          "active-host": "*"
        }
      },
      "layout": {
        "y": 4,
        "x": 4,
        "height": 2,
        "width": 2
      },
      "id": 917740124990956
    }
  ],
  "layout_type": "ordered"
}