{
  "notify_list": [],
  "description": "",
  "restricted_roles": [],
  "template_variables": [],
  "is_read_only": false,
  "title": "Reuben StatPanel Test",
  "reflow_type": "fixed",
  "widgets": [
    {
      "definition": {
        "title_size": "16",
        "title": "",
        "title_align": "left",
        "app_id": "71e45528-90fd-11ec-82e8-da7ad0900002",
        "custom_widget_key": "your_first_widget",
        "type": "custom",
        "options": {
          "group": "host",
          "value1": "200",
          "metric": "system.proc.count",
          "background2": "red",
          "background1": "orange",
          "host": "*",
          "value2": "50",
          "background": "blue",
          "textColor": "white",
          "type": "last",
          "condition2": "Greater",
          "condition1": "Less"
        }
      },
      "layout": {
        "y": 0,
        "x": 0,
        "height": 3,
        "width": 11
      },
      "id": 2104720959464106
    }
  ],
  "layout_type": "ordered"
}