{
  "notify_list": [],
  "description": "",
  "restricted_roles": [],
  "template_variables": [],
  "is_read_only": false,
  "title": "temp",
  "widgets": [
    {
      "definition": {
        "title_size": "16",
        "title": "",
        "title_align": "left",
        "app_id": "76994658-c0e3-11ec-a8de-da7ad0900002",
        "custom_widget_key": "rapdev_stat_panel",
        "type": "custom",
        "options": {
          "group": "*",
          "background": "red",
          "metric": "system.cpu.idle",
          "reducer": "avg",
          "background2": "blue",
          "background1": "green",
          "host": "*",
          "value2": "0.33",
          "value1": "0.66",
          "operation": "avg",
          "condition2": "Greater",
          "condition1": "Greater"
        }
      },
      "layout": {
        "y": 8,
        "x": 8,
        "height": 20,
        "width": 38
      },
      "id": 47073017477936
    }
  ],
  "layout_type": "free"
}