{
  "notify_list": [],
  "description": "",
  "restricted_roles": [],
  "template_variables": [
    {
      "default": "*",
      "prefix": "interface",
      "name": "Interface"
    },
    {
      "default": "*",
      "prefix": "interfacedescription",
      "name": "InterfaceDescription"
    },
    {
      "default": "*",
      "prefix": "host",
      "name": "Host"
    },
    {
      "default": "catalyst",
      "prefix": "model",
      "name": "Model"
    },
    {
      "default": "*",
      "prefix": "snmp_device",
      "name": "IP"
    },
    {
      "default": "*",
      "prefix": "snmp_host",
      "name": "Sysname"
    }
  ],
  "is_read_only": false,
  "title": "Cisco Catalyst Dashboard",
  "widgets": [
    {
      "definition": {
        "custom_links": [],
        "title_size": "16",
        "title": "CPU Usage (%)",
        "title_align": "left",
        "custom_unit": "%",
        "precision": 2,
        "autoscale": true,
        "requests": [
          {
            "q": "avg:snmp.CPUUtilization{$Host,$Model,$IP}",
            "aggregator": "avg"
          }
        ],
        "type": "query_value"
      },
      "layout": {
        "y": 0,
        "x": 0,
        "height": 15,
        "width": 47
      },
      "id": 3760177449166796
    },
    {
      "definition": {
        "custom_links": [],
        "title_size": "16",
        "title": "CPU Memory Usage (%)",
        "title_align": "left",
        "custom_unit": "%",
        "precision": 2,
        "autoscale": true,
        "requests": [
          {
            "q": "avg:snmp.CPUMemoryUsed{$Host,$IP,$Model}/(avg:snmp.CPUMemoryUsed{$Host,$Model,$IP}+avg:snmp.CPUMemoryUsed{$Host,$IP,$Model})*100",
            "aggregator": "max"
          }
        ],
        "type": "query_value"
      },
      "layout": {
        "y": 0,
        "x": 48,
        "height": 15,
        "width": 47
      },
      "id": 7988400362607770
    },
    {
      "definition": {
        "custom_links": [],
        "title_size": "16",
        "title": "System Memory Usage (%)",
        "title_align": "left",
        "custom_unit": "%",
        "precision": 2,
        "autoscale": true,
        "requests": [
          {
            "q": "avg:snmp.Memory.Used{$Host,$IP,$Model}/(avg:snmp.Memory.Free{$Host,$Model,$IP}+avg:snmp.Memory.Used{$Host,$IP,$Model})*100",
            "aggregator": "max"
          }
        ],
        "type": "query_value"
      },
      "layout": {
        "y": 0,
        "x": 96,
        "height": 15,
        "width": 47
      },
      "id": 2655623022226576
    },
    {
      "definition": {
        "custom_links": [],
        "title_size": "16",
        "title": "System Up Time",
        "title_align": "left",
        "custom_unit": "Days",
        "precision": 2,
        "autoscale": false,
        "requests": [
          {
            "q": "avg:snmp.sysUpTimeInstance{$Host,$Model,$IP}/8640000",
            "aggregator": "avg"
          }
        ],
        "type": "query_value"
      },
      "layout": {
        "y": 16,
        "x": 0,
        "height": 15,
        "width": 47
      },
      "id": 2861454753840520
    },
    {
      "definition": {
        "custom_links": [],
        "title_size": "16",
        "title": "Interface Admin Status",
        "title_align": "left",
        "precision": 2,
        "autoscale": true,
        "requests": [
          {
            "q": "avg:snmp.ifAdminStatus{$Host,$Model,$IP,$Interface,$InterfaceDescription}",
            "aggregator": "avg",
            "conditional_formats": [
              {
                "palette": "white_on_red",
                "value": 2,
                "comparator": ">="
              },
              {
                "palette": "white_on_green",
                "value": 1,
                "comparator": ">="
              }
            ]
          }
        ],
        "type": "query_value"
      },
      "layout": {
        "y": 41,
        "x": 0,
        "height": 15,
        "width": 47
      },
      "id": 2677140720115587
    },
    {
      "definition": {
        "custom_links": [],
        "title_size": "16",
        "title": "Bytes In & Bytes Out",
        "title_align": "left",
        "yaxis": {
          "max": "auto",
          "include_zero": true,
          "scale": "linear",
          "min": "auto",
          "label": ""
        },
        "requests": [
          {
            "q": "avg:snmp.ifHCInOctets{$Host,$Model,$IP,$Interface,$InterfaceDescription} by {interface}.as_count()",
            "style": {
              "line_width": "normal",
              "palette": "dog_classic",
              "line_type": "solid"
            },
            "display_type": "line"
          },
          {
            "q": "avg:snmp.ifHCOutOctets{$Host,$Model,$IP,$Interface,$InterfaceDescription} by {interface}.as_count()",
            "style": {
              "line_width": "normal",
              "palette": "dog_classic",
              "line_type": "solid"
            },
            "display_type": "line"
          }
        ],
        "type": "timeseries"
      },
      "layout": {
        "y": 41,
        "x": 48,
        "height": 15,
        "width": 47
      },
      "id": 4243259924370815
    },
    {
      "definition": {
        "custom_links": [],
        "title_size": "16",
        "title": "In & Out Broadcasts",
        "title_align": "left",
        "yaxis": {
          "max": "auto",
          "include_zero": true,
          "scale": "linear",
          "min": "auto",
          "label": ""
        },
        "requests": [
          {
            "q": "avg:snmp.ifHCInBroadcastPkts{$Host,$Model,$Interface,$InterfaceDescription,$IP} by {interface}.as_count()",
            "style": {
              "line_width": "normal",
              "palette": "dog_classic",
              "line_type": "solid"
            },
            "display_type": "line"
          },
          {
            "q": "avg:snmp.ifHCOutBroadcastPkts{$Host,$Model,$Interface,$InterfaceDescription,$IP} by {interface}.as_count()",
            "style": {
              "line_width": "normal",
              "palette": "dog_classic",
              "line_type": "solid"
            },
            "display_type": "line"
          }
        ],
        "type": "timeseries"
      },
      "layout": {
        "y": 41,
        "x": 96,
        "height": 15,
        "width": 47
      },
      "id": 1453748111054360
    },
    {
      "definition": {
        "custom_links": [],
        "title_size": "16",
        "title": "In & Out Unicast Packets",
        "title_align": "left",
        "yaxis": {
          "max": "auto",
          "include_zero": true,
          "scale": "linear",
          "min": "auto",
          "label": ""
        },
        "requests": [
          {
            "q": "avg:snmp.ifHCInUcastPkts{$Host,$Model,$IP,$Interface,$InterfaceDescription} by {interface}.as_count()",
            "style": {
              "line_width": "normal",
              "palette": "dog_classic",
              "line_type": "solid"
            },
            "display_type": "line"
          },
          {
            "q": "avg:snmp.Interface.OutUnicastPkts{$Host,$Model,$IP,$Interface,$InterfaceDescription} by {interface}.as_count()",
            "style": {
              "line_width": "normal",
              "palette": "dog_classic",
              "line_type": "solid"
            },
            "display_type": "line"
          }
        ],
        "type": "timeseries"
      },
      "layout": {
        "y": 57,
        "x": 0,
        "height": 15,
        "width": 47
      },
      "id": 4774704001497338
    },
    {
      "definition": {
        "custom_links": [],
        "title_size": "16",
        "title": "In & Out MultiCastPkts",
        "title_align": "left",
        "yaxis": {
          "max": "auto",
          "include_zero": true,
          "scale": "linear",
          "min": "auto",
          "label": ""
        },
        "requests": [
          {
            "q": "avg:snmp.ifHCInMulticastPkts{$Host,$Model,$IP,$Interface,$InterfaceDescription} by {interface}.as_count()",
            "style": {
              "line_width": "normal",
              "palette": "dog_classic",
              "line_type": "solid"
            },
            "display_type": "line"
          },
          {
            "q": "avg:snmp.ifHCOutMulticastPkts{$Host,$Model,$IP,$Interface,$InterfaceDescription} by {interface}.as_count()",
            "style": {
              "line_width": "normal",
              "palette": "dog_classic",
              "line_type": "solid"
            },
            "display_type": "line"
          }
        ],
        "type": "timeseries"
      },
      "layout": {
        "y": 57,
        "x": 48,
        "height": 15,
        "width": 47
      },
      "id": 3947309142378876
    },
    {
      "definition": {
        "custom_links": [],
        "title_size": "16",
        "title": "In & Out Errors",
        "title_align": "left",
        "yaxis": {
          "max": "auto",
          "include_zero": true,
          "scale": "linear",
          "min": "auto",
          "label": ""
        },
        "requests": [
          {
            "q": "avg:snmp.ifInErrors{$Interface,$InterfaceDescription,$Host,$Model,$IP} by {interface}.as_count()",
            "style": {
              "line_width": "normal",
              "palette": "dog_classic",
              "line_type": "solid"
            },
            "display_type": "area"
          },
          {
            "q": "avg:snmp.ifOutErrors{$Interface,$InterfaceDescription,$Host,$Model,$IP} by {interface}.as_count()",
            "style": {
              "line_width": "normal",
              "palette": "dog_classic",
              "line_type": "solid"
            },
            "display_type": "line"
          }
        ],
        "type": "timeseries"
      },
      "layout": {
        "y": 57,
        "x": 96,
        "height": 15,
        "width": 47
      },
      "id": 737176478417861
    },
    {
      "definition": {
        "custom_links": [],
        "title_size": "16",
        "title": "Interface Operation Status",
        "title_align": "left",
        "precision": 2,
        "autoscale": true,
        "requests": [
          {
            "q": "avg:snmp.ifOperStatus{$Host,$Model,$Interface,$IP,$InterfaceDescription}",
            "aggregator": "avg",
            "conditional_formats": [
              {
                "palette": "white_on_red",
                "value": 2,
                "comparator": ">="
              },
              {
                "palette": "white_on_green",
                "value": 1,
                "comparator": ">="
              }
            ]
          }
        ],
        "type": "query_value"
      },
      "layout": {
        "y": 73,
        "x": 0,
        "height": 15,
        "width": 47
      },
      "id": 1866303280986483
    },
    {
      "definition": {
        "custom_links": [],
        "title_size": "16",
        "title": "Interface Speed",
        "title_align": "left",
        "custom_unit": "b/s",
        "precision": 2,
        "autoscale": true,
        "requests": [
          {
            "q": "max:snmp.ifHighSpeed{$Interface,$InterfaceDescription,$Host,$Model,$IP}",
            "aggregator": "last"
          }
        ],
        "type": "query_value"
      },
      "layout": {
        "y": 73,
        "x": 48,
        "height": 15,
        "width": 47
      },
      "id": 6342977759674206
    },
    {
      "definition": {
        "custom_links": [],
        "title_size": "16",
        "title": "Local Interfaces",
        "title_align": "left",
        "requests": [
          {
            "q": "avg:snmp.ifAdminStatus{$Interface,$InterfaceDescription,$Host,$IP,$Model} by {interface,interfacedescription}",
            "aggregator": "last",
            "alias": "Admin Status"
          },
          {
            "q": "avg:snmp.ifOperStatus{$Interface,$InterfaceDescription,$Host,$IP,$Model} by {interface,interfacedescription}",
            "aggregator": "last",
            "limit": 100,
            "order": "asc",
            "alias": "Oper Status"
          },
          {
            "q": "avg:snmp.ifHighSpeed{$Interface,$InterfaceDescription,$Host,$IP,$Model} by {interface,interfacedescription}",
            "aggregator": "last",
            "alias": "Speed"
          }
        ],
        "type": "query_table"
      },
      "layout": {
        "y": 73,
        "x": 96,
        "height": 15,
        "width": 47
      },
      "id": 7162674923467175
    },
    {
      "definition": {
        "custom_links": [],
        "title_size": "16",
        "title": "% Utilization In",
        "title_align": "left",
        "custom_unit": "%",
        "precision": 3,
        "autoscale": false,
        "requests": [
          {
            "q": "avg:snmp.ifBandwidthInUsage.rate{$Interface,$InterfaceDescription,$Host,$Model,$IP}",
            "aggregator": "last"
          }
        ],
        "type": "query_value"
      },
      "layout": {
        "y": 89,
        "x": -3,
        "height": 15,
        "width": 47
      },
      "id": 7805117807558989
    },
    {
      "definition": {
        "custom_links": [],
        "title_size": "16",
        "title": "% Utilization Out",
        "title_align": "left",
        "custom_unit": "%",
        "precision": 3,
        "autoscale": false,
        "requests": [
          {
            "q": "avg:snmp.ifBandwidthOutUsage.rate{$Interface,$InterfaceDescription,$Host,$Model,$IP}",
            "aggregator": "last"
          }
        ],
        "type": "query_value"
      },
      "layout": {
        "y": 89,
        "x": 48,
        "height": 15,
        "width": 47
      },
      "id": 3311691583374987
    },
    {
      "definition": {
        "custom_links": [],
        "title_size": "16",
        "title": "Interface Utilization (%)",
        "title_align": "left",
        "yaxis": {
          "max": "auto",
          "include_zero": true,
          "scale": "linear",
          "min": "auto",
          "label": ""
        },
        "requests": [
          {
            "q": "avg:snmp.ifBandwidthInUsage.rate{$Interface,$InterfaceDescription,$Host,$Model,$IP} by {interface}",
            "style": {
              "line_width": "normal",
              "palette": "dog_classic",
              "line_type": "solid"
            },
            "display_type": "line"
          },
          {
            "q": "avg:snmp.ifBandwidthOutUsage.rate{$Interface,$InterfaceDescription,$Host,$Model,$IP} by {interface}",
            "style": {
              "line_width": "normal",
              "palette": "dog_classic",
              "line_type": "solid"
            },
            "display_type": "line"
          }
        ],
        "type": "timeseries"
      },
      "layout": {
        "y": 89,
        "x": 96,
        "height": 15,
        "width": 47
      },
      "id": 8771343626100980
    },
    {
      "definition": {
        "title_size": "16",
        "title": "CPU Utilization (%)",
        "title_align": "left",
        "yaxis": {
          "max": "auto",
          "include_zero": true,
          "scale": "linear",
          "min": "auto",
          "label": ""
        },
        "show_legend": false,
        "time": {},
        "requests": [
          {
            "q": "avg:snmp.CPUUtilization{$Model,$IP,$Host}",
            "style": {
              "line_width": "normal",
              "palette": "dog_classic",
              "line_type": "solid"
            },
            "display_type": "line"
          }
        ],
        "type": "timeseries"
      },
      "layout": {
        "y": 114,
        "x": -2,
        "height": 15,
        "width": 47
      },
      "id": 1114055882315119
    },
    {
      "definition": {
        "title_size": "16",
        "title": "CPU Utilization (%)",
        "title_align": "left",
        "custom_unit": "%",
        "precision": 2,
        "time": {},
        "autoscale": true,
        "requests": [
          {
            "q": "avg:snmp.CPUUtilization{$Host,$Model,$IP}",
            "aggregator": "avg"
          }
        ],
        "type": "query_value"
      },
      "layout": {
        "y": 114,
        "x": 48,
        "height": 15,
        "width": 47
      },
      "id": 4391588922612949
    },
    {
      "definition": {
        "custom_links": [],
        "title_size": "16",
        "title": "Memory Usage (%)",
        "title_align": "left",
        "custom_unit": "%",
        "precision": 2,
        "autoscale": true,
        "requests": [
          {
            "q": "avg:snmp.Memory.Used{$Host,$Model,$IP}/(avg:snmp.Memory.Used{$Host,$Model,$IP}+avg:snmp.Memory.Free{$Host,$Model,$IP})*100",
            "aggregator": "avg"
          }
        ],
        "type": "query_value"
      },
      "layout": {
        "y": 139,
        "x": 0,
        "height": 15,
        "width": 47
      },
      "id": 4206400406102893
    },
    {
      "definition": {
        "custom_links": [],
        "title_size": "16",
        "title": "Memory Used by Memory Pool",
        "title_align": "left",
        "yaxis": {
          "max": "auto",
          "include_zero": true,
          "scale": "linear",
          "min": "auto",
          "label": ""
        },
        "requests": [
          {
            "q": "avg:snmp.Memory.Used{$Host,$Model,$IP} by {memorypoolname}",
            "style": {
              "line_width": "normal",
              "palette": "dog_classic",
              "line_type": "solid"
            },
            "display_type": "line"
          }
        ],
        "type": "timeseries"
      },
      "layout": {
        "y": 139,
        "x": 48,
        "height": 15,
        "width": 47
      },
      "id": 3921154872431080
    },
    {
      "definition": {
        "custom_links": [],
        "title_size": "16",
        "title": "Memory Free by Memory Pool",
        "title_align": "left",
        "yaxis": {
          "max": "auto",
          "include_zero": true,
          "scale": "linear",
          "min": "auto",
          "label": ""
        },
        "requests": [
          {
            "q": "avg:snmp.Memory.Free{$Host,$Model,$IP} by {memorypoolname}",
            "style": {
              "line_width": "normal",
              "palette": "dog_classic",
              "line_type": "solid"
            },
            "display_type": "line"
          }
        ],
        "type": "timeseries"
      },
      "layout": {
        "y": 139,
        "x": 96,
        "height": 15,
        "width": 47
      },
      "id": 5118597489185372
    },
    {
      "definition": {
        "custom_links": [],
        "title_size": "16",
        "title": "Fan State",
        "title_align": "left",
        "markers": [
          {
            "display_type": "ok dashed",
            "value": "y = 1",
            "label": "\u00a0OK\u00a0"
          },
          {
            "display_type": "error dashed",
            "value": "y = 2",
            "label": "\u00a0Problem\u00a0"
          }
        ],
        "yaxis": {
          "max": "auto",
          "include_zero": true,
          "scale": "linear",
          "min": "auto",
          "label": ""
        },
        "requests": [
          {
            "q": "avg:snmp.FanState{$Host,$Model,$IP}",
            "style": {
              "line_width": "normal",
              "palette": "dog_classic",
              "line_type": "solid"
            },
            "display_type": "line"
          }
        ],
        "type": "timeseries"
      },
      "layout": {
        "y": 164,
        "x": -1,
        "height": 15,
        "width": 47
      },
      "id": 7466319348969246
    },
    {
      "definition": {
        "custom_links": [],
        "title_size": "16",
        "title": "Temperature (c)",
        "title_align": "left",
        "yaxis": {
          "max": "auto",
          "include_zero": true,
          "scale": "linear",
          "min": "auto",
          "label": ""
        },
        "requests": [
          {
            "q": "avg:snmp.TemperatureStatus{$Host,$Model,$IP} by {tempsensor}",
            "style": {
              "line_width": "normal",
              "palette": "dog_classic",
              "line_type": "solid"
            },
            "display_type": "line"
          }
        ],
        "type": "timeseries"
      },
      "layout": {
        "y": 164,
        "x": 48,
        "height": 15,
        "width": 47
      },
      "id": 2601096000100139
    },
    {
      "definition": {
        "custom_links": [],
        "title_size": "16",
        "title": "Power Supply State",
        "title_align": "left",
        "markers": [
          {
            "display_type": "ok dashed",
            "value": "y = 1",
            "label": "\u00a0OK\u00a0"
          },
          {
            "display_type": "error dashed",
            "value": "y = 2",
            "label": "\u00a0Problem\u00a0"
          }
        ],
        "yaxis": {
          "max": "auto",
          "include_zero": true,
          "scale": "linear",
          "min": "auto",
          "label": ""
        },
        "requests": [
          {
            "q": "avg:snmp.PowerSupplyState{$Host,$Model,$IP} by {powersupply}",
            "style": {
              "line_width": "normal",
              "palette": "dog_classic",
              "line_type": "solid"
            },
            "display_type": "line"
          }
        ],
        "type": "timeseries"
      },
      "layout": {
        "y": 164,
        "x": 96,
        "height": 15,
        "width": 47
      },
      "id": 5092483152625964
    },
    {
      "definition": {
        "tick_pos": "50%",
        "show_tick": true,
        "type": "note",
        "tick_edge": "bottom",
        "text_align": "center",
        "content": "Environmentals",
        "font_size": "24",
        "background_color": "white"
      },
      "layout": {
        "y": 156,
        "x": 12,
        "height": 6,
        "width": 120
      },
      "id": 8608041818254912
    },
    {
      "definition": {
        "tick_pos": "50%",
        "show_tick": true,
        "type": "note",
        "tick_edge": "bottom",
        "text_align": "center",
        "content": "Memory",
        "font_size": "24",
        "background_color": "white"
      },
      "layout": {
        "y": 131,
        "x": 12,
        "height": 6,
        "width": 120
      },
      "id": 5749560398869800
    },
    {
      "definition": {
        "tick_pos": "50%",
        "show_tick": true,
        "type": "note",
        "tick_edge": "bottom",
        "text_align": "center",
        "content": "CPU",
        "font_size": "24",
        "background_color": "white"
      },
      "layout": {
        "y": 106,
        "x": 12,
        "height": 6,
        "width": 120
      },
      "id": 4514059378277584
    },
    {
      "definition": {
        "tick_pos": "50%",
        "show_tick": true,
        "type": "note",
        "tick_edge": "bottom",
        "text_align": "center",
        "content": "Interfaces",
        "font_size": "24",
        "background_color": "white"
      },
      "layout": {
        "y": 33,
        "x": 12,
        "height": 6,
        "width": 120
      },
      "id": 3812391446653932
    }
  ],
  "layout_type": "free"
}