{
  "notify_list": [],
  "description": "",
  "restricted_roles": [],
  "template_variables": [],
  "is_read_only": false,
  "title": "Developer Dashboard Template",
  "widgets": [
    {
      "definition": {
        "url": "https://media-exp1.licdn.com/dms/image/C4E0BAQH71daz2tDP3A/company-logo_200_200/0/1612189996708?e=2159024400&v=beta&t=ox_Edf5O1QngQ5cq54eqQbjkJFpg_VAYKUBSKnj2jVc",
        "sizing": "zoom",
        "type": "image"
      },
      "layout": {
        "y": 0,
        "x": 0,
        "height": 12,
        "width": 47
      },
      "id": 5953467028754796
    },
    {
      "definition": {
        "style": {
          "palette": "green_to_orange",
          "palette_flip": false
        },
        "title_size": "16",
        "title": "Host Map",
        "title_align": "left",
        "node_type": "host",
        "no_metric_hosts": true,
        "requests": {
          "fill": {
            "q": "avg:system.cpu.user{*} by {host}"
          }
        },
        "no_group_hosts": true,
        "type": "hostmap"
      },
      "layout": {
        "y": 21,
        "x": -1,
        "height": 22,
        "width": 47
      },
      "id": 6579181024468780
    },
    {
      "definition": {
        "tick_pos": "50%",
        "font_size": "24",
        "type": "note",
        "tick_edge": "bottom",
        "text_align": "center",
        "content": "SQL Metrics",
        "vertical_align": "top",
        "has_padding": true,
        "show_tick": true,
        "background_color": "white"
      },
      "layout": {
        "y": 13,
        "x": 48,
        "height": 6,
        "width": 47
      },
      "id": 6891686466016154
    },
    {
      "definition": {
        "tick_pos": "50%",
        "font_size": "24",
        "type": "note",
        "tick_edge": "bottom",
        "text_align": "center",
        "content": "Host Metrics",
        "vertical_align": "top",
        "has_padding": true,
        "show_tick": true,
        "background_color": "white"
      },
      "layout": {
        "y": 13,
        "x": 0,
        "height": 6,
        "width": 47
      },
      "id": 7170888285864504
    },
    {
      "definition": {
        "tick_pos": "50%",
        "font_size": "24",
        "type": "note",
        "tick_edge": "bottom",
        "text_align": "center",
        "content": "Synthetic Metrics",
        "vertical_align": "top",
        "has_padding": true,
        "show_tick": true,
        "background_color": "white"
      },
      "layout": {
        "y": 13,
        "x": 96,
        "height": 6,
        "width": 47
      },
      "id": 5497365868406036
    },
    {
      "definition": {
        "title_size": "16",
        "legend_columns": [
          "avg",
          "min",
          "max",
          "value",
          "sum"
        ],
        "yaxis": {
          "include_zero": true,
          "max": "auto",
          "scale": "linear",
          "min": "auto",
          "label": ""
        },
        "title_align": "left",
        "markers": [],
        "legend_layout": "auto",
        "show_legend": true,
        "title": "Average CPU by Host",
        "requests": [
          {
            "q": "avg:system.cpu.user{*} by {host}",
            "style": {
              "line_width": "normal",
              "palette": "dog_classic",
              "line_type": "solid"
            },
            "display_type": "line"
          }
        ],
        "type": "timeseries"
      },
      "layout": {
        "y": 44,
        "x": 0,
        "height": 22,
        "width": 47
      },
      "id": 2827648083241632
    },
    {
      "definition": {
        "title_size": "16",
        "legend_columns": [
          "avg",
          "min",
          "max",
          "value",
          "sum"
        ],
        "yaxis": {
          "include_zero": true,
          "max": "auto",
          "scale": "linear",
          "min": "auto",
          "label": ""
        },
        "title_align": "left",
        "markers": [],
        "legend_layout": "auto",
        "show_legend": true,
        "title": "SQL DB Count by Host",
        "requests": [
          {
            "q": "avg:postgresql.db.count{*} by {host}",
            "style": {
              "line_width": "normal",
              "palette": "dog_classic",
              "line_type": "solid"
            },
            "display_type": "line"
          }
        ],
        "type": "timeseries"
      },
      "layout": {
        "y": 21,
        "x": 48,
        "height": 22,
        "width": 47
      },
      "id": 5083756897303330
    },
    {
      "definition": {
        "title_size": "16",
        "legend_columns": [
          "avg",
          "min",
          "max",
          "value",
          "sum"
        ],
        "yaxis": {
          "include_zero": true,
          "max": "auto",
          "scale": "linear",
          "min": "auto",
          "label": ""
        },
        "title_align": "left",
        "markers": [],
        "legend_layout": "auto",
        "show_legend": true,
        "title": "Synthetic Response Time",
        "requests": [
          {
            "q": "avg:synthetics.http.response{*}.as_count()",
            "style": {
              "line_width": "normal",
              "palette": "dog_classic",
              "line_type": "solid"
            },
            "display_type": "line"
          }
        ],
        "type": "timeseries"
      },
      "layout": {
        "y": 21,
        "x": 96,
        "height": 22,
        "width": 47
      },
      "id": 78569310693764
    },
    {
      "definition": {
        "title_size": "20",
        "title": "Datadog Agent Status",
        "title_align": "center",
        "type": "check_status",
        "check": "datadog.agent.up",
        "tags": [
          "*"
        ],
        "grouping": "cluster"
      },
      "layout": {
        "y": 0,
        "x": 48,
        "height": 12,
        "width": 19
      },
      "id": 8471881656658626
    },
    {
      "definition": {
        "title_size": "20",
        "title": "Datadog Agent Status",
        "title_align": "center",
        "type": "check_status",
        "check": "datadog.agent.up",
        "tags": [
          "*"
        ],
        "grouping": "cluster"
      },
      "layout": {
        "y": 0,
        "x": 68,
        "height": 12,
        "width": 19
      },
      "id": 5049533175499638
    },
    {
      "definition": {
        "title_size": "20",
        "title": "Datadog Agent Status",
        "title_align": "center",
        "type": "check_status",
        "check": "datadog.agent.up",
        "tags": [
          "*"
        ],
        "grouping": "cluster"
      },
      "layout": {
        "y": 0,
        "x": 88,
        "height": 12,
        "width": 19
      },
      "id": 6889030617841134
    },
    {
      "definition": {
        "title_size": "20",
        "title": "Datadog Agent Status",
        "title_align": "center",
        "type": "check_status",
        "check": "datadog.agent.up",
        "tags": [
          "*"
        ],
        "grouping": "cluster"
      },
      "layout": {
        "y": 0,
        "x": 108,
        "height": 12,
        "width": 19
      },
      "id": 4819470321051690
    },
    {
      "definition": {
        "title_size": "20",
        "title": "Datadog Agent Status",
        "title_align": "center",
        "type": "check_status",
        "check": "datadog.agent.up",
        "tags": [
          "*"
        ],
        "grouping": "cluster"
      },
      "layout": {
        "y": 0,
        "x": 128,
        "height": 12,
        "width": 19
      },
      "id": 6783113396492158
    }
  ],
  "layout_type": "free"
}