{
  "notify_list": [],
  "description": "",
  "restricted_roles": [],
  "template_variables": [],
  "is_read_only": false,
  "title": "Mitch Widget Test",
  "reflow_type": "fixed",
  "widgets": [
    {
      "definition": {
        "title_size": "16",
        "title": "",
        "title_align": "left",
        "app_id": "ab6dca2c-c16d-11ec-a903-da7ad0900002",
        "custom_widget_key": "rapdev_stat_panel",
        "type": "custom",
        "options": {
          "group": "device",
          "value1": "0.66",
          "metric": "system.disk.free",
          "reducer": "avg",
          "background2": "#6DB35F",
          "background1": "#134DEA",
          "host": "host:mitch-snmp",
          "value2": "0.33",
          "background": "#FE7234",
          "operation": "avg",
          "condition2": "Greater",
          "condition1": "Greater"
        }
      },
      "layout": {
        "y": 0,
        "x": 0,
        "width": 4,
        "height": 2
      },
      "id": 277440477425312
    },
    {
      "definition": {
        "title_size": "16",
        "requests": [
          {
            "formulas": [
              {
                "formula": "query1",
                "limit": {
                  "count": 500,
                  "order": "desc"
                }
              }
            ],
            "response_format": "scalar",
            "queries": [
              {
                "query": "avg:system.disk.free{host:mitch-snmp} by {device}",
                "data_source": "metrics",
                "name": "query1",
                "aggregator": "avg"
              }
            ]
          }
        ],
        "title_align": "left",
        "type": "toplist",
        "title": ""
      },
      "layout": {
        "y": 0,
        "x": 4,
        "width": 4,
        "height": 2
      },
      "id": 7897579131824138
    },
    {
      "definition": {
        "title_size": "16",
        "title": "",
        "title_align": "left",
        "app_id": "ab6dca2c-c16d-11ec-a903-da7ad0900002",
        "custom_widget_key": "rapdev_stat_panel",
        "type": "custom",
        "options": {
          "group": "snmp_profile",
          "value1": "0.66",
          "metric": "snmp.devices_monitored",
          "reducer": "avg",
          "background2": "#6DB35F",
          "background1": "#134DEA",
          "host": "host:mitch-snmp",
          "value2": "0.33",
          "background": "#FE7234",
          "operation": "avg",
          "condition2": "Greater",
          "condition1": "Greater"
        }
      },
      "layout": {
        "y": 0,
        "x": 8,
        "width": 4,
        "height": 2
      },
      "id": 424105545127700
    },
    {
      "definition": {
        "title_size": "16",
        "title": "",
        "title_align": "left",
        "app_id": "ab6dca2c-c16d-11ec-a903-da7ad0900002",
        "custom_widget_key": "rapdev_stat_panel",
        "type": "custom",
        "options": {
          "group": "device",
          "value1": "0.66",
          "metric": "system.disk.free",
          "reducer": "avg",
          "background2": "#6DB35F",
          "background1": "#134DEA",
          "host": "host:mitch-snmp",
          "value2": "0.33",
          "background": "#FE7234",
          "operation": "avg",
          "condition2": "Greater",
          "condition1": "Greater"
        }
      },
      "layout": {
        "y": 2,
        "x": 0,
        "width": 4,
        "height": 2
      },
      "id": 8746317527319084
    },
    {
      "definition": {
        "title_size": "16",
        "title": "",
        "title_align": "left",
        "app_id": "ab6dca2c-c16d-11ec-a903-da7ad0900002",
        "custom_widget_key": "rapdev_stat_panel",
        "type": "custom",
        "options": {
          "group": "*",
          "background": "#FE7234",
          "metric": "aws.ebs.volume_idle_time",
          "reducer": "avg",
          "background2": "#6DB35F",
          "background1": "#134DEA",
          "host": "*",
          "value2": "0.33",
          "value1": "0.66",
          "operation": "avg",
          "condition2": "Greater",
          "condition1": "Greater"
        }
      },
      "layout": {
        "y": 2,
        "x": 4,
        "width": 4,
        "height": 2
      },
      "id": 1541262064094632
    },
    {
      "definition": {
        "title_size": "16",
        "title": "",
        "title_align": "left",
        "app_id": "ab6dca2c-c16d-11ec-a903-da7ad0900002",
        "custom_widget_key": "rapdev_gauge",
        "type": "custom",
        "options": {
          "active-operation": "avg",
          "min-value": 0,
          "max-value": 100,
          "reduce-operation": "avg",
          "active-metrics": "system.cpu.user",
          "active-host": "*"
        }
      },
      "layout": {
        "y": 4,
        "x": 4,
        "width": 2,
        "height": 2
      },
      "id": 522590489755992
    }
  ],
  "layout_type": "ordered"
}