{
  "notify_list": [],
  "description": null,
  "restricted_roles": [],
  "template_variables": [
    {
      "default": "*",
      "prefix": "service",
      "name": "service",
      "available_values": []
    },
    {
      "default": "*",
      "prefix": "env",
      "name": "env",
      "available_values": []
    },
    {
      "default": "*",
      "prefix": "version",
      "name": "version",
      "available_values": []
    },
    {
      "default": "*",
      "prefix": "resource_name",
      "name": "resource_name",
      "available_values": []
    }
  ],
  "is_read_only": false,
  "title": "Climate Default Python Flask Dashboard",
  "reflow_type": "fixed",
  "widgets": [
    {
      "definition": {
        "title_size": "16",
        "service": "$service",
        "title": "Service Map",
        "title_align": "left",
        "filters": [
          "$env"
        ],
        "type": "servicemap"
      },
      "layout": {
        "y": 0,
        "x": 0,
        "height": 4,
        "width": 4
      },
      "id": 3716370317530036
    },
    {
      "definition": {
        "title_size": "16",
        "title": "Apdex by Service, Resource",
        "title_align": "left",
        "has_search_bar": "auto",
        "time": {},
        "requests": [
          {
            "formulas": [
              {
                "alias": "Apdex",
                "conditional_formats": [],
                "limit": {
                  "count": 500,
                  "order": "desc"
                },
                "cell_display_mode": "number",
                "formula": "query1"
              }
            ],
            "response_format": "scalar",
            "queries": [
              {
                "query": "avg:trace.flask.request.apdex{$service,$env,$version,$resource_name} by {service,resource_name}",
                "data_source": "metrics",
                "name": "query1",
                "aggregator": "avg"
              }
            ]
          }
        ],
        "type": "query_table"
      },
      "layout": {
        "y": 0,
        "x": 4,
        "height": 4,
        "width": 4
      },
      "id": 5326110874169266
    },
    {
      "definition": {
        "title_size": "16",
        "title": "Resources with Top Request Duration",
        "title_align": "left",
        "time": {},
        "requests": [
          {
            "formulas": [
              {
                "formula": "query1",
                "limit": {
                  "count": 25,
                  "order": "desc"
                }
              }
            ],
            "response_format": "scalar",
            "queries": [
              {
                "query": "avg:trace.flask.request.duration{$service,$env,$version,$resource_name} by {resource_name}",
                "data_source": "metrics",
                "name": "query1",
                "aggregator": "avg"
              }
            ]
          }
        ],
        "type": "toplist"
      },
      "layout": {
        "y": 0,
        "x": 8,
        "height": 2,
        "width": 4
      },
      "id": 3149253339822930
    },
    {
      "definition": {
        "title_size": "16",
        "title": "Hits by Service, Status Code",
        "title_align": "left",
        "time": {},
        "requests": [
          {
            "formulas": [
              {
                "formula": "query1"
              }
            ],
            "response_format": "scalar",
            "queries": [
              {
                "query": "sum:trace.flask.request.hits.by_http_status{*} by {service,http.status_code}.as_count()",
                "data_source": "metrics",
                "name": "query1",
                "aggregator": "sum"
              }
            ]
          }
        ],
        "type": "toplist"
      },
      "layout": {
        "y": 2,
        "x": 8,
        "height": 2,
        "width": 4
      },
      "id": 5336629844969404
    }
  ],
  "layout_type": "ordered"
}