{
  "notify_list": null,
  "description": "## Title\n\nDescribe this dashboard. Add links to other dashboards, monitors, wikis,  and docs to help your teammates. Markdown is supported.\n\n- [This might link to a dashboard](#)\n- [This might link to a wiki](#)",
  "restricted_roles": [],
  "template_variables": [
    {
      "default": "*",
      "prefix": null,
      "name": "scope",
      "available_values": []
    },
    {
      "default": "*",
      "prefix": "cluster_name",
      "name": "cluster",
      "available_values": []
    },
    {
      "default": "*",
      "prefix": "kube_namespace",
      "name": "namespace",
      "available_values": []
    },
    {
      "default": "*",
      "prefix": "kube_deployment",
      "name": "deployment",
      "available_values": []
    },
    {
      "default": "*",
      "prefix": "kube_daemon_set",
      "name": "daemonset",
      "available_values": []
    },
    {
      "default": "*",
      "prefix": "kube_service",
      "name": "service",
      "available_values": []
    },
    {
      "default": "*",
      "prefix": "node",
      "name": "node",
      "available_values": []
    },
    {
      "default": "*",
      "prefix": "project",
      "name": "project",
      "available_values": []
    }
  ],
  "is_read_only": false,
  "title": "[TEMPLATE] - Kubernetes General Overview",
  "reflow_type": "fixed",
  "widgets": [
    {
      "definition": {
        "font_size": "14",
        "background_color": "white",
        "type": "note",
        "tick_edge": "left",
        "text_align": "left",
        "content": "# Menu \n- [ General Overview](https://pwc-digital.datadoghq.com/dashboard/egd-8be-iuf/insights---kubernetes-general-overview?tpl_var_cluster=$cluster.value&tpl_var_scope=$scope&tpl_var_namespace=$namespace.value&tpl_var_deployment=$deployment.value&live=true)\n- [Pod Overview](https://pwc-digital.datadoghq.com/dashboard/mu4-a3y-dgj/insights---kubernetes-pods-overview?tpl_var_cluster=$cluster.value&tpl_var_scope=$scope&tpl_var_namespace=$namespace.value&tpl_var_deployment=$deployment.value&live=true)\n- [Nodes Overview](https://pwc-digital.datadoghq.com/dashboard/xbg-3mx-xvs/insights---kubernetes-nodes-overview?tpl_var_cluster=$cluster.value&tpl_var_scope=$scope&tpl_var_namespace=$namespace.value&tpl_var_deployment=$deployment.value&live=true)\n- [Jobs and CronJobs Overview](https://pwc-digital.datadoghq.com/dashboard/239-td8-4sq/insights---kubernetes-jobs-and-cronjobs-overview?tpl_var_cluster=$cluster.value&tpl_var_scope=$scope&tpl_var_namespace=$namespace.value&tpl_var_deployment=$deployment.value&live=true)\n\n\nNOTE: If the dashboard name is changed the urls in the list above must be updated to match the new ID and name. This can be done by replacing the content after `/dashboard/` and before `?tpl_var_cluster`. If the links are not updated they will default to the template dashboards. ",
        "vertical_align": "top",
        "has_padding": true,
        "show_tick": false,
        "tick_pos": "50%"
      },
      "layout": {
        "y": 0,
        "x": 0,
        "width": 2,
        "height": 4
      },
      "id": 7054282288345534
    },
    {
      "definition": {
        "font_size": "16",
        "background_color": "white",
        "type": "note",
        "tick_edge": "left",
        "text_align": "left",
        "content": "### Our Kubernetes dashboard gives you broad visibility into the scale, status, and resource usage of your cluster and its containers.\n\nFurther reading for Kubernetes monitoring\n\n- [Autoscale Kubernetes workloads with any Datadog metric](https://www.datadoghq.com/blog/autoscale-kubernetes-datadog/)\n\n- [How to monitor Kubernetes + Docker with Datadog](https://www.datadoghq.com/blog/monitor-kubernetes-docker/)\n\n- [Monitoring in the Kubernetes era](https://www.datadoghq.com/blog/monitoring-kubernetes-era/)\n\n- [Monitoring Kubernetes performance metrics](https://www.datadoghq.com/blog/monitoring-kubernetes-performance-metrics/)\n\n- [Collecting metrics with built-in Kubernetes monitoring tools](https://www.datadoghq.com/blog/how-to-collect-and-graph-kubernetes-metrics/)\n\n- [Monitoring Kubernetes with Datadog](https://www.datadoghq.com/blog/monitoring-kubernetes-with-datadog/)\n\n- [Datadog's Kubernetes integration docs](https://docs.datadoghq.com/integrations/kubernetes/)",
        "vertical_align": "top",
        "has_padding": true,
        "show_tick": false,
        "tick_pos": "50%"
      },
      "layout": {
        "y": 0,
        "x": 2,
        "width": 3,
        "height": 4
      },
      "id": 2182506262894634
    },
    {
      "definition": {
        "url": "/static/images/screenboard/integrations/kubernetes.jpg",
        "sizing": "zoom",
        "type": "image"
      },
      "layout": {
        "y": 0,
        "x": 5,
        "width": 2,
        "height": 1
      },
      "id": 3609998096023804
    },
    {
      "definition": {
        "title_size": "16",
        "title": "Clusters",
        "title_align": "left",
        "precision": 0,
        "requests": [
          {
            "formulas": [
              {
                "formula": "count_nonzero(query1)"
              }
            ],
            "response_format": "scalar",
            "queries": [
              {
                "query": "avg:kubernetes.pods.running{*,$node,$service,$daemonset,$cluster,$deployment,$namespace,$scope,$project} by {cluster_name}",
                "data_source": "metrics",
                "name": "query1",
                "aggregator": "avg"
              }
            ]
          }
        ],
        "type": "query_value"
      },
      "layout": {
        "y": 0,
        "x": 7,
        "width": 2,
        "height": 1
      },
      "id": 767946825110144
    },
    {
      "definition": {
        "title_size": "16",
        "title": "Kubelet Ping",
        "title_align": "center",
        "group_by": [],
        "time": {
          "live_span": "10m"
        },
        "type": "check_status",
        "check": "kubernetes.kubelet.check.ping",
        "tags": [
          "*",
          "$node",
          "$label",
          "$scope"
        ],
        "grouping": "cluster"
      },
      "layout": {
        "y": 0,
        "x": 9,
        "width": 2,
        "height": 2
      },
      "id": 3500745381591448
    },
    {
      "definition": {
        "title_size": "16",
        "title": "Namespaces",
        "title_align": "left",
        "precision": 0,
        "requests": [
          {
            "formulas": [
              {
                "formula": "count_nonzero(query1)"
              }
            ],
            "response_format": "scalar",
            "queries": [
              {
                "query": "avg:kubernetes.pods.running{*,$node,$service,$daemonset,$deployment,$cluster,kube_namespace:thub*,$scope,$project} by {cluster_name,kube_namespace}",
                "data_source": "metrics",
                "name": "query1",
                "aggregator": "avg"
              }
            ]
          }
        ],
        "type": "query_value"
      },
      "layout": {
        "y": 1,
        "x": 5,
        "width": 2,
        "height": 1
      },
      "id": 6351476858496460
    },
    {
      "definition": {
        "custom_links": [
          {
            "link": "https://app.datadoghq.com/screen/integration/30322/kubernetes-pods-overview",
            "label": "View Pods overview"
          }
        ],
        "title_size": "16",
        "title": "Pods",
        "title_align": "left",
        "precision": 0,
        "requests": [
          {
            "formulas": [
              {
                "formula": "query1"
              }
            ],
            "response_format": "scalar",
            "queries": [
              {
                "query": "sum:kubernetes.pods.running{*,$node,$service,$daemonset,$deployment,$cluster,$scope,$project}",
                "data_source": "metrics",
                "name": "query1",
                "aggregator": "avg"
              }
            ]
          }
        ],
        "type": "query_value"
      },
      "layout": {
        "y": 1,
        "x": 7,
        "width": 2,
        "height": 1
      },
      "id": 330249169717242
    },
    {
      "definition": {
        "title_size": "16",
        "title": "Deployments",
        "title_align": "left",
        "precision": 0,
        "requests": [
          {
            "formulas": [
              {
                "formula": "count_nonzero(query1)"
              }
            ],
            "response_format": "scalar",
            "queries": [
              {
                "query": "avg:kubernetes_state.deployment.replicas{*,$node,$service,$daemonset,$deployment,namespace:default,$cluster,$scope,$project} by {kube_cluster_name,kube_namespace,kube_deployment}",
                "data_source": "metrics",
                "name": "query1",
                "aggregator": "avg"
              }
            ]
          }
        ],
        "type": "query_value"
      },
      "layout": {
        "y": 2,
        "x": 5,
        "width": 2,
        "height": 1
      },
      "id": 3073471686721862
    },
    {
      "definition": {
        "title_size": "16",
        "title": "Nodes",
        "title_align": "left",
        "precision": 0,
        "requests": [
          {
            "formulas": [
              {
                "formula": "query1"
              }
            ],
            "response_format": "scalar",
            "queries": [
              {
                "query": "sum:kubernetes_state.node.count{$service,$daemonset,$deployment,$namespace,$node,$cluster,$scope,$project}",
                "data_source": "metrics",
                "name": "query1",
                "aggregator": "avg"
              }
            ]
          }
        ],
        "type": "query_value"
      },
      "layout": {
        "y": 2,
        "x": 7,
        "width": 2,
        "height": 1
      },
      "id": 8725314973956624
    },
    {
      "definition": {
        "title_size": "16",
        "title": "Kubelets up",
        "title_align": "center",
        "group_by": [],
        "time": {
          "live_span": "10m"
        },
        "type": "check_status",
        "check": "kubernetes.kubelet.check",
        "tags": [
          "$scope",
          "$node",
          "$label"
        ],
        "grouping": "cluster"
      },
      "layout": {
        "y": 2,
        "x": 9,
        "width": 2,
        "height": 2
      },
      "id": 1717720653959332
    },
    {
      "definition": {
        "title_size": "16",
        "title": "Containers",
        "title_align": "left",
        "precision": 0,
        "requests": [
          {
            "formulas": [
              {
                "formula": "query1"
              }
            ],
            "response_format": "scalar",
            "queries": [
              {
                "query": "sum:kubernetes.containers.running{*,$node,$service,$daemonset,$deployment,$cluster,kube_namespace:thub*,$scope,$project}",
                "data_source": "metrics",
                "name": "query1",
                "aggregator": "avg"
              }
            ]
          }
        ],
        "type": "query_value"
      },
      "layout": {
        "y": 3,
        "x": 5,
        "width": 2,
        "height": 1
      },
      "id": 265254660192108
    },
    {
      "definition": {
        "title_size": "16",
        "title": "Services",
        "title_align": "left",
        "precision": 0,
        "requests": [
          {
            "formulas": [
              {
                "formula": "query1"
              }
            ],
            "response_format": "scalar",
            "queries": [
              {
                "query": "sum:kubernetes_state.service.count{*,$node,$service,$daemonset,$cluster,namespace:thub*,$scope,$project}",
                "data_source": "metrics",
                "name": "query1",
                "aggregator": "avg"
              }
            ]
          }
        ],
        "type": "query_value"
      },
      "layout": {
        "y": 3,
        "x": 7,
        "width": 2,
        "height": 1
      },
      "id": 2117200494107030
    },
    {
      "definition": {
        "show_tick": false,
        "background_color": "blue",
        "type": "note",
        "tick_edge": "bottom",
        "text_align": "center",
        "content": "Pods",
        "font_size": "18",
        "tick_pos": "50%"
      },
      "layout": {
        "y": 4,
        "x": 0,
        "width": 11,
        "height": 1
      },
      "id": 6628947698943710
    },
    {
      "definition": {
        "custom_links": [
          {
            "link": "https://www.google.com?search={{kube_namespace.value}}",
            "label": "Search Namespace on Google"
          }
        ],
        "title_size": "16",
        "legend_columns": [
          "avg",
          "min",
          "max",
          "value",
          "sum"
        ],
        "title": "Running pods per namespace",
        "title_align": "left",
        "markers": [],
        "yaxis": {
          "include_zero": true,
          "label": "",
          "scale": "linear",
          "min": "auto",
          "max": "auto"
        },
        "legend_layout": "auto",
        "show_legend": false,
        "requests": [
          {
            "formulas": [
              {
                "formula": "query1"
              }
            ],
            "style": {
              "line_width": "normal",
              "palette": "dog_classic",
              "line_type": "solid"
            },
            "response_format": "timeseries",
            "on_right_yaxis": false,
            "display_type": "bars",
            "queries": [
              {
                "query": "sum:kubernetes.pods.running{*,$cluster,$deployment,$daemonset,$node,$service,$namespace,$scope,$project} by {cluster_name,kube_namespace}",
                "data_source": "metrics",
                "name": "query1"
              }
            ]
          }
        ],
        "type": "timeseries"
      },
      "layout": {
        "y": 5,
        "x": 0,
        "width": 4,
        "height": 3
      },
      "id": 681485468527598
    },
    {
      "definition": {
        "title_size": "16",
        "legend_columns": [
          "avg",
          "min",
          "max",
          "value",
          "sum"
        ],
        "yaxis": {
          "include_zero": true,
          "label": "",
          "scale": "linear",
          "min": "auto",
          "max": "auto"
        },
        "title_align": "left",
        "markers": [],
        "legend_layout": "auto",
        "show_legend": false,
        "title": "Running pods per node",
        "requests": [
          {
            "formulas": [
              {
                "formula": "query1"
              }
            ],
            "style": {
              "line_width": "normal",
              "palette": "dog_classic",
              "line_type": "solid"
            },
            "response_format": "timeseries",
            "on_right_yaxis": false,
            "display_type": "bars",
            "queries": [
              {
                "query": "sum:kubernetes.pods.running{*,$deployment,$daemonset,$cluster,$service,$node,$scope,$project} by {host}",
                "data_source": "metrics",
                "name": "query1"
              }
            ]
          }
        ],
        "type": "timeseries"
      },
      "layout": {
        "y": 5,
        "x": 4,
        "width": 4,
        "height": 3
      },
      "id": 70955844165134
    },
    {
      "definition": {
        "title_size": "16",
        "requests": [
          {
            "formulas": [
              {
                "formula": "query1",
                "limit": {
                  "count": 100,
                  "order": "desc"
                }
              }
            ],
            "conditional_formats": [
              {
                "palette": "white_on_red",
                "comparator": ">",
                "value": 2000
              },
              {
                "palette": "white_on_yellow",
                "comparator": ">",
                "value": 1500
              },
              {
                "palette": "white_on_green",
                "comparator": "<=",
                "value": 3000
              }
            ],
            "response_format": "scalar",
            "queries": [
              {
                "query": "sum:kubernetes.pods.running{*,$deployment,$cluster,$daemonset,$node,$service,$namespace,$scope,$project} by {cluster_name,kube_namespace}",
                "data_source": "metrics",
                "name": "query1",
                "aggregator": "max"
              }
            ]
          }
        ],
        "title_align": "left",
        "type": "toplist",
        "title": "Pods running by namespace"
      },
      "layout": {
        "y": 5,
        "x": 8,
        "width": 3,
        "height": 3
      },
      "id": 5812032688493782
    },
    {
      "definition": {
        "title_size": "16",
        "requests": [
          {
            "formulas": [
              {
                "formula": "query1",
                "limit": {
                  "count": 100,
                  "order": "desc"
                }
              }
            ],
            "conditional_formats": [
              {
                "palette": "white_on_red",
                "comparator": ">",
                "value": 0
              },
              {
                "palette": "white_on_green",
                "comparator": "<=",
                "value": 0
              }
            ],
            "response_format": "scalar",
            "queries": [
              {
                "query": "sum:kubernetes_state.pod.status_phase{*,$cluster,$daemonset,!phase:running,!phase:succeeded,$node,$service,kube_cluster_name:us-spokeapp*,$scope,$project} by {cluster_name,kube_namespace,phase}",
                "data_source": "metrics",
                "name": "query1",
                "aggregator": "last"
              }
            ]
          }
        ],
        "title_align": "left",
        "type": "toplist",
        "title": "Pods in bad phase by namespaces"
      },
      "layout": {
        "y": 8,
        "x": 0,
        "width": 4,
        "height": 2
      },
      "id": 5893277000543270
    },
    {
      "definition": {
        "title_size": "16",
        "requests": [
          {
            "formulas": [
              {
                "formula": "query1",
                "limit": {
                  "count": 10,
                  "order": "desc"
                }
              }
            ],
            "conditional_formats": [
              {
                "palette": "white_on_green",
                "comparator": "<=",
                "value": 24
              },
              {
                "palette": "white_on_red",
                "comparator": ">",
                "value": 32
              },
              {
                "palette": "white_on_yellow",
                "comparator": ">",
                "value": 24
              }
            ],
            "response_format": "scalar",
            "queries": [
              {
                "query": "sum:kubernetes_state.pod.ready{$cluster,$namespace,$deployment,condition:true,$daemonset,$node,$service,$scope,$project} by {host}",
                "data_source": "metrics",
                "name": "query1",
                "aggregator": "last"
              }
            ]
          }
        ],
        "title_align": "left",
        "type": "toplist",
        "title": "Pods in ready state by node"
      },
      "layout": {
        "y": 8,
        "x": 4,
        "width": 4,
        "height": 2
      },
      "id": 5883489643682612
    },
    {
      "definition": {
        "title_size": "16",
        "legend_columns": [
          "avg",
          "min",
          "max",
          "value",
          "sum"
        ],
        "yaxis": {
          "include_zero": true,
          "label": "",
          "scale": "linear",
          "min": "auto",
          "max": "auto"
        },
        "title_align": "left",
        "markers": [
          {
            "display_type": "ok dashed",
            "value": "y = 0",
            "label": "y = 0"
          }
        ],
        "legend_layout": "auto",
        "show_legend": false,
        "title": "CrashloopBackOff by Pod",
        "requests": [
          {
            "formulas": [
              {
                "formula": "query1"
              }
            ],
            "style": {
              "line_width": "normal",
              "palette": "dog_classic",
              "line_type": "solid"
            },
            "display_type": "bars",
            "response_format": "timeseries",
            "queries": [
              {
                "query": "sum:kubernetes_state.container.waiting{$cluster,$namespace,$deployment,reason:crashloopbackoff,$daemonset,$node,$service,$scope,$project} by {pod_name}",
                "data_source": "metrics",
                "name": "query1"
              }
            ]
          }
        ],
        "type": "timeseries"
      },
      "layout": {
        "y": 8,
        "x": 8,
        "width": 3,
        "height": 2
      },
      "id": 499170204042002
    },
    {
      "definition": {
        "show_tick": false,
        "background_color": "yellow",
        "type": "note",
        "tick_edge": "bottom",
        "text_align": "center",
        "content": "Deployments",
        "font_size": "18",
        "tick_pos": "50%"
      },
      "layout": {
        "y": 10,
        "x": 0,
        "width": 11,
        "height": 1
      },
      "id": 1256489585909346
    },
    {
      "definition": {
        "title_size": "16",
        "title": "Pods desired",
        "title_align": "left",
        "precision": 0,
        "autoscale": true,
        "requests": [
          {
            "formulas": [
              {
                "formula": "query1"
              }
            ],
            "conditional_formats": [
              {
                "custom_fg_color": "#6a53a1",
                "palette": "custom_text",
                "comparator": ">",
                "value": 0
              }
            ],
            "response_format": "scalar",
            "queries": [
              {
                "query": "sum:kubernetes_state.deployment.replicas_desired{$deployment,$daemonset,$service,$cluster,$namespace,$scope,$project}",
                "data_source": "metrics",
                "name": "query1",
                "aggregator": "avg"
              }
            ]
          }
        ],
        "type": "query_value"
      },
      "layout": {
        "y": 11,
        "x": 0,
        "width": 2,
        "height": 2
      },
      "id": 3554207898083186
    },
    {
      "definition": {
        "custom_links": [
          {
            "link": "/dashboard/vd4-3hi-857/template-kubernetes-pods-overview?tpl_var_deployment={{deployment.value}}",
            "label": "Deployment Overview"
          }
        ],
        "title_size": "16",
        "title": "Pods Overview",
        "title_align": "left",
        "requests": [
          {
            "formulas": [
              {
                "alias": "Desired",
                "limit": {
                  "count": 500,
                  "order": "desc"
                },
                "formula": "query1"
              },
              {
                "alias": "Available",
                "formula": "query2"
              },
              {
                "alias": "Unavailable",
                "formula": "query3"
              },
              {
                "alias": "Availability %",
                "conditional_formats": [
                  {
                    "palette": "white_on_green",
                    "value": 95,
                    "comparator": ">="
                  },
                  {
                    "palette": "white_on_yellow",
                    "value": 85,
                    "comparator": ">"
                  },
                  {
                    "palette": "white_on_red",
                    "value": 85,
                    "comparator": "<"
                  }
                ],
                "formula": "(query2 / query1) * 100"
              }
            ],
            "response_format": "scalar",
            "queries": [
              {
                "query": "sum:kubernetes_state.deployment.replicas_desired{$deployment,$daemonset,$service,$cluster,$namespace,$scope,$project} by {deployment}",
                "data_source": "metrics",
                "name": "query1",
                "aggregator": "last"
              },
              {
                "query": "sum:kubernetes_state.deployment.replicas_available{$deployment,$daemonset,$service,$cluster,$namespace,$scope,$project} by {deployment}",
                "data_source": "metrics",
                "name": "query2",
                "aggregator": "last"
              },
              {
                "query": "sum:kubernetes_state.deployment.replicas_unavailable{$deployment,$daemonset,$service,$cluster,$namespace,$scope,$project} by {deployment}",
                "data_source": "metrics",
                "name": "query3",
                "aggregator": "last"
              }
            ]
          }
        ],
        "type": "query_table"
      },
      "layout": {
        "y": 11,
        "x": 2,
        "width": 9,
        "height": 6
      },
      "id": 5410082673376130
    },
    {
      "definition": {
        "title_size": "16",
        "title": "Pods Available",
        "title_align": "left",
        "precision": 0,
        "autoscale": true,
        "requests": [
          {
            "formulas": [
              {
                "formula": "query1"
              }
            ],
            "conditional_formats": [
              {
                "palette": "green_on_white",
                "comparator": ">",
                "value": 0
              }
            ],
            "response_format": "scalar",
            "queries": [
              {
                "query": "sum:kubernetes_state.deployment.replicas_available{$deployment,$daemonset,$service,$cluster,$namespace,$scope,$project}",
                "data_source": "metrics",
                "name": "query1",
                "aggregator": "avg"
              }
            ]
          }
        ],
        "type": "query_value"
      },
      "layout": {
        "y": 13,
        "x": 0,
        "width": 2,
        "height": 2
      },
      "id": 7330998260264590
    },
    {
      "definition": {
        "title_size": "16",
        "title": "Pods unavailable",
        "title_align": "left",
        "precision": 0,
        "autoscale": true,
        "requests": [
          {
            "formulas": [
              {
                "formula": "query1"
              }
            ],
            "conditional_formats": [
              {
                "palette": "yellow_on_white",
                "comparator": ">",
                "value": 0
              },
              {
                "palette": "green_on_white",
                "comparator": "<=",
                "value": 0
              }
            ],
            "response_format": "scalar",
            "queries": [
              {
                "query": "sum:kubernetes_state.deployment.replicas_unavailable{$deployment,$daemonset,$service,$cluster,$namespace,$scope,$project}",
                "data_source": "metrics",
                "name": "query1",
                "aggregator": "avg"
              }
            ]
          }
        ],
        "type": "query_value"
      },
      "layout": {
        "y": 15,
        "x": 0,
        "width": 2,
        "height": 2
      },
      "id": 7094523508255428
    },
    {
      "definition": {
        "show_tick": false,
        "background_color": "gray",
        "type": "note",
        "tick_edge": "bottom",
        "text_align": "center",
        "content": "ReplicaSets",
        "font_size": "18",
        "tick_pos": "50%"
      },
      "layout": {
        "y": 17,
        "x": 0,
        "width": 11,
        "height": 1
      },
      "id": 723181702548604
    },
    {
      "definition": {
        "title_size": "16",
        "title": "Ready",
        "title_align": "left",
        "precision": 0,
        "autoscale": true,
        "requests": [
          {
            "formulas": [
              {
                "formula": "query1"
              }
            ],
            "conditional_formats": [
              {
                "custom_fg_color": "#6a53a1",
                "palette": "custom_text",
                "comparator": ">",
                "value": 0
              }
            ],
            "response_format": "scalar",
            "queries": [
              {
                "query": "sum:kubernetes_state.replicaset.replicas_ready{$cluster,$deployment,$daemonset,$namespace,$service,$node,$scope,$project}",
                "data_source": "metrics",
                "name": "query1",
                "aggregator": "last"
              }
            ]
          }
        ],
        "type": "query_value"
      },
      "layout": {
        "y": 18,
        "x": 0,
        "width": 2,
        "height": 2
      },
      "id": 6405373378917906
    },
    {
      "definition": {
        "title_size": "16",
        "requests": [
          {
            "formulas": [
              {
                "alias": "Ready",
                "limit": {
                  "count": 500,
                  "order": "desc"
                },
                "formula": "query1"
              },
              {
                "alias": "Desired",
                "formula": "query2"
              },
              {
                "alias": "Not Ready",
                "formula": "query2 - query1"
              },
              {
                "alias": "Availability %",
                "conditional_formats": [
                  {
                    "palette": "white_on_green",
                    "value": 95,
                    "comparator": ">="
                  },
                  {
                    "palette": "white_on_yellow",
                    "value": 85,
                    "comparator": ">"
                  },
                  {
                    "palette": "white_on_red",
                    "value": 85,
                    "comparator": "<"
                  }
                ],
                "formula": "(query1 / query2) * 100"
              }
            ],
            "response_format": "scalar",
            "queries": [
              {
                "query": "sum:kubernetes_state.replicaset.replicas_ready{$cluster,$daemonset,$service,$namespace,$deployment,$node,$scope,$project} by {replicaset}",
                "data_source": "metrics",
                "name": "query1",
                "aggregator": "last"
              },
              {
                "query": "sum:kubernetes_state.replicaset.replicas_desired{$cluster,$daemonset,$service,$namespace,$deployment,$node,$scope,$project} by {replicaset}",
                "data_source": "metrics",
                "name": "query2",
                "aggregator": "last"
              }
            ]
          }
        ],
        "title_align": "left",
        "type": "query_table",
        "title": "Replicas Availability"
      },
      "layout": {
        "y": 18,
        "x": 2,
        "width": 9,
        "height": 4
      },
      "id": 4864513995162984
    },
    {
      "definition": {
        "title_size": "16",
        "title": "Not ready",
        "title_align": "left",
        "precision": 0,
        "autoscale": true,
        "requests": [
          {
            "formulas": [
              {
                "formula": "query1 - query2"
              }
            ],
            "conditional_formats": [
              {
                "custom_fg_color": "#6a53a1",
                "palette": "yellow_on_white",
                "comparator": ">",
                "value": 0
              }
            ],
            "response_format": "scalar",
            "queries": [
              {
                "query": "sum:kubernetes_state.replicaset.replicas_desired{$cluster,$daemonset,$service,$namespace,$scope,$project}",
                "data_source": "metrics",
                "name": "query1",
                "aggregator": "last"
              },
              {
                "query": "sum:kubernetes_state.replicaset.replicas_ready{$cluster,$daemonset,$service,$namespace,$scope,$project}",
                "data_source": "metrics",
                "name": "query2",
                "aggregator": "last"
              }
            ]
          }
        ],
        "type": "query_value"
      },
      "layout": {
        "y": 20,
        "x": 0,
        "width": 2,
        "height": 2
      },
      "id": 4834636065214698
    },
    {
      "definition": {
        "show_tick": false,
        "background_color": "orange",
        "type": "note",
        "tick_edge": "bottom",
        "text_align": "center",
        "content": "Containers",
        "font_size": "18",
        "tick_pos": "50%"
      },
      "layout": {
        "y": 22,
        "x": 0,
        "width": 11,
        "height": 1
      },
      "id": 1548529777648162
    },
    {
      "definition": {
        "title_size": "16",
        "requests": [
          {
            "formulas": [
              {
                "alias": "Running",
                "limit": {
                  "count": 500,
                  "order": "desc"
                },
                "formula": "query1"
              },
              {
                "alias": "Waiting",
                "formula": "query2"
              },
              {
                "alias": "Terminated",
                "formula": "query3"
              },
              {
                "alias": "Ready",
                "formula": "query4"
              }
            ],
            "response_format": "scalar",
            "queries": [
              {
                "query": "sum:kubernetes_state.container.running{$deployment,$daemonset,$service,$namespace,$node,$cluster,$scope,$project} by {kube_namespace}",
                "data_source": "metrics",
                "name": "query1",
                "aggregator": "last"
              },
              {
                "query": "sum:kubernetes_state.container.waiting{$deployment,$daemonset,$service,$namespace,$node,$cluster,$scope,$project} by {kube_namespace}",
                "data_source": "metrics",
                "name": "query2",
                "aggregator": "last"
              },
              {
                "query": "sum:kubernetes_state.container.terminated{$deployment,$daemonset,$service,$namespace,$node,$cluster,$scope,$project} by {kube_namespace}",
                "data_source": "metrics",
                "name": "query3",
                "aggregator": "last"
              },
              {
                "query": "sum:kubernetes_state.container.ready{$deployment,$daemonset,$service,$namespace,$node,$cluster,$scope,$project} by {kube_namespace}",
                "data_source": "metrics",
                "name": "query4",
                "aggregator": "last"
              }
            ]
          }
        ],
        "title_align": "left",
        "type": "query_table",
        "title": "Container States Inventory"
      },
      "layout": {
        "y": 23,
        "x": 0,
        "width": 11,
        "height": 4
      },
      "id": 5029707621796964
    },
    {
      "definition": {
        "show_tick": false,
        "background_color": "green",
        "type": "note",
        "tick_edge": "bottom",
        "text_align": "center",
        "content": "[Resource utilization](https://www.datadoghq.com/blog/monitoring-kubernetes-performance-metrics/#toc-resource-utilization6)",
        "font_size": "18",
        "tick_pos": "50%"
      },
      "layout": {
        "y": 27,
        "x": 0,
        "width": 11,
        "height": 1
      },
      "id": 2926586814460282
    },
    {
      "definition": {
        "title_size": "16",
        "title": "Node Memory Pressure",
        "title_align": "left",
        "group_by": [],
        "type": "check_status",
        "check": "kubernetes_state.node.memory_pressure",
        "tags": [
          "*"
        ],
        "grouping": "cluster"
      },
      "layout": {
        "y": 28,
        "x": 0,
        "width": 3,
        "height": 2
      },
      "id": 8716059695994010
    },
    {
      "definition": {
        "style": {
          "palette": "YlOrRd",
          "palette_flip": false
        },
        "title_size": "16",
        "title": "CPU utilization per node",
        "title_align": "left",
        "node_type": "host",
        "no_metric_hosts": false,
        "group": [],
        "requests": {
          "fill": {
            "q": "sum:system.load.1{$cluster,$deployment,$node,$scope,$project} by {host}"
          }
        },
        "no_group_hosts": true,
        "type": "hostmap",
        "scope": [
          "$cluster",
          "$kube_deployment",
          "$node"
        ]
      },
      "layout": {
        "y": 28,
        "x": 3,
        "width": 4,
        "height": 4
      },
      "id": 2443318981487990
    },
    {
      "definition": {
        "style": {
          "palette": "hostmap_blues",
          "palette_flip": false
        },
        "title_size": "16",
        "title": "CPU per Container",
        "title_align": "left",
        "node_type": "container",
        "no_metric_hosts": false,
        "group": [
          "kube_namespace"
        ],
        "requests": {
          "fill": {
            "q": "sum:process.stat.container.cpu.system_pct{$cluster,$scope,$project} by {host}"
          }
        },
        "no_group_hosts": true,
        "type": "hostmap",
        "scope": [
          "$cluster"
        ]
      },
      "layout": {
        "y": 28,
        "x": 7,
        "width": 4,
        "height": 4
      },
      "id": 5258795858010844
    },
    {
      "definition": {
        "title_size": "16",
        "title": "Node Disk Pressure",
        "title_align": "left",
        "group_by": [],
        "type": "check_status",
        "check": "kubernetes_state.node.disk_pressure",
        "tags": [
          "*"
        ],
        "grouping": "cluster"
      },
      "layout": {
        "y": 30,
        "x": 0,
        "width": 3,
        "height": 2
      },
      "id": 5151479557794220
    },
    {
      "definition": {
        "title_size": "16",
        "legend_columns": [
          "avg",
          "min",
          "max",
          "value",
          "sum"
        ],
        "yaxis": {
          "include_zero": true,
          "label": "",
          "scale": "linear",
          "min": "auto",
          "max": "auto"
        },
        "title_align": "left",
        "markers": [],
        "legend_layout": "auto",
        "show_legend": false,
        "title": "Sum Kubernetes CPU requests per node",
        "requests": [
          {
            "formulas": [
              {
                "formula": "query1"
              }
            ],
            "style": {
              "palette": "warm"
            },
            "display_type": "line",
            "response_format": "timeseries",
            "queries": [
              {
                "query": "sum:kubernetes.cpu.requests{$deployment,$daemonset,$service,$node,$cluster,$scope,$project} by {host}",
                "data_source": "metrics",
                "name": "query1"
              }
            ]
          }
        ],
        "type": "timeseries"
      },
      "layout": {
        "y": 32,
        "x": 0,
        "width": 7,
        "height": 3
      },
      "id": 7052531755916662
    },
    {
      "definition": {
        "title_size": "16",
        "requests": [
          {
            "formulas": [
              {
                "formula": "query1",
                "limit": {
                  "count": 10,
                  "order": "desc"
                }
              }
            ],
            "response_format": "scalar",
            "queries": [
              {
                "query": "sum:kubernetes.cpu.usage.total{$deployment,$daemonset,!pod_name:no_pod,$service,$node,$namespace,$cluster,$scope,$project} by {pod_name}",
                "data_source": "metrics",
                "name": "query1",
                "aggregator": "avg"
              }
            ]
          }
        ],
        "title_align": "left",
        "type": "toplist",
        "title": "Most CPU-intensive pods"
      },
      "layout": {
        "y": 32,
        "x": 7,
        "width": 4,
        "height": 3
      },
      "id": 5534265401094534
    },
    {
      "definition": {
        "title_size": "16",
        "legend_columns": [
          "avg",
          "min",
          "max",
          "value",
          "sum"
        ],
        "yaxis": {
          "include_zero": true,
          "label": "",
          "scale": "linear",
          "min": "auto",
          "max": "auto"
        },
        "title_align": "left",
        "markers": [],
        "legend_layout": "auto",
        "show_legend": false,
        "title": "Sum Kubernetes memory requests per node",
        "requests": [
          {
            "formulas": [
              {
                "formula": "query1"
              }
            ],
            "style": {
              "palette": "cool"
            },
            "display_type": "line",
            "response_format": "timeseries",
            "queries": [
              {
                "query": "sum:kubernetes.memory.usage_pct{($deployment AND $daemonset OR $service AND $node AND $cluster AND $namespace) AND $cluster AND $scope AND $project} by {host}",
                "data_source": "metrics",
                "name": "query1"
              }
            ]
          }
        ],
        "type": "timeseries"
      },
      "layout": {
        "y": 35,
        "x": 0,
        "width": 7,
        "height": 3
      },
      "id": 3001678274097110
    },
    {
      "definition": {
        "title_size": "16",
        "requests": [
          {
            "formulas": [
              {
                "formula": "query1",
                "limit": {
                  "count": 10,
                  "order": "desc"
                }
              }
            ],
            "response_format": "scalar",
            "queries": [
              {
                "query": "sum:kubernetes.memory.usage{$deployment,$daemonset,$namespace,!pod_name:no_pod,$service,$node,$cluster,$scope,$project} by {pod_name}",
                "data_source": "metrics",
                "name": "query1",
                "aggregator": "avg"
              }
            ]
          }
        ],
        "title_align": "left",
        "type": "toplist",
        "title": "Most memory-intensive pods"
      },
      "layout": {
        "y": 35,
        "x": 7,
        "width": 4,
        "height": 3
      },
      "id": 5393793895050488
    },
    {
      "definition": {
        "show_tick": false,
        "background_color": "purple",
        "type": "note",
        "tick_edge": "bottom",
        "text_align": "center",
        "content": "Disk I/O & Network",
        "font_size": "18",
        "tick_pos": "50%"
      },
      "layout": {
        "y": 38,
        "x": 0,
        "width": 11,
        "height": 1
      },
      "id": 5620582887181100
    },
    {
      "definition": {
        "title_size": "16",
        "legend_columns": [
          "avg",
          "min",
          "max",
          "value",
          "sum"
        ],
        "yaxis": {
          "include_zero": true,
          "label": "",
          "scale": "linear",
          "min": "auto",
          "max": "auto"
        },
        "title_align": "left",
        "markers": [],
        "legend_layout": "auto",
        "show_legend": false,
        "title": "Disk writes per node",
        "requests": [
          {
            "formulas": [
              {
                "formula": "query1 - query2"
              }
            ],
            "style": {
              "line_width": "normal",
              "palette": "grey",
              "line_type": "solid"
            },
            "display_type": "line",
            "response_format": "timeseries",
            "queries": [
              {
                "query": "sum:kubernetes.io.write_bytes{$daemonset,$service,$deployment,$node,$namespace,$cluster,$scope,$project} by {replicaset,host}",
                "data_source": "metrics",
                "name": "query1"
              },
              {
                "query": "avg:kubernetes_state.replicaset.replicas_ready{$daemonset,$service,$deployment,$node,$namespace,$cluster,$scope,$project} by {host}",
                "data_source": "metrics",
                "name": "query2"
              }
            ]
          }
        ],
        "type": "timeseries"
      },
      "layout": {
        "y": 39,
        "x": 0,
        "width": 6,
        "height": 2
      },
      "id": 883112463073284
    },
    {
      "definition": {
        "title_size": "16",
        "legend_columns": [
          "avg",
          "min",
          "max",
          "value",
          "sum"
        ],
        "yaxis": {
          "include_zero": true,
          "label": "",
          "scale": "linear",
          "min": "auto",
          "max": "auto"
        },
        "title_align": "left",
        "markers": [],
        "legend_layout": "auto",
        "show_legend": false,
        "title": "Disk reads per node",
        "requests": [
          {
            "formulas": [
              {
                "formula": "query1 - query2"
              }
            ],
            "style": {
              "line_width": "normal",
              "palette": "grey",
              "line_type": "solid"
            },
            "display_type": "line",
            "response_format": "timeseries",
            "queries": [
              {
                "query": "sum:kubernetes.io.read_bytes{$daemonset,$service,$deployment,$node,$namespace,$cluster,$scope,$project} by {replicaset,host}",
                "data_source": "metrics",
                "name": "query1"
              },
              {
                "query": "avg:kubernetes_state.replicaset.replicas_ready{$daemonset,$service,$deployment,$node,$namespace,$cluster,$scope,$project} by {host}",
                "data_source": "metrics",
                "name": "query2"
              }
            ]
          }
        ],
        "type": "timeseries"
      },
      "layout": {
        "y": 39,
        "x": 6,
        "width": 5,
        "height": 2
      },
      "id": 5441436695095750
    },
    {
      "definition": {
        "title_size": "16",
        "legend_columns": [
          "avg",
          "min",
          "max",
          "value",
          "sum"
        ],
        "yaxis": {
          "include_zero": true,
          "label": "",
          "scale": "linear",
          "min": "auto",
          "max": "auto"
        },
        "title_align": "left",
        "markers": [],
        "legend_layout": "auto",
        "show_legend": false,
        "title": "Network in per node",
        "requests": [
          {
            "formulas": [
              {
                "formula": "query1"
              }
            ],
            "style": {
              "palette": "purple"
            },
            "display_type": "line",
            "response_format": "timeseries",
            "queries": [
              {
                "query": "sum:kubernetes.network.rx_bytes{$deployment,$daemonset,$service,$node,$namespace,$cluster,$scope,$project} by {host}",
                "data_source": "metrics",
                "name": "query1"
              }
            ]
          }
        ],
        "type": "timeseries"
      },
      "layout": {
        "y": 41,
        "x": 0,
        "width": 6,
        "height": 2
      },
      "id": 7779103128645822
    },
    {
      "definition": {
        "title_size": "16",
        "legend_columns": [
          "avg",
          "min",
          "max",
          "value",
          "sum"
        ],
        "yaxis": {
          "include_zero": true,
          "label": "",
          "scale": "linear",
          "min": "auto",
          "max": "auto"
        },
        "title_align": "left",
        "markers": [],
        "legend_layout": "auto",
        "show_legend": false,
        "title": "Network out per node",
        "requests": [
          {
            "formulas": [
              {
                "formula": "query1"
              }
            ],
            "style": {
              "palette": "green"
            },
            "display_type": "line",
            "response_format": "timeseries",
            "queries": [
              {
                "query": "sum:kubernetes.network.tx_bytes{$deployment,$daemonset,$service,$node,$namespace,$cluster,$scope,$project} by {host}",
                "data_source": "metrics",
                "name": "query1"
              }
            ]
          }
        ],
        "type": "timeseries"
      },
      "layout": {
        "y": 41,
        "x": 6,
        "width": 5,
        "height": 2
      },
      "id": 3048303803386212
    },
    {
      "definition": {
        "title_size": "16",
        "legend_columns": [
          "avg",
          "min",
          "max",
          "value",
          "sum"
        ],
        "yaxis": {
          "include_zero": true,
          "label": "",
          "scale": "linear",
          "min": "auto",
          "max": "auto"
        },
        "title_align": "left",
        "markers": [],
        "legend_layout": "auto",
        "show_legend": false,
        "title": "Network errors per node",
        "requests": [
          {
            "formulas": [
              {
                "formula": "query1"
              }
            ],
            "style": {
              "palette": "warm"
            },
            "display_type": "bars",
            "response_format": "timeseries",
            "queries": [
              {
                "query": "sum:kubernetes.network.rx_errors{$deployment,$daemonset,$service,$node,$namespace,$cluster,$scope,$project} by {host}",
                "data_source": "metrics",
                "name": "query1"
              }
            ]
          },
          {
            "formulas": [
              {
                "formula": "query1"
              }
            ],
            "style": {
              "palette": "warm"
            },
            "display_type": "bars",
            "response_format": "timeseries",
            "queries": [
              {
                "query": "sum:kubernetes.network.tx_errors{$deployment,$daemonset,$service,$node,$namespace,$cluster,$scope,$project} by {host}",
                "data_source": "metrics",
                "name": "query1"
              }
            ]
          },
          {
            "formulas": [
              {
                "formula": "query1"
              }
            ],
            "style": {
              "line_width": "normal",
              "palette": "warm",
              "line_type": "solid"
            },
            "display_type": "bars",
            "response_format": "timeseries",
            "queries": [
              {
                "query": "sum:kubernetes.network_errors{$deployment,$daemonset,$service,$node,$namespace,$cluster,$scope,$project} by {host}",
                "data_source": "metrics",
                "name": "query1"
              }
            ]
          }
        ],
        "type": "timeseries"
      },
      "layout": {
        "y": 43,
        "x": 0,
        "width": 6,
        "height": 2
      },
      "id": 8725051529585638
    },
    {
      "definition": {
        "title_size": "16",
        "legend_columns": [
          "avg",
          "min",
          "max",
          "value",
          "sum"
        ],
        "yaxis": {
          "include_zero": true,
          "label": "",
          "scale": "linear",
          "min": "auto",
          "max": "auto"
        },
        "title_align": "left",
        "markers": [],
        "legend_layout": "auto",
        "show_legend": false,
        "title": "Network errors per pod",
        "requests": [
          {
            "formulas": [
              {
                "formula": "query1"
              }
            ],
            "style": {
              "line_width": "normal",
              "palette": "warm",
              "line_type": "solid"
            },
            "display_type": "bars",
            "response_format": "timeseries",
            "queries": [
              {
                "query": "sum:kubernetes.network.rx_errors{$deployment,$daemonset,$service,$node,$namespace,$cluster,$scope,$project} by {pod_name}",
                "data_source": "metrics",
                "name": "query1"
              }
            ]
          },
          {
            "formulas": [
              {
                "formula": "query1"
              }
            ],
            "style": {
              "line_width": "normal",
              "palette": "warm",
              "line_type": "solid"
            },
            "display_type": "bars",
            "response_format": "timeseries",
            "queries": [
              {
                "query": "sum:kubernetes.network.tx_errors{$deployment,$daemonset,$service,$node,$namespace,$cluster,$scope,$project} by {pod_name}",
                "data_source": "metrics",
                "name": "query1"
              }
            ]
          }
        ],
        "type": "timeseries"
      },
      "layout": {
        "y": 43,
        "x": 6,
        "width": 5,
        "height": 2
      },
      "id": 2627898456096742
    }
  ],
  "layout_type": "ordered"
}