{
  "notify_list": null,
  "description": "## Title\n\nDescribe this dashboard. Add links to other dashboards, monitors, wikis,  and docs to help your teammates. Markdown is supported.\n\n- [This might link to a dashboard](#)\n- [This might link to a wiki](#) (cloned)",
  "restricted_roles": [],
  "template_variables": [
    {
      "default": "*",
      "prefix": "app",
      "name": "app",
      "available_values": []
    },
    {
      "default": "*",
      "prefix": "subscription_name",
      "name": "subscription_name",
      "available_values": [
        "pzi-gxus-n-sub078"
      ]
    },
    {
      "default": "*",
      "prefix": "resource_group",
      "name": "resource_group",
      "available_values": [
        "pzi-gxus-n-rgp-zoknd-d004",
        "pzi-gxus-n-rgp-zoknd-d006"
      ]
    }
  ],
  "is_read_only": false,
  "title": "[TEMPLATE] - Azure App Gateway - rapdev",
  "reflow_type": "fixed",
  "widgets": [
    {
      "definition": {
        "font_size": "14",
        "background_color": "white",
        "type": "note",
        "tick_edge": "left",
        "text_align": "left",
        "content": "# Concourse Notification Menu \n- [ Azure DataFactory ](https://pwc-digital.datadoghq.com/dashboard/ium-4z2-2sx?tpl_var_app=$app.value.value&tpl_var_resource_group=$resource_group.value&tpl_var_subscription_name=$subscription_name.value.value&live=true)\n- [ Azure Storage ](https://pwc-digital.datadoghq.com/dashboard/668-4kx-cu9/azure-storage---concourse-notification?tpl_var_app=$app.value&tpl_var_resource_group=$resource_group.value&tpl_var_subscription_name=$subscription_name.value&live=true)\n- [ Azure CosmosDB ](https://pwc-digital.datadoghq.com/dashboard/vg2-jcp-a8a/azure-cosmosdb---concourse-notification?tpl_var_app=$app.value&tpl_var_resource_group=$resource_group.value&tpl_var_subscription_name=$subscription_name.value&live=true)\n- [ Azure Cognitive and Search Services ](https://pwc-digital.datadoghq.com/dashboard/p9e-sug-3ku/azure-cognitive-and-search-services---concourse-notification?tpl_var_app=$app.value&tpl_var_resource_group=$resource_group.value&tpl_var_subscription_name=$subscription_name.value&live=true)\n- [ Azure Key Vault ](https://pwc-digital.datadoghq.com/dashboard/qy6-82e-jh8/azure-key-vault---concourse-notification?tpl_var_app=$app.value&tpl_var_resource_group=$resource_group.value&tpl_var_subscription_name=$subscription_name.value&live=true)\n- [ Azure EventHub](https://pwc-digital.datadoghq.com/dashboard/dd9-7fu-22f/azure-eventhub---concourse-notification?tpl_var_app=$app.value&tpl_var_resource_group=$resource_group.value&tpl_var_subscription_name=$subscription_name.value&live=true)\n- [ Azure App Gateway](https://pwc-digital.datadoghq.com/dashboard/bfg-un3-28un?tpl_var_app=$app.value&tpl_var_resource_group=$resource_group.value&tpl_var_subscription_name=$subscription_name.value&live=true)\n- [ Azure App Service](https://pwc-digital.datadoghq.com/dashboard/nki-efg-ytq/azure-app-service---concourse-notification?tpl_var_app=$app.value&tpl_var_resource_group=$resource_group.value&tpl_var_subscription_name=$subscription_name.value&live=true)",
        "vertical_align": "top",
        "has_padding": true,
        "show_tick": false,
        "tick_pos": "50%"
      },
      "layout": {
        "y": 0,
        "x": 0,
        "width": 2,
        "height": 5
      },
      "id": 5888631216083240
    },
    {
      "definition": {
        "widgets": [
          {
            "definition": {
              "title_size": "16",
              "legend_columns": [
                "avg",
                "min",
                "max",
                "value",
                "sum"
              ],
              "yaxis": {
                "include_zero": true,
                "label": "",
                "scale": "linear",
                "min": "auto",
                "max": "auto"
              },
              "title_align": "left",
              "markers": [],
              "legend_layout": "auto",
              "show_legend": true,
              "title": "Bytes Sent / Received",
              "requests": [
                {
                  "formulas": [
                    {
                      "alias": "Bytes Sent",
                      "formula": "query1"
                    },
                    {
                      "alias": "Bytes Received",
                      "formula": "query2"
                    }
                  ],
                  "style": {
                    "line_width": "normal",
                    "palette": "cool",
                    "line_type": "solid"
                  },
                  "display_type": "bars",
                  "response_format": "timeseries",
                  "queries": [
                    {
                      "query": "avg:azure.network_applicationgateways.bytes_sent{$app,$subscription_name,$resource_group}.as_count()",
                      "data_source": "metrics",
                      "name": "query1"
                    },
                    {
                      "query": "avg:azure.network_applicationgateways.bytes_received{$app,$subscription_name,$resource_group}.as_count()",
                      "data_source": "metrics",
                      "name": "query2"
                    }
                  ]
                }
              ],
              "type": "timeseries"
            },
            "layout": {
              "y": 0,
              "x": 0,
              "width": 5,
              "height": 3
            },
            "id": 369072753588224
          },
          {
            "definition": {
              "title_size": "16",
              "legend_columns": [
                "avg",
                "min",
                "max",
                "value",
                "sum"
              ],
              "yaxis": {
                "include_zero": true,
                "label": "",
                "scale": "linear",
                "min": "auto",
                "max": "auto"
              },
              "title_align": "left",
              "markers": [],
              "legend_layout": "auto",
              "show_legend": false,
              "title": "Throughput",
              "requests": [
                {
                  "formulas": [
                    {
                      "formula": "query1"
                    }
                  ],
                  "style": {
                    "line_width": "normal",
                    "palette": "dog_classic",
                    "line_type": "solid"
                  },
                  "display_type": "line",
                  "response_format": "timeseries",
                  "queries": [
                    {
                      "query": "avg:azure.network_applicationgateways.throughput{$app,$subscription_name,$resource_group} by {name}.as_count()",
                      "data_source": "metrics",
                      "name": "query1"
                    }
                  ]
                }
              ],
              "type": "timeseries"
            },
            "layout": {
              "y": 0,
              "x": 5,
              "width": 5,
              "height": 3
            },
            "id": 5722981006144762
          },
          {
            "definition": {
              "title_size": "16",
              "legend_columns": [
                "avg",
                "min",
                "max",
                "value",
                "sum"
              ],
              "yaxis": {
                "include_zero": true,
                "label": "",
                "scale": "linear",
                "min": "auto",
                "max": "auto"
              },
              "title_align": "left",
              "markers": [],
              "legend_layout": "auto",
              "show_legend": false,
              "title": "Average Round Trip Time",
              "requests": [
                {
                  "formulas": [
                    {
                      "formula": "query1"
                    }
                  ],
                  "style": {
                    "line_width": "normal",
                    "palette": "dog_classic",
                    "line_type": "solid"
                  },
                  "display_type": "line",
                  "response_format": "timeseries",
                  "queries": [
                    {
                      "query": "avg:azure.network_applicationgateways.client_rtt{$app,$subscription_name,$resource_group} by {client_id}",
                      "data_source": "metrics",
                      "name": "query1"
                    }
                  ]
                }
              ],
              "type": "timeseries"
            },
            "layout": {
              "y": 3,
              "x": 0,
              "width": 5,
              "height": 3
            },
            "id": 10521221215866
          },
          {
            "definition": {
              "title_size": "16",
              "legend_columns": [
                "avg",
                "min",
                "max",
                "value",
                "sum"
              ],
              "yaxis": {
                "include_zero": true,
                "label": "",
                "scale": "linear",
                "min": "auto",
                "max": "auto"
              },
              "title_align": "left",
              "markers": [],
              "legend_layout": "auto",
              "show_legend": false,
              "title": "CPU Utilization",
              "requests": [
                {
                  "formulas": [
                    {
                      "formula": "query1"
                    }
                  ],
                  "style": {
                    "line_width": "normal",
                    "palette": "dog_classic",
                    "line_type": "solid"
                  },
                  "display_type": "line",
                  "response_format": "timeseries",
                  "queries": [
                    {
                      "query": "avg:azure.network_applicationgateways.cpu_utilization{$app,$subscription_name,$resource_group} by {name}",
                      "data_source": "metrics",
                      "name": "query1"
                    }
                  ]
                }
              ],
              "type": "timeseries"
            },
            "layout": {
              "y": 3,
              "x": 5,
              "width": 5,
              "height": 3
            },
            "id": 1722760814651894
          }
        ],
        "layout_type": "ordered",
        "type": "group",
        "show_title": true,
        "title": "Resource Overview"
      },
      "layout": {
        "y": 0,
        "x": 2,
        "width": 10,
        "height": 7
      },
      "id": 3547591695565908
    },
    {
      "definition": {
        "title_size": "16",
        "title": "App Gateway Count",
        "title_align": "left",
        "precision": 2,
        "autoscale": true,
        "requests": [
          {
            "formulas": [
              {
                "formula": "query1"
              }
            ],
            "conditional_formats": [
              {
                "palette": "white_on_green",
                "comparator": ">=",
                "value": 1
              },
              {
                "palette": "white_on_red",
                "comparator": "<",
                "value": 1
              }
            ],
            "response_format": "scalar",
            "queries": [
              {
                "query": "avg:azure.network_applicationgateways.count{$app,$subscription_name,$resource_group,status:running}",
                "data_source": "metrics",
                "name": "query1",
                "aggregator": "last"
              }
            ]
          }
        ],
        "type": "query_value"
      },
      "layout": {
        "y": 5,
        "x": 0,
        "width": 2,
        "height": 1
      },
      "id": 8106673097744916
    },
    {
      "definition": {
        "widgets": [
          {
            "definition": {
              "title_size": "16",
              "legend_columns": [
                "avg",
                "min",
                "max",
                "value",
                "sum"
              ],
              "yaxis": {
                "include_zero": true,
                "label": "",
                "scale": "linear",
                "min": "auto",
                "max": "auto"
              },
              "title_align": "left",
              "markers": [],
              "legend_layout": "auto",
              "show_legend": false,
              "title": "Total Requests",
              "requests": [
                {
                  "formulas": [
                    {
                      "formula": "query1"
                    }
                  ],
                  "style": {
                    "line_width": "normal",
                    "palette": "dog_classic",
                    "line_type": "solid"
                  },
                  "display_type": "bars",
                  "response_format": "timeseries",
                  "queries": [
                    {
                      "query": "avg:azure.network_applicationgateways.total_requests{$app,$subscription_name,$resource_group} by {name}.as_count()",
                      "data_source": "metrics",
                      "name": "query1"
                    }
                  ]
                }
              ],
              "type": "timeseries"
            },
            "layout": {
              "y": 0,
              "x": 0,
              "width": 6,
              "height": 2
            },
            "id": 5397635848744310
          },
          {
            "definition": {
              "title_size": "16",
              "legend_columns": [
                "avg",
                "min",
                "max",
                "value",
                "sum"
              ],
              "yaxis": {
                "include_zero": true,
                "label": "",
                "scale": "linear",
                "min": "auto",
                "max": "auto"
              },
              "title_align": "left",
              "markers": [],
              "legend_layout": "auto",
              "show_legend": false,
              "title": "TLS Requests",
              "requests": [
                {
                  "formulas": [
                    {
                      "formula": "query1"
                    }
                  ],
                  "style": {
                    "line_width": "normal",
                    "palette": "dog_classic",
                    "line_type": "solid"
                  },
                  "display_type": "bars",
                  "response_format": "timeseries",
                  "queries": [
                    {
                      "query": "avg:azure.network_applicationgateways.tls_protocol{$app,$subscription_name,$resource_group} by {name}.as_count()",
                      "data_source": "metrics",
                      "name": "query1"
                    }
                  ]
                }
              ],
              "type": "timeseries"
            },
            "layout": {
              "y": 2,
              "x": 0,
              "width": 6,
              "height": 2
            },
            "id": 7025981166267288
          },
          {
            "definition": {
              "title_size": "16",
              "legend_columns": [
                "avg",
                "min",
                "max",
                "value",
                "sum"
              ],
              "yaxis": {
                "include_zero": true,
                "label": "",
                "scale": "linear",
                "min": "auto",
                "max": "auto"
              },
              "title_align": "left",
              "markers": [],
              "legend_layout": "auto",
              "show_legend": false,
              "title": "HTTP Response Codes",
              "requests": [
                {
                  "formulas": [
                    {
                      "formula": "query1"
                    }
                  ],
                  "style": {
                    "line_width": "normal",
                    "palette": "warm",
                    "line_type": "solid"
                  },
                  "display_type": "bars",
                  "response_format": "timeseries",
                  "queries": [
                    {
                      "query": "avg:azure.network_applicationgateways.response_status{$app,$subscription_name,$resource_group} by {httpstatusgroup}.as_count()",
                      "data_source": "metrics",
                      "name": "query1"
                    }
                  ]
                }
              ],
              "type": "timeseries"
            },
            "layout": {
              "y": 4,
              "x": 0,
              "width": 6,
              "height": 2
            },
            "id": 1284831632481982
          },
          {
            "definition": {
              "title_size": "16",
              "legend_columns": [
                "avg",
                "min",
                "max",
                "value",
                "sum"
              ],
              "yaxis": {
                "include_zero": true,
                "label": "",
                "scale": "linear",
                "min": "auto",
                "max": "auto"
              },
              "title_align": "left",
              "markers": [],
              "legend_layout": "auto",
              "show_legend": false,
              "title": "Current Connections",
              "requests": [
                {
                  "formulas": [
                    {
                      "formula": "query1"
                    }
                  ],
                  "style": {
                    "line_width": "normal",
                    "palette": "cool",
                    "line_type": "solid"
                  },
                  "display_type": "bars",
                  "response_format": "timeseries",
                  "queries": [
                    {
                      "query": "avg:azure.network_applicationgateways.current_connections{$app,$subscription_name,$resource_group}.as_count()",
                      "data_source": "metrics",
                      "name": "query1"
                    }
                  ]
                }
              ],
              "type": "timeseries"
            },
            "layout": {
              "y": 6,
              "x": 0,
              "width": 6,
              "height": 2
            },
            "id": 2121716121341736
          }
        ],
        "layout_type": "ordered",
        "type": "group",
        "show_title": true,
        "title": "Network"
      },
      "layout": {
        "y": 0,
        "x": 0,
        "width": 6,
        "height": 9
      },
      "id": 5088099781056034
    },
    {
      "definition": {
        "widgets": [
          {
            "definition": {
              "title_size": "16",
              "legend_columns": [
                "avg",
                "min",
                "max",
                "value",
                "sum"
              ],
              "yaxis": {
                "include_zero": true,
                "label": "",
                "scale": "linear",
                "min": "auto",
                "max": "auto"
              },
              "title_align": "left",
              "markers": [],
              "legend_layout": "auto",
              "show_legend": false,
              "title": "Connect Time",
              "requests": [
                {
                  "formulas": [
                    {
                      "formula": "query1"
                    }
                  ],
                  "style": {
                    "line_width": "normal",
                    "palette": "dog_classic",
                    "line_type": "solid"
                  },
                  "display_type": "line",
                  "response_format": "timeseries",
                  "queries": [
                    {
                      "query": "avg:azure.network_applicationgateways.backend_connect_time{$app,$subscription_name,$resource_group} by {name}",
                      "data_source": "metrics",
                      "name": "query1"
                    }
                  ]
                }
              ],
              "type": "timeseries"
            },
            "layout": {
              "y": 0,
              "x": 0,
              "width": 6,
              "height": 2
            },
            "id": 2111730123485444
          },
          {
            "definition": {
              "title_size": "16",
              "legend_columns": [
                "avg",
                "min",
                "max",
                "value",
                "sum"
              ],
              "yaxis": {
                "include_zero": true,
                "label": "",
                "scale": "linear",
                "min": "auto",
                "max": "auto"
              },
              "title_align": "left",
              "markers": [],
              "legend_layout": "auto",
              "show_legend": false,
              "title": "HTTP Response",
              "requests": [
                {
                  "formulas": [
                    {
                      "formula": "query1"
                    }
                  ],
                  "style": {
                    "line_width": "normal",
                    "palette": "warm",
                    "line_type": "solid"
                  },
                  "display_type": "bars",
                  "response_format": "timeseries",
                  "queries": [
                    {
                      "query": "avg:azure.network_applicationgateways.backend_response_status{$app,$subscription_name,$resource_group} by {httpstatusgroup}.as_count()",
                      "data_source": "metrics",
                      "name": "query1"
                    }
                  ]
                }
              ],
              "type": "timeseries"
            },
            "layout": {
              "y": 2,
              "x": 0,
              "width": 6,
              "height": 2
            },
            "id": 7447166590967240
          },
          {
            "definition": {
              "title_size": "16",
              "legend_columns": [
                "avg",
                "min",
                "max",
                "value",
                "sum"
              ],
              "yaxis": {
                "include_zero": true,
                "label": "",
                "scale": "linear",
                "min": "auto",
                "max": "auto"
              },
              "title_align": "left",
              "markers": [],
              "legend_layout": "auto",
              "show_legend": false,
              "title": "First Byte Response Time",
              "requests": [
                {
                  "formulas": [
                    {
                      "formula": "query1"
                    }
                  ],
                  "style": {
                    "line_width": "normal",
                    "palette": "dog_classic",
                    "line_type": "solid"
                  },
                  "display_type": "line",
                  "response_format": "timeseries",
                  "queries": [
                    {
                      "query": "avg:azure.network_applicationgateways.backend_first_byte_response_time{$app,$subscription_name,$resource_group} by {name}",
                      "data_source": "metrics",
                      "name": "query1"
                    }
                  ]
                }
              ],
              "type": "timeseries"
            },
            "layout": {
              "y": 4,
              "x": 0,
              "width": 6,
              "height": 2
            },
            "id": 7741018416590520
          },
          {
            "definition": {
              "title_size": "16",
              "legend_columns": [
                "avg",
                "min",
                "max",
                "value",
                "sum"
              ],
              "yaxis": {
                "include_zero": true,
                "label": "",
                "scale": "linear",
                "min": "auto",
                "max": "auto"
              },
              "title_align": "left",
              "markers": [],
              "legend_layout": "auto",
              "show_legend": false,
              "title": "Last Byte Response Time",
              "requests": [
                {
                  "formulas": [
                    {
                      "formula": "query1"
                    }
                  ],
                  "style": {
                    "line_width": "normal",
                    "palette": "cool",
                    "line_type": "solid"
                  },
                  "display_type": "line",
                  "response_format": "timeseries",
                  "queries": [
                    {
                      "query": "avg:azure.network_applicationgateways.backend_last_byte_response_time{$app,$subscription_name,$resource_group} by {name}",
                      "data_source": "metrics",
                      "name": "query1"
                    }
                  ]
                }
              ],
              "type": "timeseries"
            },
            "layout": {
              "y": 6,
              "x": 0,
              "width": 6,
              "height": 2
            },
            "id": 6311016301212602
          }
        ],
        "layout_type": "ordered",
        "type": "group",
        "show_title": true,
        "title": "Backend"
      },
      "layout": {
        "y": 0,
        "x": 6,
        "width": 6,
        "height": 9
      },
      "id": 3383039300434762
    }
  ],
  "layout_type": "ordered"
}