{
  "notify_list": null,
  "description": "## Title\n\nDescribe this dashboard. Add links to other dashboards, monitors, wikis,  and docs to help your teammates. Markdown is supported.\n\n- [This might link to a dashboard](#)\n- [This might link to a wiki](#)",
  "restricted_roles": [],
  "template_variables": [
    {
      "default": "*",
      "prefix": null,
      "name": "scope",
      "available_values": []
    },
    {
      "default": "*",
      "prefix": "replset_name",
      "name": "replset_name",
      "available_values": []
    }
  ],
  "is_read_only": false,
  "title": "[TEMPLATE] MongoDB - Overview - Rapdev",
  "reflow_type": "fixed",
  "widgets": [
    {
      "definition": {
        "font_size": "14",
        "background_color": "white",
        "type": "note",
        "tick_edge": "left",
        "text_align": "left",
        "content": "",
        "vertical_align": "top",
        "has_padding": true,
        "show_tick": false,
        "tick_pos": "50%"
      },
      "layout": {
        "y": 0,
        "x": 0,
        "width": 2,
        "height": 5
      },
      "id": 7588280660197676
    },
    {
      "definition": {
        "title": "Overview",
        "type": "group",
        "title_align": "left",
        "widgets": [
          {
            "definition": {
              "title_size": "16",
              "title": "Averaged uptime",
              "title_align": "left",
              "precision": 2,
              "autoscale": true,
              "requests": [
                {
                  "q": "avg:mongodb.uptime{$scope,$replset_name}.rollup(avg, 60)",
                  "aggregator": "last"
                }
              ],
              "type": "query_value"
            },
            "layout": {
              "y": 0,
              "x": 0,
              "width": 3,
              "height": 2
            },
            "id": 8526692107156452
          },
          {
            "definition": {
              "title_size": "13",
              "title": "Healthy members",
              "title_align": "center",
              "group_by": [],
              "time": {
                "live_span": "10m"
              },
              "type": "check_status",
              "check": "mongodb.can_connect",
              "tags": [],
              "grouping": "cluster"
            },
            "layout": {
              "y": 0,
              "x": 3,
              "width": 3,
              "height": 2
            },
            "id": 8541262705113204
          },
          {
            "definition": {
              "title_size": "16",
              "title": "Shards count",
              "title_align": "left",
              "precision": 2,
              "autoscale": true,
              "requests": [
                {
                  "q": "count_not_null(avg:mongodb.replset.optime_lag{sharding_cluster_role:shardsvr,replset_state:primary,$scope,$replset_name} by {member}.fill(last, 30))",
                  "aggregator": "last"
                }
              ],
              "type": "query_value"
            },
            "layout": {
              "y": 2,
              "x": 0,
              "width": 2,
              "height": 2
            },
            "id": 28
          },
          {
            "definition": {
              "title_size": "16",
              "title": "Nodes per shard",
              "title_align": "left",
              "precision": 2,
              "autoscale": true,
              "requests": [
                {
                  "q": "count_not_null(avg:mongodb.replset.optime_lag{sharding_cluster_role:shardsvr,cluster-name:florian-mongo-shards,$scope,$replset_name} by {member})/count_not_null(avg:mongodb.replset.optime_lag{sharding_cluster_role:shardsvr,replset_state:primary,$scope,$replset_name} by {member}.fill(last, 30))",
                  "aggregator": "last"
                }
              ],
              "type": "query_value"
            },
            "layout": {
              "y": 2,
              "x": 2,
              "width": 2,
              "height": 2
            },
            "id": 29
          },
          {
            "definition": {
              "title_size": "16",
              "title": "Configsvr count",
              "title_align": "left",
              "precision": 0,
              "autoscale": true,
              "requests": [
                {
                  "q": "count_not_null(avg:mongodb.replset.optime_lag{sharding_cluster_role:configsvr,$scope,$replset_name} by {member})",
                  "aggregator": "last"
                }
              ],
              "type": "query_value"
            },
            "layout": {
              "y": 2,
              "x": 4,
              "width": 2,
              "height": 2
            },
            "id": 30
          }
        ],
        "layout_type": "ordered",
        "background_color": "white"
      },
      "layout": {
        "y": 0,
        "x": 2,
        "width": 6,
        "height": 5
      },
      "id": 1
    },
    {
      "definition": {
        "title": "Logs",
        "type": "group",
        "title_align": "left",
        "widgets": [
          {
            "definition": {
              "sort": {
                "column": "time",
                "order": "desc"
              },
              "title_align": "left",
              "title_size": "16",
              "title": "MongoDB Logs",
              "show_date_column": true,
              "message_display": "expanded-md",
              "indexes": [],
              "show_message_column": true,
              "query": "source:mongodb $scope $replset_name",
              "type": "log_stream",
              "columns": [
                "host",
                "service"
              ]
            },
            "layout": {
              "y": 0,
              "x": 0,
              "width": 4,
              "height": 4
            },
            "id": 145205510521986
          }
        ],
        "layout_type": "ordered",
        "background_color": "white"
      },
      "layout": {
        "y": 0,
        "x": 8,
        "width": 4,
        "height": 5
      },
      "id": 7
    },
    {
      "definition": {
        "title": "Replication",
        "type": "group",
        "title_align": "center",
        "widgets": [
          {
            "definition": {
              "title_size": "16",
              "legend_columns": [
                "avg",
                "min",
                "max",
                "value",
                "sum"
              ],
              "yaxis": {
                "include_zero": true,
                "label": "",
                "scale": "linear",
                "min": "auto",
                "max": "auto"
              },
              "title_align": "left",
              "markers": [],
              "legend_layout": "horizontal",
              "show_legend": true,
              "title": "Oplog usage",
              "requests": [
                {
                  "formulas": [
                    {
                      "formula": "query4",
                      "alias": "oplog log size"
                    },
                    {
                      "formula": "query6",
                      "alias": "oplog used size"
                    }
                  ],
                  "style": {
                    "line_width": "normal",
                    "palette": "purple",
                    "line_type": "solid"
                  },
                  "response_format": "timeseries",
                  "on_right_yaxis": false,
                  "display_type": "line",
                  "queries": [
                    {
                      "query": "avg:mongodb.oplog.logsizemb{$scope,$replset_name}.fill(zero)",
                      "data_source": "metrics",
                      "name": "query4"
                    },
                    {
                      "query": "avg:mongodb.oplog.usedsizemb{$scope,$replset_name}.fill(zero)",
                      "data_source": "metrics",
                      "name": "query6"
                    }
                  ]
                }
              ],
              "type": "timeseries"
            },
            "layout": {
              "y": 0,
              "x": 0,
              "width": 3,
              "height": 4
            },
            "id": 13
          },
          {
            "definition": {
              "title_size": "16",
              "legend_columns": [
                "avg",
                "min",
                "max",
                "value",
                "sum"
              ],
              "yaxis": {
                "include_zero": true,
                "label": "",
                "scale": "linear",
                "min": "auto",
                "max": "auto"
              },
              "title_align": "left",
              "markers": [],
              "legend_layout": "horizontal",
              "show_legend": true,
              "title": "Maximum lag per replica set",
              "requests": [
                {
                  "on_right_yaxis": false,
                  "style": {
                    "line_width": "normal",
                    "palette": "purple",
                    "line_type": "solid"
                  },
                  "display_type": "area",
                  "response_format": "timeseries",
                  "queries": [
                    {
                      "query": "max:mongodb.replset.optime_lag{$scope,$replset_name} by {replset_name}.fill(zero).rollup(avg, 15)",
                      "data_source": "metrics",
                      "name": "query1"
                    }
                  ]
                }
              ],
              "type": "timeseries"
            },
            "layout": {
              "y": 0,
              "x": 3,
              "width": 3,
              "height": 2
            },
            "id": 12
          },
          {
            "definition": {
              "title_size": "16",
              "requests": [
                {
                  "formulas": [
                    {
                      "formula": "query1",
                      "limit": {
                        "count": 100,
                        "order": "desc"
                      }
                    }
                  ],
                  "conditional_formats": [
                    {
                      "custom_bg_color": "#f9e0ff",
                      "palette": "custom_bg",
                      "value": 0,
                      "comparator": ">"
                    }
                  ],
                  "response_format": "scalar",
                  "queries": [
                    {
                      "query": "max:mongodb.replset.optime_lag{$scope,$replset_name} by {replset_name}",
                      "data_source": "metrics",
                      "name": "query1",
                      "aggregator": "last"
                    }
                  ]
                }
              ],
              "title_align": "left",
              "type": "toplist",
              "title": "Maximum lag per replica set"
            },
            "layout": {
              "y": 2,
              "x": 3,
              "width": 3,
              "height": 2
            },
            "id": 11
          }
        ],
        "layout_type": "ordered",
        "background_color": "vivid_purple"
      },
      "layout": {
        "y": 0,
        "x": 0,
        "width": 6,
        "height": 5
      },
      "id": 2
    },
    {
      "definition": {
        "title": "Resource Utilization",
        "type": "group",
        "title_align": "left",
        "widgets": [
          {
            "definition": {
              "title_size": "16",
              "legend_columns": [
                "avg",
                "min",
                "max",
                "value",
                "sum"
              ],
              "yaxis": {
                "include_zero": true,
                "label": "",
                "scale": "linear",
                "min": "auto",
                "max": "auto"
              },
              "title_align": "left",
              "markers": [],
              "legend_layout": "horizontal",
              "show_legend": true,
              "title": "Percentage of client connections used (%)",
              "legend_size": "0",
              "type": "timeseries",
              "requests": [
                {
                  "formulas": [
                    {
                      "formula": "100 * exclude_null(query1) / (exclude_null(query1) + exclude_null(query2))"
                    }
                  ],
                  "style": {
                    "line_width": "normal",
                    "palette": "dog_classic",
                    "line_type": "solid"
                  },
                  "display_type": "line",
                  "response_format": "timeseries",
                  "queries": [
                    {
                      "query": "sum:mongodb.connections.current{*,*,$scope,$replset_name} by {replset_name}",
                      "data_source": "metrics",
                      "name": "query1"
                    },
                    {
                      "query": "sum:mongodb.connections.available{*,*,$scope,$replset_name} by {replset_name}",
                      "data_source": "metrics",
                      "name": "query2"
                    }
                  ]
                }
              ]
            },
            "layout": {
              "y": 0,
              "x": 0,
              "width": 3,
              "height": 2
            },
            "id": 22
          },
          {
            "definition": {
              "title_size": "16",
              "legend_columns": [
                "avg",
                "min",
                "max",
                "value",
                "sum"
              ],
              "yaxis": {
                "include_zero": true,
                "label": "",
                "scale": "linear",
                "min": "auto",
                "max": "auto"
              },
              "title_align": "left",
              "markers": [],
              "legend_layout": "auto",
              "show_legend": false,
              "title": "Average memory usage",
              "requests": [
                {
                  "formulas": [
                    {
                      "formula": "query1",
                      "alias": "Memory used"
                    }
                  ],
                  "style": {
                    "line_width": "normal",
                    "palette": "dog_classic",
                    "line_type": "solid"
                  },
                  "response_format": "timeseries",
                  "on_right_yaxis": false,
                  "display_type": "line",
                  "queries": [
                    {
                      "query": "avg:mongodb.mem.resident{$scope,$replset_name}.fill(zero)",
                      "data_source": "metrics",
                      "name": "query1"
                    }
                  ]
                }
              ],
              "type": "timeseries"
            },
            "layout": {
              "y": 0,
              "x": 3,
              "width": 3,
              "height": 2
            },
            "id": 26
          },
          {
            "definition": {
              "title_size": "16",
              "legend_columns": [
                "avg",
                "min",
                "max",
                "value",
                "sum"
              ],
              "yaxis": {
                "include_zero": true,
                "label": "",
                "scale": "linear",
                "min": "auto",
                "max": "auto"
              },
              "title_align": "left",
              "markers": [],
              "legend_layout": "auto",
              "show_legend": true,
              "title": "Number of page faults per host",
              "legend_size": "0",
              "type": "timeseries",
              "requests": [
                {
                  "formulas": [
                    {
                      "formula": "query3"
                    }
                  ],
                  "style": {
                    "palette": "warm"
                  },
                  "display_type": "line",
                  "response_format": "timeseries",
                  "queries": [
                    {
                      "query": "sum:mongodb.extra_info.page_faultsps{$scope,$replset_name} by {host}",
                      "data_source": "metrics",
                      "name": "query3"
                    }
                  ]
                }
              ]
            },
            "layout": {
              "y": 2,
              "x": 0,
              "width": 3,
              "height": 2
            },
            "id": 25
          },
          {
            "definition": {
              "title_size": "16",
              "legend_columns": [
                "avg",
                "min",
                "max",
                "value",
                "sum"
              ],
              "yaxis": {
                "include_zero": true,
                "label": "",
                "scale": "linear",
                "min": "auto",
                "max": "auto"
              },
              "title_align": "left",
              "markers": [],
              "legend_layout": "horizontal",
              "show_legend": true,
              "title": "Data size per replica set",
              "requests": [
                {
                  "on_right_yaxis": false,
                  "style": {
                    "line_width": "normal",
                    "palette": "dog_classic",
                    "line_type": "solid"
                  },
                  "display_type": "line",
                  "response_format": "timeseries",
                  "queries": [
                    {
                      "query": "avg:mongodb.stats.datasize{$scope,$replset_name} by {replset_name}",
                      "data_source": "metrics",
                      "name": "query1"
                    }
                  ]
                }
              ],
              "type": "timeseries"
            },
            "layout": {
              "y": 2,
              "x": 3,
              "width": 3,
              "height": 2
            },
            "id": 23
          }
        ],
        "layout_type": "ordered",
        "background_color": "vivid_blue"
      },
      "layout": {
        "y": 0,
        "x": 6,
        "width": 6,
        "height": 5
      },
      "id": 3
    },
    {
      "definition": {
        "title": "Throughput",
        "type": "group",
        "title_align": "center",
        "widgets": [
          {
            "definition": {
              "title_size": "16",
              "legend_columns": [
                "avg",
                "min",
                "max",
                "value",
                "sum"
              ],
              "yaxis": {
                "include_zero": true,
                "label": "",
                "scale": "linear",
                "min": "auto",
                "max": "auto"
              },
              "title_align": "left",
              "markers": [],
              "legend_layout": "auto",
              "show_legend": true,
              "title": "Read requests per second",
              "requests": [
                {
                  "formulas": [
                    {
                      "formula": "query4",
                      "alias": "Getmore Operations"
                    },
                    {
                      "formula": "query6",
                      "alias": "Queries"
                    }
                  ],
                  "style": {
                    "line_width": "normal",
                    "palette": "cool",
                    "line_type": "solid"
                  },
                  "response_format": "timeseries",
                  "on_right_yaxis": false,
                  "display_type": "area",
                  "queries": [
                    {
                      "query": "sum:mongodb.opcounters.getmoreps{$scope,$replset_name}",
                      "data_source": "metrics",
                      "name": "query4"
                    },
                    {
                      "query": "sum:mongodb.opcounters.queryps{$scope,$replset_name}",
                      "data_source": "metrics",
                      "name": "query6"
                    }
                  ]
                }
              ],
              "type": "timeseries"
            },
            "layout": {
              "y": 0,
              "x": 0,
              "width": 4,
              "height": 2
            },
            "id": 15
          },
          {
            "definition": {
              "title_size": "16",
              "legend_columns": [
                "avg",
                "min",
                "max",
                "value",
                "sum"
              ],
              "yaxis": {
                "include_zero": true,
                "label": "",
                "scale": "linear",
                "min": "auto",
                "max": "auto"
              },
              "title_align": "left",
              "markers": [],
              "legend_layout": "horizontal",
              "show_legend": true,
              "title": "Network I/O",
              "requests": [
                {
                  "formulas": [
                    {
                      "formula": "query1",
                      "alias": "Received network traffic"
                    }
                  ],
                  "style": {
                    "line_width": "normal",
                    "palette": "cool",
                    "line_type": "solid"
                  },
                  "response_format": "timeseries",
                  "on_right_yaxis": false,
                  "display_type": "line",
                  "queries": [
                    {
                      "query": "avg:mongodb.network.bytesinps{*,*,$scope,$replset_name}.fill(zero)",
                      "data_source": "metrics",
                      "name": "query1"
                    }
                  ]
                },
                {
                  "formulas": [
                    {
                      "formula": "query1",
                      "alias": "Sent network traffic"
                    }
                  ],
                  "style": {
                    "line_width": "normal",
                    "palette": "green",
                    "line_type": "solid"
                  },
                  "response_format": "timeseries",
                  "on_right_yaxis": false,
                  "display_type": "line",
                  "queries": [
                    {
                      "query": "avg:mongodb.network.bytesoutps{*,*,$scope,$replset_name}.fill(zero)",
                      "data_source": "metrics",
                      "name": "query1"
                    }
                  ]
                }
              ],
              "type": "timeseries"
            },
            "layout": {
              "y": 0,
              "x": 4,
              "width": 4,
              "height": 2
            },
            "id": 16
          },
          {
            "definition": {
              "title_size": "16",
              "legend_columns": [
                "avg",
                "min",
                "max",
                "value",
                "sum"
              ],
              "yaxis": {
                "include_zero": true,
                "label": "",
                "scale": "linear",
                "min": "auto",
                "max": "auto"
              },
              "title_align": "left",
              "markers": [],
              "legend_layout": "auto",
              "show_legend": true,
              "title": "Write requests per second",
              "requests": [
                {
                  "formulas": [
                    {
                      "formula": "query5",
                      "alias": "Delete operations"
                    },
                    {
                      "formula": "query7",
                      "alias": "Insert operations "
                    },
                    {
                      "formula": "query9",
                      "alias": "Update operations"
                    }
                  ],
                  "style": {
                    "line_width": "normal",
                    "palette": "green",
                    "line_type": "solid"
                  },
                  "response_format": "timeseries",
                  "on_right_yaxis": false,
                  "display_type": "area",
                  "queries": [
                    {
                      "query": "sum:mongodb.opcounters.deleteps{$scope,$replset_name}",
                      "data_source": "metrics",
                      "name": "query5"
                    },
                    {
                      "query": "sum:mongodb.opcounters.insertps{$scope,$replset_name}",
                      "data_source": "metrics",
                      "name": "query7"
                    },
                    {
                      "query": "sum:mongodb.opcounters.updateps{$scope,$replset_name}",
                      "data_source": "metrics",
                      "name": "query9"
                    }
                  ]
                }
              ],
              "type": "timeseries"
            },
            "layout": {
              "y": 2,
              "x": 0,
              "width": 4,
              "height": 2
            },
            "id": 17
          },
          {
            "definition": {
              "title_size": "16",
              "legend_columns": [
                "avg",
                "min",
                "max",
                "value",
                "sum"
              ],
              "yaxis": {
                "include_zero": true,
                "label": "",
                "scale": "linear",
                "min": "auto",
                "max": "auto"
              },
              "title_align": "left",
              "markers": [],
              "legend_layout": "auto",
              "show_legend": true,
              "title": "Query operations per second",
              "requests": [
                {
                  "formulas": [
                    {
                      "formula": "query8",
                      "alias": "Total queries"
                    },
                    {
                      "formula": "query10",
                      "alias": "Delete operations"
                    },
                    {
                      "formula": "query12",
                      "alias": "Insert operations"
                    },
                    {
                      "formula": "query14",
                      "alias": "Update operations"
                    },
                    {
                      "formula": "query16",
                      "alias": "Getmore operations"
                    },
                    {
                      "formula": "query18",
                      "alias": "Commands"
                    }
                  ],
                  "style": {
                    "line_width": "normal",
                    "palette": "cool",
                    "line_type": "solid"
                  },
                  "response_format": "timeseries",
                  "on_right_yaxis": false,
                  "display_type": "line",
                  "queries": [
                    {
                      "query": "sum:mongodb.opcounters.queryps{$scope,$replset_name}.fill(zero)",
                      "data_source": "metrics",
                      "name": "query8"
                    },
                    {
                      "query": "sum:mongodb.opcounters.deleteps{$scope,$replset_name}.fill(zero)",
                      "data_source": "metrics",
                      "name": "query10"
                    },
                    {
                      "query": "sum:mongodb.opcounters.insertps{$scope,$replset_name}.fill(zero)",
                      "data_source": "metrics",
                      "name": "query12"
                    },
                    {
                      "query": "sum:mongodb.opcounters.updateps{$scope,$replset_name}.fill(zero)",
                      "data_source": "metrics",
                      "name": "query14"
                    },
                    {
                      "query": "sum:mongodb.opcounters.getmoreps{$scope,$replset_name}.fill(zero)",
                      "data_source": "metrics",
                      "name": "query16"
                    },
                    {
                      "query": "sum:mongodb.opcounters.commandps{$scope,$replset_name}.fill(zero)",
                      "data_source": "metrics",
                      "name": "query18"
                    }
                  ]
                }
              ],
              "type": "timeseries"
            },
            "layout": {
              "y": 2,
              "x": 4,
              "width": 4,
              "height": 2
            },
            "id": 18
          }
        ],
        "layout_type": "ordered",
        "background_color": "vivid_green"
      },
      "layout": {
        "y": 0,
        "x": 0,
        "is_column_break": true,
        "width": 8,
        "height": 5
      },
      "id": 4
    },
    {
      "definition": {
        "title": "Most Used Replica Sets",
        "type": "group",
        "title_align": "center",
        "widgets": [
          {
            "definition": {
              "title_size": "16",
              "requests": [
                {
                  "formulas": [
                    {
                      "formula": "query1",
                      "limit": {
                        "count": 10,
                        "order": "desc"
                      }
                    }
                  ],
                  "conditional_formats": [
                    {
                      "palette": "white_on_green",
                      "comparator": ">",
                      "value": 0
                    }
                  ],
                  "response_format": "scalar",
                  "queries": [
                    {
                      "query": "sum:mongodb.opcounters.getmoreps{$scope,$replset_name} by {replset_name}",
                      "data_source": "metrics",
                      "name": "query1",
                      "aggregator": "sum"
                    }
                  ]
                }
              ],
              "title_align": "left",
              "type": "toplist",
              "title": "For reads"
            },
            "layout": {
              "y": 0,
              "x": 0,
              "width": 4,
              "height": 2
            },
            "id": 19
          },
          {
            "definition": {
              "title_size": "16",
              "requests": [
                {
                  "formulas": [
                    {
                      "formula": "query1",
                      "limit": {
                        "count": 10,
                        "order": "desc"
                      }
                    }
                  ],
                  "conditional_formats": [
                    {
                      "palette": "white_on_green",
                      "comparator": ">",
                      "value": 0
                    }
                  ],
                  "response_format": "scalar",
                  "queries": [
                    {
                      "query": "sum:mongodb.opcounters.deleteps{$scope,$replset_name} by {replset_name}",
                      "data_source": "metrics",
                      "name": "query1",
                      "aggregator": "sum"
                    }
                  ]
                }
              ],
              "title_align": "left",
              "type": "toplist",
              "title": "For writes"
            },
            "layout": {
              "y": 2,
              "x": 0,
              "width": 4,
              "height": 2
            },
            "id": 20
          }
        ],
        "layout_type": "ordered",
        "background_color": "green"
      },
      "layout": {
        "y": 0,
        "x": 8,
        "width": 4,
        "height": 5
      },
      "id": 5
    },
    {
      "definition": {
        "title": "Sharding Stats",
        "type": "group",
        "title_align": "left",
        "widgets": [
          {
            "definition": {
              "title_size": "16",
              "legend_columns": [
                "avg",
                "min",
                "max",
                "value",
                "sum"
              ],
              "yaxis": {
                "include_zero": true,
                "label": "",
                "scale": "linear",
                "min": "auto",
                "max": "auto"
              },
              "title_align": "left",
              "markers": [],
              "legend_layout": "auto",
              "show_legend": false,
              "title": "Count of current sessions opened to the sharded cluster.",
              "requests": [
                {
                  "formulas": [
                    {
                      "formula": "query1",
                      "alias": "Session Count"
                    }
                  ],
                  "style": {
                    "line_width": "normal",
                    "palette": "warm",
                    "line_type": "solid"
                  },
                  "response_format": "timeseries",
                  "on_right_yaxis": false,
                  "display_type": "line",
                  "queries": [
                    {
                      "query": "avg:mongodb.sessions.count{$scope,$replset_name}",
                      "data_source": "metrics",
                      "name": "query1"
                    }
                  ]
                }
              ],
              "type": "timeseries"
            },
            "layout": {
              "y": 0,
              "x": 0,
              "width": 12,
              "height": 3
            },
            "id": 31
          },
          {
            "definition": {
              "title_size": "16",
              "title": "Total chunks count",
              "title_align": "left",
              "custom_unit": "chk",
              "precision": 2,
              "autoscale": true,
              "requests": [
                {
                  "q": "sum:mongodb.chunks.total{$scope,$replset_name}.rollup(avg, 60).fill(zero)",
                  "aggregator": "last"
                }
              ],
              "type": "query_value"
            },
            "layout": {
              "y": 3,
              "x": 0,
              "width": 6,
              "height": 2
            },
            "id": 32
          },
          {
            "definition": {
              "title_size": "16",
              "title": "Jumbo chunks count",
              "title_align": "left",
              "precision": 0,
              "autoscale": true,
              "requests": [
                {
                  "q": "sum:mongodb.chunks.jumbo{$scope,$replset_name}.rollup(avg, 60).fill(zero)",
                  "aggregator": "last"
                }
              ],
              "type": "query_value"
            },
            "layout": {
              "y": 3,
              "x": 6,
              "width": 6,
              "height": 2
            },
            "id": 33
          }
        ],
        "layout_type": "ordered",
        "background_color": "white"
      },
      "layout": {
        "y": 15,
        "x": 0,
        "width": 12,
        "height": 6
      },
      "id": 6
    }
  ],
  "layout_type": "ordered"
}