{
  "notify_list": [],
  "description": "",
  "restricted_roles": [],
  "template_variables": [],
  "is_read_only": false,
  "title": "Nick's Dashboard Mon, Jan 10, 1:59:58 pm",
  "reflow_type": "fixed",
  "widgets": [
    {
      "definition": {
        "custom_links": [],
        "autoscale": false,
        "title": "Number of nodes",
        "title_align": "left",
        "precision": 0,
        "title_size": "16",
        "requests": [
          {
            "q": "sum:kubernetes_state.node.count{*,*}",
            "aggregator": "avg",
            "conditional_formats": [
              {
                "palette": "green_on_white",
                "value": 0,
                "comparator": ">"
              }
            ]
          }
        ],
        "type": "query_value"
      },
      "layout": {
        "y": 0,
        "x": 0,
        "height": 2,
        "width": 4
      },
      "id": 6767502609226092
    }
  ],
  "layout_type": "ordered"
}