{
  "notify_list": [],
  "description": "",
  "restricted_roles": [],
  "template_variables": [],
  "is_read_only": false,
  "title": "BCG VPN Test",
  "reflow_type": "fixed",
  "widgets": [
    {
      "definition": {
        "title_size": "16",
        "title": "VPN Connected",
        "title_align": "left",
        "markers": [],
        "yaxis": {
          "include_zero": true,
          "max": "auto",
          "scale": "linear",
          "min": "auto",
          "label": ""
        },
        "time": {},
        "requests": [
          {
            "formulas": [
              {
                "formula": "query1"
              }
            ],
            "style": {
              "line_width": "normal",
              "palette": "dog_classic",
              "line_type": "solid"
            },
            "display_type": "line",
            "response_format": "timeseries",
            "queries": [
              {
                "query": "avg:vpn_check{status:vpn_connected} by {vpn_target,ping_target}",
                "data_source": "metrics",
                "name": "query1"
              }
            ]
          }
        ],
        "type": "timeseries"
      },
      "layout": {
        "y": 0,
        "x": 0,
        "height": 4,
        "width": 9
      },
      "id": 8983427797226695
    },
    {
      "definition": {
        "title_size": "16",
        "legend_columns": [
          "avg",
          "min",
          "max",
          "value",
          "sum"
        ],
        "yaxis": {
          "include_zero": true,
          "max": "auto",
          "scale": "linear",
          "min": "auto",
          "label": ""
        },
        "title_align": "left",
        "markers": [],
        "legend_layout": "auto",
        "show_legend": false,
        "time": {},
        "title": "Ping Response Time",
        "requests": [
          {
            "formulas": [
              {
                "formula": "query1"
              }
            ],
            "style": {
              "line_width": "normal",
              "palette": "dog_classic",
              "line_type": "solid"
            },
            "display_type": "line",
            "response_format": "timeseries",
            "queries": [
              {
                "query": "avg:vpn_check{status:ping_response} by {vpn_target,ping_target}",
                "data_source": "metrics",
                "name": "query1"
              }
            ]
          }
        ],
        "type": "timeseries"
      },
      "layout": {
        "y": 4,
        "x": 0,
        "height": 4,
        "width": 9
      },
      "id": 5882198816066372
    }
  ],
  "layout_type": "ordered"
}