{
  "notify_list": [],
  "description": "",
  "restricted_roles": [],
  "template_variables": [
    {
      "default": "*",
      "prefix": "outletdescription",
      "name": "OutletDescription"
    },
    {
      "default": "*",
      "prefix": "outletname",
      "name": "OutletName"
    },
    {
      "default": "*",
      "prefix": "circuit",
      "name": "Circuit"
    },
    {
      "default": "*",
      "prefix": "breaker",
      "name": "Breaker"
    },
    {
      "default": "*",
      "prefix": "snmp_device",
      "name": "IP"
    },
    {
      "default": "rd-tripplite-pdu",
      "prefix": "snmp_profile",
      "name": "SNMP_Profile"
    }
  ],
  "is_read_only": false,
  "title": "RapDev Tripplite PDU Dashboard",
  "widgets": [
    {
      "definition": {
        "custom_links": [],
        "title_size": "16",
        "title": "Circuit Utilization (%)",
        "title_align": "left",
        "custom_unit": "%",
        "precision": 2,
        "requests": [
          {
            "q": "max:snmp.CircuitUtilization{$IP,$SNMP_Profile,$Circuit}*0.01",
            "aggregator": "max",
            "conditional_formats": [
              {
                "palette": "white_on_green",
                "value": 70,
                "comparator": "<"
              },
              {
                "palette": "white_on_yellow",
                "value": 70,
                "comparator": ">"
              },
              {
                "palette": "white_on_red",
                "value": 80,
                "comparator": ">"
              }
            ]
          }
        ],
        "type": "query_value"
      },
      "layout": {
        "y": 0,
        "x": 0,
        "height": 15,
        "width": 37
      },
      "id": 4781617148679787
    },
    {
      "definition": {
        "custom_links": [],
        "title_size": "16",
        "title": "Total Current (A)",
        "title_align": "left",
        "custom_unit": "amps",
        "precision": 2,
        "requests": [
          {
            "q": "sum:snmp.CircuitTotalCurrent{$IP,$SNMP_Profile,$Circuit}/100",
            "aggregator": "last"
          }
        ],
        "type": "query_value"
      },
      "layout": {
        "y": 0,
        "x": 38,
        "height": 15,
        "width": 38
      },
      "id": 6734168414323441
    },
    {
      "definition": {
        "custom_links": [],
        "title_size": "16",
        "title": "Output Power (w)",
        "title_align": "left",
        "custom_unit": "watt",
        "precision": 0,
        "requests": [
          {
            "q": "sum:snmp.OutletWatts{$IP,$SNMP_Profile,$OutletName}",
            "aggregator": "avg"
          }
        ],
        "type": "query_value"
      },
      "layout": {
        "y": 0,
        "x": 77,
        "height": 15,
        "width": 40
      },
      "id": 6894237558221345
    },
    {
      "definition": {
        "custom_links": [],
        "title_size": "16",
        "title": "Input Voltage (v)",
        "title_align": "left",
        "custom_unit": "v",
        "precision": 2,
        "requests": [
          {
            "q": "avg:snmp.InputVoltage{$IP,$SNMP_Profile}/10",
            "aggregator": "avg"
          }
        ],
        "type": "query_value"
      },
      "layout": {
        "y": 23,
        "x": 0,
        "height": 15,
        "width": 37
      },
      "id": 5821890342392364
    },
    {
      "definition": {
        "custom_links": [],
        "title_size": "16",
        "title": "High Transfer Voltage",
        "title_align": "left",
        "custom_unit": "v",
        "precision": 0,
        "requests": [
          {
            "q": "avg:snmp.HighTransferVoltage{$IP,$SNMP_Profile}/10",
            "aggregator": "avg"
          }
        ],
        "type": "query_value"
      },
      "layout": {
        "y": 23,
        "x": 38,
        "height": 15,
        "width": 38
      },
      "id": 36339905015687
    },
    {
      "definition": {
        "custom_links": [],
        "title_size": "16",
        "title": "Low Transfer Voltage",
        "title_align": "left",
        "custom_unit": "v",
        "precision": 0,
        "requests": [
          {
            "q": "avg:snmp.LowTransferVoltage{$IP,$SNMP_Profile}/10",
            "aggregator": "avg"
          }
        ],
        "type": "query_value"
      },
      "layout": {
        "y": 23,
        "x": 77,
        "height": 15,
        "width": 40
      },
      "id": 2990964999438026
    },
    {
      "definition": {
        "custom_links": [],
        "title_size": "16",
        "title": "Phase Frequency (hz)",
        "title_align": "left",
        "custom_unit": "hz",
        "precision": 2,
        "requests": [
          {
            "q": "avg:snmp.PhaseFreqneucy{$IP,$SNMP_Profile}/10",
            "aggregator": "avg"
          }
        ],
        "type": "query_value"
      },
      "layout": {
        "y": 39,
        "x": 0,
        "height": 15,
        "width": 37
      },
      "id": 6749396696050293
    },
    {
      "definition": {
        "custom_links": [],
        "title_size": "16",
        "title": "Low High Transfer Voltage",
        "title_align": "left",
        "yaxis": {
          "max": "auto",
          "scale": "linear",
          "min": "auto",
          "label": ""
        },
        "requests": [
          {
            "q": "avg:snmp.LowTransferVoltage{$SNMP_Profile,$IP}/10",
            "style": {
              "line_width": "normal",
              "palette": "dog_classic",
              "line_type": "solid"
            },
            "display_type": "line"
          },
          {
            "q": "avg:snmp.HighTransferVoltage{$SNMP_Profile,$IP}/10",
            "style": {
              "line_width": "normal",
              "palette": "dog_classic",
              "line_type": "solid"
            },
            "display_type": "line"
          },
          {
            "q": "avg:snmp.InputVoltage{$SNMP_Profile,$IP}/10",
            "style": {
              "line_width": "normal",
              "palette": "dog_classic",
              "line_type": "solid"
            },
            "display_type": "line"
          }
        ],
        "type": "timeseries"
      },
      "layout": {
        "y": 39,
        "x": 38,
        "height": 15,
        "width": 38
      },
      "id": 3530499134273203
    },
    {
      "definition": {
        "custom_links": [],
        "title_size": "16",
        "title": "Outlet Consumptions (watts)",
        "title_align": "left",
        "yaxis": {
          "max": "auto",
          "scale": "linear",
          "min": "auto",
          "label": ""
        },
        "requests": [
          {
            "q": "avg:snmp.OutletWatts{$OutletDescription,$OutletName,$IP} by {outletname}",
            "style": {
              "line_width": "normal",
              "palette": "dog_classic",
              "line_type": "solid"
            },
            "display_type": "line"
          }
        ],
        "type": "timeseries"
      },
      "layout": {
        "y": 62,
        "x": 38,
        "height": 15,
        "width": 38
      },
      "id": 3385641548300147
    },
    {
      "definition": {
        "custom_links": [],
        "title_size": "16",
        "title": "Outlet Consumption (Current Amps)",
        "title_align": "left",
        "yaxis": {
          "max": "auto",
          "scale": "linear",
          "min": "auto",
          "label": ""
        },
        "requests": [
          {
            "q": "avg:snmp.OutletCurrent{$OutletDescription,$OutletName,$IP} by {outletname}*0.01",
            "style": {
              "line_width": "normal",
              "palette": "dog_classic",
              "line_type": "solid"
            },
            "display_type": "line"
          }
        ],
        "type": "timeseries"
      },
      "layout": {
        "y": 62,
        "x": 0,
        "height": 15,
        "width": 37
      },
      "id": 560125514639805
    },
    {
      "definition": {
        "custom_links": [],
        "title_size": "16",
        "title": "Outlet State",
        "title_align": "left",
        "markers": [
          {
            "display_type": "ok dashed",
            "value": "y = 2",
            "label": "\u00a0OK\u00a0"
          },
          {
            "display_type": "error dashed",
            "value": "y = 1",
            "label": "\u00a0Problem\u00a0"
          }
        ],
        "yaxis": {
          "max": "auto",
          "scale": "linear",
          "min": "auto",
          "label": ""
        },
        "requests": [
          {
            "q": "avg:snmp.OutletState{$OutletDescription,$OutletName,$IP} by {outletname}",
            "style": {
              "line_width": "normal",
              "palette": "dog_classic",
              "line_type": "solid"
            },
            "display_type": "line"
          }
        ],
        "type": "timeseries"
      },
      "layout": {
        "y": 62,
        "x": 77,
        "height": 15,
        "width": 40
      },
      "id": 7522381236254407
    },
    {
      "definition": {
        "custom_links": [],
        "title_size": "16",
        "title": "Outlet Circuit",
        "title_align": "left",
        "markers": [
          {
            "display_type": "info dashed",
            "value": "y = 2",
            "label": "\u00a0Circuit 1\u00a0"
          },
          {
            "display_type": "info dashed",
            "value": "y = 1",
            "label": "\u00a0Circuit 2\u00a0"
          }
        ],
        "yaxis": {
          "max": "auto",
          "scale": "linear",
          "min": "auto",
          "label": ""
        },
        "requests": [
          {
            "q": "avg:snmp.OutletCircuit{$OutletDescription,$OutletName,$IP} by {outletname}",
            "style": {
              "line_width": "normal",
              "palette": "dog_classic",
              "line_type": "solid"
            },
            "display_type": "line"
          }
        ],
        "type": "timeseries"
      },
      "layout": {
        "y": 78,
        "x": 0,
        "height": 15,
        "width": 37
      },
      "id": 2999858095112480
    },
    {
      "definition": {
        "custom_links": [],
        "title_size": "16",
        "title": "Circuit Utilization (%)",
        "title_align": "left",
        "custom_unit": "%",
        "precision": 2,
        "requests": [
          {
            "q": "max:snmp.CircuitUtilization{$IP,$Circuit,$SNMP_Profile}*0.01",
            "aggregator": "max",
            "conditional_formats": [
              {
                "palette": "white_on_green",
                "value": 70,
                "comparator": "<"
              },
              {
                "palette": "white_on_yellow",
                "value": 70,
                "comparator": ">"
              },
              {
                "palette": "white_on_red",
                "value": 80,
                "comparator": ">"
              }
            ]
          }
        ],
        "type": "query_value"
      },
      "layout": {
        "y": 101,
        "x": 0,
        "height": 15,
        "width": 37
      },
      "id": 3468985652548579
    },
    {
      "definition": {
        "custom_links": [],
        "title_size": "16",
        "title": "Circuit Power (Watts)",
        "title_align": "left",
        "precision": 2,
        "requests": [
          {
            "q": "avg:snmp.CircuitTotalPower{$IP,$Circuit,$SNMP_Profile}",
            "aggregator": "avg"
          }
        ],
        "type": "query_value"
      },
      "layout": {
        "y": 101,
        "x": 38,
        "height": 15,
        "width": 38
      },
      "id": 8101255575020104
    },
    {
      "definition": {
        "custom_links": [],
        "title_size": "16",
        "title": "Circuit Current (Amps)",
        "title_align": "left",
        "yaxis": {
          "max": "auto",
          "scale": "linear",
          "min": "auto",
          "label": ""
        },
        "requests": [
          {
            "q": "avg:snmp.CircuitTotalCurrent{$IP,$Circuit,$SNMP_Profile} by {circuit}*0.01",
            "style": {
              "line_width": "normal",
              "palette": "dog_classic",
              "line_type": "solid"
            },
            "display_type": "line"
          }
        ],
        "type": "timeseries"
      },
      "layout": {
        "y": 101,
        "x": 77,
        "height": 15,
        "width": 40
      },
      "id": 4772604877481914
    },
    {
      "definition": {
        "custom_links": [],
        "title_size": "16",
        "title": "Circuit Utilization (%)",
        "title_align": "left",
        "yaxis": {
          "max": "auto",
          "scale": "linear",
          "min": "auto",
          "label": ""
        },
        "requests": [
          {
            "q": "avg:snmp.CircuitUtilization{$IP,$Circuit,$SNMP_Profile} by {circuit}*0.01",
            "style": {
              "line_width": "normal",
              "palette": "dog_classic",
              "line_type": "solid"
            },
            "display_type": "line"
          }
        ],
        "type": "timeseries"
      },
      "layout": {
        "y": 117,
        "x": 0,
        "height": 15,
        "width": 37
      },
      "id": 7465571760544649
    },
    {
      "definition": {
        "custom_links": [],
        "title_size": "16",
        "title": "Circuit Power (Watts)",
        "title_align": "left",
        "yaxis": {
          "max": "auto",
          "scale": "linear",
          "min": "auto",
          "label": ""
        },
        "requests": [
          {
            "q": "avg:snmp.CircuitTotalPower{$IP,$Circuit,$SNMP_Profile} by {circuit}",
            "style": {
              "line_width": "normal",
              "palette": "dog_classic",
              "line_type": "solid"
            },
            "display_type": "line"
          }
        ],
        "type": "timeseries"
      },
      "layout": {
        "y": 117,
        "x": 38,
        "height": 15,
        "width": 38
      },
      "id": 2650988680849976
    },
    {
      "definition": {
        "custom_links": [],
        "title_size": "16",
        "title": "Breaker Status",
        "title_align": "left",
        "yaxis": {
          "max": "auto",
          "scale": "linear",
          "min": "auto",
          "label": ""
        },
        "requests": [
          {
            "q": "avg:snmp.BreakerStatus{$Breaker,$IP,$SNMP_Profile} by {breaker}",
            "style": {
              "line_width": "normal",
              "palette": "dog_classic",
              "line_type": "solid"
            },
            "display_type": "line"
          }
        ],
        "type": "timeseries"
      },
      "layout": {
        "y": 117,
        "x": 77,
        "height": 15,
        "width": 40
      },
      "id": 3981413688449871
    },
    {
      "definition": {
        "tick_pos": "50%",
        "show_tick": true,
        "type": "note",
        "tick_edge": "bottom",
        "text_align": "center",
        "content": "Circuits & Breakers",
        "font_size": "24",
        "background_color": "white"
      },
      "layout": {
        "y": 94,
        "x": 0,
        "height": 6,
        "width": 117
      },
      "id": 7588182471523180
    },
    {
      "definition": {
        "tick_pos": "50%",
        "show_tick": true,
        "type": "note",
        "tick_edge": "bottom",
        "text_align": "center",
        "content": "Outlets",
        "font_size": "24",
        "background_color": "white"
      },
      "layout": {
        "y": 55,
        "x": 0,
        "height": 6,
        "width": 117
      },
      "id": 2107486133471673
    },
    {
      "definition": {
        "tick_pos": "50%",
        "show_tick": true,
        "type": "note",
        "tick_edge": "bottom",
        "text_align": "center",
        "content": "Voltage Stats",
        "font_size": "24",
        "background_color": "white"
      },
      "layout": {
        "y": 16,
        "x": 0,
        "height": 6,
        "width": 117
      },
      "id": 2627599661200303
    }
  ],
  "layout_type": "free"
}