{
  "notify_list": [],
  "description": "",
  "restricted_roles": [],
  "template_variables": [
    {
      "default": "*",
      "prefix": "node",
      "name": "Node"
    },
    {
      "default": "*",
      "prefix": "pool",
      "name": "Pool"
    },
    {
      "default": "*",
      "prefix": "virtualserver",
      "name": "Virtual_Server"
    },
    {
      "default": "*",
      "prefix": "ifdesc",
      "name": "Interface"
    },
    {
      "default": "*",
      "prefix": "snmp_device",
      "name": "IPAddress"
    },
    {
      "default": "big-ip",
      "prefix": "model",
      "name": "Model"
    },
    {
      "default": "*",
      "prefix": "snmp_host",
      "name": "Sysname"
    }
  ],
  "is_read_only": false,
  "title": "F5 BigIP Dashboard",
  "widgets": [
    {
      "definition": {
        "custom_links": [],
        "title_size": "16",
        "title": "Client Connections",
        "title_align": "left",
        "yaxis": {
          "max": "auto",
          "include_zero": true,
          "scale": "linear",
          "min": "auto",
          "label": ""
        },
        "requests": [
          {
            "q": "avg:snmp.Client.Connections{$IPAddress,$Model}",
            "style": {
              "line_width": "normal",
              "palette": "dog_classic",
              "line_type": "solid"
            },
            "display_type": "area"
          }
        ],
        "type": "timeseries"
      },
      "layout": {
        "y": 0,
        "x": 0,
        "height": 15,
        "width": 47
      },
      "id": 5732280015122756
    },
    {
      "definition": {
        "custom_links": [],
        "title_size": "16",
        "title": "SSL Client Connections",
        "title_align": "left",
        "yaxis": {
          "max": "auto",
          "include_zero": true,
          "scale": "linear",
          "min": "auto",
          "label": ""
        },
        "requests": [
          {
            "q": "avg:snmp.SSL.Client.Connections{$IPAddress,$Model}",
            "style": {
              "line_width": "normal",
              "palette": "dog_classic",
              "line_type": "solid"
            },
            "display_type": "line"
          }
        ],
        "type": "timeseries"
      },
      "layout": {
        "y": 0,
        "x": 48,
        "height": 15,
        "width": 47
      },
      "id": 6341039452889429
    },
    {
      "definition": {
        "custom_links": [],
        "title_size": "16",
        "title": "Requests per Second",
        "title_align": "left",
        "custom_unit": "RPS",
        "precision": 2,
        "autoscale": true,
        "requests": [
          {
            "q": "avg:snmp.HTTP.Requests.Per.Second{$IPAddress,$Model}",
            "aggregator": "avg"
          }
        ],
        "type": "query_value"
      },
      "layout": {
        "y": -2,
        "x": 96,
        "height": 15,
        "width": 47
      },
      "id": 6596327509009458
    },
    {
      "definition": {
        "custom_links": [],
        "title_size": "16",
        "title": "VIP Top-Talkers (connections)",
        "title_align": "left",
        "requests": [
          {
            "q": "top(max:snmp.Current.Connections{$IPAddress,$Model} by {virtualserver}, 10, 'mean', 'desc')"
          }
        ],
        "type": "toplist"
      },
      "layout": {
        "y": 16,
        "x": 0,
        "height": 15,
        "width": 47
      },
      "id": 8507449876503978
    },
    {
      "definition": {
        "custom_links": [],
        "title_size": "16",
        "title": "Pool Top Talkers (connections)",
        "title_align": "left",
        "requests": [
          {
            "q": "top(avg:snmp.Current.Connections{$IPAddress,$Model} by {pool}, 10, 'mean', 'desc')"
          }
        ],
        "type": "toplist"
      },
      "layout": {
        "y": 16,
        "x": 48,
        "height": 15,
        "width": 47
      },
      "id": 7857460952524442
    },
    {
      "definition": {
        "custom_links": [],
        "title_size": "16",
        "title": "Node Top Talkers (connections)",
        "title_align": "left",
        "requests": [
          {
            "q": "top(avg:snmp.Current.Connections{$Model,$IPAddress} by {node}, 10, 'mean', 'desc')"
          }
        ],
        "type": "toplist"
      },
      "layout": {
        "y": 16,
        "x": 96,
        "height": 15,
        "width": 47
      },
      "id": 6875098760993645
    },
    {
      "definition": {
        "custom_links": [],
        "title_size": "16",
        "title": "Failover State",
        "title_align": "left",
        "precision": 2,
        "autoscale": true,
        "requests": [
          {
            "q": "avg:snmp.Failover.Status{$IPAddress,$Model}",
            "aggregator": "last",
            "conditional_formats": [
              {
                "palette": "white_on_green",
                "value": 4,
                "comparator": ">="
              },
              {
                "palette": "white_on_green",
                "value": 3,
                "comparator": ">="
              },
              {
                "palette": "white_on_yellow",
                "value": 2,
                "comparator": ">="
              },
              {
                "palette": "white_on_red",
                "value": 1,
                "comparator": ">="
              }
            ]
          }
        ],
        "type": "query_value"
      },
      "layout": {
        "y": 41,
        "x": 0,
        "height": 15,
        "width": 47
      },
      "id": 4109482145699935
    },
    {
      "definition": {
        "custom_links": [],
        "title_size": "16",
        "title": "Pools Enabled",
        "title_align": "left",
        "precision": 2,
        "autoscale": true,
        "requests": [
          {
            "q": "sum:snmp.Pool.Enabled{$IPAddress,$Model}",
            "aggregator": "avg"
          }
        ],
        "type": "query_value"
      },
      "layout": {
        "y": 41,
        "x": 48,
        "height": 15,
        "width": 47
      },
      "id": 387436290557716
    },
    {
      "definition": {
        "custom_links": [],
        "title_size": "16",
        "title": "Client Bytes In/Out",
        "title_align": "left",
        "yaxis": {
          "max": "auto",
          "include_zero": true,
          "scale": "linear",
          "min": "auto",
          "label": ""
        },
        "requests": [
          {
            "q": "avg:snmp.Client.Bytes.In{$IPAddress,$Model} by {snmp_device}",
            "style": {
              "line_width": "normal",
              "palette": "dog_classic",
              "line_type": "solid"
            },
            "display_type": "line"
          },
          {
            "q": "avg:snmp.Client.Bytes.Out{$IPAddress,$Model} by {snmp_device}",
            "style": {
              "line_width": "normal",
              "palette": "dog_classic",
              "line_type": "solid"
            },
            "display_type": "line"
          }
        ],
        "type": "timeseries"
      },
      "layout": {
        "y": 41,
        "x": 96,
        "height": 15,
        "width": 47
      },
      "id": 4523310699037
    },
    {
      "definition": {
        "custom_links": [],
        "title_size": "16",
        "title": "Sync Status",
        "title_align": "left",
        "precision": 2,
        "autoscale": true,
        "requests": [
          {
            "q": "avg:snmp.Sync.Status{$IPAddress,$Model}",
            "aggregator": "avg",
            "conditional_formats": [
              {
                "palette": "white_on_green",
                "value": 6,
                "comparator": ">="
              },
              {
                "palette": "white_on_green",
                "value": 3,
                "comparator": ">="
              },
              {
                "palette": "white_on_red",
                "value": 4,
                "comparator": ">="
              },
              {
                "palette": "white_on_yellow",
                "value": 5,
                "comparator": ">="
              },
              {
                "palette": "white_on_yellow",
                "value": 7,
                "comparator": ">="
              },
              {
                "palette": "white_on_red",
                "value": 8,
                "comparator": ">"
              }
            ]
          }
        ],
        "type": "query_value"
      },
      "layout": {
        "y": 57,
        "x": 0,
        "height": 15,
        "width": 47
      },
      "id": 484472208402418
    },
    {
      "definition": {
        "custom_links": [],
        "title_size": "16",
        "title": "Total Nodes Defined",
        "title_align": "left",
        "precision": 2,
        "autoscale": true,
        "requests": [
          {
            "q": "sum:snmp.Node.State{$Model,$IPAddress}",
            "aggregator": "avg"
          }
        ],
        "type": "query_value"
      },
      "layout": {
        "y": 57,
        "x": 48,
        "height": 15,
        "width": 47
      },
      "id": 6104986985814158
    },
    {
      "definition": {
        "custom_links": [],
        "title_size": "16",
        "title": "Total SSL Connections",
        "title_align": "left",
        "yaxis": {
          "max": "auto",
          "include_zero": true,
          "scale": "linear",
          "min": "auto",
          "label": ""
        },
        "requests": [
          {
            "q": "sum:snmp.Server.SSL.Connections{$IPAddress} by {host}",
            "style": {
              "line_width": "normal",
              "palette": "dog_classic",
              "line_type": "solid"
            },
            "display_type": "line"
          }
        ],
        "type": "timeseries"
      },
      "layout": {
        "y": 57,
        "x": 96,
        "height": 15,
        "width": 47
      },
      "id": 2370338486814051
    },
    {
      "definition": {
        "custom_links": [],
        "title_size": "16",
        "title": "CPU Usage (%)",
        "title_align": "left",
        "yaxis": {
          "max": "auto",
          "include_zero": true,
          "scale": "linear",
          "min": "auto",
          "label": ""
        },
        "requests": [
          {
            "q": "avg:snmp.CPUIdleTime{$Model,$IPAddress} by {snmp_device}, 100-avg:snmp.CPUIdleTime{$Model,$IPAddress} by {snmp_device}",
            "style": {
              "line_width": "normal",
              "palette": "dog_classic",
              "line_type": "solid"
            },
            "display_type": "area"
          }
        ],
        "type": "timeseries"
      },
      "layout": {
        "y": 73,
        "x": 0,
        "height": 15,
        "width": 47
      },
      "id": 1656350252781437
    },
    {
      "definition": {
        "custom_links": [],
        "title_size": "16",
        "title": "Used Memory",
        "title_align": "left",
        "yaxis": {
          "max": "auto",
          "include_zero": true,
          "scale": "linear",
          "min": "auto",
          "label": ""
        },
        "requests": [
          {
            "q": "avg:snmp.Memory.Used{$Model,$IPAddress} by {snmp_device}",
            "style": {
              "line_width": "normal",
              "palette": "dog_classic",
              "line_type": "solid"
            },
            "display_type": "line"
          }
        ],
        "type": "timeseries"
      },
      "layout": {
        "y": 73,
        "x": 48,
        "height": 15,
        "width": 47
      },
      "id": 824826725080049
    },
    {
      "definition": {
        "custom_links": [],
        "title_size": "16",
        "title": "Incoming & Outgoing Bytes",
        "title_align": "left",
        "yaxis": {
          "max": "auto",
          "include_zero": true,
          "scale": "linear",
          "min": "auto",
          "label": ""
        },
        "requests": [
          {
            "q": "avg:snmp.Incoming.Bytes{$Virtual_Server,$IPAddress,$Model} by {virtualserver}",
            "style": {
              "line_width": "normal",
              "palette": "dog_classic",
              "line_type": "solid"
            },
            "display_type": "line"
          },
          {
            "q": "avg:snmp.Outgoing.Bytes{$IPAddress,$Virtual_Server,$Model} by {virtualserver}",
            "style": {
              "line_width": "normal",
              "palette": "dog_classic",
              "line_type": "solid"
            },
            "display_type": "line"
          }
        ],
        "type": "timeseries"
      },
      "layout": {
        "y": 98,
        "x": 0,
        "height": 15,
        "width": 47
      },
      "id": 5582895325466981
    },
    {
      "definition": {
        "custom_links": [],
        "title_size": "16",
        "title": "Virtual Servers Enabled",
        "title_align": "left",
        "yaxis": {
          "max": "auto",
          "include_zero": true,
          "scale": "linear",
          "min": "auto",
          "label": ""
        },
        "requests": [
          {
            "q": "avg:snmp.Virtual.Server.Enabled{$IPAddress,$Model,$Virtual_Server} by {virtualserver}",
            "style": {
              "line_width": "normal",
              "palette": "dog_classic",
              "line_type": "solid"
            },
            "display_type": "line"
          }
        ],
        "type": "timeseries"
      },
      "layout": {
        "y": 98,
        "x": 48,
        "height": 15,
        "width": 47
      },
      "id": 4959087959972122
    },
    {
      "definition": {
        "custom_links": [],
        "title_size": "16",
        "title": "Virtual Server Availability",
        "title_align": "left",
        "yaxis": {
          "max": "auto",
          "include_zero": true,
          "scale": "linear",
          "min": "auto",
          "label": ""
        },
        "requests": [
          {
            "q": "avg:snmp.Virtual.Server.Availability{$IPAddress,$Virtual_Server,$Model} by {virtualserver}",
            "style": {
              "line_width": "normal",
              "palette": "dog_classic",
              "line_type": "solid"
            },
            "display_type": "line"
          }
        ],
        "type": "timeseries"
      },
      "layout": {
        "y": 98,
        "x": 96,
        "height": 15,
        "width": 47
      },
      "id": 2494584202155138
    },
    {
      "definition": {
        "custom_links": [],
        "title_size": "16",
        "title": "Current Connections",
        "title_align": "left",
        "custom_unit": "Conn",
        "precision": 2,
        "autoscale": true,
        "requests": [
          {
            "q": "avg:snmp.Current.Connections{$IPAddress,$Virtual_Server,$Model}",
            "aggregator": "last"
          }
        ],
        "type": "query_value"
      },
      "layout": {
        "y": 196,
        "x": 48,
        "height": 15,
        "width": 47
      },
      "id": 7971316273217998
    },
    {
      "definition": {
        "custom_links": [],
        "title_size": "16",
        "title": "Connections per Second",
        "title_align": "left",
        "custom_unit": "CPS",
        "precision": 2,
        "autoscale": true,
        "requests": [
          {
            "q": "avg:snmp.Current.Connections.rate{$Virtual_Server,$IPAddress,$Model}",
            "aggregator": "last"
          }
        ],
        "type": "query_value"
      },
      "layout": {
        "y": 114,
        "x": 48,
        "height": 15,
        "width": 47
      },
      "id": 2593412515286231
    },
    {
      "definition": {
        "custom_links": [],
        "title_size": "16",
        "title": "Incoming & Outgoing Bytes",
        "title_align": "left",
        "yaxis": {
          "max": "auto",
          "include_zero": true,
          "scale": "linear",
          "min": "auto",
          "label": ""
        },
        "requests": [
          {
            "q": "avg:snmp.Incoming.Bytes{$Pool,$IPAddress,$Model} by {pool}",
            "style": {
              "line_width": "normal",
              "palette": "dog_classic",
              "line_type": "solid"
            },
            "display_type": "area"
          },
          {
            "q": "avg:snmp.Outgoing.Bytes{$Pool,$IPAddress,$Model} by {pool}",
            "style": {
              "line_width": "normal",
              "palette": "dog_classic",
              "line_type": "solid"
            },
            "display_type": "line"
          }
        ],
        "type": "timeseries"
      },
      "layout": {
        "y": 139,
        "x": 0,
        "height": 15,
        "width": 47
      },
      "id": 4028696131686161
    },
    {
      "definition": {
        "custom_links": [],
        "title_size": "16",
        "title": "Sessions & Connections",
        "title_align": "left",
        "yaxis": {
          "max": "auto",
          "include_zero": true,
          "scale": "linear",
          "min": "auto",
          "label": ""
        },
        "requests": [
          {
            "q": "avg:snmp.Current.Sessions{$Pool,$IPAddress,$Model} by {pool}",
            "style": {
              "line_width": "normal",
              "palette": "dog_classic",
              "line_type": "solid"
            },
            "display_type": "area"
          },
          {
            "q": "avg:snmp.Current.Connections{$IPAddress,$Pool,$Model} by {pool}",
            "style": {
              "line_width": "normal",
              "palette": "dog_classic",
              "line_type": "solid"
            },
            "display_type": "line"
          }
        ],
        "type": "timeseries"
      },
      "layout": {
        "y": 139,
        "x": 48,
        "height": 15,
        "width": 47
      },
      "id": 304296669673780
    },
    {
      "definition": {
        "custom_links": [],
        "title_size": "16",
        "title": "Pools Enabled",
        "title_align": "left",
        "yaxis": {
          "max": "auto",
          "include_zero": true,
          "scale": "linear",
          "min": "auto",
          "label": ""
        },
        "requests": [
          {
            "q": "avg:snmp.Pool.Enabled{$IPAddress,$Model,$Pool} by {pool}",
            "style": {
              "line_width": "normal",
              "palette": "dog_classic",
              "line_type": "solid"
            },
            "display_type": "line"
          }
        ],
        "type": "timeseries"
      },
      "layout": {
        "y": 139,
        "x": 96,
        "height": 15,
        "width": 47
      },
      "id": 6580546383303331
    },
    {
      "definition": {
        "custom_links": [],
        "title_size": "16",
        "title": "Pools Available",
        "title_align": "left",
        "yaxis": {
          "max": "auto",
          "include_zero": true,
          "scale": "linear",
          "min": "auto",
          "label": ""
        },
        "requests": [
          {
            "q": "avg:snmp.Pool.Available{$IPAddress,$Model,$Pool} by {pool}",
            "style": {
              "line_width": "normal",
              "palette": "dog_classic",
              "line_type": "solid"
            },
            "display_type": "line"
          }
        ],
        "type": "timeseries"
      },
      "layout": {
        "y": 155,
        "x": 0,
        "height": 15,
        "width": 47
      },
      "id": 1050755615292531
    },
    {
      "definition": {
        "custom_links": [],
        "title_size": "16",
        "title": "Pools Current Connections",
        "title_align": "left",
        "custom_unit": "Conn",
        "precision": 2,
        "autoscale": true,
        "requests": [
          {
            "q": "sum:snmp.Current.Connections{$Pool,$IPAddress,$Model}",
            "aggregator": "avg"
          }
        ],
        "type": "query_value"
      },
      "layout": {
        "y": 155,
        "x": 48,
        "height": 15,
        "width": 47
      },
      "id": 8808401587155456
    },
    {
      "definition": {
        "title_size": "16",
        "title": "Current Sessions",
        "title_align": "left",
        "custom_unit": "Sess",
        "precision": 2,
        "time": {},
        "autoscale": true,
        "requests": [
          {
            "q": "avg:snmp.Current.Sessions{$Pool,$IPAddress,$Model}",
            "aggregator": "last"
          }
        ],
        "type": "query_value"
      },
      "layout": {
        "y": 155,
        "x": 96,
        "height": 15,
        "width": 47
      },
      "id": 7987600886789604
    },
    {
      "definition": {
        "custom_links": [],
        "title_size": "16",
        "title": "Incoming & Outgoing Bytes",
        "title_align": "left",
        "yaxis": {
          "max": "auto",
          "include_zero": true,
          "scale": "linear",
          "min": "auto",
          "label": ""
        },
        "requests": [
          {
            "q": "avg:snmp.Incoming.Bytes{$Node,$IPAddress,$Model} by {node}",
            "style": {
              "line_width": "normal",
              "palette": "dog_classic",
              "line_type": "solid"
            },
            "display_type": "area"
          },
          {
            "q": "avg:snmp.Outgoing.Bytes{$Node,$IPAddress,$Model} by {node}",
            "style": {
              "line_width": "normal",
              "palette": "dog_classic",
              "line_type": "solid"
            },
            "display_type": "area"
          }
        ],
        "type": "timeseries"
      },
      "layout": {
        "y": 180,
        "x": -1,
        "height": 15,
        "width": 47
      },
      "id": 3972548314085437
    },
    {
      "definition": {
        "custom_links": [],
        "title_size": "16",
        "title": "Node Connections & Sessions",
        "title_align": "left",
        "yaxis": {
          "max": "auto",
          "include_zero": true,
          "scale": "linear",
          "min": "auto",
          "label": ""
        },
        "requests": [
          {
            "q": "avg:snmp.Current.Connections{$Node,$IPAddress,$Model} by {node}",
            "style": {
              "line_width": "normal",
              "palette": "dog_classic",
              "line_type": "solid"
            },
            "display_type": "area"
          },
          {
            "q": "avg:snmp.Current.Sessions{$Node,$IPAddress,$Model} by {node}",
            "style": {
              "line_width": "normal",
              "palette": "dog_classic",
              "line_type": "solid"
            },
            "display_type": "area"
          }
        ],
        "type": "timeseries"
      },
      "layout": {
        "y": 180,
        "x": 48,
        "height": 15,
        "width": 47
      },
      "id": 800232037466431
    },
    {
      "definition": {
        "custom_links": [],
        "title_size": "16",
        "title": "Node Available",
        "title_align": "left",
        "yaxis": {
          "max": "auto",
          "include_zero": true,
          "scale": "linear",
          "min": "auto",
          "label": ""
        },
        "requests": [
          {
            "q": "avg:snmp.Node.Available{$Node,$Model,$IPAddress} by {node}",
            "style": {
              "line_width": "normal",
              "palette": "dog_classic",
              "line_type": "solid"
            },
            "display_type": "line"
          }
        ],
        "type": "timeseries"
      },
      "layout": {
        "y": 180,
        "x": 96,
        "height": 15,
        "width": 47
      },
      "id": 6920511504370676
    },
    {
      "definition": {
        "custom_links": [],
        "title_size": "16",
        "title": "Node State",
        "title_align": "left",
        "yaxis": {
          "max": "auto",
          "include_zero": true,
          "scale": "linear",
          "min": "auto",
          "label": ""
        },
        "requests": [
          {
            "q": "avg:snmp.Node.State{$Node,$Model,$IPAddress} by {node}",
            "style": {
              "line_width": "normal",
              "palette": "dog_classic",
              "line_type": "solid"
            },
            "display_type": "line"
          }
        ],
        "type": "timeseries"
      },
      "layout": {
        "y": 196,
        "x": -3,
        "height": 15,
        "width": 47
      },
      "id": 8485827774605414
    },
    {
      "definition": {
        "custom_links": [],
        "title_size": "16",
        "title": "Current Connections",
        "title_align": "left",
        "custom_unit": "",
        "precision": 2,
        "autoscale": true,
        "requests": [
          {
            "q": "avg:snmp.Current.Connections{$Node,$IPAddress,$Model}",
            "aggregator": "avg"
          }
        ],
        "type": "query_value"
      },
      "layout": {
        "y": 114,
        "x": 0,
        "height": 15,
        "width": 47
      },
      "id": 6225138655399308
    },
    {
      "definition": {
        "custom_links": [],
        "title_size": "16",
        "title": "Interface Throughput (Bytes)",
        "title_align": "left",
        "yaxis": {
          "max": "auto",
          "include_zero": true,
          "scale": "linear",
          "min": "auto",
          "label": ""
        },
        "requests": [
          {
            "q": "avg:snmp.ifHCInOctets{$Interface,$IPAddress,$Model} by {interface}/1000000",
            "style": {
              "line_width": "normal",
              "palette": "dog_classic",
              "line_type": "solid"
            },
            "display_type": "area"
          },
          {
            "q": "avg:snmp.ifHCOutOctets{$Interface,$IPAddress,$Model} by {interface}/1000000",
            "style": {
              "line_width": "normal",
              "palette": "dog_classic",
              "line_type": "solid"
            },
            "display_type": "area"
          }
        ],
        "type": "timeseries"
      },
      "layout": {
        "y": 221,
        "x": 0,
        "height": 15,
        "width": 47
      },
      "id": 7243109976728882
    },
    {
      "definition": {
        "custom_links": [],
        "title_size": "16",
        "title": "Interface Status",
        "title_align": "left",
        "yaxis": {
          "max": "auto",
          "include_zero": true,
          "scale": "linear",
          "min": "auto",
          "label": ""
        },
        "requests": [
          {
            "q": "avg:snmp.Interface.Status{$Interface,$Model,$IPAddress}",
            "style": {
              "line_width": "normal",
              "palette": "dog_classic",
              "line_type": "solid"
            },
            "display_type": "area"
          }
        ],
        "type": "timeseries"
      },
      "layout": {
        "y": 221,
        "x": 48,
        "height": 15,
        "width": 47
      },
      "id": 6494270503234095
    },
    {
      "definition": {
        "custom_links": [],
        "title_size": "16",
        "title": "Interface Speed",
        "title_align": "left",
        "custom_unit": "MB",
        "precision": 0,
        "autoscale": false,
        "requests": [
          {
            "q": "avg:snmp.ifHighSpeed{$Interface,$IPAddress,$Model}",
            "aggregator": "avg"
          }
        ],
        "type": "query_value"
      },
      "layout": {
        "y": 221,
        "x": 96,
        "height": 15,
        "width": 47
      },
      "id": 4807612840736176
    },
    {
      "definition": {
        "tick_pos": "50%",
        "show_tick": true,
        "type": "note",
        "tick_edge": "bottom",
        "text_align": "center",
        "content": "Overall System Health",
        "font_size": "24",
        "background_color": "white"
      },
      "layout": {
        "y": 33,
        "x": 10,
        "height": 6,
        "width": 120
      },
      "id": 3942024052975410
    },
    {
      "definition": {
        "tick_pos": "50%",
        "show_tick": true,
        "type": "note",
        "tick_edge": "bottom",
        "text_align": "center",
        "content": "Virtual Servers",
        "font_size": "24",
        "background_color": "white"
      },
      "layout": {
        "y": 90,
        "x": 10,
        "height": 6,
        "width": 120
      },
      "id": 8790672632819336
    },
    {
      "definition": {
        "tick_pos": "50%",
        "show_tick": true,
        "type": "note",
        "tick_edge": "bottom",
        "text_align": "center",
        "content": "Pools",
        "font_size": "24",
        "background_color": "white"
      },
      "layout": {
        "y": 131,
        "x": 10,
        "height": 6,
        "width": 120
      },
      "id": 5298853409127416
    },
    {
      "definition": {
        "tick_pos": "50%",
        "show_tick": true,
        "type": "note",
        "tick_edge": "bottom",
        "text_align": "center",
        "content": "Nodes",
        "font_size": "24",
        "background_color": "white"
      },
      "layout": {
        "y": 172,
        "x": 10,
        "height": 6,
        "width": 120
      },
      "id": 269787415858864
    },
    {
      "definition": {
        "tick_pos": "50%",
        "show_tick": true,
        "type": "note",
        "tick_edge": "bottom",
        "text_align": "center",
        "content": "Interfaces",
        "font_size": "24",
        "background_color": "white"
      },
      "layout": {
        "y": 213,
        "x": 10,
        "height": 6,
        "width": 120
      },
      "id": 5977926241560546
    }
  ],
  "layout_type": "free"
}