{
  "notify_list": [],
  "description": "",
  "restricted_roles": [],
  "template_variables": [
    {
      "default": "*",
      "prefix": "office",
      "name": "Office"
    },
    {
      "default": "*",
      "prefix": "site",
      "name": "Sharepoint_Site"
    }
  ],
  "is_read_only": false,
  "title": "RapDev Office365 Synthetics Dashboard: EVENT overlay",
  "widgets": [
    {
      "definition": {
        "sizing": "fit",
        "url": "https://files.rapdev.io/images/rapdev-dash-logo.png",
        "type": "image"
      },
      "layout": {
        "y": 0,
        "width": 24,
        "x": 0,
        "height": 15
      },
      "id": 2044895786275224
    },
    {
      "definition": {
        "custom_links": [],
        "title_size": "16",
        "yaxis": {
          "include_zero": true,
          "label": "",
          "scale": "linear",
          "min": "auto",
          "max": "auto"
        },
        "title_align": "left",
        "show_legend": false,
        "title": "Synthetic Response Time by Location",
        "legend_size": "0",
        "type": "timeseries",
        "requests": [
          {
            "q": "avg:rapdev.o365.synthetic.response.time{$Office} by {office}",
            "on_right_yaxis": false,
            "style": {
              "line_width": "normal",
              "palette": "dog_classic",
              "line_type": "solid"
            },
            "display_type": "bars"
          }
        ]
      },
      "layout": {
        "y": 0,
        "width": 32,
        "x": 25,
        "height": 15
      },
      "id": 8397482688836082
    },
    {
      "definition": {
        "custom_links": [],
        "title_size": "16",
        "title": "Synthetic's Response Time (s)",
        "title_align": "left",
        "requests": [
          {
            "q": "top(avg:rapdev.o365.synthetic.response.time{$Office} by {o365_app,office}, 10, 'mean', 'desc')"
          }
        ],
        "type": "toplist"
      },
      "layout": {
        "y": 0,
        "width": 30,
        "x": 58,
        "height": 15
      },
      "id": 516042493393960
    },
    {
      "definition": {
        "title_size": "16",
        "legend_columns": [
          "avg",
          "min",
          "max",
          "value",
          "sum"
        ],
        "yaxis": {
          "include_zero": true,
          "label": "",
          "scale": "linear",
          "min": "auto",
          "max": "auto"
        },
        "title_align": "left",
        "markers": [],
        "legend_layout": "auto",
        "show_legend": false,
        "time": {},
        "title": "Teams - Receive IM - Response Time",
        "requests": [
          {
            "q": "default_zero(avg:rapdev.o365.synthetic.response.time{operation:read,o365_app:teams,$Office} by {office})",
            "style": {
              "line_width": "normal",
              "palette": "dog_classic",
              "line_type": "solid"
            },
            "display_type": "line"
          }
        ],
        "type": "timeseries",
        "events": [
          {
            "q": "tags:(\"app:o365\" AND \"workload:microsoftteams\" AND \"classification:incident\")"
          }
        ]
      },
      "layout": {
        "y": 57,
        "width": 35,
        "x": 0,
        "height": 15
      },
      "id": 2404110691425822
    },
    {
      "definition": {
        "title_size": "16",
        "legend_columns": [
          "avg",
          "min",
          "max",
          "value",
          "sum"
        ],
        "yaxis": {
          "include_zero": true,
          "label": "",
          "scale": "linear",
          "min": "auto",
          "max": "auto"
        },
        "title_align": "left",
        "markers": [],
        "legend_layout": "auto",
        "show_legend": false,
        "time": {},
        "title": "Calendar - Read Item - Response Time",
        "requests": [
          {
            "q": "default_zero(avg:rapdev.o365.synthetic.response.time{operation:read,o365_app:calendar,$Office} by {office})",
            "style": {
              "line_width": "normal",
              "palette": "dog_classic",
              "line_type": "solid"
            },
            "display_type": "line"
          }
        ],
        "type": "timeseries",
        "events": [
          {
            "q": "tags:(\"app:o365\" AND \"workload:exchange\" AND \"classification:incident\") calendar"
          }
        ]
      },
      "layout": {
        "y": 57,
        "width": 35,
        "x": 36,
        "height": 15
      },
      "id": 4874746872227814
    },
    {
      "definition": {
        "title_size": "16",
        "legend_columns": [
          "avg",
          "min",
          "max",
          "value",
          "sum"
        ],
        "yaxis": {
          "include_zero": true,
          "label": "",
          "scale": "linear",
          "min": "auto",
          "max": "auto"
        },
        "title_align": "left",
        "markers": [],
        "legend_layout": "auto",
        "show_legend": false,
        "time": {},
        "title": "OneDrive - Download - Response Time",
        "requests": [
          {
            "q": "default_zero(avg:rapdev.o365.synthetic.response.time{operation:read,o365_app:onedrive,$Office} by {office})",
            "style": {
              "line_width": "normal",
              "palette": "dog_classic",
              "line_type": "solid"
            },
            "display_type": "line"
          }
        ],
        "type": "timeseries",
        "events": [
          {
            "q": "tags:(\"workload:onedriveforbusiness\" AND \"app:o365\" AND \"classification:incident\")"
          }
        ]
      },
      "layout": {
        "y": 57,
        "width": 35,
        "x": 72,
        "height": 15
      },
      "id": 6572601694755300
    },
    {
      "definition": {
        "show_tick": true,
        "background_color": "white",
        "type": "note",
        "tick_edge": "bottom",
        "text_align": "center",
        "content": "Teams",
        "font_size": "24",
        "tick_pos": "50%"
      },
      "layout": {
        "y": 16,
        "width": 25,
        "x": 10,
        "height": 7
      },
      "id": 7261654859270542
    },
    {
      "definition": {
        "show_tick": true,
        "background_color": "white",
        "type": "note",
        "tick_edge": "bottom",
        "text_align": "center",
        "content": "OneDrive",
        "font_size": "24",
        "tick_pos": "50%"
      },
      "layout": {
        "y": 16,
        "width": 25,
        "x": 82,
        "height": 7
      },
      "id": 1204477300398322
    },
    {
      "definition": {
        "title_size": "16",
        "legend_columns": [
          "avg",
          "min",
          "max",
          "value",
          "sum"
        ],
        "yaxis": {
          "include_zero": true,
          "label": "",
          "scale": "linear",
          "min": "auto",
          "max": "auto"
        },
        "title_align": "left",
        "markers": [],
        "legend_layout": "auto",
        "show_legend": false,
        "time": {},
        "title": "Teams - Send IM - Response Time",
        "requests": [
          {
            "q": "default_zero(avg:rapdev.o365.synthetic.response.time{operation:create,o365_app:teams,$Office} by {office})",
            "style": {
              "line_width": "normal",
              "palette": "dog_classic",
              "line_type": "solid"
            },
            "display_type": "line"
          }
        ],
        "type": "timeseries",
        "events": [
          {
            "q": "tags:(\"app:o365\" AND \"workload:microsoftteams\" AND \"classification:incident\")"
          }
        ]
      },
      "layout": {
        "y": 41,
        "width": 35,
        "x": 0,
        "height": 15
      },
      "id": 5090275153338920
    },
    {
      "definition": {
        "title_size": "16",
        "legend_columns": [
          "avg",
          "min",
          "max",
          "value",
          "sum"
        ],
        "yaxis": {
          "include_zero": true,
          "label": "",
          "scale": "linear",
          "min": "auto",
          "max": "auto"
        },
        "title_align": "left",
        "markers": [],
        "legend_layout": "auto",
        "show_legend": false,
        "time": {},
        "title": "Calendar - Create Item - Response Time",
        "requests": [
          {
            "q": "default_zero(avg:rapdev.o365.synthetic.response.time{operation:create,o365_app:calendar,$Office} by {office})",
            "style": {
              "line_width": "normal",
              "palette": "dog_classic",
              "line_type": "solid"
            },
            "display_type": "line"
          }
        ],
        "type": "timeseries",
        "events": [
          {
            "q": "tags:(\"app:o365\" AND \"workload:exchange\" AND \"classification:incident\") calendar"
          }
        ]
      },
      "layout": {
        "y": 41,
        "width": 35,
        "x": 36,
        "height": 15
      },
      "id": 5966101854947384
    },
    {
      "definition": {
        "title_size": "16",
        "legend_columns": [
          "avg",
          "min",
          "max",
          "value",
          "sum"
        ],
        "yaxis": {
          "include_zero": true,
          "label": "",
          "scale": "linear",
          "min": "auto",
          "max": "auto"
        },
        "title_align": "left",
        "markers": [],
        "legend_layout": "auto",
        "show_legend": false,
        "time": {},
        "title": "OneDrive - Upload - Response Time",
        "requests": [
          {
            "q": "default_zero(avg:rapdev.o365.synthetic.response.time{operation:create,o365_app:onedrive,$Office} by {office})",
            "style": {
              "line_width": "normal",
              "palette": "dog_classic",
              "line_type": "solid"
            },
            "display_type": "line"
          }
        ],
        "type": "timeseries",
        "events": [
          {
            "q": "tags:(\"workload:onedriveforbusiness\" AND \"app:o365\" AND \"classification:incident\")"
          }
        ]
      },
      "layout": {
        "y": 41,
        "width": 35,
        "x": 72,
        "height": 15
      },
      "id": 6382580979134486
    },
    {
      "definition": {
        "show_tick": true,
        "background_color": "white",
        "type": "note",
        "tick_edge": "bottom",
        "text_align": "center",
        "content": "Calendar",
        "font_size": "24",
        "tick_pos": "50%"
      },
      "layout": {
        "y": 16,
        "width": 25,
        "x": 46,
        "height": 7
      },
      "id": 3435847563727410
    },
    {
      "definition": {
        "title_size": "16",
        "legend_columns": [
          "avg",
          "min",
          "max",
          "value",
          "sum"
        ],
        "yaxis": {
          "include_zero": true,
          "label": "",
          "scale": "linear",
          "min": "auto",
          "max": "auto"
        },
        "title_align": "left",
        "markers": [],
        "legend_layout": "auto",
        "show_legend": false,
        "time": {},
        "title": "Calendar - Delete Item - Response Time",
        "requests": [
          {
            "q": "default_zero(avg:rapdev.o365.synthetic.response.time{operation:delete,o365_app:calendar,$Office} by {office})",
            "style": {
              "line_width": "normal",
              "palette": "dog_classic",
              "line_type": "solid"
            },
            "display_type": "line"
          }
        ],
        "type": "timeseries",
        "events": [
          {
            "q": "tags:(\"app:o365\" AND \"workload:exchange\" AND \"classification:incident\") calendar"
          }
        ]
      },
      "layout": {
        "y": 89,
        "width": 35,
        "x": 36,
        "height": 15
      },
      "id": 730552275533504
    },
    {
      "definition": {
        "title_size": "16",
        "legend_columns": [
          "avg",
          "min",
          "max",
          "value",
          "sum"
        ],
        "yaxis": {
          "include_zero": true,
          "label": "",
          "scale": "linear",
          "min": "auto",
          "max": "auto"
        },
        "title_align": "left",
        "markers": [],
        "legend_layout": "auto",
        "show_legend": false,
        "time": {},
        "title": "Teams - Update IM - Response Time",
        "requests": [
          {
            "q": "default_zero(avg:rapdev.o365.synthetic.response.time{operation:update,o365_app:teams,$Office} by {office})",
            "style": {
              "line_width": "normal",
              "palette": "dog_classic",
              "line_type": "solid"
            },
            "display_type": "line"
          }
        ],
        "type": "timeseries",
        "events": [
          {
            "q": "tags:(\"app:o365\" AND \"workload:microsoftteams\" AND \"classification:incident\")"
          }
        ]
      },
      "layout": {
        "y": 73,
        "width": 35,
        "x": 0,
        "height": 15
      },
      "id": 4914837144334352
    },
    {
      "definition": {
        "title_size": "16",
        "legend_columns": [
          "avg",
          "min",
          "max",
          "value",
          "sum"
        ],
        "yaxis": {
          "include_zero": true,
          "label": "",
          "scale": "linear",
          "min": "auto",
          "max": "auto"
        },
        "title_align": "left",
        "markers": [],
        "legend_layout": "auto",
        "show_legend": false,
        "time": {},
        "title": "Calendar - Update Item - Response Time",
        "requests": [
          {
            "q": "default_zero(avg:rapdev.o365.synthetic.response.time{operation:update,o365_app:calendar,$Office} by {office})",
            "style": {
              "line_width": "normal",
              "palette": "dog_classic",
              "line_type": "solid"
            },
            "display_type": "line"
          }
        ],
        "type": "timeseries",
        "events": [
          {
            "q": "tags:(\"app:o365\" AND \"workload:exchange\" AND \"classification:incident\") calendar"
          }
        ]
      },
      "layout": {
        "y": 73,
        "width": 35,
        "x": 36,
        "height": 15
      },
      "id": 4206720500019596
    },
    {
      "definition": {
        "title_size": "16",
        "legend_columns": [
          "avg",
          "min",
          "max",
          "value",
          "sum"
        ],
        "yaxis": {
          "include_zero": true,
          "label": "",
          "scale": "linear",
          "min": "auto",
          "max": "auto"
        },
        "title_align": "left",
        "markers": [],
        "legend_layout": "auto",
        "show_legend": false,
        "time": {},
        "title": "OneDrive - Update - Response Time",
        "requests": [
          {
            "q": "default_zero(avg:rapdev.o365.synthetic.response.time{operation:update,o365_app:onedrive,$Office} by {office})",
            "style": {
              "line_width": "normal",
              "palette": "dog_classic",
              "line_type": "solid"
            },
            "display_type": "line"
          }
        ],
        "type": "timeseries",
        "events": [
          {
            "q": "tags:(\"workload:onedriveforbusiness\" AND \"app:o365\" AND \"classification:incident\")"
          }
        ]
      },
      "layout": {
        "y": 73,
        "width": 35,
        "x": 72,
        "height": 15
      },
      "id": 5201875430496368
    },
    {
      "definition": {
        "sizing": "zoom",
        "url": "https://www.marshall.edu/it/files/microsoft-team-2019.png",
        "type": "image"
      },
      "layout": {
        "y": 16,
        "width": 9,
        "x": 0,
        "height": 8
      },
      "id": 2947962477500248
    },
    {
      "definition": {
        "sizing": "zoom",
        "url": "https://www.blackwiredesigns.com/wp-content/uploads/Outlook-Calendar-Logo.png",
        "type": "image"
      },
      "layout": {
        "y": 16,
        "width": 9,
        "x": 36,
        "height": 8
      },
      "id": 2537617508104140
    },
    {
      "definition": {
        "sizing": "zoom",
        "url": "https://p.sfx.ms/OneDriveLogoTile.png",
        "type": "image"
      },
      "layout": {
        "y": 16,
        "width": 9,
        "x": 72,
        "height": 8
      },
      "id": 2498214289565344
    },
    {
      "definition": {
        "custom_links": [],
        "autoscale": true,
        "title": "Calendar Load Times",
        "title_align": "left",
        "custom_unit": "ms",
        "precision": 0,
        "title_size": "16",
        "requests": [
          {
            "q": "avg:rapdev.o365.synthetic.response.time{o365_app:calendar,$Office}",
            "aggregator": "avg",
            "conditional_formats": [
              {
                "palette": "white_on_red",
                "value": 5000.0,
                "comparator": ">"
              },
              {
                "palette": "white_on_yellow",
                "value": 2000.0,
                "comparator": ">="
              },
              {
                "palette": "white_on_green",
                "value": 2000.0,
                "comparator": "<"
              }
            ]
          }
        ],
        "type": "query_value"
      },
      "layout": {
        "y": 0,
        "width": 17,
        "x": 89,
        "height": 15
      },
      "id": 1959746714109544
    },
    {
      "definition": {
        "custom_links": [],
        "autoscale": false,
        "title": "Teams Load Times",
        "title_align": "left",
        "custom_unit": "ms",
        "precision": 0,
        "title_size": "16",
        "requests": [
          {
            "q": "avg:rapdev.o365.synthetic.response.time{$Office,o365_app:teams}",
            "aggregator": "avg",
            "conditional_formats": [
              {
                "palette": "white_on_red",
                "value": 5000.0,
                "comparator": ">"
              },
              {
                "palette": "white_on_yellow",
                "value": 2000.0,
                "comparator": ">="
              },
              {
                "palette": "white_on_green",
                "value": 2000.0,
                "comparator": "<"
              }
            ]
          }
        ],
        "type": "query_value"
      },
      "layout": {
        "y": 0,
        "width": 18,
        "x": 107,
        "height": 15
      },
      "id": 7888619557224214
    },
    {
      "definition": {
        "custom_links": [],
        "autoscale": false,
        "title": "OneDrive Load Times",
        "title_align": "left",
        "custom_unit": "ms",
        "precision": 0,
        "title_size": "16",
        "requests": [
          {
            "q": "avg:rapdev.o365.synthetic.response.time{$Office,o365_app:onedrive}",
            "aggregator": "avg",
            "conditional_formats": [
              {
                "palette": "white_on_red",
                "value": 5000.0,
                "comparator": ">"
              },
              {
                "palette": "white_on_yellow",
                "value": 2000.0,
                "comparator": ">="
              },
              {
                "palette": "white_on_green",
                "value": 2000.0,
                "comparator": "<"
              }
            ]
          }
        ],
        "type": "query_value"
      },
      "layout": {
        "y": 0,
        "width": 17,
        "x": 126,
        "height": 15
      },
      "id": 118775098608200
    },
    {
      "definition": {
        "custom_links": [],
        "title_size": "16",
        "title": "Teams Load Times",
        "title_align": "left",
        "requests": [
          {
            "q": "top(avg:rapdev.o365.synthetic.response.time{$Office,o365_app:teams} by {operation,office}, 10, 'mean', 'desc')"
          }
        ],
        "type": "toplist"
      },
      "layout": {
        "y": 25,
        "width": 35,
        "x": 0,
        "height": 15
      },
      "id": 5345884349768856
    },
    {
      "definition": {
        "custom_links": [],
        "title_size": "16",
        "title": "Calendar Load Times",
        "title_align": "left",
        "requests": [
          {
            "q": "top(avg:rapdev.o365.synthetic.response.time{$Office,o365_app:calendar} by {operation,office}, 10, 'mean', 'desc')"
          }
        ],
        "type": "toplist"
      },
      "layout": {
        "y": 25,
        "width": 35,
        "x": 36,
        "height": 15
      },
      "id": 5233697143056424
    },
    {
      "definition": {
        "custom_links": [],
        "title_size": "16",
        "title": "OneDrive Load Times",
        "title_align": "left",
        "requests": [
          {
            "q": "top(avg:rapdev.o365.synthetic.response.time{$Office,o365_app:onedrive} by {operation,office}, 10, 'mean', 'desc')"
          }
        ],
        "type": "toplist"
      },
      "layout": {
        "y": 25,
        "width": 35,
        "x": 72,
        "height": 15
      },
      "id": 1902568208257444
    },
    {
      "definition": {
        "show_tick": true,
        "background_color": "white",
        "type": "note",
        "tick_edge": "bottom",
        "text_align": "center",
        "content": "Sharepoint",
        "font_size": "24",
        "tick_pos": "50%"
      },
      "layout": {
        "y": 16,
        "width": 25,
        "x": 118,
        "height": 7
      },
      "id": 4621318300446932
    },
    {
      "definition": {
        "type": "toplist",
        "requests": [
          {
            "q": "top(avg:rapdev.o365.synthetic.response.time{$Office,o365_app:sharepoint,$Sharepoint_Site} by {operation,office}, 10, 'mean', 'desc')"
          }
        ],
        "title_align": "left",
        "title_size": "16",
        "title": "Sharepoint Load Times"
      },
      "layout": {
        "y": 25,
        "width": 35,
        "x": 108,
        "height": 15
      },
      "id": 1662821508296268
    },
    {
      "definition": {
        "title_size": "16",
        "legend_columns": [
          "avg",
          "min",
          "max",
          "value",
          "sum"
        ],
        "yaxis": {
          "include_zero": true,
          "label": "",
          "scale": "linear",
          "min": "auto",
          "max": "auto"
        },
        "title_align": "left",
        "markers": [],
        "legend_layout": "auto",
        "show_legend": false,
        "time": {},
        "title": "Sharepoint - IIS Latency",
        "requests": [
          {
            "q": "default_zero(avg:rapdev.o365.synthetic.IisLatency{$Office,o365_app:sharepoint,$Sharepoint_Site} by {office,site})",
            "style": {
              "line_width": "normal",
              "palette": "dog_classic",
              "line_type": "solid"
            },
            "display_type": "line",
            "metadata": [
              {
                "expression": "default_zero(avg:rapdev.o365.synthetic.IisLatency{$Office,o365_app:sharepoint,$Sharepoint_Site} by {office,site})",
                "alias_name": "IIS Latency"
              }
            ]
          }
        ],
        "type": "timeseries",
        "events": [
          {
            "q": "tags:(\"app:o365\" AND \"workload:sharepoint\" AND \"classification:incident\")"
          }
        ]
      },
      "layout": {
        "y": 41,
        "width": 35,
        "x": 108,
        "height": 15
      },
      "id": 2997771966240644
    },
    {
      "definition": {
        "title_size": "16",
        "legend_columns": [
          "avg",
          "min",
          "max",
          "value",
          "sum"
        ],
        "yaxis": {
          "include_zero": true,
          "label": "",
          "scale": "linear",
          "min": "auto",
          "max": "auto"
        },
        "title_align": "left",
        "markers": [],
        "legend_layout": "auto",
        "show_legend": false,
        "time": {},
        "title": "Sharepoint - Request/Query Duration & Query Count",
        "requests": [
          {
            "q": "default_zero(avg:rapdev.o365.synthetic.spRequestDuration{$Office,o365_app:sharepoint,$Sharepoint_Site} by {office,site})",
            "style": {
              "line_width": "normal",
              "palette": "dog_classic",
              "line_type": "solid"
            },
            "display_type": "line",
            "metadata": [
              {
                "expression": "default_zero(avg:rapdev.o365.synthetic.spRequestDuration{$Office,o365_app:sharepoint,$Sharepoint_Site} by {office,site})",
                "alias_name": "SP Request Duration"
              }
            ]
          },
          {
            "q": "default_zero(avg:rapdev.o365.synthetic.QueryDuration{$Office,o365_app:sharepoint,$Sharepoint_Site} by {office,site})",
            "on_right_yaxis": false,
            "style": {
              "line_width": "normal",
              "palette": "dog_classic",
              "line_type": "solid"
            },
            "display_type": "line",
            "metadata": [
              {
                "expression": "default_zero(avg:rapdev.o365.synthetic.QueryDuration{$Office,o365_app:sharepoint,$Sharepoint_Site} by {office,site})",
                "alias_name": "Query Duration"
              }
            ]
          },
          {
            "q": "default_zero(avg:rapdev.o365.synthetic.QueryCount{$Office,o365_app:sharepoint,$Sharepoint_Site} by {office,site})",
            "on_right_yaxis": false,
            "style": {
              "line_width": "normal",
              "palette": "cool",
              "line_type": "solid"
            },
            "display_type": "bars",
            "metadata": [
              {
                "expression": "default_zero(avg:rapdev.o365.synthetic.QueryCount{$Office,o365_app:sharepoint,$Sharepoint_Site} by {office,site})",
                "alias_name": "Query Counts"
              }
            ]
          }
        ],
        "type": "timeseries",
        "events": [
          {
            "q": "tags:(\"app:o365\" AND \"workload:sharepoint\" AND \"classification:incident\")"
          }
        ]
      },
      "layout": {
        "y": 57,
        "width": 35,
        "x": 108,
        "height": 15
      },
      "id": 5172201946117142
    },
    {
      "definition": {
        "title_size": "16",
        "legend_columns": [
          "avg",
          "min",
          "max",
          "value",
          "sum"
        ],
        "yaxis": {
          "include_zero": true,
          "label": "",
          "scale": "linear",
          "min": "auto",
          "max": "auto"
        },
        "title_align": "left",
        "markers": [],
        "legend_layout": "auto",
        "show_legend": false,
        "time": {},
        "title": "Sharepoint - Network Times (RTT, Retransmit, Scaled)",
        "requests": [
          {
            "q": "default_zero(avg:rapdev.o365.synthetic.Network_WindowScaleOption{$Office,o365_app:sharepoint,$Sharepoint_Site} by {office,site})",
            "style": {
              "line_width": "normal",
              "palette": "dog_classic",
              "line_type": "solid"
            },
            "display_type": "line",
            "metadata": [
              {
                "expression": "default_zero(avg:rapdev.o365.synthetic.Network_WindowScaleOption{$Office,o365_app:sharepoint,$Sharepoint_Site} by {office,site})",
                "alias_name": "Window Scale Option"
              }
            ]
          },
          {
            "q": "default_zero(avg:rapdev.o365.synthetic.Network_PacketRetransmitCount{$Office,o365_app:sharepoint,$Sharepoint_Site} by {office,site})",
            "on_right_yaxis": false,
            "style": {
              "line_width": "normal",
              "palette": "warm",
              "line_type": "solid"
            },
            "display_type": "bars",
            "metadata": [
              {
                "expression": "default_zero(avg:rapdev.o365.synthetic.Network_PacketRetransmitCount{$Office,o365_app:sharepoint,$Sharepoint_Site} by {office,site})",
                "alias_name": "Packet Retransmit"
              }
            ]
          },
          {
            "q": "default_zero(avg:rapdev.o365.synthetic.Network_SmoothedRoundTripTime{$Office,o365_app:sharepoint,$Sharepoint_Site} by {office,site})",
            "on_right_yaxis": false,
            "style": {
              "line_width": "normal",
              "palette": "dog_classic",
              "line_type": "solid"
            },
            "display_type": "line",
            "metadata": [
              {
                "expression": "default_zero(avg:rapdev.o365.synthetic.Network_SmoothedRoundTripTime{$Office,o365_app:sharepoint,$Sharepoint_Site} by {office,site})",
                "alias_name": "Round-Trip-Time"
              }
            ]
          }
        ],
        "type": "timeseries",
        "events": [
          {
            "q": "tags:(\"app:o365\" AND \"workload:sharepoint\" AND \"classification:incident\")"
          }
        ]
      },
      "layout": {
        "y": 73,
        "width": 35,
        "x": 108,
        "height": 15
      },
      "id": 1188074075423312
    },
    {
      "definition": {
        "title_size": "16",
        "legend_columns": [
          "avg",
          "min",
          "max",
          "value",
          "sum"
        ],
        "yaxis": {
          "include_zero": true,
          "label": "",
          "scale": "linear",
          "min": "auto",
          "max": "auto"
        },
        "title_align": "left",
        "markers": [],
        "legend_layout": "auto",
        "show_legend": false,
        "time": {},
        "title": "Sharepoint - CPUDuration & Claims Authentication Time",
        "requests": [
          {
            "q": "default_zero(avg:rapdev.o365.synthetic.ClaimsAuthenticationTime{$Office,o365_app:sharepoint,$Sharepoint_Site} by {office,site})",
            "style": {
              "line_width": "normal",
              "palette": "dog_classic",
              "line_type": "solid"
            },
            "display_type": "line",
            "metadata": [
              {
                "expression": "default_zero(avg:rapdev.o365.synthetic.ClaimsAuthenticationTime{$Office,o365_app:sharepoint,$Sharepoint_Site} by {office,site})",
                "alias_name": "Claims Auth Duration"
              }
            ]
          },
          {
            "q": "default_zero(avg:rapdev.o365.synthetic.CPUDuration{$Office,o365_app:sharepoint,$Sharepoint_Site} by {office,site})",
            "on_right_yaxis": false,
            "style": {
              "line_width": "normal",
              "palette": "dog_classic",
              "line_type": "solid"
            },
            "display_type": "line",
            "metadata": [
              {
                "expression": "default_zero(avg:rapdev.o365.synthetic.CPUDuration{$Office,o365_app:sharepoint,$Sharepoint_Site} by {office,site})",
                "alias_name": "CPU Duration"
              }
            ]
          }
        ],
        "type": "timeseries",
        "events": [
          {
            "q": "tags:(\"app:o365\" AND \"workload:sharepoint\" AND \"classification:incident\")"
          }
        ]
      },
      "layout": {
        "y": 89,
        "width": 35,
        "x": 108,
        "height": 15
      },
      "id": 2959566443778530
    },
    {
      "definition": {
        "sizing": "fit",
        "url": "https://upload.wikimedia.org/wikipedia/commons/thumb/3/31/Microsoft_Office_SharePoint_%282018%E2%80%93present%29.svg/131px-Microsoft_Office_SharePoint_%282018%E2%80%93present%29.svg.png",
        "type": "image"
      },
      "layout": {
        "y": 16,
        "width": 9,
        "x": 108,
        "height": 8
      },
      "id": 5749983691895396
    },
    {
      "definition": {
        "title_size": "16",
        "title": "SharePoint Incident Events",
        "title_align": "left",
        "tags_execution": "and",
        "query": "tags:(\"app:o365\" AND \"workload:sharepoint\" AND \"classification:incident\")",
        "type": "event_stream",
        "event_size": "s"
      },
      "layout": {
        "y": 105,
        "width": 35,
        "x": 108,
        "height": 20
      },
      "id": 1670355331698162
    },
    {
      "definition": {
        "title_size": "16",
        "legend_columns": [
          "avg",
          "min",
          "max",
          "value",
          "sum"
        ],
        "yaxis": {
          "include_zero": true,
          "label": "",
          "scale": "linear",
          "min": "auto",
          "max": "auto"
        },
        "title_align": "left",
        "markers": [],
        "legend_layout": "auto",
        "show_legend": false,
        "time": {},
        "title": "OneDrive - Delete - Response Time",
        "requests": [
          {
            "q": "default_zero(avg:rapdev.o365.synthetic.response.time{operation:delete,o365_app:onedrive,$Office} by {office})",
            "style": {
              "line_width": "normal",
              "palette": "dog_classic",
              "line_type": "solid"
            },
            "display_type": "line"
          }
        ],
        "type": "timeseries",
        "events": [
          {
            "q": "tags:(\"workload:onedriveforbusiness\" AND \"app:o365\" AND \"classification:incident\")"
          }
        ]
      },
      "layout": {
        "y": 89,
        "width": 35,
        "x": 72,
        "height": 15
      },
      "id": 2152584279195036
    },
    {
      "definition": {
        "title_size": "16",
        "title": "OneDrive for Business Incident Events",
        "title_align": "left",
        "tags_execution": "and",
        "query": "tags:(\"workload:onedriveforbusiness\" AND \"app:o365\" AND \"classification:incident\")",
        "type": "event_stream",
        "event_size": "s"
      },
      "layout": {
        "y": 105,
        "width": 35,
        "x": 72,
        "height": 20
      },
      "id": 8780704452775950
    },
    {
      "definition": {
        "title_size": "16",
        "title": "Microsoft Teams Incident Events",
        "title_align": "left",
        "tags_execution": "and",
        "query": "tags:(\"app:o365\" AND \"workload:microsoftteams\" AND \"classification:incident\")",
        "type": "event_stream",
        "event_size": "s"
      },
      "layout": {
        "y": 89,
        "width": 35,
        "x": 0,
        "height": 20
      },
      "id": 404827766863598
    },
    {
      "definition": {
        "title_size": "16",
        "title": "Exchange Calendar Incident Events",
        "title_align": "left",
        "tags_execution": "and",
        "query": "tags:(\"app:o365\" AND \"workload:exchange\" AND \"classification:incident\") calendar",
        "type": "event_stream",
        "event_size": "s"
      },
      "layout": {
        "y": 105,
        "width": 35,
        "x": 36,
        "height": 20
      },
      "id": 549945342516802
    }
  ],
  "layout_type": "free"
}