{
  "notify_list": null,
  "description": "Our Kubernetes dashboard gives you broad visibility into the scale, status, and resource usage of your cluster and its containers. Further reading for Kubernetes monitoring:\n\n- [Autoscale Kubernetes workloads with any Datadog metric](https://www.datadoghq.com/blog/autoscale-kubernetes-datadog/)\n\n- [How to monitor Kubernetes + Docker with Datadog](https://www.datadoghq.com/blog/monitor-kubernetes-docker/)\n\n- [Monitoring in the Kubernetes era](https://www.datadoghq.com/blog/monitoring-kubernetes-era/)\n\n- [Monitoring Kubernetes performance metrics](https://www.datadoghq.com/blog/monitoring-kubernetes-performance-metrics/)\n\n- [Collecting metrics with built-in Kubernetes monitoring tools](https://www.datadoghq.com/blog/how-to-collect-and-graph-kubernetes-metrics/)\n\n- [Monitoring Kubernetes with Datadog](https://www.datadoghq.com/blog/monitoring-kubernetes-with-datadog/)\n\n- [Datadog's Kubernetes integration docs](https://docs.datadoghq.com/integrations/kubernetes/)\n\nClone this template dashboard to make changes and add your own graph widgets. (cloned)",
  "restricted_roles": [],
  "template_variables": [
    {
      "default": "*",
      "prefix": "kube_cluster_name",
      "name": "cluster",
      "available_values": []
    },
    {
      "default": "*",
      "prefix": "host",
      "name": "host",
      "available_values": []
    }
  ],
  "is_read_only": false,
  "title": "Kubernetes Nodes Overview (nickv)",
  "widgets": [
    {
      "definition": {
        "custom_links": [],
        "title_size": "16",
        "yaxis": {
          "include_zero": true,
          "label": "",
          "scale": "linear",
          "min": "auto",
          "max": "auto"
        },
        "title_align": "left",
        "markers": [
          {
            "display_type": "error dashed",
            "value": "y = 0",
            "label": "y = 0"
          }
        ],
        "show_legend": false,
        "title": "Nodes not in Ready condition",
        "requests": [
          {
            "q": "top(sum:kubernetes_state.nodes.by_condition{$cluster,status:true,$host,!condition:ready} by {status,condition,kube_cluster_name}, 10, 'last', 'desc')",
            "style": {
              "line_width": "normal",
              "palette": "warm",
              "line_type": "solid"
            },
            "display_type": "line"
          }
        ],
        "type": "timeseries"
      },
      "layout": {
        "y": 36,
        "width": 39,
        "x": 40,
        "height": 16
      },
      "id": 0
    },
    {
      "definition": {
        "title_size": "16",
        "title": "Kubelets up",
        "title_align": "center",
        "group_by": [],
        "time": {
          "live_span": "10m"
        },
        "type": "check_status",
        "check": "kubernetes.kubelet.check",
        "tags": [
          "$cluster",
          "$host"
        ],
        "grouping": "cluster"
      },
      "layout": {
        "y": 22,
        "width": 19,
        "x": 0,
        "height": 7
      },
      "id": 1
    },
    {
      "definition": {
        "title_size": "16",
        "title": "Kubelet Ping",
        "title_align": "center",
        "group_by": [],
        "time": {
          "live_span": "10m"
        },
        "type": "check_status",
        "check": "kubernetes.kubelet.check.ping",
        "tags": [
          "$cluster",
          "$host"
        ],
        "grouping": "cluster"
      },
      "layout": {
        "y": 22,
        "width": 19,
        "x": 20,
        "height": 7
      },
      "id": 2
    },
    {
      "definition": {
        "show_tick": false,
        "background_color": "gray",
        "type": "note",
        "tick_edge": "bottom",
        "text_align": "center",
        "content": "Nodes Utilization",
        "font_size": "18",
        "tick_pos": "50%"
      },
      "layout": {
        "y": 53,
        "width": 115,
        "x": 0,
        "height": 5
      },
      "id": 3
    },
    {
      "definition": {
        "custom_links": [],
        "title_size": "16",
        "yaxis": {
          "include_zero": true,
          "label": "",
          "scale": "linear",
          "min": "auto",
          "max": "auto"
        },
        "title_align": "left",
        "show_legend": false,
        "title": "Memory usage per node",
        "requests": [
          {
            "q": "sum:kubernetes.memory.usage{$cluster,$host} by {host}",
            "style": {
              "line_width": "normal",
              "palette": "dog_classic",
              "line_type": "solid"
            },
            "display_type": "line"
          }
        ],
        "type": "timeseries"
      },
      "layout": {
        "y": 76,
        "width": 57,
        "x": 58,
        "height": 16
      },
      "id": 4
    },
    {
      "definition": {
        "custom_links": [],
        "title_size": "16",
        "yaxis": {
          "include_zero": true,
          "label": "",
          "scale": "linear",
          "min": "auto",
          "max": "auto"
        },
        "title_align": "left",
        "show_legend": false,
        "time": {
          "live_span": "4h"
        },
        "title": "Total Kubernetes CPU requests per node",
        "legend_size": "0",
        "type": "timeseries",
        "requests": [
          {
            "q": "sum:kubernetes.cpu.requests{$cluster,$host} by {host}",
            "style": {
              "line_width": "normal",
              "palette": "warm",
              "line_type": "solid"
            },
            "display_type": "line"
          }
        ]
      },
      "layout": {
        "y": 93,
        "width": 57,
        "x": 0,
        "height": 16
      },
      "id": 5
    },
    {
      "definition": {
        "custom_links": [],
        "title_size": "16",
        "yaxis": {
          "include_zero": true,
          "label": "",
          "scale": "linear",
          "min": "auto",
          "max": "auto"
        },
        "title_align": "left",
        "show_legend": false,
        "time": {
          "live_span": "4h"
        },
        "title": "Total Kubernetes memory requests per node",
        "legend_size": "0",
        "type": "timeseries",
        "requests": [
          {
            "q": "sum:kubernetes.memory.requests{$cluster,$host} by {host}",
            "style": {
              "line_width": "normal",
              "palette": "cool",
              "line_type": "solid"
            },
            "display_type": "line"
          }
        ]
      },
      "layout": {
        "y": 93,
        "width": 57,
        "x": 58,
        "height": 16
      },
      "id": 6
    },
    {
      "definition": {
        "custom_links": [],
        "title_size": "16",
        "yaxis": {
          "include_zero": true,
          "label": "",
          "scale": "linear",
          "min": "auto",
          "max": "auto"
        },
        "title_align": "left",
        "show_legend": false,
        "title": "CPU usage per node",
        "requests": [
          {
            "q": "sum:kubernetes.cpu.usage.total{$cluster,$host} by {host}",
            "style": {
              "line_width": "normal",
              "palette": "dog_classic",
              "line_type": "solid"
            },
            "display_type": "line"
          }
        ],
        "type": "timeseries"
      },
      "layout": {
        "y": 76,
        "width": 57,
        "x": 0,
        "height": 16
      },
      "id": 7
    },
    {
      "definition": {
        "custom_links": [],
        "title_size": "16",
        "yaxis": {
          "include_zero": true,
          "label": "",
          "scale": "linear",
          "min": "auto",
          "max": "auto"
        },
        "title_align": "left",
        "show_legend": false,
        "title": "Number of Pods per Node ",
        "requests": [
          {
            "q": "top(sum:kubernetes.pods.running{$cluster,$host} by {host}, 50, 'mean', 'desc')",
            "style": {
              "line_width": "normal",
              "palette": "dog_classic",
              "line_type": "solid"
            },
            "display_type": "line"
          }
        ],
        "type": "timeseries"
      },
      "layout": {
        "y": 173,
        "width": 57,
        "x": 58,
        "height": 16
      },
      "id": 8
    },
    {
      "definition": {
        "show_tick": false,
        "background_color": "gray",
        "type": "note",
        "tick_edge": "bottom",
        "text_align": "center",
        "content": "Disk I/O & Network",
        "font_size": "18",
        "tick_pos": "50%"
      },
      "layout": {
        "y": 302,
        "width": 115,
        "x": 0,
        "height": 5
      },
      "id": 9
    },
    {
      "definition": {
        "custom_links": [],
        "title_size": "16",
        "yaxis": {
          "include_zero": true,
          "label": "",
          "scale": "linear",
          "min": "auto",
          "max": "auto"
        },
        "title_align": "left",
        "show_legend": false,
        "time": {
          "live_span": "4h"
        },
        "title": "Network in per node",
        "legend_size": "0",
        "type": "timeseries",
        "requests": [
          {
            "q": "sum:kubernetes.network.rx_bytes{$cluster,$host} by {host}",
            "style": {
              "line_width": "normal",
              "palette": "purple",
              "line_type": "solid"
            },
            "display_type": "line"
          }
        ]
      },
      "layout": {
        "y": 308,
        "width": 57,
        "x": 0,
        "height": 15
      },
      "id": 10
    },
    {
      "definition": {
        "custom_links": [],
        "title_size": "16",
        "yaxis": {
          "include_zero": true,
          "label": "",
          "scale": "linear",
          "min": "auto",
          "max": "auto"
        },
        "title_align": "left",
        "show_legend": false,
        "time": {
          "live_span": "4h"
        },
        "title": "Network out per node",
        "legend_size": "0",
        "type": "timeseries",
        "requests": [
          {
            "q": "sum:kubernetes.network.tx_bytes{$cluster,$host} by {host}",
            "style": {
              "line_width": "normal",
              "palette": "green",
              "line_type": "solid"
            },
            "display_type": "line"
          }
        ]
      },
      "layout": {
        "y": 324,
        "width": 57,
        "x": 0,
        "height": 15
      },
      "id": 11
    },
    {
      "definition": {
        "custom_links": [],
        "title_size": "16",
        "yaxis": {
          "include_zero": true,
          "label": "",
          "scale": "linear",
          "min": "auto",
          "max": "auto"
        },
        "title_align": "left",
        "show_legend": false,
        "time": {
          "live_span": "4h"
        },
        "title": "Disk reads per node",
        "legend_size": "0",
        "type": "timeseries",
        "requests": [
          {
            "q": "sum:kubernetes.io.read_bytes{$cluster,$host} by {host}",
            "style": {
              "line_width": "normal",
              "palette": "grey",
              "line_type": "solid"
            },
            "display_type": "line"
          }
        ]
      },
      "layout": {
        "y": 324,
        "width": 57,
        "x": 58,
        "height": 15
      },
      "id": 12
    },
    {
      "definition": {
        "custom_links": [],
        "title_size": "16",
        "yaxis": {
          "include_zero": true,
          "label": "",
          "scale": "linear",
          "min": "auto",
          "max": "auto"
        },
        "title_align": "left",
        "show_legend": false,
        "time": {
          "live_span": "4h"
        },
        "title": "Disk writes per node",
        "legend_size": "0",
        "type": "timeseries",
        "requests": [
          {
            "q": "sum:kubernetes.io.write_bytes{$cluster,$host} by {host}",
            "style": {
              "line_width": "thick",
              "palette": "grey",
              "line_type": "solid"
            },
            "display_type": "line"
          }
        ]
      },
      "layout": {
        "y": 308,
        "width": 57,
        "x": 58,
        "height": 15
      },
      "id": 13
    },
    {
      "definition": {
        "custom_links": [],
        "title_size": "16",
        "title": "Node by condition",
        "title_align": "left",
        "requests": [
          {
            "q": "top(sum:kubernetes_state.nodes.by_condition{$cluster,status:true,$host} by {condition,status}, 10, 'mean', 'desc')"
          }
        ],
        "type": "toplist"
      },
      "layout": {
        "y": 36,
        "width": 35,
        "x": 80,
        "height": 16
      },
      "id": 14
    },
    {
      "definition": {
        "title_size": "16",
        "title": "",
        "title_align": "left",
        "tags_execution": "and",
        "time": {
          "live_span": "4h"
        },
        "query": "$host.value $cluster.value source:kubernetes",
        "type": "event_timeline"
      },
      "layout": {
        "y": 213,
        "width": 57,
        "x": 0,
        "height": 9
      },
      "id": 15
    },
    {
      "definition": {
        "show_tick": false,
        "background_color": "gray",
        "type": "note",
        "tick_edge": "bottom",
        "text_align": "center",
        "content": "[Events](https://www.datadoghq.com/blog/monitoring-kubernetes-performance-metrics/#toc-correlate-with-events10)\nand certificates",
        "font_size": "18",
        "tick_pos": "50%"
      },
      "layout": {
        "y": 207,
        "width": 115,
        "x": 0,
        "height": 5
      },
      "id": 16
    },
    {
      "definition": {
        "title_size": "16",
        "title": "",
        "title_align": "left",
        "tags_execution": "and",
        "query": "$host.value $cluster.value source:kubernetes",
        "type": "event_stream",
        "event_size": "s"
      },
      "layout": {
        "y": 213,
        "width": 57,
        "x": 58,
        "height": 34
      },
      "id": 17
    },
    {
      "definition": {
        "custom_links": [],
        "title_size": "16",
        "yaxis": {
          "include_zero": false
        },
        "title_align": "left",
        "markers": [
          {
            "display_type": "error dashed",
            "value": "y = 1"
          }
        ],
        "show_legend": false,
        "title": "Memory utilization per node",
        "legend_size": "0",
        "type": "timeseries",
        "requests": [
          {
            "formulas": [
              {
                "alias": "mem used pct",
                "formula": "1 - query1"
              }
            ],
            "style": {
              "line_width": "normal",
              "palette": "dog_classic",
              "line_type": "solid"
            },
            "display_type": "line",
            "response_format": "timeseries",
            "queries": [
              {
                "query": "avg:system.mem.pct_usable{$cluster,$host} by {host}",
                "data_source": "metrics",
                "name": "query1"
              }
            ]
          }
        ]
      },
      "layout": {
        "y": 59,
        "width": 57,
        "x": 58,
        "height": 16
      },
      "id": 18
    },
    {
      "definition": {
        "custom_links": [],
        "title_size": "16",
        "yaxis": {
          "include_zero": true,
          "label": "",
          "scale": "linear",
          "min": "auto",
          "max": "auto"
        },
        "title_align": "left",
        "show_legend": true,
        "title": "Allocatable cpu cores per node",
        "requests": [
          {
            "q": "avg:kubernetes_state.node.cpu_allocatable{$cluster,$host} by {host}",
            "style": {
              "line_width": "normal",
              "palette": "dog_classic",
              "line_type": "solid"
            },
            "display_type": "line"
          }
        ],
        "type": "timeseries"
      },
      "layout": {
        "y": 254,
        "width": 57,
        "x": 58,
        "height": 15
      },
      "id": 19
    },
    {
      "definition": {
        "show_tick": false,
        "background_color": "gray",
        "type": "note",
        "tick_edge": "left",
        "text_align": "center",
        "content": "Allocatable resources per Node",
        "font_size": "16",
        "tick_pos": "50%"
      },
      "layout": {
        "y": 248,
        "width": 115,
        "x": 0,
        "height": 5
      },
      "id": 20
    },
    {
      "definition": {
        "custom_links": [],
        "title_size": "16",
        "yaxis": {
          "include_zero": true,
          "label": "",
          "scale": "linear",
          "min": "auto",
          "max": "auto"
        },
        "title_align": "left",
        "show_legend": true,
        "title": "Allocatable pods per node",
        "requests": [
          {
            "q": "avg:kubernetes_state.node.pods_allocatable{$cluster,$host} by {host}",
            "style": {
              "line_width": "normal",
              "palette": "dog_classic",
              "line_type": "solid"
            },
            "display_type": "line"
          }
        ],
        "type": "timeseries"
      },
      "layout": {
        "y": 254,
        "width": 57,
        "x": 0,
        "height": 15
      },
      "id": 21
    },
    {
      "definition": {
        "custom_links": [],
        "title_size": "16",
        "yaxis": {
          "include_zero": true,
          "label": "",
          "scale": "linear",
          "min": "auto",
          "max": "auto"
        },
        "title_align": "left",
        "show_legend": true,
        "title": "Allocatable memory per node",
        "requests": [
          {
            "q": "avg:kubernetes_state.node.memory_allocatable{$cluster,$host} by {host}",
            "style": {
              "line_width": "normal",
              "palette": "dog_classic",
              "line_type": "solid"
            },
            "display_type": "line"
          }
        ],
        "type": "timeseries"
      },
      "layout": {
        "y": 173,
        "width": 57,
        "x": 0,
        "height": 16
      },
      "id": 22
    },
    {
      "definition": {
        "custom_links": [],
        "title_size": "16",
        "yaxis": {
          "include_zero": true,
          "label": "",
          "scale": "linear",
          "min": "auto",
          "max": "auto"
        },
        "title_align": "left",
        "show_legend": false,
        "title": "Number of containers per node",
        "requests": [
          {
            "q": "sum:kubernetes.containers.running{$cluster,$host} by {host}",
            "style": {
              "line_width": "normal",
              "palette": "dog_classic",
              "line_type": "solid"
            },
            "display_type": "line"
          }
        ],
        "type": "timeseries"
      },
      "layout": {
        "y": 190,
        "width": 57,
        "x": 58,
        "height": 16
      },
      "id": 23
    },
    {
      "definition": {
        "custom_links": [],
        "title_size": "16",
        "title": "Allocatable CPU sort ASC",
        "title_align": "left",
        "requests": [
          {
            "q": "avg:kubernetes_state.node.cpu_allocatable{$host, $cluster} by {host}",
            "aggregator": "avg",
            "limit": 25,
            "order": "asc",
            "alias": "CPU Available"
          }
        ],
        "type": "query_table"
      },
      "layout": {
        "y": 270,
        "width": 57,
        "x": 0,
        "height": 15
      },
      "id": 24
    },
    {
      "definition": {
        "custom_links": [],
        "title_size": "16",
        "title": "Allocatable Pods sort ASC",
        "title_align": "left",
        "requests": [
          {
            "q": "avg:kubernetes_state.node.pods_allocatable{$cluster,$host} by {host}",
            "aggregator": "avg",
            "limit": 25,
            "order": "asc",
            "alias": "Pods Available"
          }
        ],
        "type": "query_table"
      },
      "layout": {
        "y": 270,
        "width": 57,
        "x": 58,
        "height": 15
      },
      "id": 25
    },
    {
      "definition": {
        "custom_links": [],
        "title_size": "16",
        "title": "Allocatable Memory sort ASC",
        "title_align": "left",
        "requests": [
          {
            "q": "avg:kubernetes_state.node.memory_allocatable{$cluster,$host} by {host}",
            "aggregator": "avg",
            "limit": 25,
            "order": "asc",
            "alias": "Memory Available"
          }
        ],
        "type": "query_table"
      },
      "layout": {
        "y": 286,
        "width": 57,
        "x": 0,
        "height": 15
      },
      "id": 26
    },
    {
      "definition": {
        "custom_links": [],
        "title_size": "16",
        "yaxis": {
          "include_zero": true,
          "label": "",
          "scale": "linear",
          "min": "auto",
          "max": "auto"
        },
        "title_align": "left",
        "show_legend": false,
        "title": "Nodes in Ready condition",
        "requests": [
          {
            "q": "sum:kubernetes_state.nodes.by_condition{$cluster,$host,condition:ready,status:true} by {condition,status,kube_cluster_name}",
            "style": {
              "line_width": "normal",
              "palette": "dog_classic",
              "line_type": "solid"
            },
            "display_type": "line"
          }
        ],
        "type": "timeseries"
      },
      "layout": {
        "y": 36,
        "width": 39,
        "x": 0,
        "height": 16
      },
      "id": 27
    },
    {
      "definition": {
        "custom_links": [],
        "title_size": "16",
        "title": "Kubelet certificates expirations (<1 hour left)",
        "title_align": "left",
        "requests": [
          {
            "q": "top(max:tls.seconds_left{kubelet:server,$cluster,$host} by {host}, 25, 'last', 'asc')",
            "conditional_formats": [
              {
                "palette": "white_on_green",
                "value": 3600.0,
                "comparator": ">"
              },
              {
                "palette": "white_on_yellow",
                "value": 0.0,
                "comparator": ">"
              },
              {
                "palette": "white_on_red",
                "value": 0.0,
                "comparator": "<"
              }
            ]
          }
        ],
        "type": "toplist"
      },
      "layout": {
        "y": 225,
        "width": 57,
        "x": 0,
        "height": 22
      },
      "id": 28
    },
    {
      "definition": {
        "custom_links": [],
        "title_size": "16",
        "title": "Number of nodes",
        "title_align": "left",
        "precision": 0,
        "autoscale": false,
        "requests": [
          {
            "q": "sum:kubernetes_state.node.count{$cluster,$host}",
            "aggregator": "avg",
            "conditional_formats": [
              {
                "palette": "green_on_white",
                "value": 0.0,
                "comparator": ">"
              }
            ]
          }
        ],
        "type": "query_value"
      },
      "layout": {
        "y": 6,
        "width": 19,
        "x": 0,
        "height": 7
      },
      "id": 29
    },
    {
      "definition": {
        "custom_links": [],
        "title_size": "16",
        "yaxis": {
          "include_zero": true,
          "label": "",
          "scale": "linear",
          "min": "auto",
          "max": "auto"
        },
        "title_align": "left",
        "right_yaxis": {
          "max": "auto",
          "scale": "linear",
          "label": "",
          "min": "auto"
        },
        "show_legend": false,
        "markers": [
          {
            "display_type": "error dashed",
            "value": "y = 100"
          }
        ],
        "title": "Memory utilization per cluster",
        "requests": [
          {
            "q": "avg:kubernetes.memory.usage_pct{$cluster,$host} by {kube_cluster_name}, avg:kubernetes.memory.usage_pct{$cluster,$host} by {kube_cluster_name}*100",
            "style": {
              "line_width": "normal",
              "palette": "dog_classic",
              "line_type": "solid"
            },
            "display_type": "line"
          }
        ],
        "type": "timeseries"
      },
      "layout": {
        "y": 150,
        "width": 57,
        "x": 0,
        "height": 16
      },
      "id": 30
    },
    {
      "definition": {
        "custom_links": [],
        "title_size": "16",
        "yaxis": {
          "include_zero": true,
          "label": "",
          "scale": "linear",
          "min": "auto",
          "max": "auto"
        },
        "title_align": "left",
        "right_yaxis": {
          "max": "auto",
          "scale": "linear",
          "label": "",
          "min": "auto"
        },
        "show_legend": false,
        "title": "Filesystem utilization per cluster",
        "requests": [
          {
            "q": "sum:kubernetes.filesystem.usage_pct{$cluster,$host} by {kube_cluster_name}, sum:kubernetes.filesystem.usage_pct{$cluster,$host} by {kube_cluster_name}*100",
            "style": {
              "line_width": "normal",
              "palette": "dog_classic",
              "line_type": "solid"
            },
            "display_type": "line"
          }
        ],
        "type": "timeseries"
      },
      "layout": {
        "y": 133,
        "width": 57,
        "x": 58,
        "height": 16
      },
      "id": 31
    },
    {
      "definition": {
        "custom_links": [],
        "title_size": "16",
        "yaxis": {
          "include_zero": true,
          "label": "",
          "scale": "linear",
          "min": "auto",
          "max": "auto"
        },
        "title_align": "left",
        "markers": [
          {
            "display_type": "error dashed",
            "value": "y = 100"
          }
        ],
        "show_legend": false,
        "title": "CPU Allocation (requests / capacity) per cluster",
        "requests": [
          {
            "q": "sum:kubernetes.cpu.requests{$cluster,$host} by {kube_cluster_name}/sum:kubernetes.cpu.capacity{$cluster,$host} by {kube_cluster_name}*100",
            "style": {
              "line_width": "normal",
              "palette": "dog_classic",
              "line_type": "solid"
            },
            "display_type": "line"
          }
        ],
        "type": "timeseries"
      },
      "layout": {
        "y": 133,
        "width": 57,
        "x": 0,
        "height": 16
      },
      "id": 32
    },
    {
      "definition": {
        "show_tick": false,
        "background_color": "gray",
        "type": "note",
        "tick_edge": "bottom",
        "text_align": "center",
        "content": "Cluster Utilization",
        "font_size": "18",
        "tick_pos": "50%"
      },
      "layout": {
        "y": 127,
        "width": 115,
        "x": 0,
        "height": 5
      },
      "id": 33
    },
    {
      "definition": {
        "show_tick": false,
        "background_color": "gray",
        "type": "note",
        "tick_edge": "bottom",
        "text_align": "center",
        "content": "Pods and Containers",
        "font_size": "18",
        "tick_pos": "50%"
      },
      "layout": {
        "y": 167,
        "width": 115,
        "x": 0,
        "height": 5
      },
      "id": 34
    },
    {
      "definition": {
        "show_tick": false,
        "background_color": "gray",
        "type": "note",
        "tick_edge": "bottom",
        "text_align": "center",
        "content": "Nodes Conditions",
        "font_size": "18",
        "tick_pos": "50%"
      },
      "layout": {
        "y": 30,
        "width": 115,
        "x": 0,
        "height": 5
      },
      "id": 35
    },
    {
      "definition": {
        "custom_links": [],
        "title_size": "16",
        "yaxis": {
          "include_zero": true,
          "label": "",
          "scale": "linear",
          "min": "auto",
          "max": "auto"
        },
        "title_align": "left",
        "markers": [
          {
            "display_type": "error dashed",
            "value": "y = 100"
          }
        ],
        "show_legend": false,
        "title": "CPU utilization per node",
        "legend_size": "0",
        "type": "timeseries",
        "requests": [
          {
            "q": "100-avg:system.cpu.idle{$host,$cluster} by {host}",
            "style": {
              "line_width": "normal",
              "palette": "warm",
              "line_type": "solid"
            },
            "display_type": "line"
          }
        ]
      },
      "layout": {
        "y": 59,
        "width": 57,
        "x": 0,
        "height": 16
      },
      "id": 36
    },
    {
      "definition": {
        "custom_links": [],
        "title_size": "16",
        "yaxis": {
          "include_zero": true,
          "label": "",
          "scale": "linear",
          "min": "auto",
          "max": "auto"
        },
        "title_align": "left",
        "right_yaxis": {
          "max": "auto",
          "scale": "linear",
          "label": "",
          "min": "auto"
        },
        "show_legend": false,
        "markers": [
          {
            "display_type": "error dashed",
            "value": "y = 100"
          }
        ],
        "title": "CPU utilization per cluster",
        "legend_size": "0",
        "type": "timeseries",
        "requests": [
          {
            "q": "100-avg:system.cpu.idle{$host,$cluster} by {kube_cluster_name}",
            "style": {
              "line_width": "normal",
              "palette": "warm",
              "line_type": "solid"
            },
            "display_type": "line"
          }
        ]
      },
      "layout": {
        "y": 150,
        "width": 57,
        "x": 58,
        "height": 16
      },
      "id": 37
    },
    {
      "definition": {
        "custom_links": [],
        "title_size": "16",
        "yaxis": {
          "include_zero": true,
          "label": "",
          "scale": "linear",
          "min": "auto",
          "max": "auto"
        },
        "title_align": "left",
        "markers": [
          {
            "display_type": "error dashed",
            "value": "y = 100"
          }
        ],
        "show_legend": false,
        "title": "Kubernetes (requests / capacity) per node",
        "legend_size": "0",
        "type": "timeseries",
        "requests": [
          {
            "q": "sum:kubernetes.cpu.requests{$cluster,$host} by {host}/sum:kubernetes.cpu.capacity{$cluster,$host} by {host}*100",
            "style": {
              "line_width": "normal",
              "palette": "dog_classic",
              "line_type": "solid"
            },
            "display_type": "line"
          }
        ]
      },
      "layout": {
        "y": 110,
        "width": 57,
        "x": 0,
        "height": 16
      },
      "id": 38
    },
    {
      "definition": {
        "custom_links": [],
        "title_size": "16",
        "title": "Total CPU",
        "title_align": "left",
        "precision": 0,
        "autoscale": false,
        "requests": [
          {
            "q": "sum:kubernetes_state.node.cpu_capacity{$cluster,$host}",
            "aggregator": "avg",
            "conditional_formats": [
              {
                "palette": "green_on_white",
                "value": 0.0,
                "comparator": ">"
              }
            ]
          }
        ],
        "type": "query_value"
      },
      "layout": {
        "y": 6,
        "width": 19,
        "x": 20,
        "height": 7
      },
      "id": 39
    },
    {
      "definition": {
        "custom_links": [],
        "title_size": "16",
        "title": "Total memory",
        "title_align": "left",
        "precision": 0,
        "autoscale": true,
        "requests": [
          {
            "q": "sum:kubernetes_state.node.memory_capacity{$cluster,$host}",
            "aggregator": "avg",
            "conditional_formats": [
              {
                "palette": "green_on_white",
                "value": 0.0,
                "comparator": ">"
              }
            ]
          }
        ],
        "type": "query_value"
      },
      "layout": {
        "y": 14,
        "width": 19,
        "x": 20,
        "height": 7
      },
      "id": 40
    },
    {
      "definition": {
        "show_tick": false,
        "background_color": "gray",
        "type": "note",
        "tick_edge": "bottom",
        "text_align": "center",
        "content": "Overview",
        "font_size": "18",
        "tick_pos": "50%"
      },
      "layout": {
        "y": 0,
        "width": 115,
        "x": 0,
        "height": 5
      },
      "id": 41
    },
    {
      "definition": {
        "custom_links": [],
        "title_size": "16",
        "title": "Pods in Ready State per Node",
        "title_align": "left",
        "requests": [
          {
            "q": "top(sum:kubernetes_state.pod.ready{$cluster,condition:true,$host} by {host,pod_name}, 10, 'last', 'desc')"
          }
        ],
        "type": "toplist"
      },
      "layout": {
        "y": 190,
        "width": 57,
        "x": 0,
        "height": 16
      },
      "id": 42
    },
    {
      "definition": {
        "custom_links": [],
        "title_size": "16",
        "yaxis": {
          "include_zero": true,
          "label": "",
          "scale": "linear",
          "min": "auto",
          "max": "auto"
        },
        "title_align": "left",
        "markers": [
          {
            "display_type": "error dashed",
            "value": "y = 100",
            "label": "y = 100"
          },
          {
            "display_type": "warning dashed",
            "value": "y = 80",
            "label": "y = 80"
          }
        ],
        "show_legend": false,
        "title": "CPU % utilization per node",
        "legend_size": "0",
        "type": "timeseries",
        "requests": [
          {
            "q": "100-avg:system.cpu.idle{$host,$cluster} by {host}",
            "style": {
              "line_width": "normal",
              "palette": "dog_classic",
              "line_type": "solid"
            },
            "display_type": "line"
          }
        ]
      },
      "layout": {
        "y": 6,
        "width": 35,
        "x": 80,
        "height": 23
      },
      "id": 43
    },
    {
      "definition": {
        "custom_links": [],
        "title_size": "16",
        "yaxis": {
          "include_zero": false
        },
        "title_align": "left",
        "markers": [
          {
            "display_type": "error dashed",
            "value": "y = 1",
            "label": "y = 1"
          },
          {
            "display_type": "warning dashed",
            "value": "y = 0.8",
            "label": "y = 0.8"
          }
        ],
        "show_legend": false,
        "title": "Memory utilization % per node",
        "legend_size": "0",
        "type": "timeseries",
        "requests": [
          {
            "formulas": [
              {
                "alias": "mem used pct",
                "formula": "1 - query1"
              }
            ],
            "style": {
              "line_width": "normal",
              "palette": "dog_classic",
              "line_type": "solid"
            },
            "display_type": "line",
            "response_format": "timeseries",
            "queries": [
              {
                "query": "avg:system.mem.pct_usable{$cluster,$host} by {host}",
                "data_source": "metrics",
                "name": "query1"
              }
            ]
          }
        ]
      },
      "layout": {
        "y": 6,
        "width": 39,
        "x": 40,
        "height": 23
      },
      "id": 44
    },
    {
      "definition": {
        "custom_links": [],
        "title_size": "16",
        "title": "Nodes not ready",
        "title_align": "left",
        "precision": 0,
        "requests": [
          {
            "q": "sum:kubernetes_state.nodes.by_condition{$cluster,status:true,$host,!condition:ready}",
            "aggregator": "avg",
            "conditional_formats": [
              {
                "palette": "white_on_red",
                "value": 0.0,
                "comparator": ">"
              },
              {
                "palette": "green_on_white",
                "value": 0.0,
                "comparator": "<="
              }
            ]
          }
        ],
        "type": "query_value"
      },
      "layout": {
        "y": 14,
        "width": 19,
        "x": 0,
        "height": 7
      },
      "id": 45
    }
  ],
  "layout_type": "free"
}