{
  "notify_list": [],
  "description": "",
  "restricted_roles": [],
  "template_variables": [],
  "is_read_only": false,
  "title": "Logan's Dashboard Fri, Apr 8, 2:56:10 pm",
  "reflow_type": "fixed",
  "widgets": [
    {
      "definition": {
        "title_size": "16",
        "title": "",
        "title_align": "left",
        "time": {},
        "requests": [
          {
            "formulas": [
              {
                "formula": "query1",
                "limit": {
                  "count": 10,
                  "order": "desc"
                }
              }
            ],
            "response_format": "scalar",
            "queries": [
              {
                "query": "avg:ec_k8s_ssl.CERTIFICATE_TIME_TO_EXPIRE_MINUTES{*} by {secret_name,subject}",
                "data_source": "metrics",
                "name": "query1",
                "aggregator": "avg"
              }
            ]
          }
        ],
        "type": "toplist"
      },
      "layout": {
        "y": 0,
        "x": 0,
        "height": 4,
        "width": 5
      },
      "id": 4253545771873384
    },
    {
      "definition": {
        "title_size": "16",
        "legend_columns": [
          "avg",
          "min",
          "max",
          "value",
          "sum"
        ],
        "title": "",
        "title_align": "left",
        "legend_layout": "auto",
        "show_legend": true,
        "time": {},
        "requests": [
          {
            "formulas": [
              {
                "formula": "query1"
              }
            ],
            "style": {
              "line_width": "normal",
              "palette": "dog_classic",
              "line_type": "solid"
            },
            "display_type": "line",
            "response_format": "timeseries",
            "queries": [
              {
                "query": "avg:ec_k8s_ssl.CERTIFICATE_TIME_TO_EXPIRE_MINUTES{*} by {secret_name,subject}",
                "data_source": "metrics",
                "name": "query1"
              }
            ]
          }
        ],
        "type": "timeseries"
      },
      "layout": {
        "y": 0,
        "x": 5,
        "height": 4,
        "width": 5
      },
      "id": 5072560497164176
    }
  ],
  "layout_type": "ordered"
}