{
  "notify_list": [],
  "description": "## Title\n\nDescribe this dashboard. Add links to other dashboards, monitors, wikis,  and docs to help your teammates. Markdown is supported.\n\n- [This might link to a dashboard](#)\n- [This might link to a wiki](#)",
  "restricted_roles": [],
  "template_variables": [
    {
      "default": "*",
      "prefix": "environment",
      "name": "Environment",
      "available_values": []
    },
    {
      "default": "*",
      "prefix": "aws_account",
      "name": "AWS_Account",
      "available_values": []
    }
  ],
  "is_read_only": false,
  "title": "Executive Leadership Dashboard Template For Marketplace",
  "widgets": [
    {
      "definition": {
        "style": {
          "fill_min": "0",
          "fill_max": "100",
          "palette": "green_to_orange",
          "palette_flip": false
        },
        "title_size": "20",
        "title": "AWS Host Map by Application",
        "title_align": "left",
        "node_type": "host",
        "no_metric_hosts": false,
        "group": [
          "application"
        ],
        "requests": {
          "fill": {
            "q": "avg:aws.ec2.host_ok{$Environment,$AWS_Account} by {host}"
          }
        },
        "no_group_hosts": true,
        "type": "hostmap",
        "scope": [
          "$Environment",
          "$AWS_Account"
        ]
      },
      "layout": {
        "y": 16,
        "x": 0,
        "height": 30,
        "width": 51
      },
      "id": 0
    },
    {
      "definition": {
        "title_size": "20",
        "title": "EC2 Up/Down Status",
        "title_align": "center",
        "group_by": [],
        "type": "check_status",
        "check": "aws.ec2.host_status",
        "tags": [
          "*"
        ],
        "grouping": "cluster"
      },
      "layout": {
        "y": 0,
        "x": 68,
        "height": 15,
        "width": 21
      },
      "id": 1
    },
    {
      "definition": {
        "time_windows": [
          "30d",
          "previous_month"
        ],
        "title_size": "20",
        "show_error_budget": true,
        "view_type": "detail",
        "title_align": "left",
        "slo_id": "dee25948232c51a7a09a346bc5c573b4",
        "view_mode": "both",
        "title": "CPU Anomaly Comparison",
        "global_time_target": "0",
        "type": "slo"
      },
      "layout": {
        "y": 48,
        "x": 0,
        "height": 33,
        "width": 89
      },
      "id": 3
    },
    {
      "definition": {
        "type": "toplist",
        "requests": [
          {
            "q": "top(avg:system.cpu.system{$Environment,$AWS_Account} by {application}, 25, 'mean', 'desc')"
          }
        ],
        "title_align": "left",
        "title_size": "16",
        "title": "Highest Average CPU Utilization by Application"
      },
      "layout": {
        "y": 81,
        "x": 0,
        "height": 31,
        "width": 89
      },
      "id": 4
    },
    {
      "definition": {
        "title_size": "16",
        "title": "Average CPU Utilization by Application",
        "title_align": "left",
        "markers": [],
        "yaxis": {
          "include_zero": true,
          "max": "auto",
          "scale": "linear",
          "min": "auto",
          "label": ""
        },
        "show_legend": false,
        "legend_size": "4",
        "type": "timeseries",
        "requests": [
          {
            "q": "avg:system.cpu.system{$Environment,$AWS_Account} by {application}+avg:system.cpu.user{$Environment,$AWS_Account} by {application}",
            "style": {
              "line_width": "normal",
              "palette": "dog_classic",
              "line_type": "solid"
            },
            "display_type": "line"
          }
        ]
      },
      "layout": {
        "y": 114,
        "x": 0,
        "height": 30,
        "width": 89
      },
      "id": 5
    },
    {
      "definition": {
        "title_size": "20",
        "title": "Datadog Agent Status",
        "title_align": "center",
        "type": "check_status",
        "check": "datadog.agent.up",
        "tags": [
          "*"
        ],
        "grouping": "cluster"
      },
      "layout": {
        "y": 0,
        "x": 1,
        "height": 15,
        "width": 21
      },
      "id": 6
    },
    {
      "definition": {
        "autoscale": true,
        "title": "AWS VMs",
        "title_align": "left",
        "precision": 0,
        "title_size": "20",
        "requests": [
          {
            "q": "sum:aws.ec2.host_ok{$Environment,$AWS_Account}",
            "aggregator": "last"
          }
        ],
        "type": "query_value"
      },
      "layout": {
        "y": 0,
        "x": 23,
        "height": 15,
        "width": 22
      },
      "id": 5609445267154840
    },
    {
      "definition": {
        "autoscale": true,
        "title": "Azure VMs",
        "title_align": "left",
        "precision": 0,
        "title_size": "20",
        "requests": [
          {
            "q": "sum:azure.vm.count{$Environment,$AWS_Account}",
            "aggregator": "last"
          }
        ],
        "type": "query_value"
      },
      "layout": {
        "y": 0,
        "x": 90,
        "height": 15,
        "width": 21
      },
      "id": 6662970710651738
    },
    {
      "definition": {
        "style": {
          "palette": "green_to_orange",
          "palette_flip": false
        },
        "title_size": "20",
        "title": "Azure Host Map by Application",
        "title_align": "left",
        "node_type": "host",
        "no_metric_hosts": true,
        "group": [
          "application"
        ],
        "requests": {
          "fill": {
            "q": "avg:azure.vm.status{cloud_provider:azure} by {host}"
          }
        },
        "no_group_hosts": true,
        "type": "hostmap",
        "scope": [
          "cloud_provider:azure"
        ]
      },
      "layout": {
        "y": 16,
        "x": 52,
        "height": 30,
        "width": 59
      },
      "id": 4865836381763228
    },
    {
      "definition": {
        "time_windows": [
          "30d",
          "previous_month"
        ],
        "title_size": "20",
        "show_error_budget": true,
        "view_type": "detail",
        "title_align": "left",
        "slo_id": "100778dd6b5f567fbab65270a5c6d9b1",
        "view_mode": "overall",
        "title": "Memory Anomaly Comparison",
        "global_time_target": "0",
        "type": "slo"
      },
      "layout": {
        "y": 48,
        "x": 90,
        "height": 33,
        "width": 87
      },
      "id": 6170723993649794
    },
    {
      "definition": {
        "autoscale": true,
        "title": "AWS Resource Usage",
        "title_align": "left",
        "precision": 0,
        "title_size": "20",
        "requests": [
          {
            "q": "avg:aws.usage.resource_count{$AWS_Account}.as_count()",
            "aggregator": "last"
          }
        ],
        "type": "query_value"
      },
      "layout": {
        "y": 0,
        "x": 46,
        "height": 15,
        "width": 21
      },
      "id": 7697846559231286
    },
    {
      "definition": {
        "autoscale": true,
        "title": "Azure Storage Status",
        "title_align": "left",
        "precision": 0,
        "title_size": "20",
        "requests": [
          {
            "q": "avg:azure.storage.status{*}",
            "aggregator": "last",
            "conditional_formats": [
              {
                "palette": "white_on_green",
                "value": 2,
                "comparator": "<"
              },
              {
                "palette": "white_on_red",
                "value": 1,
                "comparator": ">"
              }
            ]
          }
        ],
        "type": "query_value"
      },
      "layout": {
        "y": 0,
        "x": 156,
        "height": 15,
        "width": 21
      },
      "id": 8968647765709316
    },
    {
      "definition": {
        "title_size": "16",
        "title": "Average Memory Utilization by Application",
        "title_align": "left",
        "markers": [],
        "yaxis": {
          "include_zero": true,
          "max": "auto",
          "scale": "linear",
          "min": "auto",
          "label": ""
        },
        "show_legend": false,
        "legend_size": "4",
        "type": "timeseries",
        "requests": [
          {
            "q": "avg:system.mem.used{$Environment,$AWS_Account} by {application}/avg:system.mem.total{$Environment,$AWS_Account} by {application}",
            "style": {
              "line_width": "normal",
              "palette": "dog_classic",
              "line_type": "solid"
            },
            "display_type": "line"
          }
        ]
      },
      "layout": {
        "y": 114,
        "x": 90,
        "height": 30,
        "width": 87
      },
      "id": 1264852568225528
    },
    {
      "definition": {
        "type": "toplist",
        "requests": [
          {
            "q": "top(avg:system.mem.used{*} by {application}/avg:system.mem.total{*} by {application},25,'mean','desc')"
          }
        ],
        "title_align": "left",
        "title_size": "20",
        "title": "Highest Average Memory Used by Application"
      },
      "layout": {
        "y": 81,
        "x": 90,
        "height": 31,
        "width": 87
      },
      "id": 2918625477400728
    }
  ],
  "layout_type": "free"
}