{
  "notify_list": [],
  "description": "",
  "restricted_roles": [],
  "template_variables": [
    {
      "default": "*",
      "prefix": "ifalias",
      "name": "ifAlias"
    },
    {
      "default": "*",
      "prefix": "ifname",
      "name": "ifName"
    },
    {
      "default": "*",
      "prefix": "host",
      "name": "Host"
    },
    {
      "default": "cgf",
      "prefix": "model",
      "name": "Model"
    },
    {
      "default": "*",
      "prefix": "snmp_device",
      "name": "IP"
    },
    {
      "default": "*",
      "prefix": "snmp_host",
      "name": "Sysname"
    }
  ],
  "is_read_only": false,
  "title": "Barracuda CloudGen Firewall Dashboard",
  "widgets": [
    {
      "definition": {
        "custom_links": [],
        "title_size": "16",
        "title": "CPU Utilization (%)",
        "title_align": "left",
        "custom_unit": "%",
        "precision": 2,
        "autoscale": true,
        "requests": [
          {
            "q": "avg:snmp.CPUUtilization{$Host,$IP,$Model}",
            "aggregator": "avg",
            "conditional_formats": [
              {
                "palette": "white_on_green",
                "value": 70,
                "comparator": "<"
              },
              {
                "palette": "white_on_yellow",
                "value": 90,
                "comparator": "<="
              },
              {
                "palette": "white_on_red",
                "value": 90,
                "comparator": ">"
              }
            ]
          }
        ],
        "type": "query_value"
      },
      "layout": {
        "y": 0,
        "x": 0,
        "height": 15,
        "width": 47
      },
      "id": 7979928984701301
    },
    {
      "definition": {
        "custom_links": [],
        "title_size": "16",
        "title": "Memory Used (%)",
        "title_align": "left",
        "custom_unit": "%",
        "precision": 2,
        "autoscale": true,
        "requests": [
          {
            "q": "(avg:snmp.Memory.Used{$Host,$Model,$IP}/avg:snmp.Memory.Total{$Host,$Model,$IP})*100",
            "aggregator": "avg",
            "conditional_formats": [
              {
                "palette": "white_on_green",
                "value": 80,
                "comparator": "<"
              },
              {
                "palette": "white_on_yellow",
                "value": 90,
                "comparator": "<="
              },
              {
                "palette": "white_on_red",
                "value": 90,
                "comparator": ">"
              }
            ]
          }
        ],
        "type": "query_value"
      },
      "layout": {
        "y": 0,
        "x": 48,
        "height": 15,
        "width": 47
      },
      "id": 3356581599835404
    },
    {
      "definition": {
        "custom_links": [],
        "title_size": "16",
        "title": "Uptime",
        "title_align": "left",
        "custom_unit": "Days",
        "precision": 2,
        "autoscale": true,
        "requests": [
          {
            "q": "avg:snmp.systemUptime{$Host,$Model,$IP}/8600000",
            "aggregator": "last"
          }
        ],
        "type": "query_value"
      },
      "layout": {
        "y": 0,
        "x": 96,
        "height": 15,
        "width": 47
      },
      "id": 3678287011712069
    },
    {
      "definition": {
        "custom_links": [],
        "title_size": "16",
        "title": "VPN Users Connected",
        "title_align": "left",
        "custom_unit": "user",
        "precision": 0,
        "autoscale": false,
        "requests": [
          {
            "q": "avg:snmp.User.Count{*}",
            "aggregator": "last"
          }
        ],
        "type": "query_value"
      },
      "layout": {
        "y": 16,
        "x": 0,
        "height": 15,
        "width": 47
      },
      "id": 6782610604414997
    },
    {
      "definition": {
        "custom_links": [],
        "title_size": "16",
        "title": "Device Throughput",
        "title_align": "left",
        "yaxis": {
          "max": "auto",
          "include_zero": true,
          "scale": "linear",
          "min": "auto",
          "label": ""
        },
        "requests": [
          {
            "q": "avg:snmp.DataThroughput.Total{$Host,$Model,$IP}",
            "style": {
              "line_width": "normal",
              "palette": "dog_classic",
              "line_type": "solid"
            },
            "display_type": "area"
          }
        ],
        "type": "timeseries"
      },
      "layout": {
        "y": 16,
        "x": 48,
        "height": 15,
        "width": 47
      },
      "id": 4485677006788921
    },
    {
      "definition": {
        "custom_links": [],
        "title_size": "16",
        "title": "Service States",
        "title_align": "left",
        "requests": [
          {
            "q": "avg:snmp.Service.State{$Host,$IP,$Model} by {service}",
            "aggregator": "avg",
            "limit": 10,
            "order": "desc",
            "alias": "Service State (1 Running, 0 Stopped)"
          }
        ],
        "type": "query_table"
      },
      "layout": {
        "y": 16,
        "x": 96,
        "height": 15,
        "width": 47
      },
      "id": 7673569502469450
    },
    {
      "definition": {
        "custom_links": [],
        "title_size": "16",
        "title": "Interface Admin Status",
        "title_align": "left",
        "precision": 2,
        "autoscale": true,
        "requests": [
          {
            "q": "avg:snmp.ifAdminStatus{$Host,$Model,$IP,$ifAlias,$ifName}",
            "aggregator": "avg",
            "conditional_formats": [
              {
                "palette": "white_on_red",
                "value": 2,
                "comparator": ">="
              },
              {
                "palette": "white_on_green",
                "value": 1,
                "comparator": ">="
              }
            ]
          }
        ],
        "type": "query_value"
      },
      "layout": {
        "y": 41,
        "x": 0,
        "height": 15,
        "width": 47
      },
      "id": 1834539482980347
    },
    {
      "definition": {
        "custom_links": [],
        "title_size": "16",
        "title": "Bytes In & Bytes Out",
        "title_align": "left",
        "yaxis": {
          "max": "auto",
          "include_zero": true,
          "scale": "linear",
          "min": "auto",
          "label": ""
        },
        "requests": [
          {
            "q": "avg:snmp.ifHCInOctets{$Host,$Model,$IP,$ifAlias,$ifName}.as_count()",
            "style": {
              "line_width": "normal",
              "palette": "dog_classic",
              "line_type": "solid"
            },
            "display_type": "line"
          },
          {
            "q": "avg:snmp.ifHCOutOctets{$Host,$Model,$IP,$ifAlias,$ifName}.as_count()",
            "style": {
              "line_width": "normal",
              "palette": "dog_classic",
              "line_type": "solid"
            },
            "display_type": "line"
          }
        ],
        "type": "timeseries"
      },
      "layout": {
        "y": 41,
        "x": 48,
        "height": 15,
        "width": 47
      },
      "id": 3076842055165516
    },
    {
      "definition": {
        "custom_links": [],
        "title_size": "16",
        "title": "In & Out Broadcasts",
        "title_align": "left",
        "yaxis": {
          "max": "auto",
          "include_zero": true,
          "scale": "linear",
          "min": "auto",
          "label": ""
        },
        "requests": [
          {
            "q": "avg:snmp.ifHCInBroadcastPkts{$Host,$Model,$ifAlias,$ifName,$IP}.as_count()",
            "style": {
              "line_width": "normal",
              "palette": "dog_classic",
              "line_type": "solid"
            },
            "display_type": "line"
          },
          {
            "q": "avg:snmp.ifHCOutBroadcastPkts{$Host,$Model,$ifAlias,$ifName,$IP}.as_count()",
            "style": {
              "line_width": "normal",
              "palette": "dog_classic",
              "line_type": "solid"
            },
            "display_type": "line"
          }
        ],
        "type": "timeseries"
      },
      "layout": {
        "y": 41,
        "x": 96,
        "height": 15,
        "width": 47
      },
      "id": 6806669138919079
    },
    {
      "definition": {
        "custom_links": [],
        "title_size": "16",
        "title": "In & Out Unicast Packets",
        "title_align": "left",
        "yaxis": {
          "max": "auto",
          "include_zero": true,
          "scale": "linear",
          "min": "auto",
          "label": ""
        },
        "requests": [
          {
            "q": "avg:snmp.ifHCInUcastPkts{$Host,$Model,$IP,$ifAlias,$ifName}.as_count()",
            "style": {
              "line_width": "normal",
              "palette": "dog_classic",
              "line_type": "solid"
            },
            "display_type": "line"
          },
          {
            "q": "avg:snmp.Interface.OutUnicastPkts{$Host,$Model,$IP,$ifAlias,$ifName}.as_count()",
            "style": {
              "line_width": "normal",
              "palette": "dog_classic",
              "line_type": "solid"
            },
            "display_type": "line"
          }
        ],
        "type": "timeseries"
      },
      "layout": {
        "y": 57,
        "x": 0,
        "height": 15,
        "width": 47
      },
      "id": 5421750297577573
    },
    {
      "definition": {
        "custom_links": [],
        "title_size": "16",
        "title": "In & Out MultiCastPkts",
        "title_align": "left",
        "yaxis": {
          "max": "auto",
          "include_zero": true,
          "scale": "linear",
          "min": "auto",
          "label": ""
        },
        "requests": [
          {
            "q": "avg:snmp.ifHCInMulticastPkts{$Host,$Model,$IP,$ifAlias,$ifName}.as_count()",
            "style": {
              "line_width": "normal",
              "palette": "dog_classic",
              "line_type": "solid"
            },
            "display_type": "line"
          },
          {
            "q": "avg:snmp.ifHCOutMulticastPkts{$Host,$Model,$IP,$ifAlias,$ifName}.as_count()",
            "style": {
              "line_width": "normal",
              "palette": "dog_classic",
              "line_type": "solid"
            },
            "display_type": "line"
          }
        ],
        "type": "timeseries"
      },
      "layout": {
        "y": 57,
        "x": 48,
        "height": 15,
        "width": 47
      },
      "id": 4969251231034348
    },
    {
      "definition": {
        "custom_links": [],
        "title_size": "16",
        "title": "In & Out Errors",
        "title_align": "left",
        "yaxis": {
          "max": "auto",
          "include_zero": true,
          "scale": "linear",
          "min": "auto",
          "label": ""
        },
        "requests": [
          {
            "q": "avg:snmp.ifInErrors{$ifAlias,$ifName,$Host,$Model,$IP} by {ifdesc}.as_count()",
            "style": {
              "line_width": "normal",
              "palette": "dog_classic",
              "line_type": "solid"
            },
            "display_type": "area"
          },
          {
            "q": "avg:snmp.ifOutErrors{$ifAlias,$ifName,$Host,$Model,$IP} by {ifdesc}.as_count()",
            "style": {
              "line_width": "normal",
              "palette": "dog_classic",
              "line_type": "solid"
            },
            "display_type": "line"
          }
        ],
        "type": "timeseries"
      },
      "layout": {
        "y": 57,
        "x": 96,
        "height": 15,
        "width": 47
      },
      "id": 8563594431994364
    },
    {
      "definition": {
        "custom_links": [],
        "title_size": "16",
        "title": "Interface Operation Status",
        "title_align": "left",
        "precision": 2,
        "autoscale": true,
        "requests": [
          {
            "q": "avg:snmp.ifOperStatus{$Host,$Model,$ifAlias,$IP,$ifName}",
            "aggregator": "avg",
            "conditional_formats": [
              {
                "palette": "white_on_red",
                "value": 2,
                "comparator": ">="
              },
              {
                "palette": "white_on_green",
                "value": 1,
                "comparator": ">="
              }
            ]
          }
        ],
        "type": "query_value"
      },
      "layout": {
        "y": 73,
        "x": 0,
        "height": 15,
        "width": 47
      },
      "id": 3535895051860618
    },
    {
      "definition": {
        "custom_links": [],
        "title_size": "16",
        "title": "Interface Speed",
        "title_align": "left",
        "custom_unit": "b/s",
        "precision": 2,
        "autoscale": true,
        "requests": [
          {
            "q": "avg:snmp.ifHighSpeed{$ifAlias,$ifName,$Host,$IP,$Model}",
            "aggregator": "avg"
          }
        ],
        "type": "query_value"
      },
      "layout": {
        "y": 73,
        "x": 48,
        "height": 15,
        "width": 47
      },
      "id": 4601893770366200
    },
    {
      "definition": {
        "custom_links": [],
        "title_size": "16",
        "title": "Local Interfaces",
        "title_align": "left",
        "requests": [
          {
            "q": "avg:snmp.ifAdminStatus{$Host,$Model,$IP} by {interface}",
            "aggregator": "avg",
            "limit": 10,
            "order": "desc",
            "alias": "Admin Status"
          },
          {
            "q": "avg:snmp.ifOperStatus{$Host,$Model,$IP} by {interface}",
            "aggregator": "avg",
            "alias": "Operation Status"
          },
          {
            "q": "avg:snmp.ifHighSpeed{$Host,$Model,$IP} by {interface}",
            "aggregator": "avg",
            "alias": "Speed"
          }
        ],
        "type": "query_table"
      },
      "layout": {
        "y": 73,
        "x": 96,
        "height": 15,
        "width": 47
      },
      "id": 168466621063796
    },
    {
      "definition": {
        "custom_links": [],
        "title_size": "16",
        "title": "CPU System Time",
        "title_align": "left",
        "custom_unit": "%",
        "precision": 2,
        "autoscale": true,
        "requests": [
          {
            "q": "avg:snmp.CPUSystemTime{$Host,$Model,$IP}",
            "aggregator": "avg"
          }
        ],
        "type": "query_value"
      },
      "layout": {
        "y": 98,
        "x": 0,
        "height": 15,
        "width": 47
      },
      "id": 3881017662967330
    },
    {
      "definition": {
        "custom_links": [],
        "title_size": "16",
        "title": "CPU User Time",
        "title_align": "left",
        "custom_unit": "%",
        "precision": 2,
        "autoscale": true,
        "requests": [
          {
            "q": "avg:snmp.CPUUserTime{$Host,$Model,$IP}",
            "aggregator": "avg"
          }
        ],
        "type": "query_value"
      },
      "layout": {
        "y": 98,
        "x": 48,
        "height": 15,
        "width": 47
      },
      "id": 878981193631015
    },
    {
      "definition": {
        "custom_links": [],
        "title_size": "16",
        "title": "CPU Idle",
        "title_align": "left",
        "custom_unit": "%",
        "precision": 2,
        "autoscale": true,
        "requests": [
          {
            "q": "avg:snmp.CPUIdleTime{$Host,$Model,$IP}",
            "aggregator": "avg"
          }
        ],
        "type": "query_value"
      },
      "layout": {
        "y": 98,
        "x": 96,
        "height": 15,
        "width": 47
      },
      "id": 7394866695277022
    },
    {
      "definition": {
        "custom_links": [],
        "title_size": "16",
        "title": "Memory Stats",
        "title_align": "left",
        "yaxis": {
          "max": "auto",
          "include_zero": true,
          "scale": "linear",
          "min": "auto",
          "label": ""
        },
        "requests": [
          {
            "q": "avg:snmp.Memory.Total{$Host,$Model,$IP}",
            "style": {
              "line_width": "normal",
              "palette": "dog_classic",
              "line_type": "solid"
            },
            "display_type": "line"
          },
          {
            "q": "avg:snmp.Memory.Used{$Host,$Model,$IP}",
            "style": {
              "line_width": "normal",
              "palette": "dog_classic",
              "line_type": "solid"
            },
            "display_type": "line"
          }
        ],
        "type": "timeseries"
      },
      "layout": {
        "y": 123,
        "x": 0,
        "height": 15,
        "width": 47
      },
      "id": 1103987995909939
    },
    {
      "definition": {
        "custom_links": [],
        "title_size": "16",
        "title": "Memory Usage (%)",
        "title_align": "left",
        "custom_unit": "%",
        "precision": 2,
        "autoscale": true,
        "requests": [
          {
            "q": "(avg:snmp.Memory.Used{$Host,$Model,$IP}/avg:snmp.Memory.Total{$Host,$Model,$IP})*100",
            "aggregator": "avg"
          }
        ],
        "type": "query_value"
      },
      "layout": {
        "y": 123,
        "x": 48,
        "height": 15,
        "width": 47
      },
      "id": 4338467297809257
    },
    {
      "definition": {
        "tick_pos": "50%",
        "show_tick": true,
        "type": "note",
        "tick_edge": "bottom",
        "text_align": "center",
        "content": "Memory",
        "font_size": "24",
        "background_color": "white"
      },
      "layout": {
        "y": 114,
        "x": 14,
        "height": 7,
        "width": 109
      },
      "id": 2134847249077256
    },
    {
      "definition": {
        "tick_pos": "50%",
        "show_tick": true,
        "type": "note",
        "tick_edge": "bottom",
        "text_align": "center",
        "content": "CPU",
        "font_size": "24",
        "background_color": "white"
      },
      "layout": {
        "y": 89,
        "x": 14,
        "height": 7,
        "width": 109
      },
      "id": 3870522350705084
    },
    {
      "definition": {
        "tick_pos": "50%",
        "show_tick": true,
        "type": "note",
        "tick_edge": "bottom",
        "text_align": "center",
        "content": "Interfaces",
        "font_size": "24",
        "background_color": "white"
      },
      "layout": {
        "y": 32,
        "x": 14,
        "height": 7,
        "width": 109
      },
      "id": 35987409243680
    }
  ],
  "layout_type": "free"
}