{
  "notify_list": [],
  "description": "This is a high level overview of your [Box Enterprise Account.](https://box.com/) \n\nTrack the status of your users as well as their storage quotas and  usage.\n\nObserve the following events through the Box Admin Log Stream\n+ [User Source Object](https://developer.box.com/guides/events/event-triggers/event-source/#user-source-object)\n + [Shield Events](https://developer.box.com/guides/events/event-triggers/shield-alert-events/)\n + [Sign Events](https://developer.box.com/guides/events/event-triggers/sign-events/)",
  "restricted_roles": [],
  "template_variables": [],
  "is_read_only": false,
  "title": "Box Integration Overview Dashboard",
  "reflow_type": "fixed",
  "widgets": [
    {
      "definition": {
        "title": "Overview",
        "type": "group",
        "show_title": true,
        "widgets": [
          {
            "definition": {
              "sizing": "cover",
              "has_background": true,
              "horizontal_align": "center",
              "has_border": true,
              "url": "https://s3.amazonaws.com/files.rapdev.io/images/rapdev-dash-logo.png",
              "vertical_align": "center",
              "type": "image"
            },
            "layout": {
              "y": 0,
              "x": 0,
              "height": 2,
              "width": 3
            },
            "id": 5652163150260590
          },
          {
            "definition": {
              "tick_pos": "50%",
              "font_size": "18",
              "type": "note",
              "tick_edge": "left",
              "text_align": "center",
              "content": "This is a high level overview of your [Box Enterprise Account.](https://box.com/) \n\nTrack the status of your users as well as their storage quotas and  usage.\n\nObserve the following events through the Box Admin Log Stream\n+ [User Source Object](https://developer.box.com/guides/events/event-triggers/event-source/#user-source-object)\n + [Shield Events](https://developer.box.com/guides/events/event-triggers/shield-alert-events/)\n + [Sign Events](https://developer.box.com/guides/events/event-triggers/sign-events/)",
              "vertical_align": "top",
              "has_padding": true,
              "show_tick": false,
              "background_color": "blue"
            },
            "layout": {
              "y": 0,
              "x": 3,
              "height": 4,
              "width": 3
            },
            "id": 3344766861737806
          },
          {
            "definition": {
              "autoscale": true,
              "title": "Total User Count",
              "title_align": "left",
              "precision": 2,
              "title_size": "16",
              "requests": [
                {
                  "formulas": [
                    {
                      "formula": "query1"
                    }
                  ],
                  "response_format": "scalar",
                  "queries": [
                    {
                      "query": "avg:rapdev.box.users.count{status:all}",
                      "data_source": "metrics",
                      "name": "query1",
                      "aggregator": "last"
                    }
                  ]
                }
              ],
              "type": "query_value"
            },
            "layout": {
              "y": 0,
              "x": 6,
              "height": 2,
              "width": 2
            },
            "id": 8274074836073532
          },
          {
            "definition": {
              "autoscale": true,
              "title": "Active User Count ",
              "title_align": "left",
              "precision": 2,
              "title_size": "16",
              "requests": [
                {
                  "formulas": [
                    {
                      "formula": "query1"
                    }
                  ],
                  "response_format": "scalar",
                  "queries": [
                    {
                      "query": "avg:rapdev.box.users.count{status:active}",
                      "data_source": "metrics",
                      "name": "query1",
                      "aggregator": "last"
                    }
                  ]
                }
              ],
              "type": "query_value"
            },
            "layout": {
              "y": 0,
              "x": 8,
              "height": 2,
              "width": 2
            },
            "id": 2903863947362818
          },
          {
            "definition": {
              "autoscale": true,
              "title": "Inactive User Count ",
              "title_align": "left",
              "precision": 2,
              "title_size": "16",
              "requests": [
                {
                  "formulas": [
                    {
                      "formula": "query1"
                    }
                  ],
                  "response_format": "scalar",
                  "queries": [
                    {
                      "query": "avg:rapdev.box.users.count{status:inactive}",
                      "data_source": "metrics",
                      "name": "query1",
                      "aggregator": "last"
                    }
                  ]
                }
              ],
              "type": "query_value"
            },
            "layout": {
              "y": 0,
              "x": 10,
              "height": 2,
              "width": 2
            },
            "id": 7612016269357848
          },
          {
            "definition": {
              "sizing": "contain",
              "has_background": true,
              "horizontal_align": "center",
              "has_border": true,
              "url": "https://s3.amazonaws.com/files.rapdev.io/images/box.png",
              "vertical_align": "center",
              "type": "image"
            },
            "layout": {
              "y": 2,
              "x": 0,
              "height": 2,
              "width": 3
            },
            "id": 651310540773600
          },
          {
            "definition": {
              "title_size": "16",
              "legend_columns": [
                "avg",
                "min",
                "max",
                "value",
                "sum"
              ],
              "title": "Users by Status",
              "title_align": "left",
              "legend_layout": "auto",
              "show_legend": true,
              "requests": [
                {
                  "formulas": [
                    {
                      "formula": "query1"
                    }
                  ],
                  "style": {
                    "line_width": "normal",
                    "palette": "dog_classic",
                    "line_type": "solid"
                  },
                  "display_type": "area",
                  "response_format": "timeseries",
                  "queries": [
                    {
                      "query": "avg:rapdev.box.users.count{NOT (status:all)} by {status}",
                      "data_source": "metrics",
                      "name": "query1"
                    }
                  ]
                }
              ],
              "type": "timeseries"
            },
            "layout": {
              "y": 2,
              "x": 6,
              "height": 2,
              "width": 6
            },
            "id": 1224697590783082
          }
        ],
        "layout_type": "ordered",
        "background_color": "vivid_blue"
      },
      "layout": {
        "y": 0,
        "x": 0,
        "height": 5,
        "width": 12
      },
      "id": 3994801987635024
    },
    {
      "definition": {
        "title": "Users",
        "type": "group",
        "show_title": true,
        "widgets": [
          {
            "definition": {
              "autoscale": true,
              "title": "Count of All",
              "title_align": "left",
              "precision": 2,
              "title_size": "16",
              "requests": [
                {
                  "formulas": [
                    {
                      "formula": "query1"
                    }
                  ],
                  "response_format": "scalar",
                  "queries": [
                    {
                      "query": "avg:rapdev.box.users.count{status:all}",
                      "data_source": "metrics",
                      "name": "query1",
                      "aggregator": "last"
                    }
                  ]
                }
              ],
              "type": "query_value"
            },
            "layout": {
              "y": 0,
              "x": 0,
              "height": 2,
              "width": 2
            },
            "id": 3623260541855438
          },
          {
            "definition": {
              "title_size": "16",
              "legend_columns": [
                "avg",
                "min",
                "max",
                "value",
                "sum"
              ],
              "title": "All Timeseries",
              "title_align": "left",
              "legend_layout": "auto",
              "show_legend": false,
              "requests": [
                {
                  "formulas": [
                    {
                      "formula": "query1"
                    }
                  ],
                  "style": {
                    "line_width": "normal",
                    "palette": "dog_classic",
                    "line_type": "solid"
                  },
                  "display_type": "bars",
                  "response_format": "timeseries",
                  "queries": [
                    {
                      "query": "avg:rapdev.box.users.count{status:all}",
                      "data_source": "metrics",
                      "name": "query1"
                    }
                  ]
                }
              ],
              "type": "timeseries"
            },
            "layout": {
              "y": 0,
              "x": 2,
              "height": 2,
              "width": 4
            },
            "id": 2979975625378138
          },
          {
            "definition": {
              "type": "toplist",
              "requests": [
                {
                  "formulas": [
                    {
                      "formula": "query1",
                      "limit": {
                        "count": 500,
                        "order": "desc"
                      }
                    }
                  ],
                  "response_format": "scalar",
                  "queries": [
                    {
                      "query": "avg:rapdev.box.users.count{NOT (status:all)} by {status}",
                      "data_source": "metrics",
                      "name": "query1",
                      "aggregator": "last"
                    }
                  ]
                }
              ],
              "title_align": "left",
              "title_size": "16",
              "title": "Breakdown of All"
            },
            "layout": {
              "y": 0,
              "x": 6,
              "height": 2,
              "width": 3
            },
            "id": 4889068259450530
          },
          {
            "definition": {
              "title_size": "16",
              "legend_columns": [
                "avg",
                "min",
                "max",
                "value",
                "sum"
              ],
              "title": "Breakdown of All",
              "title_align": "left",
              "legend_layout": "auto",
              "show_legend": false,
              "requests": [
                {
                  "formulas": [
                    {
                      "formula": "query1"
                    }
                  ],
                  "style": {
                    "line_width": "normal",
                    "palette": "dog_classic",
                    "line_type": "solid"
                  },
                  "display_type": "bars",
                  "response_format": "timeseries",
                  "queries": [
                    {
                      "query": "avg:rapdev.box.users.count{NOT (status:all)} by {status}",
                      "data_source": "metrics",
                      "name": "query1"
                    }
                  ]
                }
              ],
              "type": "timeseries"
            },
            "layout": {
              "y": 0,
              "x": 9,
              "height": 2,
              "width": 3
            },
            "id": 5260437092806908
          },
          {
            "definition": {
              "autoscale": true,
              "title": "Count of Active",
              "title_align": "left",
              "precision": 2,
              "title_size": "16",
              "requests": [
                {
                  "formulas": [
                    {
                      "formula": "query1"
                    }
                  ],
                  "response_format": "scalar",
                  "queries": [
                    {
                      "query": "avg:rapdev.box.users.count{status:active}",
                      "data_source": "metrics",
                      "name": "query1",
                      "aggregator": "last"
                    }
                  ]
                }
              ],
              "type": "query_value"
            },
            "layout": {
              "y": 2,
              "x": 0,
              "height": 2,
              "width": 2
            },
            "id": 5060178945664070
          },
          {
            "definition": {
              "title_size": "16",
              "legend_columns": [
                "avg",
                "min",
                "max",
                "value",
                "sum"
              ],
              "title": "Active Timeseries",
              "title_align": "left",
              "legend_layout": "auto",
              "show_legend": false,
              "requests": [
                {
                  "formulas": [
                    {
                      "formula": "query1"
                    }
                  ],
                  "style": {
                    "line_width": "normal",
                    "palette": "cool",
                    "line_type": "solid"
                  },
                  "display_type": "bars",
                  "response_format": "timeseries",
                  "queries": [
                    {
                      "query": "avg:rapdev.box.users.count{status:active}",
                      "data_source": "metrics",
                      "name": "query1"
                    }
                  ]
                }
              ],
              "type": "timeseries"
            },
            "layout": {
              "y": 2,
              "x": 2,
              "height": 2,
              "width": 4
            },
            "id": 5761619770621794
          },
          {
            "definition": {
              "autoscale": true,
              "title": "Count of Inactive",
              "title_align": "left",
              "precision": 2,
              "title_size": "16",
              "requests": [
                {
                  "formulas": [
                    {
                      "formula": "query1"
                    }
                  ],
                  "response_format": "scalar",
                  "queries": [
                    {
                      "query": "avg:rapdev.box.users.count{status:inactive}",
                      "data_source": "metrics",
                      "name": "query1",
                      "aggregator": "last"
                    }
                  ]
                }
              ],
              "type": "query_value"
            },
            "layout": {
              "y": 2,
              "x": 6,
              "height": 2,
              "width": 2
            },
            "id": 5598886102512726
          },
          {
            "definition": {
              "title_size": "16",
              "legend_columns": [
                "avg",
                "min",
                "max",
                "value",
                "sum"
              ],
              "title": "Inactive Timeseries",
              "title_align": "left",
              "legend_layout": "auto",
              "show_legend": false,
              "requests": [
                {
                  "formulas": [
                    {
                      "formula": "query1"
                    }
                  ],
                  "style": {
                    "line_width": "normal",
                    "palette": "cool",
                    "line_type": "solid"
                  },
                  "display_type": "bars",
                  "response_format": "timeseries",
                  "queries": [
                    {
                      "query": "avg:rapdev.box.users.count{status:inactive}",
                      "data_source": "metrics",
                      "name": "query1"
                    }
                  ]
                }
              ],
              "type": "timeseries"
            },
            "layout": {
              "y": 2,
              "x": 8,
              "height": 2,
              "width": 4
            },
            "id": 4449025189757212
          },
          {
            "definition": {
              "autoscale": true,
              "title": "Count of Cannot Edit/Delete",
              "title_align": "left",
              "precision": 2,
              "title_size": "16",
              "requests": [
                {
                  "formulas": [
                    {
                      "formula": "query1"
                    }
                  ],
                  "response_format": "scalar",
                  "queries": [
                    {
                      "query": "avg:rapdev.box.users.count{status:cannot_delete_edit}",
                      "data_source": "metrics",
                      "name": "query1",
                      "aggregator": "last"
                    }
                  ]
                }
              ],
              "type": "query_value"
            },
            "layout": {
              "y": 4,
              "x": 0,
              "height": 2,
              "width": 2
            },
            "id": 6034599117608722
          },
          {
            "definition": {
              "title_size": "16",
              "legend_columns": [
                "avg",
                "min",
                "max",
                "value",
                "sum"
              ],
              "title": "Cannot Edit/Delete Timeseries",
              "title_align": "left",
              "legend_layout": "auto",
              "show_legend": false,
              "requests": [
                {
                  "formulas": [
                    {
                      "formula": "query1"
                    }
                  ],
                  "style": {
                    "line_width": "normal",
                    "palette": "warm",
                    "line_type": "solid"
                  },
                  "display_type": "bars",
                  "response_format": "timeseries",
                  "queries": [
                    {
                      "query": "avg:rapdev.box.users.count{status:cannot_delete_edit}",
                      "data_source": "metrics",
                      "name": "query1"
                    }
                  ]
                }
              ],
              "type": "timeseries"
            },
            "layout": {
              "y": 4,
              "x": 2,
              "height": 2,
              "width": 4
            },
            "id": 5882249818532076
          },
          {
            "definition": {
              "autoscale": true,
              "title": "Count of Cannot Edit/Delete/Upload",
              "title_align": "left",
              "precision": 2,
              "title_size": "16",
              "requests": [
                {
                  "formulas": [
                    {
                      "formula": "query1"
                    }
                  ],
                  "response_format": "scalar",
                  "queries": [
                    {
                      "query": "avg:rapdev.box.users.count{status:cannot_delete_edit_upload}",
                      "data_source": "metrics",
                      "name": "query1",
                      "aggregator": "last"
                    }
                  ]
                }
              ],
              "type": "query_value"
            },
            "layout": {
              "y": 4,
              "x": 6,
              "height": 2,
              "width": 2
            },
            "id": 6576593375970322
          },
          {
            "definition": {
              "title_size": "16",
              "legend_columns": [
                "avg",
                "min",
                "max",
                "value",
                "sum"
              ],
              "title": "Cannot Edit/Delete/Upload Timeseries",
              "title_align": "left",
              "legend_layout": "auto",
              "show_legend": false,
              "requests": [
                {
                  "formulas": [
                    {
                      "formula": "query1"
                    }
                  ],
                  "style": {
                    "line_width": "normal",
                    "palette": "grey",
                    "line_type": "solid"
                  },
                  "display_type": "bars",
                  "response_format": "timeseries",
                  "queries": [
                    {
                      "query": "avg:rapdev.box.users.count{status:cannot_delete_edit_upload}",
                      "data_source": "metrics",
                      "name": "query1"
                    }
                  ]
                }
              ],
              "type": "timeseries"
            },
            "layout": {
              "y": 4,
              "x": 8,
              "height": 2,
              "width": 4
            },
            "id": 2196088157473662
          }
        ],
        "layout_type": "ordered",
        "background_color": "blue"
      },
      "layout": {
        "y": 5,
        "x": 0,
        "height": 7,
        "width": 12
      },
      "id": 2231690544612208
    },
    {
      "definition": {
        "title": "Storage",
        "type": "group",
        "show_title": true,
        "widgets": [
          {
            "definition": {
              "autoscale": true,
              "title": "Average User Quota",
              "title_align": "left",
              "precision": 2,
              "timeseries_background": {
                "type": "area"
              },
              "title_size": "16",
              "requests": [
                {
                  "formulas": [
                    {
                      "formula": "query1"
                    }
                  ],
                  "response_format": "scalar",
                  "queries": [
                    {
                      "query": "avg:rapdev.box.users.storage.max{*}",
                      "data_source": "metrics",
                      "name": "query1",
                      "aggregator": "last"
                    }
                  ]
                }
              ],
              "type": "query_value"
            },
            "layout": {
              "y": 0,
              "x": 0,
              "height": 2,
              "width": 2
            },
            "id": 5259280591668116
          },
          {
            "definition": {
              "title_size": "16",
              "legend_columns": [
                "avg",
                "min",
                "max",
                "value",
                "sum"
              ],
              "title": "Average User Quota",
              "title_align": "left",
              "legend_layout": "auto",
              "show_legend": true,
              "requests": [
                {
                  "formulas": [
                    {
                      "formula": "query1"
                    }
                  ],
                  "style": {
                    "line_width": "normal",
                    "palette": "dog_classic",
                    "line_type": "solid"
                  },
                  "display_type": "line",
                  "response_format": "timeseries",
                  "queries": [
                    {
                      "query": "avg:rapdev.box.users.storage.max{*}",
                      "data_source": "metrics",
                      "name": "query1"
                    }
                  ]
                }
              ],
              "type": "timeseries"
            },
            "layout": {
              "y": 0,
              "x": 2,
              "height": 2,
              "width": 2
            },
            "id": 7054438450521570
          },
          {
            "definition": {
              "title_size": "16",
              "legend_columns": [
                "avg",
                "min",
                "max",
                "value",
                "sum"
              ],
              "title": "User Quota by Status",
              "title_align": "left",
              "legend_layout": "auto",
              "show_legend": true,
              "requests": [
                {
                  "formulas": [
                    {
                      "formula": "query1"
                    }
                  ],
                  "style": {
                    "line_width": "normal",
                    "palette": "dog_classic",
                    "line_type": "solid"
                  },
                  "display_type": "area",
                  "response_format": "timeseries",
                  "queries": [
                    {
                      "query": "avg:rapdev.box.users.storage.max{*} by {user_status}",
                      "data_source": "metrics",
                      "name": "query1"
                    }
                  ]
                }
              ],
              "type": "timeseries"
            },
            "layout": {
              "y": 0,
              "x": 4,
              "height": 2,
              "width": 2
            },
            "id": 6999049582870076
          },
          {
            "definition": {
              "type": "toplist",
              "requests": [
                {
                  "formulas": [
                    {
                      "formula": "query1",
                      "limit": {
                        "count": 500,
                        "order": "desc"
                      }
                    }
                  ],
                  "response_format": "scalar",
                  "queries": [
                    {
                      "query": "avg:rapdev.box.users.storage.max{*} by {user_login}",
                      "data_source": "metrics",
                      "name": "query1",
                      "aggregator": "last"
                    }
                  ]
                }
              ],
              "title_align": "left",
              "title_size": "16",
              "title": "Top Quotas by User"
            },
            "layout": {
              "y": 0,
              "x": 6,
              "height": 2,
              "width": 3
            },
            "id": 5217113795514882
          },
          {
            "definition": {
              "type": "toplist",
              "requests": [
                {
                  "formulas": [
                    {
                      "formula": "query1",
                      "limit": {
                        "count": 500,
                        "order": "desc"
                      }
                    }
                  ],
                  "response_format": "scalar",
                  "queries": [
                    {
                      "query": "avg:rapdev.box.users.storage.max{*} by {user_status}",
                      "data_source": "metrics",
                      "name": "query1",
                      "aggregator": "last"
                    }
                  ]
                }
              ],
              "title_align": "left",
              "title_size": "16",
              "title": "Top Quotas by Status"
            },
            "layout": {
              "y": 0,
              "x": 9,
              "height": 2,
              "width": 3
            },
            "id": 6900828163090376
          },
          {
            "definition": {
              "autoscale": true,
              "title": "Storage Used",
              "title_align": "left",
              "precision": 2,
              "timeseries_background": {
                "type": "area",
                "yaxis": {
                  "include_zero": true
                }
              },
              "title_size": "16",
              "requests": [
                {
                  "formulas": [
                    {
                      "formula": "query1"
                    }
                  ],
                  "response_format": "scalar",
                  "queries": [
                    {
                      "query": "avg:rapdev.box.users.storage.used{*}",
                      "data_source": "metrics",
                      "name": "query1",
                      "aggregator": "last"
                    }
                  ]
                }
              ],
              "type": "query_value"
            },
            "layout": {
              "y": 2,
              "x": 0,
              "height": 2,
              "width": 2
            },
            "id": 2234856045417822
          },
          {
            "definition": {
              "title_size": "16",
              "legend_columns": [
                "avg",
                "min",
                "max",
                "value",
                "sum"
              ],
              "title": "Average Usage",
              "title_align": "left",
              "legend_layout": "auto",
              "show_legend": true,
              "requests": [
                {
                  "formulas": [
                    {
                      "formula": "query1"
                    }
                  ],
                  "style": {
                    "line_width": "normal",
                    "palette": "dog_classic",
                    "line_type": "solid"
                  },
                  "display_type": "line",
                  "response_format": "timeseries",
                  "queries": [
                    {
                      "query": "avg:rapdev.box.users.storage.used{*}",
                      "data_source": "metrics",
                      "name": "query1"
                    }
                  ]
                }
              ],
              "type": "timeseries"
            },
            "layout": {
              "y": 2,
              "x": 2,
              "height": 2,
              "width": 2
            },
            "id": 7783272798343694
          },
          {
            "definition": {
              "title_size": "16",
              "legend_columns": [
                "avg",
                "min",
                "max",
                "value",
                "sum"
              ],
              "title": "Usage by Status",
              "title_align": "left",
              "legend_layout": "auto",
              "show_legend": true,
              "requests": [
                {
                  "formulas": [
                    {
                      "formula": "query1"
                    }
                  ],
                  "style": {
                    "line_width": "normal",
                    "palette": "dog_classic",
                    "line_type": "solid"
                  },
                  "display_type": "area",
                  "response_format": "timeseries",
                  "queries": [
                    {
                      "query": "avg:rapdev.box.users.storage.used{*} by {user_status}",
                      "data_source": "metrics",
                      "name": "query1"
                    }
                  ]
                }
              ],
              "type": "timeseries"
            },
            "layout": {
              "y": 2,
              "x": 4,
              "height": 2,
              "width": 2
            },
            "id": 8264554021466352
          },
          {
            "definition": {
              "type": "toplist",
              "requests": [
                {
                  "formulas": [
                    {
                      "formula": "query1",
                      "limit": {
                        "count": 500,
                        "order": "desc"
                      }
                    }
                  ],
                  "response_format": "scalar",
                  "queries": [
                    {
                      "query": "avg:rapdev.box.users.storage.used{*} by {user_login}",
                      "data_source": "metrics",
                      "name": "query1",
                      "aggregator": "last"
                    }
                  ]
                }
              ],
              "title_align": "left",
              "title_size": "16",
              "title": "Top Usage by User"
            },
            "layout": {
              "y": 2,
              "x": 6,
              "height": 2,
              "width": 3
            },
            "id": 4090950050708552
          },
          {
            "definition": {
              "type": "toplist",
              "requests": [
                {
                  "formulas": [
                    {
                      "formula": "query1",
                      "limit": {
                        "count": 500,
                        "order": "desc"
                      }
                    }
                  ],
                  "response_format": "scalar",
                  "queries": [
                    {
                      "query": "avg:rapdev.box.users.storage.used{*} by {user_status}",
                      "data_source": "metrics",
                      "name": "query1",
                      "aggregator": "last"
                    }
                  ]
                }
              ],
              "title_align": "left",
              "title_size": "16",
              "title": "Top Usage by Status"
            },
            "layout": {
              "y": 2,
              "x": 9,
              "height": 2,
              "width": 3
            },
            "id": 1608058837556260
          },
          {
            "definition": {
              "title_size": "16",
              "title": "User Storage Table",
              "title_align": "left",
              "has_search_bar": "auto",
              "requests": [
                {
                  "formulas": [
                    {
                      "alias": "Quota",
                      "conditional_formats": [],
                      "cell_display_mode": "bar",
                      "formula": "query1"
                    },
                    {
                      "alias": "Current Usage",
                      "conditional_formats": [],
                      "limit": {
                        "count": 500,
                        "order": "desc"
                      },
                      "cell_display_mode": "bar",
                      "formula": "query2"
                    },
                    {
                      "alias": "Utilization",
                      "formula": "query2 / query1 * 100"
                    }
                  ],
                  "response_format": "scalar",
                  "queries": [
                    {
                      "query": "avg:rapdev.box.users.storage.max{*} by {user_status,user_login,user_id}",
                      "data_source": "metrics",
                      "name": "query1",
                      "aggregator": "last"
                    },
                    {
                      "query": "avg:rapdev.box.users.storage.used{*} by {user_status,user_login,user_id}",
                      "data_source": "metrics",
                      "name": "query2",
                      "aggregator": "last"
                    }
                  ]
                }
              ],
              "type": "query_table"
            },
            "layout": {
              "y": 4,
              "x": 0,
              "height": 4,
              "width": 12
            },
            "id": 1610454992331422
          }
        ],
        "layout_type": "ordered",
        "background_color": "vivid_green"
      },
      "layout": {
        "y": 12,
        "x": 0,
        "height": 9,
        "width": 12
      },
      "id": 6245082779687782
    },
    {
      "definition": {
        "title": "Box Admin Logs",
        "type": "group",
        "show_title": true,
        "widgets": [
          {
            "definition": {
              "sort": {
                "column": "time",
                "order": "desc"
              },
              "show_date_column": true,
              "title_size": "16",
              "title": "Admin Log Stream",
              "title_align": "left",
              "message_display": "expanded-md",
              "indexes": [],
              "show_message_column": true,
              "query": "source:box",
              "type": "log_stream",
              "columns": [
                "host",
                "service"
              ]
            },
            "layout": {
              "y": 0,
              "x": 0,
              "height": 7,
              "width": 12
            },
            "id": 2303525821654622
          }
        ],
        "layout_type": "ordered",
        "background_color": "vivid_green"
      },
      "layout": {
        "y": 0,
        "x": 0,
        "is_column_break": true,
        "height": 8,
        "width": 12
      },
      "id": 2161268943849112
    }
  ],
  "layout_type": "ordered"
}