{
  "notify_list": [],
  "description": "",
  "restricted_roles": [],
  "template_variables": [],
  "is_read_only": false,
  "title": "Reuben Widget Review",
  "reflow_type": "fixed",
  "widgets": [
    {
      "definition": {
        "title_size": "16",
        "title": "",
        "title_align": "left",
        "app_id": "71e45528-90fd-11ec-82e8-da7ad0900002",
        "custom_widget_key": "your_first_widget",
        "type": "custom",
        "options": {
          "group": "host",
          "value1": "400000000",
          "metric": "system.cpu.idle",
          "background2": "red",
          "background1": "green",
          "host": "*",
          "value2": "300000000",
          "background": "blue",
          "textColor": "white",
          "type": "avg",
          "condition2": "Greater",
          "condition1": "Greater"
        }
      },
      "layout": {
        "y": 0,
        "x": 0,
        "height": 7,
        "width": 7
      },
      "id": 4978906491707620
    }
  ],
  "layout_type": "ordered"
}