{
  "notify_list": [],
  "description": "",
  "restricted_roles": [],
  "template_variables": [
    {
      "default": "*",
      "prefix": "interface",
      "name": "Interface"
    },
    {
      "default": "*",
      "prefix": "interfacedescription",
      "name": "InterfaceDescription"
    },
    {
      "default": "rd-lenel-idrc",
      "prefix": "snmp_profile",
      "name": "SNMP_Profile"
    },
    {
      "default": "*",
      "prefix": "snmp_device",
      "name": "IP"
    },
    {
      "default": "*",
      "prefix": "snmp_host",
      "name": "Sysname"
    }
  ],
  "is_read_only": false,
  "title": "RapDev Lenel IDRC Dashboard",
  "widgets": [
    {
      "definition": {
        "custom_links": [],
        "title_size": "16",
        "title": "Admin Status",
        "title_align": "left",
        "precision": 0,
        "requests": [
          {
            "q": "max:snmp.ifAdminStatus{$IP,$Interface,$InterfaceDescription,$SNMP_Profile,$Sysname}",
            "aggregator": "last",
            "conditional_formats": [
              {
                "palette": "white_on_red",
                "value": 2,
                "comparator": ">="
              },
              {
                "palette": "white_on_green",
                "value": 1,
                "comparator": ">="
              }
            ]
          }
        ],
        "type": "query_value"
      },
      "layout": {
        "y": 23,
        "x": 0,
        "height": 15,
        "width": 16
      },
      "id": 7251075657890975
    },
    {
      "definition": {
        "custom_links": [],
        "title_size": "16",
        "title": "Bytes In & Bytes Out",
        "title_align": "left",
        "yaxis": {
          "max": "auto",
          "include_zero": true,
          "scale": "linear",
          "min": "auto",
          "label": ""
        },
        "show_legend": false,
        "requests": [
          {
            "q": "avg:snmp.ifHCInOctets.rate{$SNMP_Profile,$IP,$InterfaceDescription,$Interface,$Sysname} by {interface}",
            "style": {
              "line_width": "normal",
              "palette": "dog_classic",
              "line_type": "solid"
            },
            "display_type": "line"
          },
          {
            "q": "avg:snmp.ifHCOutOctets.rate{$SNMP_Profile,$IP,$InterfaceDescription,$Interface,$Sysname} by {interface}",
            "style": {
              "line_width": "normal",
              "palette": "dog_classic",
              "line_type": "solid"
            },
            "display_type": "line"
          }
        ],
        "type": "timeseries"
      },
      "layout": {
        "y": 23,
        "x": 48,
        "height": 15,
        "width": 36
      },
      "id": 585824710611001
    },
    {
      "definition": {
        "custom_links": [],
        "title_size": "16",
        "title": "In & Out Broadcasts",
        "title_align": "left",
        "yaxis": {
          "max": "auto",
          "include_zero": true,
          "scale": "linear",
          "min": "auto",
          "label": ""
        },
        "show_legend": false,
        "requests": [
          {
            "q": "avg:snmp.ifHCInBroadcastPkts{$SNMP_Profile,$InterfaceDescription,$Interface,$IP,$Sysname} by {interface}",
            "style": {
              "line_width": "normal",
              "palette": "dog_classic",
              "line_type": "solid"
            },
            "display_type": "line"
          },
          {
            "q": "avg:snmp.ifHCOutBroadcastPkts{$SNMP_Profile,$InterfaceDescription,$Interface,$IP,$Sysname} by {interface}",
            "style": {
              "line_width": "normal",
              "palette": "dog_classic",
              "line_type": "solid"
            },
            "display_type": "line"
          }
        ],
        "type": "timeseries"
      },
      "layout": {
        "y": 23,
        "x": 85,
        "height": 15,
        "width": 32
      },
      "id": 4878396324921466
    },
    {
      "definition": {
        "title_size": "16",
        "title": "In & Out Unicast Packets",
        "title_align": "left",
        "yaxis": {
          "max": "auto",
          "scale": "linear",
          "min": "auto",
          "label": ""
        },
        "show_legend": false,
        "time": {},
        "requests": [
          {
            "q": "avg:snmp.ifHCInUcastPkts{$IP,$Interface,$InterfaceDescription,$SNMP_Profile,$Sysname} by {interface}.as_count()",
            "style": {
              "line_width": "normal",
              "palette": "dog_classic",
              "line_type": "solid"
            },
            "display_type": "line"
          },
          {
            "q": "avg:snmp.Interface.OutUnicastPkts{$IP,$Interface,$InterfaceDescription,$SNMP_Profile,$Sysname} by {interface}.as_count()",
            "style": {
              "line_width": "normal",
              "palette": "dog_classic",
              "line_type": "solid"
            },
            "display_type": "line"
          }
        ],
        "type": "timeseries"
      },
      "layout": {
        "y": 39,
        "x": 85,
        "height": 15,
        "width": 32
      },
      "id": 8663577097452210
    },
    {
      "definition": {
        "custom_links": [],
        "title_size": "16",
        "title": "In & Out Errors",
        "title_align": "left",
        "yaxis": {
          "max": "auto",
          "scale": "linear",
          "min": "auto",
          "label": ""
        },
        "show_legend": false,
        "requests": [
          {
            "q": "avg:snmp.ifInErrors{$Interface,$InterfaceDescription,$IP,$SNMP_Profile,$Sysname} by {interface}.as_count()",
            "style": {
              "line_width": "normal",
              "palette": "dog_classic",
              "line_type": "solid"
            },
            "display_type": "area"
          },
          {
            "q": "avg:snmp.ifOutErrors{$Interface,$InterfaceDescription,$IP,$SNMP_Profile,$Sysname} by {interface}.as_count()",
            "style": {
              "line_width": "normal",
              "palette": "dog_classic",
              "line_type": "solid"
            },
            "display_type": "line"
          }
        ],
        "type": "timeseries"
      },
      "layout": {
        "y": 39,
        "x": 48,
        "height": 15,
        "width": 36
      },
      "id": 585682559634339
    },
    {
      "definition": {
        "custom_links": [],
        "title_size": "16",
        "title": "Operation Status",
        "title_align": "left",
        "precision": 0,
        "requests": [
          {
            "q": "max:snmp.ifOperStatus{$SNMP_Profile,$InterfaceDescription,$IP,$Interface,$Sysname}",
            "aggregator": "last",
            "conditional_formats": [
              {
                "palette": "white_on_red",
                "value": 2,
                "comparator": ">="
              },
              {
                "palette": "white_on_green",
                "value": 1,
                "comparator": ">="
              }
            ]
          }
        ],
        "type": "query_value"
      },
      "layout": {
        "y": 23,
        "x": 17,
        "height": 15,
        "width": 15
      },
      "id": 5934328292737413
    },
    {
      "definition": {
        "custom_links": [],
        "title_size": "16",
        "title": "Interface Speed",
        "title_align": "left",
        "custom_unit": "b/s",
        "precision": 0,
        "requests": [
          {
            "q": "max:snmp.ifHighSpeed{$Interface,$InterfaceDescription,$IP,$SNMP_Profile,$Sysname}",
            "aggregator": "last"
          }
        ],
        "type": "query_value"
      },
      "layout": {
        "y": 23,
        "x": 33,
        "height": 15,
        "width": 14
      },
      "id": 1576637738092872
    },
    {
      "definition": {
        "custom_links": [],
        "title_size": "16",
        "title": "Local Interfaces",
        "title_align": "left",
        "requests": [
          {
            "q": "avg:snmp.ifAdminStatus{$Interface,$InterfaceDescription,$IP,$SNMP_Profile,$Sysname} by {sysname,interface}",
            "aggregator": "last",
            "alias": "Admin Status"
          },
          {
            "q": "avg:snmp.ifOperStatus{$Interface,$InterfaceDescription,$IP,$SNMP_Profile,$Sysname} by {sysname,interface}",
            "aggregator": "last",
            "limit": 100,
            "order": "asc",
            "alias": "Oper Status"
          },
          {
            "q": "avg:snmp.ifHighSpeed{$Interface,$InterfaceDescription,$IP,$SNMP_Profile,$Sysname} by {sysname,interface}",
            "aggregator": "last",
            "alias": "Speed"
          }
        ],
        "type": "query_table"
      },
      "layout": {
        "y": 39,
        "x": 0,
        "height": 15,
        "width": 47
      },
      "id": 7609282799359072
    },
    {
      "definition": {
        "tick_pos": "50%",
        "show_tick": true,
        "type": "note",
        "tick_edge": "bottom",
        "text_align": "center",
        "content": "Interfaces",
        "font_size": "24",
        "background_color": "white"
      },
      "layout": {
        "y": 16,
        "x": 0,
        "height": 6,
        "width": 117
      },
      "id": 2001379436265232
    },
    {
      "definition": {
        "custom_links": [],
        "title_size": "16",
        "title": "System UpTime",
        "title_align": "left",
        "custom_unit": "Days",
        "precision": 2,
        "autoscale": true,
        "requests": [
          {
            "q": "avg:snmp.hrSystemUptime{$SNMP_Profile,$IP,$Interface,$Sysname}/8640000",
            "aggregator": "last"
          }
        ],
        "type": "query_value"
      },
      "layout": {
        "y": 0,
        "x": 0,
        "height": 15,
        "width": 39
      },
      "id": 2236426479754058
    },
    {
      "definition": {
        "title_size": "16",
        "title": "Devices Monitored",
        "title_align": "left",
        "precision": 0,
        "time": {},
        "autoscale": true,
        "requests": [
          {
            "q": "avg:snmp.devices_monitored{$SNMP_Profile,$IP,$Sysname,$Interface}",
            "aggregator": "last"
          }
        ],
        "type": "query_value"
      },
      "layout": {
        "y": 0,
        "x": 40,
        "height": 15,
        "width": 27
      },
      "id": 1982315555587460
    }
  ],
  "layout_type": "free"
}