{
  "notify_list": [],
  "description": "## Title\n\nDescribe this dashboard. Add links to other dashboards, monitors, wikis,  and docs to help your teammates. Markdown is supported.\n\n- [This might link to a dashboard](#)\n- [This might link to a wiki](#)",
  "restricted_roles": [],
  "template_variables": [
    {
      "default": "rd-netapp-nas",
      "prefix": "snmp_profile",
      "name": "snmp_profile",
      "available_values": []
    },
    {
      "default": "*",
      "prefix": "snmp_host",
      "name": "snmp_host",
      "available_values": []
    },
    {
      "default": "*",
      "prefix": "interface",
      "name": "interface",
      "available_values": []
    }
  ],
  "is_read_only": false,
  "title": "NetApp NAS Storage Cluster",
  "reflow_type": "fixed",
  "widgets": [
    {
      "definition": {
        "title": "Interface Metrics",
        "type": "group",
        "show_title": true,
        "widgets": [
          {
            "definition": {
              "autoscale": true,
              "title": "Interface Admin Status",
              "title_align": "left",
              "precision": 2,
              "title_size": "16",
              "requests": [
                {
                  "formulas": [
                    {
                      "formula": "query1"
                    }
                  ],
                  "conditional_formats": [
                    {
                      "palette": "white_on_red",
                      "value": 1.05,
                      "comparator": ">"
                    },
                    {
                      "palette": "white_on_green",
                      "value": 1,
                      "comparator": ">="
                    },
                    {
                      "palette": "white_on_red",
                      "value": 1,
                      "comparator": "<"
                    }
                  ],
                  "response_format": "scalar",
                  "queries": [
                    {
                      "query": "avg:snmp.ifAdminStatus{$interface}",
                      "data_source": "metrics",
                      "name": "query1",
                      "aggregator": "last"
                    }
                  ]
                }
              ],
              "type": "query_value"
            },
            "layout": {
              "y": 0,
              "x": 0,
              "height": 2,
              "width": 3
            },
            "id": 5670285605680576
          },
          {
            "definition": {
              "autoscale": true,
              "title": "Interface Operation Status",
              "title_align": "left",
              "precision": 2,
              "title_size": "16",
              "requests": [
                {
                  "formulas": [
                    {
                      "formula": "query1"
                    }
                  ],
                  "conditional_formats": [
                    {
                      "palette": "white_on_red",
                      "value": 1.05,
                      "comparator": ">"
                    },
                    {
                      "palette": "white_on_green",
                      "value": 1,
                      "comparator": ">="
                    },
                    {
                      "palette": "white_on_red",
                      "value": 1,
                      "comparator": "<"
                    }
                  ],
                  "response_format": "scalar",
                  "queries": [
                    {
                      "query": "avg:snmp.ifOperStatus{$interface}",
                      "data_source": "metrics",
                      "name": "query1",
                      "aggregator": "last"
                    }
                  ]
                }
              ],
              "type": "query_value"
            },
            "layout": {
              "y": 0,
              "x": 3,
              "height": 2,
              "width": 3
            },
            "id": 6179625195935796
          },
          {
            "definition": {
              "title_size": "16",
              "legend_columns": [
                "avg",
                "min",
                "max",
                "value",
                "sum"
              ],
              "yaxis": {
                "include_zero": true,
                "max": "auto",
                "scale": "linear",
                "min": "auto",
                "label": ""
              },
              "title_align": "left",
              "markers": [],
              "legend_layout": "auto",
              "show_legend": false,
              "title": "Interface Packet Rate In/Out (in Octets)",
              "requests": [
                {
                  "formulas": [
                    {
                      "formula": "query1"
                    },
                    {
                      "formula": "query2"
                    }
                  ],
                  "style": {
                    "line_width": "normal",
                    "palette": "dog_classic",
                    "line_type": "solid"
                  },
                  "display_type": "line",
                  "response_format": "timeseries",
                  "queries": [
                    {
                      "query": "avg:snmp.ifHCInOctets{$snmp_profile,$snmp_host,$interface} by {interface,interface_alias}.as_rate()",
                      "data_source": "metrics",
                      "name": "query1"
                    },
                    {
                      "query": "avg:snmp.ifHCOutOctets{$snmp_profile,$snmp_host,$interface} by {interface,interface_alias}.as_rate()",
                      "data_source": "metrics",
                      "name": "query2"
                    }
                  ]
                }
              ],
              "type": "timeseries"
            },
            "layout": {
              "y": 0,
              "x": 6,
              "height": 2,
              "width": 6
            },
            "id": 3040885578170918
          },
          {
            "definition": {
              "title_size": "16",
              "title": "Interface Admin/Operation Status",
              "title_align": "left",
              "has_search_bar": "auto",
              "requests": [
                {
                  "formulas": [
                    {
                      "alias": "Admin Status",
                      "conditional_formats": [
                        {
                          "palette": "white_on_red",
                          "comparator": "<",
                          "value": 1
                        },
                        {
                          "palette": "white_on_red",
                          "comparator": ">",
                          "value": 1.5
                        },
                        {
                          "palette": "white_on_green",
                          "comparator": ">=",
                          "value": 1
                        }
                      ],
                      "cell_display_mode": "bar",
                      "formula": "query1"
                    },
                    {
                      "alias": "Oper Status",
                      "conditional_formats": [
                        {
                          "palette": "white_on_red",
                          "comparator": "<",
                          "value": 1
                        },
                        {
                          "palette": "white_on_red",
                          "comparator": ">",
                          "value": 1.5
                        },
                        {
                          "palette": "white_on_green",
                          "comparator": ">=",
                          "value": 1
                        }
                      ],
                      "limit": {
                        "count": 500,
                        "order": "desc"
                      },
                      "cell_display_mode": "bar",
                      "formula": "query2"
                    }
                  ],
                  "response_format": "scalar",
                  "queries": [
                    {
                      "query": "avg:snmp.ifAdminStatus{$snmp_profile,$snmp_host,$interface} by {interface}",
                      "data_source": "metrics",
                      "name": "query1",
                      "aggregator": "last"
                    },
                    {
                      "query": "avg:snmp.ifOperStatus{$snmp_profile,$snmp_host,$interface} by {interface}",
                      "data_source": "metrics",
                      "name": "query2",
                      "aggregator": "last"
                    }
                  ]
                }
              ],
              "type": "query_table"
            },
            "layout": {
              "y": 2,
              "x": 0,
              "height": 4,
              "width": 6
            },
            "id": 1456304278275332
          },
          {
            "definition": {
              "title_size": "16",
              "legend_columns": [
                "avg",
                "min",
                "max",
                "value",
                "sum"
              ],
              "yaxis": {
                "include_zero": true,
                "max": "auto",
                "scale": "linear",
                "min": "auto",
                "label": ""
              },
              "title_align": "left",
              "markers": [],
              "legend_layout": "auto",
              "show_legend": false,
              "time": {},
              "title": "Interface Unicast Packets In/Out",
              "requests": [
                {
                  "formulas": [
                    {
                      "formula": "query1"
                    },
                    {
                      "formula": "query2"
                    }
                  ],
                  "style": {
                    "line_width": "normal",
                    "palette": "dog_classic",
                    "line_type": "solid"
                  },
                  "display_type": "line",
                  "response_format": "timeseries",
                  "queries": [
                    {
                      "query": "avg:snmp.ifInUcastPkts{$snmp_profile,$snmp_host,$interface} by {interface,interface_alias}.as_rate()",
                      "data_source": "metrics",
                      "name": "query1"
                    },
                    {
                      "query": "avg:snmp.ifOutUcastPkts{$snmp_profile,$snmp_host,$interface} by {interface,interface_alias}.as_rate()",
                      "data_source": "metrics",
                      "name": "query2"
                    }
                  ]
                }
              ],
              "type": "timeseries"
            },
            "layout": {
              "y": 2,
              "x": 6,
              "height": 2,
              "width": 6
            },
            "id": 5080995801910778
          },
          {
            "definition": {
              "title_size": "16",
              "legend_columns": [
                "avg",
                "min",
                "max",
                "value",
                "sum"
              ],
              "yaxis": {
                "include_zero": true,
                "max": "auto",
                "scale": "linear",
                "min": "auto",
                "label": ""
              },
              "title_align": "left",
              "markers": [],
              "legend_layout": "auto",
              "show_legend": false,
              "time": {},
              "title": "Interface Non-Unicast Packets In/Out",
              "requests": [
                {
                  "formulas": [
                    {
                      "formula": "query1"
                    },
                    {
                      "formula": "query2"
                    }
                  ],
                  "style": {
                    "line_width": "normal",
                    "palette": "dog_classic",
                    "line_type": "solid"
                  },
                  "display_type": "line",
                  "response_format": "timeseries",
                  "queries": [
                    {
                      "query": "avg:snmp.ifInNUcastPkts{$snmp_profile,$snmp_host,$interface} by {interface,interface_alias}.as_rate()",
                      "data_source": "metrics",
                      "name": "query1"
                    },
                    {
                      "query": "avg:snmp.ifOutNUcastPkts{$snmp_profile,$snmp_host,$interface} by {interface,interface_alias}.as_rate()",
                      "data_source": "metrics",
                      "name": "query2"
                    }
                  ]
                }
              ],
              "type": "timeseries"
            },
            "layout": {
              "y": 4,
              "x": 6,
              "height": 2,
              "width": 6
            },
            "id": 80898039363650
          },
          {
            "definition": {
              "title_size": "16",
              "title": "Interface Errors & Discards",
              "title_align": "left",
              "has_search_bar": "auto",
              "requests": [
                {
                  "formulas": [
                    {
                      "alias": "inErrors",
                      "conditional_formats": [],
                      "limit": {
                        "count": 500,
                        "order": "desc"
                      },
                      "cell_display_mode": "bar",
                      "formula": "query1"
                    },
                    {
                      "alias": "outErrors",
                      "conditional_formats": [],
                      "cell_display_mode": "bar",
                      "formula": "query2"
                    },
                    {
                      "alias": "inDiscards",
                      "conditional_formats": [],
                      "cell_display_mode": "bar",
                      "formula": "query3"
                    },
                    {
                      "alias": "outDiscards",
                      "conditional_formats": [],
                      "cell_display_mode": "bar",
                      "formula": "query4"
                    }
                  ],
                  "response_format": "scalar",
                  "queries": [
                    {
                      "query": "sum:snmp.ifInErrors{$snmp_profile,$snmp_host,$interface,interface_alias:*} by {interface,interface_alias}.as_count()",
                      "data_source": "metrics",
                      "name": "query1",
                      "aggregator": "last"
                    },
                    {
                      "query": "sum:snmp.ifOutErrors{$snmp_profile,$snmp_host,$interface,interface_alias:*} by {interface,interface_alias}.as_count()",
                      "data_source": "metrics",
                      "name": "query2",
                      "aggregator": "last"
                    },
                    {
                      "query": "sum:snmp.ifInDiscards{$snmp_profile,$snmp_host,$interface,interface_alias:*} by {interface,interface_alias}.as_count()",
                      "data_source": "metrics",
                      "name": "query3",
                      "aggregator": "last"
                    },
                    {
                      "query": "sum:snmp.ifOutDiscards{$snmp_profile,$snmp_host,$interface,interface_alias:*} by {interface,interface_alias}.as_count()",
                      "data_source": "metrics",
                      "name": "query4",
                      "aggregator": "last"
                    }
                  ]
                }
              ],
              "type": "query_table"
            },
            "layout": {
              "y": 6,
              "x": 0,
              "height": 4,
              "width": 12
            },
            "id": 2248480837518472
          }
        ],
        "layout_type": "ordered",
        "background_color": "vivid_green"
      },
      "layout": {
        "y": 0,
        "x": 0,
        "height": 11,
        "width": 12
      },
      "id": 2219526484820766
    },
    {
      "definition": {
        "title": "Filesystem Metrics",
        "type": "group",
        "show_title": true,
        "widgets": [
          {
            "definition": {
              "title_size": "16",
              "title": "Filesystem Capacity TotalKBytes",
              "title_align": "left",
              "markers": [],
              "yaxis": {
                "include_zero": true,
                "max": "auto",
                "scale": "linear",
                "min": "auto",
                "label": ""
              },
              "show_legend": false,
              "requests": [
                {
                  "formulas": [
                    {
                      "formula": "query1"
                    }
                  ],
                  "style": {
                    "line_width": "normal",
                    "palette": "dog_classic",
                    "line_type": "solid"
                  },
                  "display_type": "line",
                  "response_format": "timeseries",
                  "queries": [
                    {
                      "query": "avg:snmp.Filesystem.Capacity.TotalKBytes{$snmp_profile,$snmp_host,$interface} by {index,filesystem}",
                      "data_source": "metrics",
                      "name": "query1"
                    }
                  ]
                }
              ],
              "type": "timeseries"
            },
            "layout": {
              "y": 0,
              "x": 0,
              "height": 2,
              "width": 3
            },
            "id": 4699766898498748
          },
          {
            "definition": {
              "title_size": "16",
              "legend_columns": [
                "avg",
                "min",
                "max",
                "value",
                "sum"
              ],
              "yaxis": {
                "include_zero": true,
                "max": "auto",
                "scale": "linear",
                "min": "auto",
                "label": ""
              },
              "title_align": "left",
              "markers": [],
              "legend_layout": "auto",
              "show_legend": false,
              "title": "Filesystem Disk Space Capacity TotalKBytes",
              "requests": [
                {
                  "formulas": [
                    {
                      "formula": "query1"
                    }
                  ],
                  "style": {
                    "line_width": "normal",
                    "palette": "dog_classic",
                    "line_type": "solid"
                  },
                  "display_type": "line",
                  "response_format": "timeseries",
                  "queries": [
                    {
                      "query": "avg:snmp.Filesystem.DiskSpace.TotalKBytes{$snmp_profile,$snmp_host,$interface} by {filesystem,index}",
                      "data_source": "metrics",
                      "name": "query1"
                    }
                  ]
                }
              ],
              "type": "timeseries"
            },
            "layout": {
              "y": 0,
              "x": 3,
              "height": 2,
              "width": 3
            },
            "id": 2018907713181448
          },
          {
            "definition": {
              "title_size": "16",
              "legend_columns": [
                "avg",
                "min",
                "max",
                "value",
                "sum"
              ],
              "yaxis": {
                "include_zero": true,
                "max": "auto",
                "scale": "linear",
                "min": "auto",
                "label": ""
              },
              "title_align": "left",
              "markers": [],
              "legend_layout": "auto",
              "show_legend": false,
              "title": "Filesystem Inode Utilization",
              "requests": [
                {
                  "formulas": [
                    {
                      "formula": "query2 / (query1 + query2) * 100"
                    }
                  ],
                  "style": {
                    "line_width": "normal",
                    "palette": "dog_classic",
                    "line_type": "solid"
                  },
                  "display_type": "line",
                  "response_format": "timeseries",
                  "queries": [
                    {
                      "query": "avg:snmp.Filesystem.Inodes.Free{$snmp_profile,$snmp_host} by {index,filesystem}",
                      "data_source": "metrics",
                      "name": "query1"
                    },
                    {
                      "query": "avg:snmp.Filesystem.Inodes.Used{$snmp_profile,$snmp_host} by {index,filesystem}",
                      "data_source": "metrics",
                      "name": "query2"
                    }
                  ]
                }
              ],
              "type": "timeseries"
            },
            "layout": {
              "y": 0,
              "x": 6,
              "height": 2,
              "width": 6
            },
            "id": 2638590295862402
          }
        ],
        "layout_type": "ordered",
        "background_color": "vivid_purple"
      },
      "layout": {
        "y": 11,
        "x": 0,
        "height": 3,
        "width": 12
      },
      "id": 4955089925698422
    },
    {
      "definition": {
        "title": "Snap Mirror Metrics",
        "type": "group",
        "show_title": true,
        "widgets": [
          {
            "definition": {
              "title_size": "16",
              "legend_columns": [
                "avg",
                "min",
                "max",
                "value",
                "sum"
              ],
              "yaxis": {
                "include_zero": true,
                "max": "auto",
                "scale": "linear",
                "min": "auto",
                "label": ""
              },
              "title_align": "left",
              "markers": [],
              "legend_layout": "auto",
              "show_legend": false,
              "title": "Snap Mirror Lag",
              "requests": [
                {
                  "formulas": [
                    {
                      "formula": "query1"
                    }
                  ],
                  "style": {
                    "line_width": "normal",
                    "palette": "dog_classic",
                    "line_type": "solid"
                  },
                  "display_type": "line",
                  "response_format": "timeseries",
                  "queries": [
                    {
                      "query": "avg:snmp.SnapMirror.Lag{$snmp_profile,$snmp_host,$interface} by {index,state}",
                      "data_source": "metrics",
                      "name": "query1"
                    }
                  ]
                }
              ],
              "type": "timeseries"
            },
            "layout": {
              "y": 0,
              "x": 0,
              "height": 2,
              "width": 6
            },
            "id": 2021800691169210
          },
          {
            "definition": {
              "title_size": "16",
              "legend_columns": [
                "avg",
                "min",
                "max",
                "value",
                "sum"
              ],
              "yaxis": {
                "include_zero": true,
                "max": "auto",
                "scale": "linear",
                "min": "auto",
                "label": ""
              },
              "title_align": "left",
              "markers": [],
              "legend_layout": "auto",
              "show_legend": false,
              "title": "Snap Mirror Total Failures",
              "requests": [
                {
                  "formulas": [
                    {
                      "formula": "query1"
                    }
                  ],
                  "style": {
                    "line_width": "normal",
                    "palette": "dog_classic",
                    "line_type": "solid"
                  },
                  "display_type": "line",
                  "response_format": "timeseries",
                  "queries": [
                    {
                      "query": "avg:snmp.SnapMirror.TotalFailures{$snmp_profile,$snmp_host,$interface} by {index,state}",
                      "data_source": "metrics",
                      "name": "query1"
                    }
                  ]
                }
              ],
              "type": "timeseries"
            },
            "layout": {
              "y": 0,
              "x": 6,
              "height": 2,
              "width": 6
            },
            "id": 3498825318148064
          }
        ],
        "layout_type": "ordered",
        "background_color": "vivid_pink"
      },
      "layout": {
        "y": 14,
        "x": 0,
        "height": 3,
        "width": 12
      },
      "id": 2460962743859206
    }
  ],
  "layout_type": "ordered"
}