{
  "notify_list": [],
  "description": "",
  "restricted_roles": [],
  "template_variables": [],
  "is_read_only": false,
  "title": "Datadog Markertplace Hubspot",
  "reflow_type": "fixed",
  "widgets": [
    {
      "definition": {
        "autoscale": true,
        "title": "Contacts Created",
        "title_align": "left",
        "precision": 2,
        "title_size": "16",
        "requests": [
          {
            "formulas": [
              {
                "formula": "query1"
              }
            ],
            "response_format": "scalar",
            "queries": [
              {
                "search": {
                  "query": "service:ddmp-hubspot CONTACT CREATED"
                },
                "data_source": "logs",
                "compute": {
                  "aggregation": "count"
                },
                "name": "query1",
                "indexes": [
                  "*"
                ],
                "group_by": []
              }
            ]
          }
        ],
        "type": "query_value"
      },
      "layout": {
        "y": 0,
        "x": 0,
        "height": 2,
        "width": 2
      },
      "id": 6682143010010948
    },
    {
      "definition": {
        "type": "toplist",
        "requests": [
          {
            "formulas": [
              {
                "formula": "query1",
                "limit": {
                  "count": 10,
                  "order": "desc"
                }
              }
            ],
            "response_format": "scalar",
            "queries": [
              {
                "search": {
                  "query": "service:ddmp-hubspot @marketplace.action:subscribe"
                },
                "data_source": "logs",
                "compute": {
                  "aggregation": "count"
                },
                "name": "query1",
                "indexes": [
                  "*"
                ],
                "group_by": [
                  {
                    "facet": "@marketplace.integration.name",
                    "sort": {
                      "aggregation": "count",
                      "order": "desc"
                    },
                    "limit": 10
                  }
                ]
              }
            ]
          }
        ],
        "title_align": "left",
        "title_size": "16",
        "title": "Trials by Integration"
      },
      "layout": {
        "y": 0,
        "x": 2,
        "height": 2,
        "width": 4
      },
      "id": 6228938180173440
    },
    {
      "definition": {
        "type": "toplist",
        "requests": [
          {
            "formulas": [
              {
                "formula": "query1",
                "limit": {
                  "count": 10,
                  "order": "desc"
                }
              }
            ],
            "response_format": "scalar",
            "queries": [
              {
                "search": {
                  "query": "service:ddmp-hubspot @marketplace.action:subscribe"
                },
                "data_source": "logs",
                "compute": {
                  "aggregation": "count"
                },
                "name": "query1",
                "indexes": [
                  "*"
                ],
                "group_by": [
                  {
                    "facet": "@network.client.geoip.country.name",
                    "sort": {
                      "aggregation": "count",
                      "order": "desc"
                    },
                    "limit": 10
                  }
                ]
              }
            ]
          }
        ],
        "title_align": "left",
        "title_size": "16",
        "title": "Trials Started by Country"
      },
      "layout": {
        "y": 0,
        "x": 6,
        "height": 2,
        "width": 4
      },
      "id": 2611111560822444
    },
    {
      "definition": {
        "style": {
          "palette": "hostmap_blues",
          "palette_flip": false
        },
        "title_size": "16",
        "title": "Trials Client IP",
        "title_align": "left",
        "requests": [
          {
            "formulas": [
              {
                "formula": "query1",
                "limit": {
                  "count": 10,
                  "order": "desc"
                }
              }
            ],
            "response_format": "scalar",
            "queries": [
              {
                "search": {
                  "query": "service:ddmp-hubspot"
                },
                "data_source": "logs",
                "compute": {
                  "aggregation": "count"
                },
                "name": "query1",
                "indexes": [
                  "*"
                ],
                "group_by": [
                  {
                    "facet": "@network.client.geoip.country.iso_code",
                    "sort": {
                      "aggregation": "count",
                      "order": "desc"
                    },
                    "limit": 10
                  }
                ]
              }
            ]
          }
        ],
        "type": "geomap",
        "view": {
          "focus": "WORLD"
        }
      },
      "layout": {
        "y": 2,
        "x": 0,
        "height": 4,
        "width": 6
      },
      "id": 2631053907057206
    }
  ],
  "layout_type": "ordered"
}