{
  "notify_list": [],
  "description": "Performance overview of all your RUM applications. ",
  "restricted_roles": [],
  "template_variables": [
    {
      "default": "*",
      "prefix": "@view.url_path_group",
      "name": "pathGroup",
      "available_values": []
    },
    {
      "default": "*",
      "prefix": "@geo.country",
      "name": "country",
      "available_values": []
    },
    {
      "default": "*",
      "prefix": "@browser.name",
      "name": "browser",
      "available_values": []
    },
    {
      "default": "*",
      "prefix": "@device.type",
      "name": "device",
      "available_values": []
    },
    {
      "default": "*",
      "prefix": "service",
      "name": "service",
      "available_values": []
    },
    {
      "default": "*",
      "prefix": "env",
      "name": "env",
      "available_values": []
    },
    {
      "default": "*",
      "prefix": "version",
      "name": "version",
      "available_values": []
    },
    {
      "default": "*",
      "prefix": "@application.id",
      "name": "applicationId",
      "available_values": []
    },
    {
      "default": "*",
      "prefix": "@view.loading_type",
      "name": "loadingType",
      "available_values": []
    }
  ],
  "is_read_only": false,
  "title": "[TEMPLATE] RUM - Performance Overview - RapDev",
  "reflow_type": "fixed",
  "widgets": [
    {
      "definition": {
        "widgets": [
          {
            "definition": {
              "autoscale": true,
              "requests": [
                {
                  "rum_query": {
                    "index": "*",
                    "search": {
                      "query": "@type:view $pathGroup $country $browser $device $service $env $version $applicationId $loadingType"
                    },
                    "group_by": [],
                    "compute": {
                      "aggregation": "count"
                    }
                  }
                }
              ],
              "type": "query_value",
              "precision": 2,
              "title": "Total page views"
            },
            "layout": {
              "y": 0,
              "x": 0,
              "height": 1,
              "width": 2
            },
            "id": 38632178312
          },
          {
            "definition": {
              "autoscale": true,
              "title": "P75 loading time",
              "title_align": "left",
              "precision": 2,
              "title_size": "16",
              "requests": [
                {
                  "rum_query": {
                    "index": "*",
                    "search": {
                      "query": "$pathGroup $applicationId $loadingType $country $browser $device $version $env $service"
                    },
                    "group_by": [],
                    "compute": {
                      "facet": "@view.loading_time",
                      "aggregation": "pc75"
                    }
                  }
                }
              ],
              "type": "query_value"
            },
            "layout": {
              "y": 0,
              "x": 2,
              "height": 1,
              "width": 2
            },
            "id": 5319627452696350
          },
          {
            "definition": {
              "title_size": "16",
              "legend_columns": [
                "avg",
                "min",
                "max",
                "value",
                "sum"
              ],
              "yaxis": {
                "include_zero": true,
                "max": "auto",
                "scale": "linear",
                "min": "auto",
                "label": ""
              },
              "title_align": "left",
              "right_yaxis": {
                "include_zero": true,
                "max": "auto",
                "scale": "linear",
                "min": "auto",
                "label": ""
              },
              "legend_layout": "horizontal",
              "show_legend": true,
              "markers": [],
              "title": "Number of page views and loading time",
              "requests": [
                {
                  "formulas": [
                    {
                      "formula": "query1",
                      "alias": "Page view count"
                    }
                  ],
                  "style": {
                    "line_width": "normal",
                    "palette": "dog_classic",
                    "line_type": "solid"
                  },
                  "response_format": "timeseries",
                  "on_right_yaxis": true,
                  "display_type": "bars",
                  "queries": [
                    {
                      "search": {
                        "query": "@type:view $browser $device $applicationId $pathGroup $country $service $env $version $loadingType"
                      },
                      "data_source": "rum",
                      "compute": {
                        "aggregation": "count"
                      },
                      "name": "query1",
                      "indexes": [
                        "*"
                      ],
                      "group_by": []
                    }
                  ]
                },
                {
                  "formulas": [
                    {
                      "formula": "query6",
                      "alias": "p75 loading time"
                    }
                  ],
                  "style": {
                    "line_width": "normal",
                    "palette": "dog_classic",
                    "line_type": "solid"
                  },
                  "response_format": "timeseries",
                  "on_right_yaxis": false,
                  "display_type": "line",
                  "queries": [
                    {
                      "search": {
                        "query": "@type:view $browser $device $applicationId $pathGroup $country $service $env $version $loadingType"
                      },
                      "data_source": "rum",
                      "compute": {
                        "metric": "@view.loading_time",
                        "aggregation": "pc75"
                      },
                      "name": "query6",
                      "indexes": [
                        "*"
                      ],
                      "group_by": []
                    }
                  ]
                }
              ],
              "type": "timeseries"
            },
            "layout": {
              "y": 1,
              "x": 0,
              "height": 3,
              "width": 4
            },
            "id": 1382738127
          },
          {
            "definition": {
              "type": "toplist",
              "requests": [
                {
                  "rum_query": {
                    "index": "*",
                    "search": {
                      "query": "@type:view $pathGroup $applicationId $loadingType $country $browser $device $version $env $service"
                    },
                    "group_by": [
                      {
                        "facet": "@view.loading_type",
                        "sort": {
                          "order": "desc",
                          "aggregation": "count"
                        },
                        "limit": 10
                      }
                    ],
                    "compute": {
                      "aggregation": "count"
                    }
                  }
                }
              ],
              "title_align": "left",
              "title_size": "16",
              "title": "Initial page load vs SPA route changes"
            },
            "layout": {
              "y": 4,
              "x": 0,
              "height": 2,
              "width": 4
            },
            "id": 892207548929482
          }
        ],
        "layout_type": "ordered",
        "type": "group",
        "title": "Overview"
      },
      "layout": {
        "y": 0,
        "x": 0,
        "height": 7,
        "width": 4
      },
      "id": 0
    },
    {
      "definition": {
        "widgets": [
          {
            "definition": {
              "title_size": "16",
              "legend_columns": [
                "avg",
                "min",
                "max",
                "value"
              ],
              "yaxis": {
                "include_zero": true,
                "max": "auto",
                "scale": "linear",
                "min": "auto",
                "label": ""
              },
              "title_align": "left",
              "markers": [
                {
                  "display_type": "error solid",
                  "value": "y > 4000000000",
                  "label": " > 4s "
                },
                {
                  "display_type": "warning solid",
                  "value": "2500000000 < y < 4000000000"
                },
                {
                  "display_type": "ok solid",
                  "value": "y < 2500000000"
                }
              ],
              "legend_layout": "vertical",
              "show_legend": true,
              "title": "Largest Contentful Paint",
              "requests": [
                {
                  "formulas": [
                    {
                      "formula": "query2",
                      "alias": "p75 LCP"
                    }
                  ],
                  "style": {
                    "line_width": "normal",
                    "palette": "dog_classic",
                    "line_type": "solid"
                  },
                  "response_format": "timeseries",
                  "on_right_yaxis": false,
                  "display_type": "line",
                  "queries": [
                    {
                      "search": {
                        "query": "@type:view $pathGroup $country $browser $device $service $env $version $applicationId $loadingType"
                      },
                      "data_source": "rum",
                      "compute": {
                        "metric": "@view.largest_contentful_paint",
                        "aggregation": "pc75"
                      },
                      "name": "query2",
                      "indexes": [
                        "*"
                      ],
                      "group_by": []
                    }
                  ]
                }
              ],
              "type": "timeseries"
            },
            "layout": {
              "y": 0,
              "x": 0,
              "height": 3,
              "width": 4
            },
            "id": 2620511991504774
          },
          {
            "definition": {
              "title_size": "16",
              "legend_columns": [
                "avg",
                "min",
                "max",
                "value"
              ],
              "yaxis": {
                "include_zero": true,
                "max": "auto",
                "scale": "linear",
                "min": "auto",
                "label": ""
              },
              "title_align": "left",
              "markers": [
                {
                  "display_type": "error solid",
                  "value": "y > 300000000",
                  "label": " > 300ms "
                },
                {
                  "display_type": "warning solid",
                  "value": "100000000 < y < 300000000"
                },
                {
                  "display_type": "ok solid",
                  "value": "y < 100000000"
                }
              ],
              "legend_layout": "vertical",
              "show_legend": true,
              "title": "First Input Delay",
              "requests": [
                {
                  "formulas": [
                    {
                      "formula": "query2",
                      "alias": "p75 FID"
                    }
                  ],
                  "style": {
                    "line_width": "normal",
                    "palette": "dog_classic",
                    "line_type": "solid"
                  },
                  "response_format": "timeseries",
                  "on_right_yaxis": false,
                  "display_type": "line",
                  "queries": [
                    {
                      "search": {
                        "query": "@type:view $pathGroup $country $browser $device $service $env $version $applicationId $loadingType"
                      },
                      "data_source": "rum",
                      "compute": {
                        "metric": "@view.first_input_delay",
                        "aggregation": "pc75"
                      },
                      "name": "query2",
                      "indexes": [
                        "*"
                      ],
                      "group_by": []
                    }
                  ]
                }
              ],
              "type": "timeseries"
            },
            "layout": {
              "y": 0,
              "x": 4,
              "height": 3,
              "width": 4
            },
            "id": 2235659035954080
          },
          {
            "definition": {
              "title_size": "16",
              "legend_columns": [
                "avg",
                "min",
                "max",
                "value"
              ],
              "yaxis": {
                "include_zero": true,
                "max": "auto",
                "scale": "linear",
                "min": "auto",
                "label": ""
              },
              "title_align": "left",
              "markers": [
                {
                  "display_type": "error solid",
                  "value": "y > 0.25",
                  "label": " > 0.25 "
                },
                {
                  "display_type": "warning solid",
                  "value": "0.1 < y < 0.25"
                },
                {
                  "display_type": "ok solid",
                  "value": "y < 0.1"
                }
              ],
              "legend_layout": "vertical",
              "show_legend": true,
              "title": "Cumulative Layout Shift",
              "requests": [
                {
                  "formulas": [
                    {
                      "formula": "query2",
                      "alias": "p75 CLS"
                    }
                  ],
                  "style": {
                    "line_width": "normal",
                    "palette": "dog_classic",
                    "line_type": "solid"
                  },
                  "response_format": "timeseries",
                  "on_right_yaxis": false,
                  "display_type": "line",
                  "queries": [
                    {
                      "search": {
                        "query": "@type:view $pathGroup $country $browser $device $service $env $version $applicationId $loadingType"
                      },
                      "data_source": "rum",
                      "compute": {
                        "metric": "@view.cumulative_layout_shift",
                        "aggregation": "pc75"
                      },
                      "name": "query2",
                      "indexes": [
                        "*"
                      ],
                      "group_by": []
                    }
                  ]
                }
              ],
              "type": "timeseries"
            },
            "layout": {
              "y": 3,
              "x": 0,
              "height": 3,
              "width": 4
            },
            "id": 181219347617212
          }
        ],
        "layout_type": "ordered",
        "type": "group",
        "title": "Core Web Vitals"
      },
      "layout": {
        "y": 0,
        "x": 4,
        "height": 7,
        "width": 8
      },
      "id": 1
    },
    {
      "definition": {
        "widgets": [
          {
            "definition": {
              "custom_links": [
                {
                  "link": "/dash/integration/rum_errors?tpl_var_pathGroup={{@view.url_path_group.value}}",
                  "label": "Analyze errors for {{@view.url_path_group.value}}"
                },
                {
                  "link": "/dash/integration/rum_resources?tpl_var_pathGroup={{@view.url_path_group.value}}",
                  "label": "View resources for {{@view.url_path_group.value}}"
                }
              ],
              "title_size": "16",
              "title": "Performance overview of most popular pages",
              "title_align": "left",
              "has_search_bar": "never",
              "requests": [
                {
                  "conditional_formats": [
                    {
                      "metric": "pc75:@view.largest_contentful_paint",
                      "palette": "red_on_white",
                      "value": 4000000000,
                      "comparator": ">"
                    },
                    {
                      "metric": "pc75:@view.largest_contentful_paint",
                      "palette": "yellow_on_white",
                      "value": 2500000000,
                      "comparator": ">"
                    },
                    {
                      "metric": "pc75:@view.largest_contentful_paint",
                      "palette": "green_on_white",
                      "value": 2500000000,
                      "comparator": "<="
                    },
                    {
                      "metric": "pc75:@view.first_input_delay",
                      "palette": "red_on_white",
                      "value": 300000000,
                      "comparator": ">"
                    },
                    {
                      "metric": "pc75:@view.first_input_delay",
                      "palette": "yellow_on_white",
                      "value": 100000000,
                      "comparator": ">"
                    },
                    {
                      "metric": "pc75:@view.first_input_delay",
                      "palette": "green_on_white",
                      "value": 100000000,
                      "comparator": "<="
                    },
                    {
                      "metric": "pc75:@view.cumulative_layout_shift",
                      "palette": "red_on_white",
                      "value": 0.25,
                      "comparator": ">"
                    },
                    {
                      "metric": "pc75:@view.cumulative_layout_shift",
                      "palette": "yellow_on_white",
                      "value": 0.1,
                      "comparator": ">"
                    },
                    {
                      "metric": "pc75:@view.cumulative_layout_shift",
                      "palette": "green_on_white",
                      "value": 0.1,
                      "comparator": "<="
                    }
                  ],
                  "rum_query": {
                    "index": "*",
                    "search": {
                      "query": "@type:view $browser $device $applicationId $pathGroup $country $service $env $version $loadingType"
                    },
                    "group_by": [
                      {
                        "facet": "@view.url_path_group",
                        "sort": {
                          "order": "desc",
                          "aggregation": "count"
                        },
                        "limit": 15
                      }
                    ],
                    "multi_compute": [
                      {
                        "aggregation": "count"
                      },
                      {
                        "facet": "@view.loading_time",
                        "aggregation": "pc75"
                      },
                      {
                        "facet": "@view.largest_contentful_paint",
                        "aggregation": "pc75"
                      },
                      {
                        "facet": "@view.first_input_delay",
                        "aggregation": "pc75"
                      },
                      {
                        "facet": "@view.cumulative_layout_shift",
                        "aggregation": "pc75"
                      }
                    ]
                  },
                  "cell_display_mode": [
                    "bar",
                    "number",
                    "number",
                    "number",
                    "number"
                  ]
                }
              ],
              "type": "query_table"
            },
            "layout": {
              "y": 0,
              "x": 0,
              "height": 4,
              "width": 12
            },
            "id": 1167310462324884
          }
        ],
        "layout_type": "ordered",
        "type": "group",
        "title": "Most viewed pages"
      },
      "layout": {
        "y": 7,
        "x": 0,
        "height": 5,
        "width": 12
      },
      "id": 2
    },
    {
      "definition": {
        "title": "Long tasks analysis",
        "type": "group",
        "title_align": "left",
        "widgets": [
          {
            "definition": {
              "title_size": "16",
              "legend_columns": [
                "avg",
                "value"
              ],
              "yaxis": {
                "include_zero": true,
                "max": "auto",
                "scale": "linear",
                "min": "auto",
                "label": ""
              },
              "title_align": "left",
              "markers": [],
              "legend_layout": "vertical",
              "show_legend": true,
              "title": "Number of long tasks per view",
              "requests": [
                {
                  "formulas": [
                    {
                      "formula": "query2",
                      "alias": "Long tasks per view"
                    }
                  ],
                  "style": {
                    "line_width": "normal",
                    "palette": "dog_classic",
                    "line_type": "solid"
                  },
                  "display_type": "line",
                  "response_format": "timeseries",
                  "queries": [
                    {
                      "search": {
                        "query": "@type:view $pathGroup $country $browser $device $service $env $version $applicationId $loadingType"
                      },
                      "data_source": "rum",
                      "compute": {
                        "metric": "@view.long_task.count",
                        "aggregation": "avg"
                      },
                      "name": "query2",
                      "indexes": [
                        "*"
                      ],
                      "group_by": []
                    }
                  ]
                }
              ],
              "type": "timeseries"
            },
            "layout": {
              "y": 0,
              "x": 0,
              "height": 2,
              "width": 6
            },
            "id": 6427555533325376
          },
          {
            "definition": {
              "title_size": "16",
              "title": "Long tasks impact on top user actions",
              "title_align": "left",
              "has_search_bar": "never",
              "requests": [
                {
                  "cell_display_mode": [
                    "bar",
                    "bar"
                  ],
                  "rum_query": {
                    "index": "*",
                    "search": {
                      "query": "@type:action @action.long_task.count:* $pathGroup $country $browser $device $service $env $version $applicationId $loadingType"
                    },
                    "group_by": [
                      {
                        "facet": "@action.name",
                        "sort": {
                          "order": "desc",
                          "aggregation": "count"
                        },
                        "limit": 15
                      }
                    ],
                    "multi_compute": [
                      {
                        "aggregation": "count"
                      },
                      {
                        "facet": "@action.long_task.count",
                        "aggregation": "avg"
                      }
                    ]
                  }
                }
              ],
              "type": "query_table"
            },
            "layout": {
              "y": 0,
              "x": 6,
              "height": 3,
              "width": 6
            },
            "id": 6679224986511072
          },
          {
            "definition": {
              "title_size": "16",
              "legend_columns": [
                "avg",
                "value"
              ],
              "yaxis": {
                "include_zero": true,
                "max": "auto",
                "scale": "linear",
                "min": "auto",
                "label": ""
              },
              "title_align": "left",
              "markers": [],
              "legend_layout": "vertical",
              "show_legend": true,
              "title": "P75 long task duration",
              "requests": [
                {
                  "formulas": [
                    {
                      "formula": "query2",
                      "alias": "Duration"
                    }
                  ],
                  "style": {
                    "line_width": "normal",
                    "palette": "dog_classic",
                    "line_type": "solid"
                  },
                  "display_type": "line",
                  "response_format": "timeseries",
                  "queries": [
                    {
                      "search": {
                        "query": "@type:long_task $pathGroup $country $browser $device $service $env $version $applicationId $loadingType"
                      },
                      "data_source": "rum",
                      "compute": {
                        "metric": "@long_task.duration",
                        "aggregation": "pc75"
                      },
                      "name": "query2",
                      "indexes": [
                        "*"
                      ],
                      "group_by": []
                    }
                  ]
                }
              ],
              "type": "timeseries"
            },
            "layout": {
              "y": 2,
              "x": 0,
              "height": 2,
              "width": 6
            },
            "id": 854228796452518
          },
          {
            "definition": {
              "tick_pos": "50%",
              "font_size": "12",
              "type": "note",
              "tick_edge": "left",
              "text_align": "left",
              "content": "A long task event is generated for any task that blocks the browser's main thread for **more than 50ms**. Web applications should be available to respond to user input in less than 50ms to offer the best user experience. [Learn more](https://web.dev/rail/#response:-process-events-in-under-50ms)",
              "vertical_align": "center",
              "has_padding": false,
              "show_tick": false,
              "background_color": "transparent"
            },
            "layout": {
              "y": 3,
              "x": 6,
              "height": 1,
              "width": 6
            },
            "id": 453808506629366
          }
        ],
        "layout_type": "ordered",
        "background_color": "white"
      },
      "layout": {
        "y": 12,
        "x": 0,
        "height": 5,
        "width": 12
      },
      "id": 3
    },
    {
      "definition": {
        "title": "XHR and Fetch analysis (past 4 hours)",
        "type": "group",
        "title_align": "left",
        "widgets": [
          {
            "definition": {
              "title_size": "16",
              "title": "Number of requests grouped by type",
              "title_align": "left",
              "time": {
                "live_span": "4h"
              },
              "requests": [
                {
                  "rum_query": {
                    "index": "*",
                    "search": {
                      "query": "@type:resource $pathGroup $applicationId @resource.type:(xhr OR fetch) $country $browser $device $version $env $service $loadingType"
                    },
                    "group_by": [
                      {
                        "facet": "@resource.type",
                        "sort": {
                          "order": "desc",
                          "aggregation": "count"
                        },
                        "limit": 10
                      }
                    ],
                    "compute": {
                      "aggregation": "count"
                    }
                  }
                }
              ],
              "type": "toplist"
            },
            "layout": {
              "y": 0,
              "x": 0,
              "height": 2,
              "width": 4
            },
            "id": 4320515798928450
          },
          {
            "definition": {
              "title_size": "16",
              "legend_columns": [
                "avg",
                "min",
                "max",
                "value"
              ],
              "yaxis": {
                "include_zero": true,
                "max": "auto",
                "scale": "linear",
                "min": "auto",
                "label": ""
              },
              "title_align": "left",
              "right_yaxis": {
                "include_zero": true,
                "max": "auto",
                "scale": "linear",
                "min": "auto",
                "label": ""
              },
              "legend_layout": "horizontal",
              "show_legend": true,
              "markers": [],
              "time": {
                "live_span": "4h"
              },
              "title": "Count and duration of API calls",
              "requests": [
                {
                  "formulas": [
                    {
                      "formula": "query2",
                      "alias": "Resource count"
                    }
                  ],
                  "style": {
                    "line_width": "normal",
                    "palette": "dog_classic",
                    "line_type": "solid"
                  },
                  "response_format": "timeseries",
                  "on_right_yaxis": true,
                  "display_type": "bars",
                  "queries": [
                    {
                      "search": {
                        "query": "@type:resource @resource.type:(xhr OR fetch) $pathGroup $applicationId $country $browser $device $version $env $service $loadingType"
                      },
                      "data_source": "rum",
                      "compute": {
                        "aggregation": "count"
                      },
                      "name": "query2",
                      "indexes": [
                        "*"
                      ],
                      "group_by": [
                        {
                          "facet": "@resource.type",
                          "sort": {
                            "aggregation": "count",
                            "order": "desc"
                          },
                          "limit": 10
                        }
                      ]
                    }
                  ]
                },
                {
                  "formulas": [
                    {
                      "formula": "query2",
                      "alias": "p75 resource duration"
                    }
                  ],
                  "style": {
                    "line_width": "normal",
                    "palette": "dog_classic",
                    "line_type": "solid"
                  },
                  "response_format": "timeseries",
                  "on_right_yaxis": false,
                  "display_type": "line",
                  "queries": [
                    {
                      "search": {
                        "query": "@type:resource @resource.type:(xhr OR fetch) $pathGroup $applicationId $country $browser $device $version $env $service $loadingType"
                      },
                      "data_source": "rum",
                      "compute": {
                        "metric": "@resource.duration",
                        "aggregation": "pc75"
                      },
                      "name": "query2",
                      "indexes": [
                        "*"
                      ],
                      "group_by": []
                    }
                  ]
                }
              ],
              "type": "timeseries"
            },
            "layout": {
              "y": 0,
              "x": 4,
              "height": 2,
              "width": 8
            },
            "id": 8715036092774194
          },
          {
            "definition": {
              "title_size": "16",
              "title": "Top XHR and Fetch calls",
              "title_align": "left",
              "has_search_bar": "never",
              "time": {
                "live_span": "4h"
              },
              "requests": [
                {
                  "cell_display_mode": [
                    "bar",
                    "bar",
                    "bar"
                  ],
                  "rum_query": {
                    "index": "rum",
                    "search": {
                      "query": "@type:resource @resource.type:(xhr OR fetch) $pathGroup $applicationId $country $browser $device $version $env $service $loadingType"
                    },
                    "group_by": [
                      {
                        "facet": "@resource.url_path_group",
                        "sort": {
                          "order": "desc",
                          "aggregation": "count"
                        },
                        "limit": 10
                      }
                    ],
                    "multi_compute": [
                      {
                        "aggregation": "count"
                      },
                      {
                        "facet": "@resource.duration",
                        "aggregation": "median"
                      },
                      {
                        "facet": "@resource.size",
                        "aggregation": "median"
                      }
                    ]
                  }
                }
              ],
              "type": "query_table"
            },
            "layout": {
              "y": 2,
              "x": 0,
              "height": 3,
              "width": 12
            },
            "id": 4460656345449798
          }
        ],
        "layout_type": "ordered",
        "background_color": "white"
      },
      "layout": {
        "y": 17,
        "x": 0,
        "is_column_break": true,
        "height": 6,
        "width": 12
      },
      "id": 4
    },
    {
      "definition": {
        "title": "Resources analysis (past 4 hours)",
        "type": "group",
        "title_align": "left",
        "widgets": [
          {
            "definition": {
              "title_size": "16",
              "legend_columns": [
                "avg",
                "min",
                "max",
                "value",
                "sum"
              ],
              "yaxis": {
                "include_zero": true,
                "max": "auto",
                "scale": "linear",
                "min": "auto",
                "label": ""
              },
              "title_align": "left",
              "markers": [],
              "legend_layout": "vertical",
              "show_legend": true,
              "time": {
                "live_span": "4h"
              },
              "title": "Resources loaded grouped by type",
              "requests": [
                {
                  "formulas": [
                    {
                      "formula": "query2"
                    }
                  ],
                  "style": {
                    "line_width": "normal",
                    "palette": "dog_classic",
                    "line_type": "solid"
                  },
                  "response_format": "timeseries",
                  "on_right_yaxis": false,
                  "display_type": "bars",
                  "queries": [
                    {
                      "search": {
                        "query": "@type:resource $pathGroup $applicationId -@resource.type:(xhr OR fetch) $country $browser $device $version $env $service $loadingType"
                      },
                      "data_source": "rum",
                      "compute": {
                        "aggregation": "count"
                      },
                      "name": "query2",
                      "indexes": [
                        "*"
                      ],
                      "group_by": [
                        {
                          "facet": "@resource.type",
                          "sort": {
                            "aggregation": "count",
                            "order": "desc"
                          },
                          "limit": 10
                        }
                      ]
                    }
                  ]
                }
              ],
              "type": "timeseries"
            },
            "layout": {
              "y": 0,
              "x": 0,
              "height": 4,
              "width": 6
            },
            "id": 597246274769956
          },
          {
            "definition": {
              "title_size": "16",
              "title": "Performance impact of 3rd party resources",
              "title_align": "left",
              "has_search_bar": "never",
              "time": {
                "live_span": "4h"
              },
              "requests": [
                {
                  "cell_display_mode": [
                    "bar",
                    "bar"
                  ],
                  "rum_query": {
                    "index": "rum",
                    "search": {
                      "query": "@type:resource -@resource.type:(xhr OR fetch) -@resource.provider.type:\"first party\""
                    },
                    "group_by": [
                      {
                        "facet": "@resource.url_host",
                        "sort": {
                          "order": "desc",
                          "aggregation": "count"
                        },
                        "limit": 10
                      }
                    ],
                    "multi_compute": [
                      {
                        "aggregation": "count"
                      },
                      {
                        "facet": "@resource.duration",
                        "aggregation": "median"
                      }
                    ]
                  }
                }
              ],
              "type": "query_table"
            },
            "layout": {
              "y": 0,
              "x": 6,
              "height": 4,
              "width": 6
            },
            "id": 7295022954163554
          },
          {
            "definition": {
              "title_size": "16",
              "title": "Most requested resources",
              "title_align": "left",
              "has_search_bar": "never",
              "time": {
                "live_span": "4h"
              },
              "requests": [
                {
                  "cell_display_mode": [
                    "bar",
                    "bar",
                    "bar"
                  ],
                  "rum_query": {
                    "index": "rum",
                    "search": {
                      "query": "@type:resource -@resource.type:(xhr OR fetch) $pathGroup $applicationId $country $browser $device $version $env $service $loadingType"
                    },
                    "group_by": [
                      {
                        "facet": "@resource.url_path_group",
                        "sort": {
                          "order": "desc",
                          "aggregation": "count"
                        },
                        "limit": 10
                      },
                      {
                        "facet": "@resource.url_host",
                        "sort": {
                          "order": "desc",
                          "aggregation": "count"
                        },
                        "limit": 10
                      }
                    ],
                    "multi_compute": [
                      {
                        "aggregation": "count"
                      },
                      {
                        "facet": "@resource.duration",
                        "aggregation": "median"
                      },
                      {
                        "facet": "@resource.size",
                        "aggregation": "median"
                      }
                    ]
                  }
                }
              ],
              "type": "query_table"
            },
            "layout": {
              "y": 4,
              "x": 0,
              "height": 3,
              "width": 12
            },
            "id": 6883085935461554
          }
        ],
        "layout_type": "ordered",
        "background_color": "white"
      },
      "layout": {
        "y": 23,
        "x": 0,
        "height": 8,
        "width": 12
      },
      "id": 5
    }
  ],
  "layout_type": "ordered"
}