{
  "notify_list": [],
  "description": "",
  "restricted_roles": [],
  "template_variables": [
    {
      "default": "*",
      "prefix": "interface",
      "name": "Interface"
    },
    {
      "default": "*",
      "prefix": "interfacedescription",
      "name": "InterfaceDescription"
    },
    {
      "default": "*",
      "prefix": "host",
      "name": "Host"
    },
    {
      "default": "rd-arista-switch",
      "prefix": "snmp_profile",
      "name": "SNMP_Profile"
    },
    {
      "default": "*",
      "prefix": "snmp_device",
      "name": "IP"
    }
  ],
  "is_read_only": false,
  "title": "RapDev Arista Switch Dashboard",
  "widgets": [
    {
      "definition": {
        "custom_links": [],
        "title_size": "16",
        "title": "CPU Usage (%)",
        "title_align": "left",
        "custom_unit": "%",
        "precision": 2,
        "requests": [
          {
            "q": "avg:snmp.CPU.Utilization{$Host,$SNMP_Profile,$IP}",
            "aggregator": "avg"
          }
        ],
        "type": "query_value"
      },
      "layout": {
        "y": 0,
        "x": 0,
        "height": 15,
        "width": 39
      },
      "id": 8091321264724602
    },
    {
      "definition": {
        "custom_links": [],
        "title_size": "16",
        "title": "System Up Time",
        "title_align": "left",
        "custom_unit": "Days",
        "precision": 2,
        "requests": [
          {
            "q": "avg:snmp.systemUptime{$Host,$SNMP_Profile,$IP}/8640000",
            "aggregator": "avg"
          }
        ],
        "type": "query_value"
      },
      "layout": {
        "y": 0,
        "x": 76,
        "height": 15,
        "width": 41
      },
      "id": 505561642011516
    },
    {
      "definition": {
        "title_size": "16",
        "title": "Admin Status",
        "title_align": "left",
        "precision": 0,
        "time": {},
        "requests": [
          {
            "q": "max:snmp.Interface.AdminStatus{$Host,$SNMP_Profile,$IP,$Interface,$InterfaceDescription}",
            "aggregator": "last",
            "conditional_formats": [
              {
                "palette": "white_on_red",
                "value": 2,
                "comparator": ">="
              },
              {
                "palette": "white_on_green",
                "value": 1,
                "comparator": ">="
              }
            ]
          }
        ],
        "type": "query_value"
      },
      "layout": {
        "y": 23,
        "x": 0,
        "height": 15,
        "width": 16
      },
      "id": 6405851532849144
    },
    {
      "definition": {
        "title_size": "16",
        "title": "Bytes In & Bytes Out",
        "title_align": "left",
        "yaxis": {
          "max": "auto",
          "scale": "linear",
          "min": "auto",
          "label": ""
        },
        "show_legend": false,
        "time": {},
        "requests": [
          {
            "q": "avg:snmp.Interface.InOctets.rate{$Host,$SNMP_Profile,$IP,$Interface,$InterfaceDescription} by {interface}",
            "style": {
              "line_width": "normal",
              "palette": "dog_classic",
              "line_type": "solid"
            },
            "display_type": "line"
          },
          {
            "q": "avg:snmp.Interface.OutOctets.rate{$Host,$SNMP_Profile,$IP,$Interface,$InterfaceDescription} by {interface}",
            "style": {
              "line_width": "normal",
              "palette": "dog_classic",
              "line_type": "solid"
            },
            "display_type": "line"
          }
        ],
        "type": "timeseries"
      },
      "layout": {
        "y": 23,
        "x": 48,
        "height": 15,
        "width": 36
      },
      "id": 2994709363489933
    },
    {
      "definition": {
        "title_size": "16",
        "title": "In & Out Broadcasts",
        "title_align": "left",
        "yaxis": {
          "max": "auto",
          "scale": "linear",
          "min": "auto",
          "label": ""
        },
        "show_legend": false,
        "time": {},
        "requests": [
          {
            "q": "avg:snmp.Interface.InBroadcastPkts{$Host,$SNMP_Profile,$Interface,$InterfaceDescription,$IP} by {interface}.as_count()",
            "style": {
              "line_width": "normal",
              "palette": "dog_classic",
              "line_type": "solid"
            },
            "display_type": "line"
          },
          {
            "q": "avg:snmp.Interface.OutBroadcastPkts{$Host,$SNMP_Profile,$Interface,$InterfaceDescription,$IP} by {interface}.as_count()",
            "style": {
              "line_width": "normal",
              "palette": "dog_classic",
              "line_type": "solid"
            },
            "display_type": "line"
          }
        ],
        "type": "timeseries"
      },
      "layout": {
        "y": 23,
        "x": 85,
        "height": 15,
        "width": 32
      },
      "id": 5805035266245993
    },
    {
      "definition": {
        "title_size": "16",
        "title": "In & Out Unicast Packets",
        "title_align": "left",
        "yaxis": {
          "max": "auto",
          "scale": "linear",
          "min": "auto",
          "label": ""
        },
        "show_legend": false,
        "time": {},
        "requests": [
          {
            "q": "avg:snmp.Interface.InUnicastPkts{$Host,$SNMP_Profile,$IP,$Interface,$InterfaceDescription} by {interface}.as_count()",
            "style": {
              "line_width": "normal",
              "palette": "dog_classic",
              "line_type": "solid"
            },
            "display_type": "line"
          },
          {
            "q": "avg:snmp.Interface.OutUnicastPkts{$Host,$SNMP_Profile,$IP,$Interface,$InterfaceDescription} by {interface}.as_count()",
            "style": {
              "line_width": "normal",
              "palette": "dog_classic",
              "line_type": "solid"
            },
            "display_type": "line"
          }
        ],
        "type": "timeseries"
      },
      "layout": {
        "y": 55,
        "x": 85,
        "height": 15,
        "width": 32
      },
      "id": 2165037648817019
    },
    {
      "definition": {
        "title_size": "16",
        "title": "In & Out MultiCastPkts",
        "title_align": "left",
        "yaxis": {
          "max": "auto",
          "scale": "linear",
          "min": "auto",
          "label": ""
        },
        "show_legend": false,
        "time": {},
        "requests": [
          {
            "q": "avg:snmp.Interface.InMulticastPkts{$Host,$SNMP_Profile,$IP,$Interface,$InterfaceDescription} by {interface}.as_count()",
            "style": {
              "line_width": "normal",
              "palette": "dog_classic",
              "line_type": "solid"
            },
            "display_type": "line"
          },
          {
            "q": "avg:snmp.Interface.OutMulticastPkts{$Host,$SNMP_Profile,$IP,$Interface,$InterfaceDescription} by {interface}.as_count()",
            "style": {
              "line_width": "normal",
              "palette": "dog_classic",
              "line_type": "solid"
            },
            "display_type": "line"
          }
        ],
        "type": "timeseries"
      },
      "layout": {
        "y": 39,
        "x": 48,
        "height": 15,
        "width": 36
      },
      "id": 6870398284597286
    },
    {
      "definition": {
        "title_size": "16",
        "title": "In & Out Errors",
        "title_align": "left",
        "yaxis": {
          "max": "auto",
          "scale": "linear",
          "min": "auto",
          "label": ""
        },
        "show_legend": false,
        "time": {},
        "requests": [
          {
            "q": "avg:snmp.Interface.InErrors{$Interface,$InterfaceDescription,$Host,$SNMP_Profile,$IP} by {interface}.as_count()",
            "style": {
              "line_width": "normal",
              "palette": "dog_classic",
              "line_type": "solid"
            },
            "display_type": "area"
          },
          {
            "q": "avg:snmp.Interface.OutErrors{$Interface,$InterfaceDescription,$Host,$SNMP_Profile,$IP} by {interface}.as_count()",
            "style": {
              "line_width": "normal",
              "palette": "dog_classic",
              "line_type": "solid"
            },
            "display_type": "line"
          }
        ],
        "type": "timeseries"
      },
      "layout": {
        "y": 39,
        "x": 85,
        "height": 15,
        "width": 32
      },
      "id": 1875703427171014
    },
    {
      "definition": {
        "title_size": "16",
        "title": "Operation Status",
        "title_align": "left",
        "precision": 0,
        "time": {},
        "requests": [
          {
            "q": "max:snmp.Interface.OperStatus{$Host,$SNMP_Profile,$Interface,$IP,$InterfaceDescription}",
            "aggregator": "last",
            "conditional_formats": [
              {
                "palette": "white_on_red",
                "value": 2,
                "comparator": ">="
              },
              {
                "palette": "white_on_green",
                "value": 1,
                "comparator": ">="
              }
            ]
          }
        ],
        "type": "query_value"
      },
      "layout": {
        "y": 23,
        "x": 17,
        "height": 15,
        "width": 15
      },
      "id": 6312262541847752
    },
    {
      "definition": {
        "title_size": "16",
        "title": "Interface Speed",
        "title_align": "left",
        "custom_unit": "b/s",
        "precision": 0,
        "time": {},
        "requests": [
          {
            "q": "max:snmp.Interface.Speed{$Interface,$InterfaceDescription,$Host,$SNMP_Profile,$IP}",
            "aggregator": "last"
          }
        ],
        "type": "query_value"
      },
      "layout": {
        "y": 23,
        "x": 33,
        "height": 15,
        "width": 14
      },
      "id": 2959040513372326
    },
    {
      "definition": {
        "custom_links": [],
        "title_size": "16",
        "title": "Local Interfaces",
        "title_align": "left",
        "requests": [
          {
            "q": "avg:snmp.Interface.AdminStatus{$Interface,$InterfaceDescription,$Host,$IP,$SNMP_Profile} by {interface,interfacedescription}",
            "aggregator": "last",
            "alias": "Admin Status"
          },
          {
            "q": "avg:snmp.Interface.OperStatus{$Interface,$InterfaceDescription,$Host,$IP,$SNMP_Profile} by {interface,interfacedescription}",
            "aggregator": "last",
            "limit": 100,
            "order": "asc",
            "alias": "Oper Status"
          },
          {
            "q": "avg:snmp.Interface.Speed{$Interface,$InterfaceDescription,$Host,$IP,$SNMP_Profile} by {interface,interfacedescription}",
            "aggregator": "last",
            "alias": "Speed"
          }
        ],
        "type": "query_table"
      },
      "layout": {
        "y": 55,
        "x": 48,
        "height": 15,
        "width": 36
      },
      "id": 4403920538144671
    },
    {
      "definition": {
        "custom_links": [],
        "title_size": "16",
        "title": "CPU Utilization",
        "title_align": "left",
        "yaxis": {
          "max": "auto",
          "scale": "linear",
          "min": "auto",
          "label": ""
        },
        "requests": [
          {
            "q": "avg:snmp.CPU.Utilization{$SNMP_Profile,$IP,$Host}",
            "style": {
              "line_width": "normal",
              "palette": "dog_classic",
              "line_type": "solid"
            },
            "display_type": "line"
          }
        ],
        "type": "timeseries"
      },
      "layout": {
        "y": 0,
        "x": 40,
        "height": 15,
        "width": 35
      },
      "id": 6728173052223768
    },
    {
      "definition": {
        "tick_pos": "50%",
        "show_tick": true,
        "type": "note",
        "tick_edge": "bottom",
        "text_align": "center",
        "content": "Interfaces",
        "font_size": "24",
        "background_color": "white"
      },
      "layout": {
        "y": 16,
        "x": 0,
        "height": 6,
        "width": 117
      },
      "id": 3539715957196574
    },
    {
      "definition": {
        "custom_links": [],
        "title_size": "16",
        "title": "% Utilization In",
        "title_align": "left",
        "custom_unit": "%",
        "precision": 3,
        "requests": [
          {
            "q": "avg:snmp.Interface.InOctets.rate{$InterfaceDescription,$Interface,$Host,$SNMP_Profile,$IP}/avg:snmp.Interface.Speed{$InterfaceDescription,$Interface,$Host,$SNMP_Profile,$IP}/10000",
            "aggregator": "last"
          }
        ],
        "type": "query_value"
      },
      "layout": {
        "y": 39,
        "x": 0,
        "height": 15,
        "width": 23
      },
      "id": 3323757446995716
    },
    {
      "definition": {
        "custom_links": [],
        "title_size": "16",
        "title": "% Utilization Out",
        "title_align": "left",
        "custom_unit": "%",
        "precision": 3,
        "requests": [
          {
            "q": "avg:snmp.Interface.OutOctets.rate{$InterfaceDescription,$Interface,$Host,$SNMP_Profile,$IP}/avg:snmp.Interface.Speed{$InterfaceDescription,$Interface,$Host,$SNMP_Profile,$IP}/10000",
            "aggregator": "last"
          }
        ],
        "type": "query_value"
      },
      "layout": {
        "y": 39,
        "x": 24,
        "height": 15,
        "width": 23
      },
      "id": 7049382239944800
    },
    {
      "definition": {
        "custom_links": [],
        "title_size": "16",
        "title": "Interface Utilization (%)",
        "title_align": "left",
        "yaxis": {
          "max": "auto",
          "include_zero": true,
          "scale": "linear",
          "min": "auto",
          "label": ""
        },
        "show_legend": false,
        "requests": [
          {
            "q": "avg:snmp.Interface.InOctets.rate{$InterfaceDescription,$Interface,$Host,$SNMP_Profile,$IP} by {interface}/avg:snmp.Interface.Speed{$InterfaceDescription,$Interface,$Host,$SNMP_Profile,$IP} by {interface}/10000",
            "style": {
              "line_width": "normal",
              "palette": "dog_classic",
              "line_type": "solid"
            },
            "display_type": "line"
          },
          {
            "q": "avg:snmp.Interface.OutOctets.rate{$InterfaceDescription,$Interface,$Host,$SNMP_Profile,$IP} by {interface}/avg:snmp.Interface.Speed{$InterfaceDescription,$Interface,$Host,$SNMP_Profile,$IP} by {interface}/10000",
            "style": {
              "line_width": "normal",
              "palette": "dog_classic",
              "line_type": "solid"
            },
            "display_type": "line"
          }
        ],
        "type": "timeseries"
      },
      "layout": {
        "y": 55,
        "x": 0,
        "height": 15,
        "width": 47
      },
      "id": 7927136005038904
    }
  ],
  "layout_type": "free"
}