{
  "notify_list": null,
  "description": "### This dashboard allows you to monitor Kubernetes Jobs and CronJobs. (cloned)",
  "restricted_roles": [],
  "template_variables": [
    {
      "default": "*",
      "prefix": null,
      "name": "scope",
      "available_values": []
    },
    {
      "default": "*",
      "prefix": "kube_cluster_name",
      "name": "cluster",
      "available_values": []
    },
    {
      "default": "*",
      "prefix": "kube_namespace",
      "name": "namespace",
      "available_values": []
    },
    {
      "default": "*",
      "prefix": "kube_deployment",
      "name": "deployment",
      "available_values": []
    },
    {
      "default": "*",
      "prefix": "node",
      "name": "node",
      "available_values": []
    },
    {
      "default": "*",
      "prefix": "kube_cronjob",
      "name": "kube_cronjob",
      "available_values": []
    },
    {
      "default": "*",
      "prefix": "kube_job",
      "name": "kube_job",
      "available_values": []
    }
  ],
  "is_read_only": false,
  "title": "[TEMPLATE] - Kubernetes Jobs and CronJobs Overview",
  "reflow_type": "fixed",
  "widgets": [
    {
      "definition": {
        "widgets": [
          {
            "definition": {
              "font_size": "14",
              "background_color": "white",
              "type": "note",
              "tick_edge": "left",
              "text_align": "left",
              "content": "# Menu \n- [ General Overview](https://pwc-digital.datadoghq.com/dashboard/3jc-7k6-bu4/template---kubernetes-general-overview---rapdev?tpl_var_cluster=$cluster.value&tpl_var_scope=$scope&tpl_var_namespace=$namespace.value&tpl_var_deployment=$deployment.value&live=true)\n- [Pod Overview](https://pwc-digital.datadoghq.com/dashboard/f8n-di9-g2s/template---kubernetes-pods-overview---rapdev?tpl_var_cluster=$cluster.value&tpl_var_scope=$scope&tpl_var_namespace=$namespace.value&tpl_var_deployment=$deployment.value&live=true)\n- [Nodes Overview](https://pwc-digital.datadoghq.com/dashboard/jd2-8dr-cb3/template---kubernetes-nodes-overview---rapdev?tpl_var_cluster=$cluster.value&tpl_var_scope=$scope&tpl_var_namespace=$namespace.value&tpl_var_deployment=$deployment.value&live=true)\n- [Jobs and CronJobs Overview](https://pwc-digital.datadoghq.com/dashboard/w57-nzv-ctd/template---kubernetes-jobs-and-cronjobs-overview---rapdev?tpl_var_cluster=$cluster.value&tpl_var_scope=$scope&tpl_var_namespace=$namespace.value&tpl_var_deployment=$deployment.value&live=true)\n\n\nNOTE: If the dashboard name is changed the urls in the list above must be updated to match the new ID and name. This can be done by replacing the content after `/dashboard/` and before `?tpl_var_cluster`. If the links are not updated they will default to the template dashboards. ",
              "vertical_align": "top",
              "has_padding": true,
              "show_tick": false,
              "tick_pos": "50%"
            },
            "layout": {
              "y": 0,
              "x": 0,
              "width": 2,
              "height": 3
            },
            "id": 149006697774234
          },
          {
            "definition": {
              "title_size": "16",
              "title": "Current Jobs",
              "title_align": "left",
              "custom_unit": "jobs",
              "precision": 0,
              "requests": [
                {
                  "q": "sum:kubernetes_state.job.count{$cluster,$cluster,$kube_cronjob,$deployment,$scope,$node}",
                  "aggregator": "last",
                  "conditional_formats": [
                    {
                      "palette": "white_on_green",
                      "comparator": ">",
                      "value": 0
                    }
                  ]
                }
              ],
              "type": "query_value"
            },
            "layout": {
              "y": 0,
              "x": 2,
              "width": 2,
              "height": 3
            },
            "id": 495495303234449
          },
          {
            "definition": {
              "title_size": "16",
              "legend_columns": [
                "avg",
                "min",
                "max",
                "value",
                "sum"
              ],
              "yaxis": {
                "include_zero": true,
                "label": "",
                "scale": "linear",
                "min": "auto",
                "max": "auto"
              },
              "title_align": "left",
              "markers": [],
              "legend_layout": "auto",
              "show_legend": false,
              "title": "Number of distinct Jobs",
              "requests": [
                {
                  "formulas": [
                    {
                      "alias": "Jobs",
                      "formula": "forecast(query1, 'seasonal', 1)"
                    }
                  ],
                  "style": {
                    "line_width": "normal",
                    "palette": "dog_classic",
                    "line_type": "solid"
                  },
                  "display_type": "line",
                  "response_format": "timeseries",
                  "queries": [
                    {
                      "query": "sum:kubernetes_state.job.count{$cluster,$cluster,$kube_cronjob,$deployment,$scope,$node}",
                      "data_source": "metrics",
                      "name": "query1"
                    }
                  ]
                }
              ],
              "type": "timeseries"
            },
            "layout": {
              "y": 0,
              "x": 4,
              "width": 8,
              "height": 3
            },
            "id": 4633946546415220
          },
          {
            "definition": {
              "title_size": "16",
              "title": "Successful Job Pods",
              "title_align": "left",
              "custom_unit": "pods",
              "precision": 0,
              "autoscale": true,
              "requests": [
                {
                  "q": "sum:kubernetes_state.job.succeeded{$cluster,$cluster,$kube_cronjob,$deployment,$scope,$node}.as_count()",
                  "aggregator": "sum",
                  "conditional_formats": [
                    {
                      "palette": "green_on_white",
                      "comparator": ">",
                      "value": 0
                    }
                  ]
                }
              ],
              "type": "query_value"
            },
            "layout": {
              "y": 3,
              "x": 0,
              "width": 2,
              "height": 2
            },
            "id": 3697942345670966
          },
          {
            "definition": {
              "title_size": "16",
              "legend_columns": [
                "avg",
                "min",
                "max",
                "value",
                "sum"
              ],
              "yaxis": {
                "include_zero": true,
                "label": "",
                "scale": "linear",
                "min": "auto",
                "max": "auto"
              },
              "title_align": "left",
              "markers": [],
              "legend_layout": "auto",
              "show_legend": true,
              "title": "Number of successful Job Pods",
              "requests": [
                {
                  "formulas": [
                    {
                      "alias": "Succeeded Pods",
                      "formula": "query1"
                    }
                  ],
                  "style": {
                    "line_width": "normal",
                    "palette": "green",
                    "line_type": "solid"
                  },
                  "response_format": "timeseries",
                  "on_right_yaxis": false,
                  "display_type": "bars",
                  "queries": [
                    {
                      "query": "sum:kubernetes_state.job.succeeded{$cluster,$cluster,$kube_cronjob,$deployment,$scope,$node}.as_count()",
                      "data_source": "metrics",
                      "name": "query1"
                    }
                  ]
                }
              ],
              "type": "timeseries"
            },
            "layout": {
              "y": 3,
              "x": 2,
              "width": 4,
              "height": 2
            },
            "id": 6081756008356946
          },
          {
            "definition": {
              "title_size": "16",
              "title": "Failed Job Pods",
              "title_align": "left",
              "custom_unit": "pods",
              "precision": 0,
              "autoscale": true,
              "requests": [
                {
                  "q": "sum:kubernetes_state.job.failed{$cluster,$cluster,$kube_cronjob,$deployment,$scope,$node}.as_count()",
                  "aggregator": "sum",
                  "conditional_formats": [
                    {
                      "palette": "red_on_white",
                      "comparator": ">",
                      "value": 0
                    }
                  ]
                }
              ],
              "type": "query_value"
            },
            "layout": {
              "y": 3,
              "x": 6,
              "width": 2,
              "height": 2
            },
            "id": 8095652452993779
          },
          {
            "definition": {
              "title_size": "16",
              "legend_columns": [
                "avg",
                "min",
                "max",
                "value",
                "sum"
              ],
              "yaxis": {
                "include_zero": true,
                "label": "",
                "scale": "linear",
                "min": "auto",
                "max": "auto"
              },
              "title_align": "left",
              "markers": [],
              "legend_layout": "auto",
              "show_legend": true,
              "title": "Number of failed Job Pods",
              "requests": [
                {
                  "formulas": [
                    {
                      "alias": "Failed Pods",
                      "formula": "query1"
                    }
                  ],
                  "style": {
                    "line_width": "normal",
                    "palette": "warm",
                    "line_type": "solid"
                  },
                  "response_format": "timeseries",
                  "on_right_yaxis": false,
                  "display_type": "bars",
                  "queries": [
                    {
                      "query": "sum:kubernetes_state.job.failed{$cluster,$cluster,$kube_cronjob,$deployment,$scope,$node}.as_count()",
                      "data_source": "metrics",
                      "name": "query1"
                    }
                  ]
                }
              ],
              "type": "timeseries"
            },
            "layout": {
              "y": 3,
              "x": 8,
              "width": 4,
              "height": 2
            },
            "id": 2489289306317092
          },
          {
            "definition": {
              "title_size": "16",
              "legend_columns": [
                "avg",
                "min",
                "max",
                "value",
                "sum"
              ],
              "yaxis": {
                "include_zero": true,
                "label": "",
                "scale": "linear",
                "min": "auto",
                "max": "auto"
              },
              "title_align": "left",
              "markers": [],
              "legend_layout": "auto",
              "show_legend": true,
              "title": "CPU requests, limits, and usage",
              "requests": [
                {
                  "formulas": [
                    {
                      "alias": "CPU requests",
                      "formula": "query1"
                    },
                    {
                      "alias": "CPU limits",
                      "formula": "query3"
                    },
                    {
                      "alias": "CPU usage",
                      "formula": "query2 / 1000000000"
                    }
                  ],
                  "style": {
                    "line_width": "normal",
                    "palette": "dog_classic",
                    "line_type": "solid"
                  },
                  "display_type": "line",
                  "response_format": "timeseries",
                  "queries": [
                    {
                      "query": "sum:kubernetes.cpu.requests{$cluster,$namespace,$kube_job,$cluster,$kube_cronjob,$deployment,$scope,$node}",
                      "data_source": "metrics",
                      "name": "query1"
                    },
                    {
                      "query": "sum:kubernetes.cpu.limits{$cluster,$namespace,$kube_job,$cluster,$kube_cronjob,$deployment,$scope,$node}",
                      "data_source": "metrics",
                      "name": "query3"
                    },
                    {
                      "query": "sum:kubernetes.cpu.usage.total{$cluster,$namespace,$kube_job,$cluster,$kube_cronjob,$deployment,$scope,$node}",
                      "data_source": "metrics",
                      "name": "query2"
                    }
                  ]
                }
              ],
              "type": "timeseries"
            },
            "layout": {
              "y": 5,
              "x": 0,
              "width": 6,
              "height": 3
            },
            "id": 5976272967560328
          },
          {
            "definition": {
              "title_size": "16",
              "legend_columns": [
                "avg",
                "min",
                "max",
                "value",
                "sum"
              ],
              "yaxis": {
                "include_zero": true,
                "label": "",
                "scale": "linear",
                "min": "auto",
                "max": "auto"
              },
              "title_align": "left",
              "markers": [],
              "legend_layout": "auto",
              "show_legend": true,
              "title": "Memory requests, limits, and usage",
              "requests": [
                {
                  "formulas": [
                    {
                      "alias": "Memory requests",
                      "formula": "query1"
                    },
                    {
                      "alias": "Memory RSS",
                      "formula": "query2"
                    },
                    {
                      "alias": "Memory limits",
                      "formula": "query3"
                    }
                  ],
                  "style": {
                    "line_width": "normal",
                    "palette": "dog_classic",
                    "line_type": "solid"
                  },
                  "display_type": "line",
                  "response_format": "timeseries",
                  "queries": [
                    {
                      "query": "sum:kubernetes.memory.requests{$cluster,$namespace,$kube_job,$cluster,$kube_cronjob,$deployment,$scope,$node}",
                      "data_source": "metrics",
                      "name": "query1"
                    },
                    {
                      "query": "sum:kubernetes.memory.rss{$cluster,$namespace,$kube_job,$cluster,$kube_cronjob,$deployment,$scope,$node}",
                      "data_source": "metrics",
                      "name": "query2"
                    },
                    {
                      "query": "sum:kubernetes.memory.limits{$cluster,$namespace,$kube_job,$cluster,$kube_cronjob,$deployment,$scope,$node}",
                      "data_source": "metrics",
                      "name": "query3"
                    }
                  ]
                }
              ],
              "type": "timeseries"
            },
            "layout": {
              "y": 5,
              "x": 6,
              "width": 6,
              "height": 3
            },
            "id": 3689528099455169
          },
          {
            "definition": {
              "title_size": "16",
              "legend_columns": [
                "avg",
                "min",
                "max",
                "value",
                "sum"
              ],
              "yaxis": {
                "include_zero": true,
                "label": "",
                "scale": "linear",
                "min": "auto",
                "max": "auto"
              },
              "title_align": "left",
              "markers": [],
              "legend_layout": "auto",
              "show_legend": false,
              "title": "Cronjobs by Job count",
              "requests": [
                {
                  "formulas": [
                    {
                      "alias": "Jobs",
                      "formula": "exclude_null(query1)"
                    }
                  ],
                  "style": {
                    "line_width": "normal",
                    "palette": "dog_classic",
                    "line_type": "solid"
                  },
                  "display_type": "line",
                  "response_format": "timeseries",
                  "queries": [
                    {
                      "query": "sum:kubernetes_state.job.count{$cluster,owner_kind:cronjob,$cluster,$kube_cronjob,$deployment,$scope,$node} by {owner_name}",
                      "data_source": "metrics",
                      "name": "query1"
                    }
                  ]
                }
              ],
              "type": "timeseries"
            },
            "layout": {
              "y": 8,
              "x": 0,
              "width": 6,
              "height": 3
            },
            "id": 7620774346478920
          },
          {
            "definition": {
              "title_size": "16",
              "legend_columns": [
                "avg",
                "min",
                "max",
                "value",
                "sum"
              ],
              "yaxis": {
                "include_zero": true,
                "label": "",
                "scale": "linear",
                "min": "auto",
                "max": "auto"
              },
              "title_align": "left",
              "markers": [],
              "legend_layout": "auto",
              "show_legend": false,
              "title": "Number of Jobs per cluster",
              "requests": [
                {
                  "formulas": [
                    {
                      "alias": "Jobs",
                      "formula": "exclude_null(query1)"
                    }
                  ],
                  "style": {
                    "line_width": "normal",
                    "palette": "dog_classic",
                    "line_type": "solid"
                  },
                  "display_type": "line",
                  "response_format": "timeseries",
                  "queries": [
                    {
                      "query": "sum:kubernetes_state.job.count{$cluster,$cluster,$kube_cronjob,$deployment,$scope,$node} by {kube_cluster_name}",
                      "data_source": "metrics",
                      "name": "query1"
                    }
                  ]
                }
              ],
              "type": "timeseries"
            },
            "layout": {
              "y": 8,
              "x": 6,
              "width": 6,
              "height": 3
            },
            "id": 3115489599066434
          },
          {
            "definition": {
              "title_size": "16",
              "requests": [
                {
                  "q": "top(sum:kubernetes_state.job.count{$cluster,owner_kind:cronjob,$cluster,$kube_cronjob,$deployment,$scope,$node} by {owner_name}, 50, 'mean', 'desc')",
                  "aggregator": "last",
                  "limit": 10,
                  "order": "desc",
                  "alias": "Last number of Jobs"
                },
                {
                  "q": "top(sum:kubernetes_state.job.count{$cluster,owner_kind:cronjob,$cluster,$kube_cronjob,$deployment,$scope,$node} by {owner_name}, 50, 'mean', 'desc')",
                  "aggregator": "avg",
                  "alias": "Average number of Jobs"
                }
              ],
              "title_align": "left",
              "type": "query_table",
              "title": "Top Cronjobs by Job count"
            },
            "layout": {
              "y": 11,
              "x": 0,
              "width": 6,
              "height": 3
            },
            "id": 1511746031025034
          },
          {
            "definition": {
              "title_size": "16",
              "requests": [
                {
                  "q": "top(sum:kubernetes_state.job.count{$cluster,$cluster,$kube_cronjob,$deployment,$scope,$node} by {kube_cluster_name}, 25, 'last', 'desc')",
                  "aggregator": "avg",
                  "alias": "Average number of Jobs"
                },
                {
                  "q": "top(sum:kubernetes_state.job.succeeded{$cluster,$cluster,$kube_cronjob,$deployment,$scope,$node} by {kube_cluster_name}.as_count(), 25, 'last', 'desc')",
                  "aggregator": "sum",
                  "alias": "# of successful Job Pods"
                },
                {
                  "q": "top(sum:kubernetes_state.job.failed{$cluster,$cluster,$kube_cronjob,$deployment,$scope,$node} by {kube_cluster_name}.as_count(), 25, 'last', 'desc')",
                  "aggregator": "sum",
                  "limit": 10,
                  "order": "desc",
                  "alias": "# of failed job Pods"
                }
              ],
              "title_align": "left",
              "type": "query_table",
              "title": "Number of Jobs per cluster"
            },
            "layout": {
              "y": 11,
              "x": 6,
              "width": 6,
              "height": 3
            },
            "id": 7493103153404182
          }
        ],
        "type": "group",
        "layout_type": "ordered",
        "background_color": "blue",
        "title": "Overview"
      },
      "layout": {
        "y": 0,
        "x": 0,
        "width": 12,
        "height": 15
      },
      "id": 0
    },
    {
      "definition": {
        "widgets": [
          {
            "definition": {
              "title_size": "16",
              "requests": [
                {
                  "formulas": [
                    {
                      "alias": "CPU usage",
                      "cell_display_mode": "bar",
                      "limit": {
                        "count": 5,
                        "order": "desc"
                      },
                      "formula": "exclude_null(query1)"
                    },
                    {
                      "alias": "Memory usage",
                      "cell_display_mode": "bar",
                      "formula": "exclude_null(query2)"
                    },
                    {
                      "alias": "Network read bytes",
                      "cell_display_mode": "bar",
                      "formula": "exclude_null(query3)"
                    },
                    {
                      "alias": "Network transmitted bytes",
                      "cell_display_mode": "bar",
                      "formula": "exclude_null(query4)"
                    },
                    {
                      "alias": "Disk read",
                      "cell_display_mode": "bar",
                      "formula": "exclude_null(query5)"
                    },
                    {
                      "alias": "Disk write",
                      "cell_display_mode": "bar",
                      "formula": "exclude_null(query6)"
                    }
                  ],
                  "response_format": "scalar",
                  "queries": [
                    {
                      "query": "sum:kubernetes.cpu.usage.total{$kube_job,$cluster,$kube_cronjob,$deployment,$scope,$node} by {kube_cluster_name,kube_namespace,kube_job}",
                      "data_source": "metrics",
                      "name": "query1",
                      "aggregator": "avg"
                    },
                    {
                      "query": "sum:kubernetes.memory.usage{$kube_job,$cluster,$kube_cronjob,$deployment,$scope,$node} by {kube_cluster_name,kube_namespace,kube_job}",
                      "data_source": "metrics",
                      "name": "query2",
                      "aggregator": "avg"
                    },
                    {
                      "query": "sum:kubernetes.network.rx_bytes{$kube_job,$cluster,$kube_cronjob,$deployment,$scope,$node} by {kube_cluster_name,kube_namespace,kube_job}",
                      "data_source": "metrics",
                      "name": "query3",
                      "aggregator": "avg"
                    },
                    {
                      "query": "sum:kubernetes.network.tx_bytes{$kube_job,$cluster,$kube_cronjob,$deployment,$scope,$node} by {kube_cluster_name,kube_namespace,kube_job}",
                      "data_source": "metrics",
                      "name": "query4",
                      "aggregator": "avg"
                    },
                    {
                      "query": "sum:kubernetes.io.read_bytes{$kube_job,$cluster,$kube_cronjob,$deployment,$scope,$node} by {kube_cluster_name,kube_namespace,kube_job}",
                      "data_source": "metrics",
                      "name": "query5",
                      "aggregator": "avg"
                    },
                    {
                      "query": "sum:kubernetes.io.write_bytes{$kube_job,$cluster,$kube_cronjob,$deployment,$scope,$node} by {kube_cluster_name,kube_namespace,kube_job}",
                      "data_source": "metrics",
                      "name": "query6",
                      "aggregator": "avg"
                    }
                  ]
                }
              ],
              "title_align": "left",
              "type": "query_table",
              "title": "Jobs resources consumption"
            },
            "layout": {
              "y": 0,
              "x": 0,
              "width": 12,
              "height": 3
            },
            "id": 5568031515431654
          },
          {
            "definition": {
              "title_size": "16",
              "legend_columns": [
                "avg",
                "min",
                "max",
                "value",
                "sum"
              ],
              "yaxis": {
                "include_zero": false
              },
              "title_align": "left",
              "markers": [],
              "legend_layout": "auto",
              "show_legend": false,
              "title": "CPU usage by Job",
              "requests": [
                {
                  "formulas": [
                    {
                      "alias": "CPU usage",
                      "formula": "exclude_null(query1)"
                    }
                  ],
                  "style": {
                    "line_width": "normal",
                    "palette": "dog_classic",
                    "line_type": "solid"
                  },
                  "display_type": "line",
                  "response_format": "timeseries",
                  "queries": [
                    {
                      "query": "sum:kubernetes.cpu.usage.total{$kube_job,$cluster,$kube_cronjob,$deployment,$scope,$node} by {kube_cluster_name,kube_namespace,kube_job}",
                      "data_source": "metrics",
                      "name": "query1"
                    }
                  ]
                }
              ],
              "type": "timeseries"
            },
            "layout": {
              "y": 3,
              "x": 0,
              "width": 4,
              "height": 3
            },
            "id": 513833055520238
          },
          {
            "definition": {
              "title_size": "16",
              "legend_columns": [
                "avg",
                "min",
                "max",
                "value",
                "sum"
              ],
              "yaxis": {
                "include_zero": true,
                "label": "",
                "scale": "linear",
                "min": "auto",
                "max": "auto"
              },
              "title_align": "left",
              "markers": [],
              "legend_layout": "auto",
              "show_legend": false,
              "title": "Memory usage by Job",
              "requests": [
                {
                  "formulas": [
                    {
                      "alias": "Memory usage",
                      "formula": "exclude_null(query1)"
                    }
                  ],
                  "style": {
                    "line_width": "normal",
                    "palette": "dog_classic",
                    "line_type": "solid"
                  },
                  "display_type": "line",
                  "response_format": "timeseries",
                  "queries": [
                    {
                      "query": "sum:kubernetes.memory.usage{$kube_job,$cluster,$kube_cronjob,$deployment,$scope,$node} by {kube_cluster_name,kube_namespace,kube_job}",
                      "data_source": "metrics",
                      "name": "query1"
                    }
                  ]
                }
              ],
              "type": "timeseries"
            },
            "layout": {
              "y": 3,
              "x": 4,
              "width": 4,
              "height": 3
            },
            "id": 2022201690431970
          },
          {
            "definition": {
              "title_size": "16",
              "legend_columns": [
                "avg",
                "min",
                "max",
                "value",
                "sum"
              ],
              "yaxis": {
                "include_zero": true,
                "label": "",
                "scale": "linear",
                "min": "auto",
                "max": "auto"
              },
              "title_align": "left",
              "markers": [],
              "legend_layout": "auto",
              "show_legend": false,
              "title": "Disk usage by Job",
              "requests": [
                {
                  "formulas": [
                    {
                      "alias": "Read bytes",
                      "formula": "exclude_null(query1)"
                    }
                  ],
                  "style": {
                    "line_width": "normal",
                    "palette": "cool",
                    "line_type": "solid"
                  },
                  "response_format": "timeseries",
                  "on_right_yaxis": false,
                  "display_type": "bars",
                  "queries": [
                    {
                      "query": "sum:kubernetes.io.read_bytes{$kube_job,$cluster,$kube_cronjob,$deployment,$scope,$node} by {kube_namespace,kube_cluster_name,kube_job}",
                      "data_source": "metrics",
                      "name": "query1"
                    }
                  ]
                },
                {
                  "formulas": [
                    {
                      "alias": "Write bytes",
                      "formula": "-exclude_null(query1)"
                    }
                  ],
                  "style": {
                    "line_width": "normal",
                    "palette": "warm",
                    "line_type": "solid"
                  },
                  "response_format": "timeseries",
                  "on_right_yaxis": false,
                  "display_type": "bars",
                  "queries": [
                    {
                      "query": "sum:kubernetes.io.write_bytes{$kube_job,$cluster,$kube_cronjob,$deployment,$scope,$node} by {kube_namespace,kube_cluster_name,kube_job}",
                      "data_source": "metrics",
                      "name": "query1"
                    }
                  ]
                }
              ],
              "type": "timeseries"
            },
            "layout": {
              "y": 3,
              "x": 8,
              "width": 4,
              "height": 3
            },
            "id": 4502071610879346
          },
          {
            "definition": {
              "title_size": "16",
              "legend_columns": [
                "avg",
                "min",
                "max",
                "value",
                "sum"
              ],
              "yaxis": {
                "include_zero": true,
                "label": "",
                "scale": "linear",
                "min": "auto",
                "max": "auto"
              },
              "title_align": "left",
              "markers": [
                {
                  "display_type": "ok dashed",
                  "value": "y = 0",
                  "label": "y = 0"
                }
              ],
              "legend_layout": "auto",
              "show_legend": false,
              "title": "Network errors by Job",
              "requests": [
                {
                  "formulas": [
                    {
                      "alias": "RX errors",
                      "formula": "exclude_null(query1)"
                    },
                    {
                      "alias": "TX errors",
                      "formula": "exclude_null(query2)"
                    }
                  ],
                  "style": {
                    "line_width": "normal",
                    "palette": "warm",
                    "line_type": "solid"
                  },
                  "response_format": "timeseries",
                  "on_right_yaxis": false,
                  "display_type": "bars",
                  "queries": [
                    {
                      "query": "sum:kubernetes.network.rx_errors{$kube_job,$cluster,$kube_cronjob,$deployment,$scope,$node} by {kube_cluster_name,kube_namespace,kube_job}",
                      "data_source": "metrics",
                      "name": "query1"
                    },
                    {
                      "query": "sum:kubernetes.network.tx_errors{$kube_job,$cluster,$kube_cronjob,$deployment,$scope,$node} by {kube_cluster_name,kube_namespace,kube_job}",
                      "data_source": "metrics",
                      "name": "query2"
                    }
                  ]
                }
              ],
              "type": "timeseries"
            },
            "layout": {
              "y": 6,
              "x": 0,
              "width": 6,
              "height": 3
            },
            "id": 7240988677557072
          },
          {
            "definition": {
              "title_size": "16",
              "legend_columns": [
                "avg",
                "min",
                "max",
                "value",
                "sum"
              ],
              "yaxis": {
                "include_zero": true,
                "label": "",
                "scale": "linear",
                "min": "auto",
                "max": "auto"
              },
              "title_align": "left",
              "markers": [],
              "legend_layout": "auto",
              "show_legend": false,
              "title": "Network usage (Rx / Tx rate) by Job",
              "requests": [
                {
                  "formulas": [
                    {
                      "alias": "Received bytes",
                      "formula": "exclude_null(query1)"
                    }
                  ],
                  "style": {
                    "line_width": "normal",
                    "palette": "cool",
                    "line_type": "solid"
                  },
                  "response_format": "timeseries",
                  "on_right_yaxis": false,
                  "display_type": "bars",
                  "queries": [
                    {
                      "query": "sum:kubernetes.network.rx_bytes{$kube_job,$cluster,$kube_cronjob,$deployment,$scope,$node} by {kube_namespace,kube_cluster_name,kube_job}",
                      "data_source": "metrics",
                      "name": "query1"
                    }
                  ]
                },
                {
                  "formulas": [
                    {
                      "alias": "Transmitted bytes",
                      "formula": "-exclude_null(query1)"
                    }
                  ],
                  "style": {
                    "line_width": "normal",
                    "palette": "warm",
                    "line_type": "solid"
                  },
                  "response_format": "timeseries",
                  "on_right_yaxis": false,
                  "display_type": "bars",
                  "queries": [
                    {
                      "query": "sum:kubernetes.network.tx_bytes{$kube_job,$cluster,$kube_cronjob,$deployment,$scope,$node} by {kube_namespace,kube_cluster_name,kube_job}",
                      "data_source": "metrics",
                      "name": "query1"
                    }
                  ]
                }
              ],
              "type": "timeseries"
            },
            "layout": {
              "y": 6,
              "x": 6,
              "width": 6,
              "height": 3
            },
            "id": 6825427277535870
          }
        ],
        "type": "group",
        "layout_type": "ordered",
        "background_color": "pink",
        "title": "Jobs overview"
      },
      "layout": {
        "y": 15,
        "x": 0,
        "width": 12,
        "height": 10
      },
      "id": 1
    },
    {
      "definition": {
        "title": "CronJob overview",
        "type": "group",
        "show_title": true,
        "widgets": [
          {
            "definition": {
              "title_size": "16",
              "requests": [
                {
                  "aggregator": "avg",
                  "cell_display_mode": [
                    "bar"
                  ],
                  "q": "top(exclude_null(sum:kubernetes.cpu.usage.total{$cluster,$namespace,$kube_job,$cluster,$kube_cronjob,$deployment,$scope,$node} by {kube_cluster_name,kube_namespace,kube_cronjob}), 10, 'mean', 'desc')",
                  "alias": "CPU usage",
                  "limit": 10,
                  "order": "desc"
                },
                {
                  "q": "top(exclude_null(sum:kubernetes.memory.usage{$cluster,$namespace,$kube_job,$cluster,$kube_cronjob,$deployment,$scope,$node} by {kube_cluster_name,kube_namespace,kube_cronjob}), 10, 'mean', 'desc')",
                  "aggregator": "avg",
                  "cell_display_mode": [
                    "bar"
                  ],
                  "alias": "Memory usage"
                },
                {
                  "q": "top(exclude_null(sum:kubernetes.network.rx_bytes{$cluster,$namespace,$kube_job,$cluster,$kube_cronjob,$deployment,$scope,$node} by {kube_cluster_name,kube_namespace,kube_cronjob}), 10, 'mean', 'desc')",
                  "aggregator": "avg",
                  "cell_display_mode": [
                    "bar"
                  ],
                  "alias": "Network read bytes"
                },
                {
                  "q": "top(exclude_null(sum:kubernetes.network.tx_bytes{$cluster,$namespace,$kube_job,$cluster,$kube_cronjob,$deployment,$scope,$node} by {kube_cluster_name,kube_namespace,kube_cronjob}), 10, 'mean', 'desc')",
                  "aggregator": "avg",
                  "cell_display_mode": [
                    "bar"
                  ],
                  "alias": "Network transmitted bytes"
                },
                {
                  "q": "top(exclude_null(sum:kubernetes.io.read_bytes{$cluster,$namespace,$kube_job,$cluster,$kube_cronjob,$deployment,$scope,$node} by {kube_cluster_name,kube_namespace,kube_cronjob}), 10, 'mean', 'desc')",
                  "aggregator": "avg",
                  "cell_display_mode": [
                    "bar"
                  ],
                  "alias": "Disk read"
                },
                {
                  "q": "top(exclude_null(sum:kubernetes.io.write_bytes{$cluster,$namespace,$kube_job,$cluster,$kube_cronjob,$deployment,$scope,$node} by {kube_cluster_name,kube_namespace,kube_cronjob}), 10, 'mean', 'desc')",
                  "aggregator": "avg",
                  "cell_display_mode": [
                    "bar"
                  ],
                  "alias": "Disk write"
                }
              ],
              "title_align": "left",
              "type": "query_table",
              "title": "CronJobs resources consumption"
            },
            "layout": {
              "y": 0,
              "x": 0,
              "width": 12,
              "height": 3
            },
            "id": 4331347145875336
          },
          {
            "definition": {
              "title_size": "16",
              "legend_columns": [
                "avg",
                "min",
                "max",
                "value",
                "sum"
              ],
              "yaxis": {
                "include_zero": false
              },
              "title_align": "left",
              "markers": [],
              "legend_layout": "auto",
              "show_legend": false,
              "title": "CPU usage by CronJob",
              "requests": [
                {
                  "formulas": [
                    {
                      "alias": "CPU usage",
                      "formula": "exclude_null(query1)"
                    }
                  ],
                  "style": {
                    "line_width": "normal",
                    "palette": "dog_classic",
                    "line_type": "solid"
                  },
                  "display_type": "line",
                  "response_format": "timeseries",
                  "queries": [
                    {
                      "query": "sum:kubernetes.cpu.usage.total{$cluster,$kube_cronjob,$deployment,$scope,$node} by {kube_cluster_name,kube_namespace,kube_cronjob}",
                      "data_source": "metrics",
                      "name": "query1"
                    }
                  ]
                }
              ],
              "type": "timeseries"
            },
            "layout": {
              "y": 3,
              "x": 0,
              "width": 4,
              "height": 3
            },
            "id": 6707953278415024
          },
          {
            "definition": {
              "title_size": "16",
              "legend_columns": [
                "avg",
                "min",
                "max",
                "value",
                "sum"
              ],
              "yaxis": {
                "include_zero": true,
                "label": "",
                "scale": "linear",
                "min": "auto",
                "max": "auto"
              },
              "title_align": "left",
              "markers": [],
              "legend_layout": "auto",
              "show_legend": false,
              "title": "Memory usage by CronJob",
              "requests": [
                {
                  "formulas": [
                    {
                      "alias": "Memory usage",
                      "formula": "exclude_null(query1)"
                    }
                  ],
                  "style": {
                    "line_width": "normal",
                    "palette": "dog_classic",
                    "line_type": "solid"
                  },
                  "display_type": "line",
                  "response_format": "timeseries",
                  "queries": [
                    {
                      "query": "sum:kubernetes.memory.usage{$cluster,$kube_cronjob,$deployment,$scope,$node} by {kube_cluster_name,kube_namespace,kube_cronjob}",
                      "data_source": "metrics",
                      "name": "query1"
                    }
                  ]
                }
              ],
              "type": "timeseries"
            },
            "layout": {
              "y": 3,
              "x": 4,
              "width": 4,
              "height": 3
            },
            "id": 8213158952686726
          },
          {
            "definition": {
              "title_size": "16",
              "legend_columns": [
                "avg",
                "min",
                "max",
                "value",
                "sum"
              ],
              "yaxis": {
                "include_zero": true,
                "label": "",
                "scale": "linear",
                "min": "auto",
                "max": "auto"
              },
              "title_align": "left",
              "markers": [],
              "legend_layout": "auto",
              "show_legend": false,
              "title": "Disk usage by CronJob",
              "requests": [
                {
                  "formulas": [
                    {
                      "alias": "Read bytes",
                      "formula": "exclude_null(query1)"
                    }
                  ],
                  "style": {
                    "line_width": "normal",
                    "palette": "cool",
                    "line_type": "solid"
                  },
                  "response_format": "timeseries",
                  "on_right_yaxis": false,
                  "display_type": "bars",
                  "queries": [
                    {
                      "query": "sum:kubernetes.io.read_bytes{$cluster,$kube_cronjob,$deployment,$scope,$node} by {kube_namespace,kube_cluster_name,kube_cronjob}",
                      "data_source": "metrics",
                      "name": "query1"
                    }
                  ]
                },
                {
                  "formulas": [
                    {
                      "alias": "Write bytes",
                      "formula": "-exclude_null(query1)"
                    }
                  ],
                  "style": {
                    "line_width": "normal",
                    "palette": "warm",
                    "line_type": "solid"
                  },
                  "response_format": "timeseries",
                  "on_right_yaxis": false,
                  "display_type": "bars",
                  "queries": [
                    {
                      "query": "sum:kubernetes.io.write_bytes{$cluster,$kube_cronjob,$deployment,$scope,$node} by {kube_namespace,kube_cluster_name,kube_cronjob}",
                      "data_source": "metrics",
                      "name": "query1"
                    }
                  ]
                }
              ],
              "type": "timeseries"
            },
            "layout": {
              "y": 3,
              "x": 8,
              "width": 4,
              "height": 3
            },
            "id": 8375686906918214
          },
          {
            "definition": {
              "title_size": "16",
              "legend_columns": [
                "avg",
                "min",
                "max",
                "value",
                "sum"
              ],
              "yaxis": {
                "include_zero": true,
                "label": "",
                "scale": "linear",
                "min": "auto",
                "max": "auto"
              },
              "title_align": "left",
              "markers": [
                {
                  "display_type": "ok dashed",
                  "value": "y = 0",
                  "label": "y = 0"
                }
              ],
              "legend_layout": "auto",
              "show_legend": true,
              "title": "Network errors by CronJob",
              "requests": [
                {
                  "formulas": [
                    {
                      "alias": "RX errors",
                      "formula": "exclude_null(query1)"
                    },
                    {
                      "alias": "TX errors",
                      "formula": "exclude_null(query2)"
                    }
                  ],
                  "style": {
                    "line_width": "normal",
                    "palette": "warm",
                    "line_type": "solid"
                  },
                  "response_format": "timeseries",
                  "on_right_yaxis": false,
                  "display_type": "bars",
                  "queries": [
                    {
                      "query": "sum:kubernetes.network.rx_errors{$cluster,$kube_cronjob,$deployment,$scope,$node} by {kube_cluster_name,kube_namespace,kube_cronjob}",
                      "data_source": "metrics",
                      "name": "query1"
                    },
                    {
                      "query": "sum:kubernetes.network.tx_errors{$cluster,$kube_cronjob,$deployment,$scope,$node} by {kube_cluster_name,kube_namespace,kube_cronjob}",
                      "data_source": "metrics",
                      "name": "query2"
                    }
                  ]
                }
              ],
              "type": "timeseries"
            },
            "layout": {
              "y": 6,
              "x": 0,
              "width": 6,
              "height": 3
            },
            "id": 3942798973980899
          },
          {
            "definition": {
              "title_size": "16",
              "legend_columns": [
                "avg",
                "min",
                "max",
                "value",
                "sum"
              ],
              "yaxis": {
                "include_zero": true,
                "label": "",
                "scale": "linear",
                "min": "auto",
                "max": "auto"
              },
              "title_align": "left",
              "markers": [],
              "legend_layout": "auto",
              "show_legend": false,
              "title": "Network usage (Rx / Tx rate) by CronJob",
              "requests": [
                {
                  "formulas": [
                    {
                      "alias": "Received bytes",
                      "formula": "exclude_null(query1)"
                    }
                  ],
                  "style": {
                    "line_width": "normal",
                    "palette": "cool",
                    "line_type": "solid"
                  },
                  "response_format": "timeseries",
                  "on_right_yaxis": false,
                  "display_type": "bars",
                  "queries": [
                    {
                      "query": "sum:kubernetes.network.rx_bytes{$cluster,$kube_cronjob,$deployment,$scope,$node} by {kube_namespace,kube_cluster_name,kube_cronjob}",
                      "data_source": "metrics",
                      "name": "query1"
                    }
                  ]
                },
                {
                  "formulas": [
                    {
                      "alias": "Transmitted bytes",
                      "formula": "-exclude_null(query1)"
                    }
                  ],
                  "style": {
                    "line_width": "normal",
                    "palette": "warm",
                    "line_type": "solid"
                  },
                  "response_format": "timeseries",
                  "on_right_yaxis": false,
                  "display_type": "bars",
                  "queries": [
                    {
                      "query": "sum:kubernetes.network.tx_bytes{$cluster,$kube_cronjob,$deployment,$scope,$node} by {kube_namespace,kube_cluster_name,kube_cronjob}",
                      "data_source": "metrics",
                      "name": "query1"
                    }
                  ]
                }
              ],
              "type": "timeseries"
            },
            "layout": {
              "y": 6,
              "x": 6,
              "width": 6,
              "height": 3
            },
            "id": 8486397881003725
          }
        ],
        "layout_type": "ordered",
        "background_color": "purple"
      },
      "layout": {
        "y": 25,
        "x": 0,
        "is_column_break": true,
        "width": 12,
        "height": 10
      },
      "id": 2
    }
  ],
  "layout_type": "ordered"
}