{
  "notify_list": [],
  "description": "",
  "restricted_roles": [],
  "template_variables": [
    {
      "default": "*",
      "prefix": "interface",
      "name": "Interface"
    },
    {
      "default": "*",
      "prefix": "interfacedescription",
      "name": "InterfaceDescription"
    },
    {
      "default": "rd-meraki-switch",
      "prefix": "snmp_profile",
      "name": "SNMP_Profile"
    },
    {
      "default": "*",
      "prefix": "snmp_device",
      "name": "IP"
    },
    {
      "default": "*",
      "prefix": "devicename",
      "name": "DeviceName"
    },
    {
      "default": "*",
      "prefix": "networkname",
      "name": "NetworkName"
    },
    {
      "default": "*",
      "prefix": "productcode",
      "name": "Product"
    }
  ],
  "is_read_only": false,
  "title": "RapDev Cisco Meraki Dashboard",
  "widgets": [
    {
      "definition": {
        "title_size": "16",
        "title": "Meraki Clients Connected",
        "title_align": "left",
        "precision": 2,
        "time": {},
        "requests": [
          {
            "q": "sum:snmp.DeviceClientCount{$IP,$DeviceName,$NetworkName,$Product,snmp_profile:rd-meraki-cloudcontroller}",
            "aggregator": "avg"
          }
        ],
        "type": "query_value"
      },
      "layout": {
        "y": 0,
        "x": 0,
        "height": 15,
        "width": 38
      },
      "id": 8621652685419251
    },
    {
      "definition": {
        "title_size": "16",
        "title": "Meraki Devices Online",
        "title_align": "left",
        "precision": 2,
        "time": {},
        "requests": [
          {
            "q": "sum:snmp.DeviceStatus{$IP,$DeviceName,$NetworkName,$Product,snmp_profile:rd-meraki-cloudcontroller}",
            "aggregator": "last"
          }
        ],
        "type": "query_value"
      },
      "layout": {
        "y": 0,
        "x": 39,
        "height": 15,
        "width": 36
      },
      "id": 4338144443322930
    },
    {
      "definition": {
        "title_size": "16",
        "title": "Top Client Connections by Network Name",
        "title_align": "left",
        "time": {},
        "requests": [
          {
            "q": "top(sum:snmp.DeviceClientCount{$DeviceName,$NetworkName,$Product,snmp_profile:rd-meraki-cloudcontroller} by {networkname}, 10, 'last', 'desc')"
          }
        ],
        "type": "toplist"
      },
      "layout": {
        "y": 16,
        "x": 0,
        "height": 15,
        "width": 38
      },
      "id": 5402704674265497
    },
    {
      "definition": {
        "title_size": "16",
        "title": "Top Client Connections by Device",
        "title_align": "left",
        "time": {},
        "requests": [
          {
            "q": "top(sum:snmp.DeviceClientCount{$DeviceName,$NetworkName,$Product,snmp_profile:rd-meraki-cloudcontroller} by {devicename}, 10, 'last', 'desc')"
          }
        ],
        "type": "toplist"
      },
      "layout": {
        "y": 16,
        "x": 39,
        "height": 15,
        "width": 36
      },
      "id": 8248967691186749
    },
    {
      "definition": {
        "title_size": "16",
        "title": "Top Client Connections by Product Type",
        "title_align": "left",
        "time": {},
        "requests": [
          {
            "q": "top(sum:snmp.DeviceClientCount{$DeviceName,$NetworkName,$Product,snmp_profile:rd-meraki-cloudcontroller} by {productcode}, 10, 'max', 'desc')"
          }
        ],
        "type": "toplist"
      },
      "layout": {
        "y": 16,
        "x": 76,
        "height": 15,
        "width": 41
      },
      "id": 6954929254163056
    },
    {
      "definition": {
        "title_size": "16",
        "title": "Clients per Network",
        "title_align": "left",
        "yaxis": {
          "max": "auto",
          "scale": "linear",
          "min": "auto",
          "label": ""
        },
        "show_legend": false,
        "time": {},
        "requests": [
          {
            "q": "sum:snmp.DeviceClientCount{$DeviceName,$NetworkName,$Product,snmp_profile:rd-meraki-cloudcontroller} by {networkname}",
            "style": {
              "line_width": "normal",
              "palette": "dog_classic",
              "line_type": "solid"
            },
            "display_type": "line"
          }
        ],
        "type": "timeseries"
      },
      "layout": {
        "y": 39,
        "x": 0,
        "height": 15,
        "width": 38
      },
      "id": 5300356738745629
    },
    {
      "definition": {
        "title_size": "16",
        "title": "Clients per Device",
        "title_align": "left",
        "yaxis": {
          "max": "auto",
          "scale": "linear",
          "min": "auto",
          "label": ""
        },
        "show_legend": false,
        "time": {},
        "requests": [
          {
            "q": "sum:snmp.DeviceClientCount{$DeviceName,$NetworkName,$Product,snmp_profile:rd-meraki-cloudcontroller} by {devicename}",
            "style": {
              "line_width": "normal",
              "palette": "dog_classic",
              "line_type": "solid"
            },
            "display_type": "line"
          }
        ],
        "type": "timeseries"
      },
      "layout": {
        "y": 39,
        "x": 39,
        "height": 15,
        "width": 36
      },
      "id": 3744450423157351
    },
    {
      "definition": {
        "title_size": "16",
        "yaxis": {
          "max": "auto",
          "scale": "linear",
          "min": "auto",
          "label": ""
        },
        "title_align": "left",
        "markers": [
          {
            "display_type": "error dashed",
            "value": "y = 0",
            "label": " Problem "
          },
          {
            "display_type": "ok dashed",
            "value": "y = 1",
            "label": " OK "
          }
        ],
        "show_legend": false,
        "time": {},
        "title": "Meraki Device Status",
        "requests": [
          {
            "q": "min:snmp.DeviceStatus{$DeviceName,$NetworkName,$Product,snmp_profile:rd-meraki-cloudcontroller} by {devicename}",
            "style": {
              "line_width": "normal",
              "palette": "dog_classic",
              "line_type": "solid"
            },
            "display_type": "line"
          }
        ],
        "type": "timeseries"
      },
      "layout": {
        "y": 39,
        "x": 76,
        "height": 15,
        "width": 41
      },
      "id": 5875651785569316
    },
    {
      "definition": {
        "title_size": "16",
        "title": "Interface Packets Send/Receive",
        "title_align": "left",
        "yaxis": {
          "max": "auto",
          "scale": "linear",
          "min": "auto",
          "label": ""
        },
        "show_legend": false,
        "time": {},
        "requests": [
          {
            "q": "avg:snmp.Device.Interface.RecvPkts{$Interface,snmp_profile:rd-meraki-cloudcontroller} by {interface}",
            "style": {
              "line_width": "normal",
              "palette": "dog_classic",
              "line_type": "solid"
            },
            "display_type": "line"
          },
          {
            "q": "avg:snmp.Device.Interface.SentPkts{$Interface,snmp_profile:rd-meraki-cloudcontroller} by {interface}",
            "style": {
              "line_width": "normal",
              "palette": "dog_classic",
              "line_type": "solid"
            },
            "display_type": "line"
          }
        ],
        "type": "timeseries"
      },
      "layout": {
        "y": 62,
        "x": 0,
        "height": 15,
        "width": 38
      },
      "id": 6296900489388556
    },
    {
      "definition": {
        "title_size": "16",
        "title": "Interface Bytes Send/Receive",
        "title_align": "left",
        "yaxis": {
          "max": "auto",
          "scale": "linear",
          "min": "auto",
          "label": ""
        },
        "show_legend": false,
        "time": {},
        "requests": [
          {
            "q": "avg:snmp.Device.Interface.RecvBytes{$Interface,snmp_profile:rd-meraki-cloudcontroller} by {interface}",
            "style": {
              "line_width": "normal",
              "palette": "dog_classic",
              "line_type": "solid"
            },
            "display_type": "line"
          },
          {
            "q": "avg:snmp.Device.Interface.SentBytes{$Interface,snmp_profile:rd-meraki-cloudcontroller} by {interface}",
            "style": {
              "line_width": "normal",
              "palette": "dog_classic",
              "line_type": "solid"
            },
            "display_type": "line"
          }
        ],
        "type": "timeseries"
      },
      "layout": {
        "y": 62,
        "x": 39,
        "height": 15,
        "width": 36
      },
      "id": 4738992096224403
    },
    {
      "definition": {
        "title_size": "16",
        "title": "Device Throughput by Interface",
        "title_align": "left",
        "time": {},
        "requests": [
          {
            "q": "top(sum:snmp.Device.Interface.RecvBytes{$DeviceName,$NetworkName,$Product,snmp_profile:rd-meraki-cloudcontroller} by {interface}, 10, 'last', 'desc')"
          }
        ],
        "type": "toplist"
      },
      "layout": {
        "y": 62,
        "x": 76,
        "height": 15,
        "width": 41
      },
      "id": 2563713232269355
    },
    {
      "definition": {
        "title_size": "16",
        "title": "Admin Status",
        "title_align": "left",
        "precision": 0,
        "time": {},
        "requests": [
          {
            "q": "max:snmp.Interface.AdminStatus{$IP,$Interface,$InterfaceDescription,$SNMP_Profile}",
            "aggregator": "last",
            "conditional_formats": [
              {
                "palette": "white_on_red",
                "value": 2,
                "comparator": ">="
              },
              {
                "palette": "white_on_green",
                "value": 1,
                "comparator": ">="
              }
            ]
          }
        ],
        "type": "query_value"
      },
      "layout": {
        "y": 85,
        "x": 0,
        "height": 15,
        "width": 16
      },
      "id": 7251075657890975
    },
    {
      "definition": {
        "title_size": "16",
        "title": "Bytes In & Bytes Out",
        "title_align": "left",
        "yaxis": {
          "max": "auto",
          "include_zero": true,
          "scale": "linear",
          "min": "auto",
          "label": ""
        },
        "show_legend": false,
        "time": {},
        "requests": [
          {
            "q": "avg:snmp.Interface.InOctets.rate{$SNMP_Profile,$IP,$InterfaceDescription,$Interface} by {interface}",
            "style": {
              "line_width": "normal",
              "palette": "dog_classic",
              "line_type": "solid"
            },
            "display_type": "line"
          },
          {
            "q": "avg:snmp.Interface.OutOctets.rate{$SNMP_Profile,$IP,$InterfaceDescription,$Interface} by {interface}",
            "style": {
              "line_width": "normal",
              "palette": "dog_classic",
              "line_type": "solid"
            },
            "display_type": "line"
          }
        ],
        "type": "timeseries"
      },
      "layout": {
        "y": 85,
        "x": 48,
        "height": 15,
        "width": 36
      },
      "id": 585824710611001
    },
    {
      "definition": {
        "title_size": "16",
        "title": "In & Out Broadcasts",
        "title_align": "left",
        "yaxis": {
          "max": "auto",
          "include_zero": true,
          "scale": "linear",
          "min": "auto",
          "label": ""
        },
        "show_legend": false,
        "time": {},
        "requests": [
          {
            "q": "avg:snmp.Interface.InBroadcastPkts{$SNMP_Profile,$InterfaceDescription,$Interface,$IP} by {interface}",
            "style": {
              "line_width": "normal",
              "palette": "dog_classic",
              "line_type": "solid"
            },
            "display_type": "line"
          },
          {
            "q": "avg:snmp.Interface.OutBroadcastPkts{$SNMP_Profile,$InterfaceDescription,$Interface,$IP} by {interface}",
            "style": {
              "line_width": "normal",
              "palette": "dog_classic",
              "line_type": "solid"
            },
            "display_type": "line"
          }
        ],
        "type": "timeseries"
      },
      "layout": {
        "y": 85,
        "x": 85,
        "height": 15,
        "width": 32
      },
      "id": 4878396324921466
    },
    {
      "definition": {
        "title_size": "16",
        "title": "In & Out Unicast Packets",
        "title_align": "left",
        "yaxis": {
          "max": "auto",
          "scale": "linear",
          "min": "auto",
          "label": ""
        },
        "show_legend": false,
        "time": {},
        "requests": [
          {
            "q": "avg:snmp.Interface.InUnicastPkts{$IP,$Interface,$InterfaceDescription,$SNMP_Profile} by {interface}.as_count()",
            "style": {
              "line_width": "normal",
              "palette": "dog_classic",
              "line_type": "solid"
            },
            "display_type": "line"
          },
          {
            "q": "avg:snmp.Interface.OutUnicastPkts{$IP,$Interface,$InterfaceDescription,$SNMP_Profile} by {interface}.as_count()",
            "style": {
              "line_width": "normal",
              "palette": "dog_classic",
              "line_type": "solid"
            },
            "display_type": "line"
          }
        ],
        "type": "timeseries"
      },
      "layout": {
        "y": 117,
        "x": 85,
        "height": 15,
        "width": 32
      },
      "id": 8663577097452210
    },
    {
      "definition": {
        "title_size": "16",
        "title": "In & Out MultiCastPkts",
        "title_align": "left",
        "yaxis": {
          "max": "auto",
          "scale": "linear",
          "min": "auto",
          "label": ""
        },
        "show_legend": false,
        "time": {},
        "requests": [
          {
            "q": "avg:snmp.Interface.InMulticastPkts{$IP,$Interface,$InterfaceDescription,$SNMP_Profile} by {interface}.as_count()",
            "style": {
              "line_width": "normal",
              "palette": "dog_classic",
              "line_type": "solid"
            },
            "display_type": "line"
          },
          {
            "q": "avg:snmp.Interface.OutMulticastPkts{$IP,$Interface,$InterfaceDescription,$SNMP_Profile} by {interface}.as_count()",
            "style": {
              "line_width": "normal",
              "palette": "dog_classic",
              "line_type": "solid"
            },
            "display_type": "line"
          }
        ],
        "type": "timeseries"
      },
      "layout": {
        "y": 101,
        "x": 48,
        "height": 15,
        "width": 36
      },
      "id": 6832243975741060
    },
    {
      "definition": {
        "title_size": "16",
        "title": "In & Out Errors",
        "title_align": "left",
        "yaxis": {
          "max": "auto",
          "scale": "linear",
          "min": "auto",
          "label": ""
        },
        "show_legend": false,
        "time": {},
        "requests": [
          {
            "q": "avg:snmp.Interface.InErrors{$Interface,$InterfaceDescription,$IP,$SNMP_Profile} by {interface}.as_count()",
            "style": {
              "line_width": "normal",
              "palette": "dog_classic",
              "line_type": "solid"
            },
            "display_type": "area"
          },
          {
            "q": "avg:snmp.Interface.OutErrors{$Interface,$InterfaceDescription,$IP,$SNMP_Profile} by {interface}.as_count()",
            "style": {
              "line_width": "normal",
              "palette": "dog_classic",
              "line_type": "solid"
            },
            "display_type": "line"
          }
        ],
        "type": "timeseries"
      },
      "layout": {
        "y": 101,
        "x": 85,
        "height": 15,
        "width": 32
      },
      "id": 585682559634339
    },
    {
      "definition": {
        "title_size": "16",
        "title": "Operation Status",
        "title_align": "left",
        "precision": 0,
        "time": {},
        "requests": [
          {
            "q": "max:snmp.Interface.OperStatus{$SNMP_Profile,$InterfaceDescription,$IP,$Interface}",
            "aggregator": "last",
            "conditional_formats": [
              {
                "palette": "white_on_red",
                "value": 2,
                "comparator": ">="
              },
              {
                "palette": "white_on_green",
                "value": 1,
                "comparator": ">="
              }
            ]
          }
        ],
        "type": "query_value"
      },
      "layout": {
        "y": 85,
        "x": 17,
        "height": 15,
        "width": 15
      },
      "id": 5934328292737413
    },
    {
      "definition": {
        "custom_links": [],
        "title_size": "16",
        "title": "Interface Speed",
        "title_align": "left",
        "custom_unit": "b/s",
        "precision": 2,
        "requests": [
          {
            "q": "max:snmp.Interface.Speed{$Interface,$InterfaceDescription,$IP,$SNMP_Profile}",
            "aggregator": "last"
          }
        ],
        "type": "query_value"
      },
      "layout": {
        "y": 85,
        "x": 33,
        "height": 15,
        "width": 14
      },
      "id": 1576637738092872
    },
    {
      "definition": {
        "custom_links": [],
        "title_size": "16",
        "title": "Local Interfaces",
        "title_align": "left",
        "requests": [
          {
            "q": "avg:snmp.Interface.AdminStatus{$Interface,$InterfaceDescription,$IP,$SNMP_Profile} by {interface,interfacedescription}",
            "aggregator": "last",
            "alias": "Admin Status"
          },
          {
            "q": "avg:snmp.Interface.OperStatus{$Interface,$InterfaceDescription,$IP,$SNMP_Profile} by {interface,interfacedescription}",
            "aggregator": "last",
            "limit": 100,
            "order": "asc",
            "alias": "Oper Status"
          },
          {
            "q": "avg:snmp.Interface.Speed{$Interface,$InterfaceDescription,$IP,$SNMP_Profile} by {interface,interfacedescription}",
            "aggregator": "last",
            "alias": "Speed"
          }
        ],
        "type": "query_table"
      },
      "layout": {
        "y": 117,
        "x": 48,
        "height": 15,
        "width": 36
      },
      "id": 7609282799359072
    },
    {
      "definition": {
        "custom_links": [],
        "title_size": "16",
        "title": "% Utilization In",
        "title_align": "left",
        "custom_unit": "%",
        "precision": 3,
        "requests": [
          {
            "q": "avg:snmp.Interface.InOctets.rate{$InterfaceDescription,$Interface,$SNMP_Profile,$IP}/avg:snmp.Interface.Speed{$InterfaceDescription,$Interface,$SNMP_Profile,$IP}/10000",
            "aggregator": "last"
          }
        ],
        "type": "query_value"
      },
      "layout": {
        "y": 101,
        "x": 0,
        "height": 15,
        "width": 23
      },
      "id": 7319904167616221
    },
    {
      "definition": {
        "custom_links": [],
        "title_size": "16",
        "title": "% Utilization Out",
        "title_align": "left",
        "custom_unit": "%",
        "precision": 3,
        "requests": [
          {
            "q": "avg:snmp.Interface.OutOctets.rate{$InterfaceDescription,$Interface,$SNMP_Profile,$IP}/avg:snmp.Interface.Speed{$InterfaceDescription,$Interface,$SNMP_Profile,$IP}/10000",
            "aggregator": "last"
          }
        ],
        "type": "query_value"
      },
      "layout": {
        "y": 101,
        "x": 24,
        "height": 15,
        "width": 23
      },
      "id": 711718831111353
    },
    {
      "definition": {
        "custom_links": [],
        "title_size": "16",
        "title": "Interface Utilization (%)",
        "title_align": "left",
        "yaxis": {
          "max": "auto",
          "include_zero": true,
          "scale": "linear",
          "min": "auto",
          "label": ""
        },
        "show_legend": false,
        "requests": [
          {
            "q": "avg:snmp.Interface.InOctets.rate{$InterfaceDescription,$Interface,$SNMP_Profile,$IP} by {interface}/avg:snmp.Interface.Speed{$InterfaceDescription,$Interface,$SNMP_Profile,$IP} by {interface}/10000",
            "style": {
              "line_width": "normal",
              "palette": "dog_classic",
              "line_type": "solid"
            },
            "display_type": "line"
          },
          {
            "q": "avg:snmp.Interface.OutOctets.rate{$InterfaceDescription,$Interface,$SNMP_Profile,$IP} by {interface}/avg:snmp.Interface.Speed{$InterfaceDescription,$Interface,$SNMP_Profile,$IP} by {interface}/10000",
            "style": {
              "line_width": "normal",
              "palette": "dog_classic",
              "line_type": "solid"
            },
            "display_type": "line"
          }
        ],
        "type": "timeseries"
      },
      "layout": {
        "y": 117,
        "x": 0,
        "height": 15,
        "width": 47
      },
      "id": 626740438176397
    },
    {
      "definition": {
        "custom_links": [],
        "title_size": "16",
        "title": "System Up Time",
        "title_align": "left",
        "custom_unit": "Days",
        "precision": 2,
        "requests": [
          {
            "q": "avg:snmp.sysUpTimeInstance{$SNMP_Profile,$IP,$DeviceName}/8640000",
            "aggregator": "avg"
          }
        ],
        "type": "query_value"
      },
      "layout": {
        "y": 0,
        "x": 76,
        "height": 15,
        "width": 41
      },
      "id": 3915810089166053
    },
    {
      "definition": {
        "tick_pos": "50%",
        "show_tick": true,
        "type": "note",
        "tick_edge": "bottom",
        "text_align": "center",
        "content": "Meraki Device Details",
        "font_size": "24",
        "background_color": "white"
      },
      "layout": {
        "y": 32,
        "x": 0,
        "height": 6,
        "width": 117
      },
      "id": 5588077094683467
    },
    {
      "definition": {
        "tick_pos": "50%",
        "show_tick": true,
        "type": "note",
        "tick_edge": "bottom",
        "text_align": "center",
        "content": "Meraki Interface Throughput",
        "font_size": "24",
        "background_color": "white"
      },
      "layout": {
        "y": 55,
        "x": 0,
        "height": 6,
        "width": 117
      },
      "id": 3690199445333648
    },
    {
      "definition": {
        "tick_pos": "50%",
        "show_tick": true,
        "type": "note",
        "tick_edge": "bottom",
        "text_align": "center",
        "content": "Switch Interfaces",
        "font_size": "24",
        "background_color": "white"
      },
      "layout": {
        "y": 78,
        "x": 0,
        "height": 6,
        "width": 117
      },
      "id": 2001379436265232
    }
  ],
  "layout_type": "free"
}