{
  "notify_list": [],
  "description": "",
  "restricted_roles": [],
  "template_variables": [
    {
      "default": "*",
      "prefix": "interfacedescription",
      "name": "InterfaceDescription"
    },
    {
      "default": "*",
      "prefix": "interface",
      "name": "Interface"
    },
    {
      "default": "*",
      "prefix": "host",
      "name": "Host"
    },
    {
      "default": "rd-axis-video",
      "prefix": "snmp_profile",
      "name": "SNMP_Profile"
    },
    {
      "default": "*",
      "prefix": "snmp_device",
      "name": "IP"
    },
    {
      "default": "*",
      "prefix": "sysname",
      "name": "Sysname"
    }
  ],
  "is_read_only": false,
  "title": "RapDev Axis Video Dashboard",
  "widgets": [
    {
      "definition": {
        "custom_links": [],
        "title_size": "16",
        "title": "System Up Time",
        "title_align": "left",
        "custom_unit": "Days",
        "precision": 2,
        "requests": [
          {
            "q": "avg:snmp.sysUpTimeInstance{$Host,$SNMP_Profile,$IP,$Sysname}/8640000",
            "aggregator": "avg"
          }
        ],
        "type": "query_value"
      },
      "layout": {
        "y": 7,
        "x": 85,
        "height": 15,
        "width": 32
      },
      "id": 6150975695390820
    },
    {
      "definition": {
        "custom_links": [],
        "title_size": "16",
        "title": "Admin Status",
        "title_align": "left",
        "precision": 0,
        "requests": [
          {
            "q": "max:snmp.Interface.AdminStatus{$Host,$SNMP_Profile,$IP,$InterfaceDescription,$Interface,$Sysname}",
            "aggregator": "last",
            "conditional_formats": [
              {
                "palette": "white_on_red",
                "value": 2,
                "comparator": ">="
              },
              {
                "palette": "white_on_green",
                "value": 1,
                "comparator": ">="
              }
            ]
          }
        ],
        "type": "query_value"
      },
      "layout": {
        "y": 7,
        "x": 0,
        "height": 15,
        "width": 16
      },
      "id": 292042206378786
    },
    {
      "definition": {
        "custom_links": [],
        "title_size": "16",
        "title": "Bytes In & Bytes Out",
        "title_align": "left",
        "yaxis": {
          "max": "auto",
          "include_zero": true,
          "scale": "linear",
          "min": "auto",
          "label": ""
        },
        "show_legend": false,
        "requests": [
          {
            "q": "avg:snmp.Interface.InOctets.rate{$Host,$SNMP_Profile,$IP,$InterfaceDescription,$Interface,$Sysname} by {interface}",
            "style": {
              "line_width": "normal",
              "palette": "dog_classic",
              "line_type": "solid"
            },
            "display_type": "line"
          },
          {
            "q": "avg:snmp.Interface.OutOctets.rate{$Host,$SNMP_Profile,$IP,$InterfaceDescription,$Interface,$Sysname} by {interface}",
            "style": {
              "line_width": "normal",
              "palette": "dog_classic",
              "line_type": "solid"
            },
            "display_type": "line"
          }
        ],
        "type": "timeseries"
      },
      "layout": {
        "y": 7,
        "x": 48,
        "height": 15,
        "width": 36
      },
      "id": 4568655895385652
    },
    {
      "definition": {
        "custom_links": [],
        "title_size": "16",
        "title": "In & Out Unicast Packets",
        "title_align": "left",
        "yaxis": {
          "max": "auto",
          "include_zero": true,
          "scale": "linear",
          "min": "auto",
          "label": ""
        },
        "show_legend": false,
        "requests": [
          {
            "q": "avg:snmp.Interface.InUnicastPkts{$Host,$SNMP_Profile,$IP,$InterfaceDescription,$Interface,$Sysname} by {interface}",
            "style": {
              "line_width": "normal",
              "palette": "dog_classic",
              "line_type": "solid"
            },
            "display_type": "line"
          },
          {
            "q": "avg:snmp.Interface.OutUnicastPkts{$Host,$SNMP_Profile,$IP,$InterfaceDescription,$Interface,$Sysname} by {interface}",
            "style": {
              "line_width": "normal",
              "palette": "dog_classic",
              "line_type": "solid"
            },
            "display_type": "line"
          }
        ],
        "type": "timeseries"
      },
      "layout": {
        "y": 39,
        "x": 39,
        "height": 15,
        "width": 40
      },
      "id": 1188913128075124
    },
    {
      "definition": {
        "custom_links": [],
        "title_size": "16",
        "title": "In & Out Errors",
        "title_align": "left",
        "yaxis": {
          "max": "auto",
          "include_zero": true,
          "scale": "linear",
          "min": "auto",
          "label": ""
        },
        "show_legend": false,
        "requests": [
          {
            "q": "avg:snmp.Interface.InErrors{$InterfaceDescription,$Interface,$Host,$SNMP_Profile,$IP,$Sysname} by {interface}",
            "style": {
              "line_width": "normal",
              "palette": "dog_classic",
              "line_type": "solid"
            },
            "display_type": "area"
          },
          {
            "q": "avg:snmp.Interface.OutErrors{$InterfaceDescription,$Interface,$Host,$SNMP_Profile,$IP,$Sysname} by {interface}",
            "style": {
              "line_width": "normal",
              "palette": "dog_classic",
              "line_type": "solid"
            },
            "display_type": "line"
          }
        ],
        "type": "timeseries"
      },
      "layout": {
        "y": 23,
        "x": 85,
        "height": 15,
        "width": 32
      },
      "id": 6566345806273543
    },
    {
      "definition": {
        "custom_links": [],
        "title_size": "16",
        "title": "Operation Status",
        "title_align": "left",
        "precision": 0,
        "requests": [
          {
            "q": "max:snmp.Interface.OperStatus{$Host,$SNMP_Profile,$InterfaceDescription,$IP,$Interface,$Sysname}",
            "aggregator": "last",
            "conditional_formats": [
              {
                "palette": "white_on_red",
                "value": 2,
                "comparator": ">="
              },
              {
                "palette": "white_on_green",
                "value": 1,
                "comparator": ">="
              }
            ]
          }
        ],
        "type": "query_value"
      },
      "layout": {
        "y": 7,
        "x": 17,
        "height": 15,
        "width": 15
      },
      "id": 8061894079316184
    },
    {
      "definition": {
        "custom_links": [],
        "title_size": "16",
        "title": "Interface Speed",
        "title_align": "left",
        "custom_unit": "b/s",
        "precision": 0,
        "autoscale": true,
        "requests": [
          {
            "q": "max:snmp.Interface.Speed{$InterfaceDescription,$Interface,$Host,$SNMP_Profile,$IP,$Sysname}",
            "aggregator": "last"
          }
        ],
        "type": "query_value"
      },
      "layout": {
        "y": 7,
        "x": 33,
        "height": 15,
        "width": 14
      },
      "id": 4761066150135136
    },
    {
      "definition": {
        "custom_links": [],
        "title_size": "16",
        "title": "Local Interfaces",
        "title_align": "left",
        "requests": [
          {
            "q": "avg:snmp.Interface.AdminStatus{$SNMP_Profile,$Host,$IP,$Sysname} by {interface,interfacedescription}",
            "aggregator": "last",
            "alias": "Admin Status"
          },
          {
            "q": "avg:snmp.Interface.OperStatus{$SNMP_Profile,$Host,$IP,$Sysname} by {interface,interfacedescription}",
            "aggregator": "last",
            "limit": 100,
            "order": "asc",
            "alias": "Oper Status"
          },
          {
            "q": "avg:snmp.Interface.Speed{$SNMP_Profile,$Host,$IP,$Sysname} by {interface,interfacedescription}",
            "aggregator": "last",
            "alias": "Speed"
          }
        ],
        "type": "query_table"
      },
      "layout": {
        "y": 23,
        "x": 48,
        "height": 15,
        "width": 36
      },
      "id": 1410271902390
    },
    {
      "definition": {
        "custom_links": [],
        "title_size": "16",
        "title": "% Utilization In",
        "title_align": "left",
        "custom_unit": "%",
        "precision": 3,
        "requests": [
          {
            "q": "(avg:snmp.Interface.InOctets.rate{$InterfaceDescription,$Interface,$Host,$SNMP_Profile,$IP,$Sysname}/avg:snmp.Interface.Speed{$InterfaceDescription,$Interface,$Host,$SNMP_Profile,$IP,$Sysname})/10000",
            "aggregator": "last"
          }
        ],
        "type": "query_value"
      },
      "layout": {
        "y": 23,
        "x": 0,
        "height": 15,
        "width": 23
      },
      "id": 5801528255331768
    },
    {
      "definition": {
        "custom_links": [],
        "title_size": "16",
        "title": "% Utilization Out",
        "title_align": "left",
        "custom_unit": "%",
        "precision": 3,
        "requests": [
          {
            "q": "avg:snmp.Interface.OutOctets.rate{$InterfaceDescription,$Interface,$Host,$SNMP_Profile,$IP,$Sysname}/avg:snmp.Interface.Speed{$InterfaceDescription,$Interface,$Host,$SNMP_Profile,$IP,$Sysname}/10000",
            "aggregator": "last"
          }
        ],
        "type": "query_value"
      },
      "layout": {
        "y": 23,
        "x": 24,
        "height": 15,
        "width": 23
      },
      "id": 5874136569252219
    },
    {
      "definition": {
        "custom_links": [],
        "title_size": "16",
        "title": "Interface Utilization (%)",
        "title_align": "left",
        "yaxis": {
          "max": "auto",
          "include_zero": true,
          "scale": "linear",
          "min": "auto",
          "label": ""
        },
        "show_legend": false,
        "requests": [
          {
            "q": "avg:snmp.Interface.InOctets.rate{$InterfaceDescription,$Interface,$Host,$SNMP_Profile,$IP,$Sysname} by {interface}/avg:snmp.Interface.Speed{$InterfaceDescription,$Interface,$Host,$SNMP_Profile,$IP,$Sysname} by {interface}/10000",
            "style": {
              "line_width": "normal",
              "palette": "dog_classic",
              "line_type": "solid"
            },
            "display_type": "line"
          },
          {
            "q": "avg:snmp.Interface.OutOctets.rate{$InterfaceDescription,$Interface,$Host,$SNMP_Profile,$IP,$Sysname} by {interface}/avg:snmp.Interface.Speed{$InterfaceDescription,$Interface,$Host,$SNMP_Profile,$IP,$Sysname} by {interface}/10000",
            "style": {
              "line_width": "normal",
              "palette": "dog_classic",
              "line_type": "solid"
            },
            "display_type": "line"
          }
        ],
        "type": "timeseries"
      },
      "layout": {
        "y": 39,
        "x": 0,
        "height": 15,
        "width": 38
      },
      "id": 3256222464074201
    },
    {
      "definition": {
        "tick_pos": "50%",
        "show_tick": true,
        "type": "note",
        "tick_edge": "bottom",
        "text_align": "center",
        "content": "Temperature Sensor Stats",
        "font_size": "24",
        "background_color": "white"
      },
      "layout": {
        "y": 55,
        "x": 0,
        "height": 6,
        "width": 117
      },
      "id": 3113414655759367
    },
    {
      "definition": {
        "tick_pos": "50%",
        "show_tick": true,
        "type": "note",
        "tick_edge": "bottom",
        "text_align": "center",
        "content": "Interfaces",
        "font_size": "24",
        "background_color": "white"
      },
      "layout": {
        "y": 0,
        "x": 0,
        "height": 6,
        "width": 117
      },
      "id": 1664221096258773
    },
    {
      "definition": {
        "custom_links": [],
        "title_size": "16",
        "title": "Temperature Sensor Status",
        "title_align": "left",
        "precision": 0,
        "autoscale": true,
        "requests": [
          {
            "q": "avg:snmp.TempSensor.Status{$SNMP_Profile,$Host,$IP,$Sysname}",
            "aggregator": "avg",
            "conditional_formats": [
              {
                "palette": "white_on_green",
                "value": 1,
                "comparator": "<="
              },
              {
                "palette": "white_on_red",
                "value": 1,
                "comparator": ">"
              },
              {
                "palette": "white_on_yellow",
                "value": 2,
                "comparator": ">"
              }
            ]
          }
        ],
        "type": "query_value"
      },
      "layout": {
        "y": 62,
        "x": 0,
        "height": 15,
        "width": 22
      },
      "id": 7006754856639770
    },
    {
      "definition": {
        "custom_links": [],
        "title_size": "16",
        "title": "Temperature Sensor Value (Celsius)",
        "title_align": "left",
        "precision": 0,
        "autoscale": true,
        "requests": [
          {
            "q": "avg:snmp.TempSensor.Value{$Host,$SNMP_Profile,$IP,$Sysname}",
            "aggregator": "last"
          }
        ],
        "type": "query_value"
      },
      "layout": {
        "y": 62,
        "x": 57,
        "height": 15,
        "width": 27
      },
      "id": 597985173836970
    },
    {
      "definition": {
        "tick_pos": "50%",
        "show_tick": true,
        "type": "note",
        "tick_edge": "bottom",
        "text_align": "center",
        "content": "Storage and Casing ",
        "font_size": "24",
        "background_color": "white"
      },
      "layout": {
        "y": 78,
        "x": 0,
        "height": 6,
        "width": 117
      },
      "id": 1349936255967532
    },
    {
      "definition": {
        "custom_links": [],
        "title_size": "16",
        "title": "Storage Status",
        "title_align": "left",
        "has_search_bar": "auto",
        "requests": [
          {
            "aggregator": "avg",
            "conditional_formats": [
              {
                "palette": "white_on_green",
                "value": 1,
                "comparator": "<="
              },
              {
                "palette": "yellow_on_white",
                "value": 1,
                "comparator": ">"
              }
            ],
            "q": "avg:snmp.Storage.DisruptionDetected{$SNMP_Profile,$Host,$IP,$Sysname} by {sysname, storage_name, storage_index}",
            "alias": "Storage Disruption (No = 1, Yes = 2)",
            "limit": 50,
            "cell_display_mode": [
              "bar"
            ],
            "order": "desc"
          }
        ],
        "type": "query_table"
      },
      "layout": {
        "y": 85,
        "x": 0,
        "height": 18,
        "width": 58
      },
      "id": 1734565502200732
    },
    {
      "definition": {
        "custom_links": [],
        "title_size": "16",
        "title": "Casing Status",
        "title_align": "left",
        "has_search_bar": "auto",
        "requests": [
          {
            "aggregator": "avg",
            "cell_display_mode": [
              "bar"
            ],
            "q": "avg:snmp.Casing.Status{$SNMP_Profile,$Host,$IP,$Sysname} by {sysname, casing_name, casing_index}",
            "alias": "Casing Status (Closed = 1, Open = 2)",
            "limit": 50,
            "order": "desc"
          }
        ],
        "type": "query_table"
      },
      "layout": {
        "y": 85,
        "x": 59,
        "height": 18,
        "width": 58
      },
      "id": 1913195166621726
    },
    {
      "definition": {
        "custom_links": [],
        "title_size": "16",
        "title": "Temperature Sensor Value (Celsius)",
        "title_align": "left",
        "yaxis": {
          "max": "auto",
          "include_zero": true,
          "scale": "linear",
          "min": "auto",
          "label": ""
        },
        "show_legend": false,
        "requests": [
          {
            "q": "avg:snmp.TempSensor.Value{$Host,$SNMP_Profile,$IP,$Sysname} by {tempsensor_index,sysname,snmp_device}",
            "style": {
              "line_width": "normal",
              "palette": "dog_classic",
              "line_type": "solid"
            },
            "display_type": "line"
          }
        ],
        "type": "timeseries"
      },
      "layout": {
        "y": 62,
        "x": 85,
        "height": 15,
        "width": 32
      },
      "id": 8042981266645698
    },
    {
      "definition": {
        "custom_links": [],
        "title_size": "16",
        "yaxis": {
          "max": "auto",
          "include_zero": true,
          "scale": "linear",
          "min": "auto",
          "label": ""
        },
        "title_align": "left",
        "markers": [
          {
            "display_type": "ok dashed",
            "value": "y = 1",
            "label": "\u00a0ok\u00a0"
          },
          {
            "display_type": "error dashed",
            "value": "y = 2",
            "label": "\u00a0failure\u00a0"
          },
          {
            "display_type": "warning dashed",
            "value": "y = 3",
            "label": "\u00a0outOfBoundary\u00a0"
          }
        ],
        "show_legend": false,
        "title": "Temperature Sensor Status",
        "requests": [
          {
            "q": "avg:snmp.TempSensor.Status{$SNMP_Profile,$IP,$Host,$Sysname} by {tempsensor_index,snmp_device,sysname}",
            "style": {
              "line_width": "normal",
              "palette": "dog_classic",
              "line_type": "solid"
            },
            "display_type": "line"
          }
        ],
        "type": "timeseries"
      },
      "layout": {
        "y": 62,
        "x": 23,
        "height": 15,
        "width": 33
      },
      "id": 8021433081040284
    }
  ],
  "layout_type": "free"
}