{
  "notify_list": [],
  "description": "",
  "restricted_roles": [],
  "template_variables": [],
  "is_read_only": false,
  "title": "Nick's Dashboard Fri, Jan 7, 1:14:07 pm",
  "reflow_type": "fixed",
  "widgets": [
    {
      "definition": {
        "title_size": "16",
        "title": "Replicas Not Ready",
        "title_align": "left",
        "markers": [],
        "yaxis": {
          "include_zero": true,
          "max": "auto",
          "scale": "linear",
          "min": "auto",
          "label": ""
        },
        "show_legend": false,
        "legend_size": "0",
        "type": "timeseries",
        "requests": [
          {
            "q": "sum:kubernetes_state.daemonset.desired{*,*,*,*}-sum:kubernetes_state.daemonset.ready{*,*,*,*}",
            "style": {
              "line_width": "normal",
              "palette": "dog_classic",
              "line_type": "solid"
            },
            "display_type": "area"
          }
        ]
      },
      "layout": {
        "y": 0,
        "x": 0,
        "height": 2,
        "width": 4
      },
      "id": 718839940301338
    },
    {
      "definition": {
        "custom_links": [],
        "title_size": "16",
        "yaxis": {
          "include_zero": true,
          "max": "auto",
          "scale": "linear",
          "min": "auto",
          "label": ""
        },
        "title_align": "left",
        "show_legend": false,
        "time": {
          "live_span": "4h"
        },
        "title": "Container states",
        "legend_size": "0",
        "type": "timeseries",
        "requests": [
          {
            "q": "sum:kubernetes_state.container.running{*,*,*,*,*,*,*,*,*,*}",
            "style": {
              "line_width": "normal",
              "palette": "dog_classic",
              "line_type": "solid"
            },
            "display_type": "line"
          },
          {
            "q": "sum:kubernetes_state.container.waiting{*,*,*,*,*,*,*,*,*,*}",
            "style": {
              "line_width": "normal",
              "palette": "warm",
              "line_type": "solid"
            },
            "display_type": "line"
          },
          {
            "q": "sum:kubernetes_state.container.terminated{*,*,*,*,*,*,*,*,*,*}",
            "style": {
              "line_width": "normal",
              "palette": "grey",
              "line_type": "solid"
            },
            "display_type": "line"
          },
          {
            "q": "sum:kubernetes_state.container.ready{*,*,*,*,*,*,*,*,*,*}",
            "style": {
              "line_width": "normal",
              "palette": "grey",
              "line_type": "solid"
            },
            "display_type": "line"
          }
        ]
      },
      "layout": {
        "y": 0,
        "x": 4,
        "height": 2,
        "width": 4
      },
      "id": 8645591802027910
    }
  ],
  "layout_type": "ordered"
}