{
  "notify_list": [],
  "description": "",
  "restricted_roles": [],
  "template_variables": [
    {
      "default": "*",
      "prefix": "interface",
      "name": "Interface"
    },
    {
      "default": "*",
      "prefix": "interfacedescription",
      "name": "InterfaceDescription"
    },
    {
      "default": "*",
      "prefix": "host",
      "name": "Host"
    },
    {
      "default": "7k",
      "prefix": "model",
      "name": "Model"
    },
    {
      "default": "*",
      "prefix": "snmp_device",
      "name": "IP"
    }
  ],
  "is_read_only": false,
  "title": "Arista Switch Dashboard",
  "widgets": [
    {
      "definition": {
        "custom_links": [],
        "title_size": "16",
        "title": "CPU Usage (%)",
        "title_align": "left",
        "custom_unit": "%",
        "precision": 2,
        "autoscale": true,
        "requests": [
          {
            "q": "avg:snmp.CPUUtilization{$Host,$Model,$IP}",
            "aggregator": "avg"
          }
        ],
        "type": "query_value"
      },
      "layout": {
        "y": 0,
        "x": 53,
        "height": 15,
        "width": 52
      },
      "id": 1208988790411884
    },
    {
      "definition": {
        "custom_links": [],
        "title_size": "16",
        "title": "System Up Time",
        "title_align": "left",
        "custom_unit": "Days",
        "precision": 2,
        "autoscale": false,
        "requests": [
          {
            "q": "avg:snmp.sysUpTimeInstance{$Host,$Model,$IP}/8640000",
            "aggregator": "avg"
          }
        ],
        "type": "query_value"
      },
      "layout": {
        "y": 0,
        "x": 106,
        "height": 15,
        "width": 51
      },
      "id": 5954102058790888
    },
    {
      "definition": {
        "custom_links": [],
        "title_size": "16",
        "title": "Interface Admin Status",
        "title_align": "left",
        "precision": 2,
        "autoscale": true,
        "requests": [
          {
            "q": "avg:snmp.Interface.AdminStatus{$Host,$Model,$IP,$Interface,$InterfaceDescription}",
            "aggregator": "avg",
            "conditional_formats": [
              {
                "palette": "white_on_red",
                "value": 2,
                "comparator": ">="
              },
              {
                "palette": "white_on_green",
                "value": 1,
                "comparator": ">="
              }
            ]
          }
        ],
        "type": "query_value"
      },
      "layout": {
        "y": 25,
        "x": 0,
        "height": 15,
        "width": 47
      },
      "id": 7734231375079124
    },
    {
      "definition": {
        "custom_links": [],
        "title_size": "16",
        "title": "Bytes In & Bytes Out",
        "title_align": "left",
        "yaxis": {
          "max": "auto",
          "include_zero": true,
          "scale": "linear",
          "min": "auto",
          "label": ""
        },
        "requests": [
          {
            "q": "avg:snmp.Interface.InOctets{$Host,$Model,$IP,$Interface,$InterfaceDescription} by {interface}.as_count()",
            "style": {
              "line_width": "normal",
              "palette": "dog_classic",
              "line_type": "solid"
            },
            "display_type": "line"
          },
          {
            "q": "avg:snmp.Interface.OutOctets{$Host,$Model,$IP,$Interface,$InterfaceDescription} by {interface}.as_count()",
            "style": {
              "line_width": "normal",
              "palette": "dog_classic",
              "line_type": "solid"
            },
            "display_type": "line"
          }
        ],
        "type": "timeseries"
      },
      "layout": {
        "y": 25,
        "x": 48,
        "height": 15,
        "width": 47
      },
      "id": 7093010272292538
    },
    {
      "definition": {
        "custom_links": [],
        "title_size": "16",
        "title": "In & Out Broadcasts",
        "title_align": "left",
        "yaxis": {
          "max": "auto",
          "include_zero": true,
          "scale": "linear",
          "min": "auto",
          "label": ""
        },
        "requests": [
          {
            "q": "avg:snmp.Interface.InBroadcastPkts{$Host,$Model,$Interface,$InterfaceDescription,$IP} by {interface}.as_count()",
            "style": {
              "line_width": "normal",
              "palette": "dog_classic",
              "line_type": "solid"
            },
            "display_type": "line"
          },
          {
            "q": "avg:snmp.Interface.OutBroadcastPkts{$Host,$Model,$Interface,$InterfaceDescription,$IP} by {interface}.as_count()",
            "style": {
              "line_width": "normal",
              "palette": "dog_classic",
              "line_type": "solid"
            },
            "display_type": "line"
          }
        ],
        "type": "timeseries"
      },
      "layout": {
        "y": 25,
        "x": 96,
        "height": 15,
        "width": 47
      },
      "id": 3475794418090738
    },
    {
      "definition": {
        "custom_links": [],
        "title_size": "16",
        "title": "In & Out Unicast Packets",
        "title_align": "left",
        "yaxis": {
          "max": "auto",
          "include_zero": true,
          "scale": "linear",
          "min": "auto",
          "label": ""
        },
        "requests": [
          {
            "q": "avg:snmp.Interface.InUnicastPkts{$Host,$Model,$IP,$Interface,$InterfaceDescription} by {interface}.as_count()",
            "style": {
              "line_width": "normal",
              "palette": "dog_classic",
              "line_type": "solid"
            },
            "display_type": "line"
          },
          {
            "q": "avg:snmp.Interface.OutUnicastPkts{$Host,$Model,$IP,$Interface,$InterfaceDescription} by {interface}.as_count()",
            "style": {
              "line_width": "normal",
              "palette": "dog_classic",
              "line_type": "solid"
            },
            "display_type": "line"
          }
        ],
        "type": "timeseries"
      },
      "layout": {
        "y": 41,
        "x": 0,
        "height": 15,
        "width": 47
      },
      "id": 6875309777062984
    },
    {
      "definition": {
        "custom_links": [],
        "title_size": "16",
        "title": "In & Out MultiCastPkts",
        "title_align": "left",
        "yaxis": {
          "max": "auto",
          "include_zero": true,
          "scale": "linear",
          "min": "auto",
          "label": ""
        },
        "requests": [
          {
            "q": "avg:snmp.Interface.InMulticastPkts{$Host,$Model,$IP,$Interface,$InterfaceDescription} by {interface}.as_count()",
            "style": {
              "line_width": "normal",
              "palette": "dog_classic",
              "line_type": "solid"
            },
            "display_type": "line"
          },
          {
            "q": "avg:snmp.Interface.OutMulticastPkts{$Host,$Model,$IP,$Interface,$InterfaceDescription} by {interface}.as_count()",
            "style": {
              "line_width": "normal",
              "palette": "dog_classic",
              "line_type": "solid"
            },
            "display_type": "line"
          }
        ],
        "type": "timeseries"
      },
      "layout": {
        "y": 41,
        "x": 48,
        "height": 15,
        "width": 47
      },
      "id": 7206984541696565
    },
    {
      "definition": {
        "custom_links": [],
        "title_size": "16",
        "title": "In & Out Errors",
        "title_align": "left",
        "yaxis": {
          "max": "auto",
          "include_zero": true,
          "scale": "linear",
          "min": "auto",
          "label": ""
        },
        "requests": [
          {
            "q": "avg:snmp.Interface.InErrors{$Interface,$InterfaceDescription,$Host,$Model,$IP} by {interface}.as_count()",
            "style": {
              "line_width": "normal",
              "palette": "dog_classic",
              "line_type": "solid"
            },
            "display_type": "area"
          },
          {
            "q": "avg:snmp.Interface.OutErrors{$Interface,$InterfaceDescription,$Host,$Model,$IP} by {interface}.as_count()",
            "style": {
              "line_width": "normal",
              "palette": "dog_classic",
              "line_type": "solid"
            },
            "display_type": "line"
          }
        ],
        "type": "timeseries"
      },
      "layout": {
        "y": 41,
        "x": 96,
        "height": 15,
        "width": 47
      },
      "id": 8490512393052656
    },
    {
      "definition": {
        "custom_links": [],
        "title_size": "16",
        "title": "Interface Operation Status",
        "title_align": "left",
        "precision": 2,
        "autoscale": true,
        "requests": [
          {
            "q": "avg:snmp.Interface.OperStatus{$Host,$Model,$Interface,$IP,$InterfaceDescription}",
            "aggregator": "avg",
            "conditional_formats": [
              {
                "palette": "white_on_red",
                "value": 2,
                "comparator": ">="
              },
              {
                "palette": "white_on_green",
                "value": 1,
                "comparator": ">="
              }
            ]
          }
        ],
        "type": "query_value"
      },
      "layout": {
        "y": 57,
        "x": 0,
        "height": 15,
        "width": 47
      },
      "id": 7263522509285592
    },
    {
      "definition": {
        "custom_links": [],
        "title_size": "16",
        "title": "Interface Speed",
        "title_align": "left",
        "custom_unit": "b/s",
        "precision": 2,
        "autoscale": true,
        "requests": [
          {
            "q": "max:snmp.Interface.Speed{$Interface,$InterfaceDescription,$Host,$Model,$IP}",
            "aggregator": "last"
          }
        ],
        "type": "query_value"
      },
      "layout": {
        "y": 57,
        "x": 48,
        "height": 15,
        "width": 47
      },
      "id": 3998602319055932
    },
    {
      "definition": {
        "custom_links": [],
        "title_size": "16",
        "title": "Local Interfaces",
        "title_align": "left",
        "requests": [
          {
            "q": "avg:snmp.Interface.AdminStatus{$Interface,$InterfaceDescription,$Host,$IP,$Model} by {interface,interfacedescription}",
            "aggregator": "last",
            "alias": "Admin Status"
          },
          {
            "q": "avg:snmp.Interface.OperStatus{$Interface,$InterfaceDescription,$Host,$IP,$Model} by {interface,interfacedescription}",
            "aggregator": "last",
            "limit": 100,
            "order": "asc",
            "alias": "Oper Status"
          },
          {
            "q": "avg:snmp.Interface.Speed{$Interface,$InterfaceDescription,$Host,$IP,$Model} by {interface,interfacedescription}",
            "aggregator": "last",
            "alias": "Speed"
          }
        ],
        "type": "query_table"
      },
      "layout": {
        "y": 57,
        "x": 96,
        "height": 15,
        "width": 47
      },
      "id": 5898200547120154
    },
    {
      "definition": {
        "custom_links": [],
        "title_size": "16",
        "title": "% Utilization In",
        "title_align": "left",
        "custom_unit": "%",
        "precision": 3,
        "autoscale": false,
        "requests": [
          {
            "q": "avg:snmp.Interface.InOctets{$Interface,$InterfaceDescription,$Host,$Model,$IP}.as_rate()/avg:snmp.Interface.Speed{$Interface,$InterfaceDescription,$Host,$Model,$IP}/1000",
            "aggregator": "last"
          }
        ],
        "type": "query_value"
      },
      "layout": {
        "y": 73,
        "x": -1,
        "height": 15,
        "width": 47
      },
      "id": 487655454327073
    },
    {
      "definition": {
        "custom_links": [],
        "title_size": "16",
        "title": "% Utilization Out",
        "title_align": "left",
        "custom_unit": "%",
        "precision": 3,
        "autoscale": false,
        "requests": [
          {
            "q": "avg:snmp.Interface.OutOctets{$Interface,$InterfaceDescription,$Host,$Model,$IP}.as_rate()/avg:snmp.Interface.Speed{$Interface,$InterfaceDescription,$Host,$Model,$IP}/1000",
            "aggregator": "last"
          }
        ],
        "type": "query_value"
      },
      "layout": {
        "y": 73,
        "x": 48,
        "height": 15,
        "width": 47
      },
      "id": 5216190513969514
    },
    {
      "definition": {
        "custom_links": [],
        "title_size": "16",
        "title": "Interface Utilization (%)",
        "title_align": "left",
        "yaxis": {
          "max": "auto",
          "include_zero": true,
          "scale": "linear",
          "min": "auto",
          "label": ""
        },
        "requests": [
          {
            "q": "avg:snmp.Interface.InOctets{$Interface,$InterfaceDescription,$Host,$Model,$IP} by {interface}.as_rate()/avg:snmp.Interface.Speed{$Interface,$InterfaceDescription,$Host,$Model,$IP} by {interface}/1000",
            "style": {
              "line_width": "normal",
              "palette": "dog_classic",
              "line_type": "solid"
            },
            "display_type": "line"
          },
          {
            "q": "avg:snmp.Interface.OutOctets{$Interface,$InterfaceDescription,$Host,$Model,$IP} by {interface}.as_rate()/avg:snmp.Interface.Speed{$Interface,$InterfaceDescription,$Host,$Model,$IP} by {interface}/1000",
            "style": {
              "line_width": "normal",
              "palette": "dog_classic",
              "line_type": "solid"
            },
            "display_type": "line"
          }
        ],
        "type": "timeseries"
      },
      "layout": {
        "y": 73,
        "x": 96,
        "height": 15,
        "width": 47
      },
      "id": 4248431957876721
    },
    {
      "definition": {
        "custom_links": [],
        "title_size": "16",
        "title": "Egress / Ingress Packets Dropped",
        "title_align": "left",
        "yaxis": {
          "max": "auto",
          "include_zero": true,
          "scale": "linear",
          "min": "auto",
          "label": ""
        },
        "requests": [
          {
            "q": "avg:snmp.AristaEgressPktsDropped{$Host,$Model,$IP}.as_count()",
            "style": {
              "line_width": "normal",
              "palette": "dog_classic",
              "line_type": "solid"
            },
            "display_type": "line"
          },
          {
            "q": "avg:snmp.AristaIngressPktsDropped{$Host,$Model,$IP}.as_count()",
            "style": {
              "line_width": "normal",
              "palette": "dog_classic",
              "line_type": "solid"
            },
            "display_type": "line"
          }
        ],
        "type": "timeseries"
      },
      "layout": {
        "y": 89,
        "x": 0,
        "height": 15,
        "width": 47
      },
      "id": 4647263179668344
    },
    {
      "definition": {
        "custom_links": [],
        "title_size": "16",
        "title": "CPU Utilization",
        "title_align": "left",
        "yaxis": {
          "max": "auto",
          "include_zero": true,
          "scale": "linear",
          "min": "auto",
          "label": ""
        },
        "requests": [
          {
            "q": "avg:snmp.CPUUtilization{$Model,$IP,$Host}",
            "style": {
              "line_width": "normal",
              "palette": "dog_classic",
              "line_type": "solid"
            },
            "display_type": "line"
          }
        ],
        "type": "timeseries"
      },
      "layout": {
        "y": 0,
        "x": 0,
        "height": 15,
        "width": 52
      },
      "id": 1301624379310090
    },
    {
      "definition": {
        "tick_pos": "50%",
        "show_tick": true,
        "type": "note",
        "tick_edge": "bottom",
        "text_align": "center",
        "content": "Interfaces",
        "font_size": "18",
        "background_color": "white"
      },
      "layout": {
        "y": 16,
        "x": 12,
        "height": 8,
        "width": 120
      },
      "id": 1507607663797044
    }
  ],
  "layout_type": "free"
}