{
  "notify_list": [],
  "description": "",
  "restricted_roles": [],
  "template_variables": [],
  "is_read_only": false,
  "title": "Nick's Dashboard Tue, Nov 2, 11:52:28 am",
  "reflow_type": "fixed",
  "widgets": [
    {
      "definition": {
        "title_size": "16",
        "title": "Customers Are Happy",
        "title_align": "left",
        "precision": 2,
        "time": {},
        "autoscale": true,
        "requests": [
          {
            "conditional_formats": [
              {
                "hide_value": true,
                "palette": "custom_image",
                "image_url": "https://encrypted-tbn0.gstatic.com/images?q=tbn:ANd9GcTCpvLquIQAWj0OTkOsU3lt9R2-BcuaEug0Tw&usqp=CAU",
                "value": 1,
                "comparator": ">"
              }
            ],
            "response_format": "scalar",
            "queries": [
              {
                "query": "avg:system.cpu.user{*}",
                "data_source": "metrics",
                "name": "query1",
                "aggregator": "avg"
              }
            ]
          }
        ],
        "type": "query_value"
      },
      "layout": {
        "y": 0,
        "x": 0,
        "height": 4,
        "width": 3
      },
      "id": 7275943098252768
    },
    {
      "definition": {
        "title_size": "16",
        "title": "We're Making Money",
        "title_align": "left",
        "precision": 2,
        "time": {},
        "autoscale": true,
        "requests": [
          {
            "conditional_formats": [
              {
                "hide_value": true,
                "palette": "custom_image",
                "image_url": "https://encrypted-tbn0.gstatic.com/images?q=tbn:ANd9GcTCpvLquIQAWj0OTkOsU3lt9R2-BcuaEug0Tw&usqp=CAU",
                "value": 1,
                "comparator": ">"
              }
            ],
            "response_format": "scalar",
            "queries": [
              {
                "query": "avg:system.cpu.user{*}",
                "data_source": "metrics",
                "name": "query1",
                "aggregator": "avg"
              }
            ]
          }
        ],
        "type": "query_value"
      },
      "layout": {
        "y": 0,
        "x": 3,
        "height": 4,
        "width": 3
      },
      "id": 1716107965883732
    },
    {
      "definition": {
        "title_size": "16",
        "title": "Email Blasts Are On Time",
        "title_align": "left",
        "precision": 2,
        "time": {},
        "autoscale": true,
        "requests": [
          {
            "conditional_formats": [
              {
                "hide_value": true,
                "palette": "custom_image",
                "image_url": "https://www.emojirequest.com/images/MehEmoji.jpg",
                "value": 1,
                "comparator": ">"
              }
            ],
            "response_format": "scalar",
            "queries": [
              {
                "query": "avg:system.cpu.user{*}",
                "data_source": "metrics",
                "name": "query1",
                "aggregator": "avg"
              }
            ]
          }
        ],
        "type": "query_value"
      },
      "layout": {
        "y": 0,
        "x": 6,
        "height": 4,
        "width": 3
      },
      "id": 2310926095043728
    }
  ],
  "layout_type": "ordered"
}