{
  "notify_list": [],
  "description": "",
  "restricted_roles": [],
  "template_variables": [],
  "is_read_only": false,
  "title": "Stat Panel Test",
  "reflow_type": "fixed",
  "widgets": [
    {
      "definition": {
        "title_size": "16",
        "title": "CPU IDLE",
        "title_align": "left",
        "app_id": "71e45528-90fd-11ec-82e8-da7ad0900002",
        "custom_widget_key": "your_first_widget",
        "type": "custom",
        "options": {
          "group": "host",
          "background": "green",
          "metric": "system.cpu.idle",
          "background2": "red",
          "background1": "orange",
          "host": "availability-zone:us-east-1a",
          "value2": "90",
          "value1": "65",
          "textColor": "white",
          "type": "avg",
          "condition2": "Greater",
          "condition1": "Greater"
        }
      },
      "layout": {
        "y": 0,
        "x": 0,
        "height": 2,
        "width": 12
      },
      "id": 766209753968859
    },
    {
      "definition": {
        "title_size": "16",
        "title": "Lambda invocation (MAX)",
        "title_align": "left",
        "app_id": "71e45528-90fd-11ec-82e8-da7ad0900002",
        "custom_widget_key": "your_first_widget",
        "type": "custom",
        "options": {
          "group": "functionname",
          "background": "green",
          "metric": "aws.lambda.invocations",
          "background2": "red",
          "background1": "orange",
          "host": "*",
          "value2": "30",
          "value1": "10",
          "textColor": "white",
          "type": "max",
          "condition2": "Greater",
          "condition1": "Greater"
        }
      },
      "layout": {
        "y": 2,
        "x": 0,
        "height": 4,
        "width": 5
      },
      "id": 1071757951654613
    }
  ],
  "layout_type": "ordered"
}