{
  "notify_list": [],
  "description": "## PPM Dashboard\n+ Hopefully displays some useful info about PPM Bot in one spot",
  "restricted_roles": [],
  "template_variables": [
    {
      "default": "*",
      "prefix": "env",
      "name": "env",
      "available_values": [
        "prod",
        "dev"
      ]
    }
  ],
  "is_read_only": false,
  "title": "PPM",
  "reflow_type": "fixed",
  "widgets": [
    {
      "definition": {
        "sort": "status,asc",
        "count": 50,
        "title_size": "13",
        "title": "Monitor Summary",
        "title_align": "left",
        "show_priority": false,
        "hide_zero_counts": true,
        "start": 0,
        "summary_type": "groups",
        "color_preference": "text",
        "query": "tag:(application:ppm-bot)",
        "show_last_triggered": false,
        "type": "manage_status",
        "display_format": "countsAndList"
      },
      "layout": {
        "y": 5,
        "x": 0,
        "height": 4,
        "width": 6
      },
      "id": 1417130975589668
    },
    {
      "definition": {
        "sort": {
          "column": "time",
          "order": "desc"
        },
        "show_date_column": true,
        "title_size": "16",
        "title": "Log Stream",
        "title_align": "left",
        "message_display": "expanded-md",
        "indexes": [],
        "show_message_column": true,
        "query": "service:(ppm-bot OR rapdevbot-ppm)",
        "type": "log_stream",
        "columns": [
          "host",
          "env",
          "service"
        ]
      },
      "layout": {
        "y": 5,
        "x": 6,
        "height": 9,
        "width": 6
      },
      "id": 6294175739757540
    },
    {
      "definition": {
        "title_size": "16",
        "legend_columns": [
          "avg",
          "min",
          "max",
          "value",
          "sum"
        ],
        "title": "Container CPU Usage",
        "title_align": "left",
        "legend_layout": "auto",
        "show_legend": false,
        "requests": [
          {
            "formulas": [
              {
                "formula": "query1"
              }
            ],
            "style": {
              "line_width": "normal",
              "palette": "dog_classic",
              "line_type": "solid"
            },
            "display_type": "line",
            "response_format": "timeseries",
            "queries": [
              {
                "query": "avg:docker.cpu.usage{application:ppm-bot,$env} by {host,container_id,env}",
                "data_source": "metrics",
                "name": "query1"
              }
            ]
          }
        ],
        "type": "timeseries"
      },
      "layout": {
        "y": 9,
        "x": 0,
        "height": 2,
        "width": 3
      },
      "id": 8901736934463632
    },
    {
      "definition": {
        "title_size": "16",
        "title": "Container RSS Memory",
        "title_align": "left",
        "show_legend": false,
        "requests": [
          {
            "formulas": [
              {
                "formula": "query1"
              }
            ],
            "style": {
              "line_width": "normal",
              "palette": "dog_classic",
              "line_type": "solid"
            },
            "display_type": "line",
            "response_format": "timeseries",
            "queries": [
              {
                "query": "avg:docker.mem.rss{application:ppm-bot,$env} by {host,container_id,env}",
                "data_source": "metrics",
                "name": "query1"
              }
            ]
          }
        ],
        "type": "timeseries"
      },
      "layout": {
        "y": 9,
        "x": 3,
        "height": 2,
        "width": 3
      },
      "id": 5424059370074070
    },
    {
      "definition": {
        "style": {
          "fill_min": "0",
          "fill_max": "10",
          "palette": "green_to_orange",
          "palette_flip": false
        },
        "title_size": "16",
        "title": "PPM Containers",
        "title_align": "left",
        "node_type": "host",
        "no_metric_hosts": true,
        "group": [
          "env"
        ],
        "requests": {
          "fill": {
            "q": "avg:docker.containers.running{application:ppm-bot,$env} by {host}"
          }
        },
        "no_group_hosts": true,
        "type": "hostmap",
        "scope": [
          "application:ppm-bot"
        ]
      },
      "layout": {
        "y": 11,
        "x": 0,
        "height": 3,
        "width": 6
      },
      "id": 1304053461859450
    }
  ],
  "layout_type": "ordered"
}