{
  "notify_list": [],
  "description": "Zoom dashboard to show the overview of your Zoom account usage, and audio & video quality issues",
  "restricted_roles": [
    "98e01fcc-2a12-11e9-a54b-03f391a16a77"
  ],
  "template_variable_presets": [
    {
      "template_variables": [
        {
          "name": "meeting_id",
          "value": "89878992601"
        }
      ],
      "name": "Daily Standup"
    }
  ],
  "template_variables": [
    {
      "default": "*",
      "prefix": "zoom_meeting_id",
      "name": "meeting_id",
      "available_values": []
    },
    {
      "default": "*",
      "prefix": "zoom_meeting_host",
      "name": "meeting_host",
      "available_values": []
    },
    {
      "default": "*",
      "prefix": "zoom_room_name",
      "name": "room_name",
      "available_values": []
    },
    {
      "default": "*",
      "prefix": "zoom_account_name",
      "name": "zoom_account_name",
      "available_values": []
    }
  ],
  "is_read_only": true,
  "title": "RapDev Zoom Overview",
  "widgets": [
    {
      "definition": {
        "url": "https://cuit.columbia.edu/sites/default/files/styles/cu_crop/public/content/zoom-logo-transparent-6.png?itok=PJk3QEss",
        "sizing": "fit",
        "type": "image"
      },
      "layout": {
        "y": 1,
        "x": 0,
        "height": 13,
        "width": 18
      },
      "id": 0
    },
    {
      "definition": {
        "title_size": "16",
        "title_align": "left",
        "tags_execution": "and",
        "time": {
          "live_span": "1d"
        },
        "query": "zoom $zoom_account_name",
        "type": "event_stream",
        "event_size": "l"
      },
      "layout": {
        "y": 24,
        "x": 58,
        "height": 20,
        "width": 96
      },
      "id": 1
    },
    {
      "definition": {
        "autoscale": false,
        "title": "Participants in Meetings",
        "title_align": "left",
        "precision": 0,
        "title_size": "16",
        "requests": [
          {
            "q": "default_zero(sum:rapdev.zoom.meetings.participants{$meeting_host,$meeting_id,$zoom_account_name})",
            "aggregator": "last",
            "conditional_formats": [
              {
                "custom_bg_color": "#0179f9",
                "palette": "custom_bg",
                "value": 0,
                "comparator": ">="
              }
            ]
          }
        ],
        "type": "query_value"
      },
      "layout": {
        "y": 15,
        "x": 19,
        "height": 13,
        "width": 18
      },
      "id": 5115189288791516
    },
    {
      "definition": {
        "autoscale": true,
        "title": "Ongoing Meetings",
        "title_align": "left",
        "precision": 0,
        "title_size": "16",
        "requests": [
          {
            "q": "default_zero(sum:rapdev.zoom.meetings.count{$zoom_account_name})",
            "aggregator": "last",
            "conditional_formats": [
              {
                "custom_bg_color": "#0179f9",
                "palette": "custom_bg",
                "value": 0,
                "comparator": ">="
              }
            ]
          }
        ],
        "type": "query_value"
      },
      "layout": {
        "y": 15,
        "x": 38,
        "height": 13,
        "width": 18
      },
      "id": 959881715554954
    },
    {
      "definition": {
        "autoscale": true,
        "title": "Active Licensed Users",
        "title_align": "left",
        "precision": 0,
        "title_size": "16",
        "requests": [
          {
            "q": "default_zero(sum:rapdev.zoom.users.active.count{zoom_user_account_type:licensed,$zoom_account_name})",
            "aggregator": "last",
            "conditional_formats": [
              {
                "custom_bg_color": "#0179f9",
                "palette": "custom_bg",
                "value": 0,
                "comparator": ">="
              }
            ]
          }
        ],
        "type": "query_value"
      },
      "layout": {
        "y": 1,
        "x": 19,
        "height": 13,
        "width": 18
      },
      "id": 480681569169360
    },
    {
      "definition": {
        "title_size": "16",
        "title": "Ongoing Meetings",
        "title_align": "left",
        "markers": [],
        "yaxis": {
          "include_zero": true,
          "max": "auto",
          "scale": "linear",
          "min": "auto",
          "label": ""
        },
        "show_legend": false,
        "requests": [
          {
            "q": "default_zero(sum:rapdev.zoom.meetings.count{$zoom_account_name})",
            "style": {
              "line_width": "normal",
              "palette": "dog_classic",
              "line_type": "solid"
            },
            "display_type": "line",
            "metadata": [
              {
                "alias_name": "Current",
                "expression": "default_zero(sum:rapdev.zoom.meetings.count{$account_name})"
              }
            ]
          },
          {
            "q": "default_zero(week_before(sum:rapdev.zoom.meetings.count{$zoom_account_name}))",
            "on_right_yaxis": false,
            "style": {
              "line_width": "normal",
              "palette": "warm",
              "line_type": "solid"
            },
            "display_type": "line",
            "metadata": [
              {
                "alias_name": "Prior Week",
                "expression": "default_zero(week_before(sum:rapdev.zoom.meetings.count{$account_name}))"
              }
            ]
          }
        ],
        "type": "timeseries"
      },
      "layout": {
        "y": 43,
        "x": 0,
        "height": 20,
        "width": 50
      },
      "id": 2169341963784778
    },
    {
      "definition": {
        "title_size": "16",
        "title": "Participants in Meetings",
        "title_align": "left",
        "markers": [],
        "yaxis": {
          "include_zero": true,
          "max": "auto",
          "scale": "linear",
          "min": "auto",
          "label": ""
        },
        "show_legend": false,
        "requests": [
          {
            "q": "default_zero(sum:rapdev.zoom.meetings.participants{$meeting_id,$meeting_host,$zoom_account_name})",
            "style": {
              "line_width": "normal",
              "palette": "dog_classic",
              "line_type": "solid"
            },
            "display_type": "line",
            "metadata": [
              {
                "alias_name": "Current",
                "expression": "default_zero(sum:rapdev.zoom.meetings.participants{$meeting_id,$meeting_host,$account_name})"
              }
            ]
          },
          {
            "q": "default_zero(week_before(sum:rapdev.zoom.meetings.participants{$meeting_id,$meeting_host,$zoom_account_name}))",
            "on_right_yaxis": false,
            "style": {
              "line_width": "normal",
              "palette": "warm",
              "line_type": "solid"
            },
            "display_type": "line",
            "metadata": [
              {
                "alias_name": "Prior Week",
                "expression": "default_zero(week_before(sum:rapdev.zoom.meetings.participants{$meeting_id,$meeting_host,$account_name}))"
              }
            ]
          }
        ],
        "type": "timeseries"
      },
      "layout": {
        "y": 43,
        "x": 52,
        "height": 20,
        "width": 50
      },
      "id": 3247601149156674
    },
    {
      "definition": {
        "title_size": "16",
        "yaxis": {
          "include_zero": true,
          "max": "auto",
          "scale": "linear",
          "min": "auto",
          "label": ""
        },
        "title_align": "left",
        "show_legend": false,
        "title": "Average Video Loss (%) per Meeting",
        "requests": [
          {
            "q": "avg:rapdev.zoom.meeting.qos.average_loss{zoom_meeting_qos_video:input,$meeting_id,$meeting_host,$zoom_account_name} by {zoom_meeting_id}, avg:rapdev.zoom.meeting.qos.average_loss{zoom_meeting_qos_video:output,$meeting_id,$meeting_host,$zoom_account_name} by {zoom_meeting_id}",
            "style": {
              "palette": "dog_classic"
            }
          }
        ],
        "type": "heatmap"
      },
      "layout": {
        "y": 1,
        "x": 58,
        "height": 22,
        "width": 46
      },
      "id": 4291467267383256
    },
    {
      "definition": {
        "title_size": "16",
        "yaxis": {
          "include_zero": true,
          "max": "auto",
          "scale": "linear",
          "min": "auto",
          "label": ""
        },
        "title_align": "left",
        "show_legend": false,
        "title": "Average Audio Loss (%) per Meeting",
        "requests": [
          {
            "q": "avg:rapdev.zoom.meeting.qos.average_loss{zoom_meeting_qos_audio:input,$meeting_id,$meeting_host,$zoom_account_name} by {zoom_meeting_id}, avg:rapdev.zoom.meeting.qos.average_loss{zoom_meeting_qos_audio:output,$meeting_id,$meeting_host,$zoom_account_name} by {zoom_meeting_id}",
            "style": {
              "palette": "dog_classic"
            }
          }
        ],
        "type": "heatmap"
      },
      "layout": {
        "y": 1,
        "x": 106,
        "height": 22,
        "width": 48
      },
      "id": 7587522888499048
    },
    {
      "definition": {
        "type": "toplist",
        "requests": [
          {
            "q": "top(max:rapdev.zoom.meetings.participants{$meeting_id,$meeting_host,$zoom_account_name} by {zoom_meeting_host,zoom_meeting_id}, 10, 'max', 'desc')"
          }
        ],
        "title_align": "left",
        "title_size": "16",
        "title": "Participant Count By Meeting Host,ID"
      },
      "layout": {
        "y": 64,
        "x": 0,
        "height": 20,
        "width": 50
      },
      "id": 4317146276854334
    },
    {
      "definition": {
        "autoscale": true,
        "title": "Total Rooms Free",
        "title_align": "left",
        "precision": 0,
        "title_size": "16",
        "requests": [
          {
            "q": "default_zero(max:rapdev.zoom.room.status.count{zoom_room_status:available,$zoom_account_name})",
            "aggregator": "last",
            "conditional_formats": [
              {
                "custom_bg_color": "#0179f9",
                "palette": "custom_bg",
                "value": 0,
                "comparator": ">"
              }
            ]
          }
        ],
        "type": "query_value"
      },
      "layout": {
        "y": 15,
        "x": 0,
        "height": 13,
        "width": 18
      },
      "id": 516387715364778
    },
    {
      "definition": {
        "type": "toplist",
        "requests": [
          {
            "q": "top(sum:rapdev.zoom.users.in_meetings.count{$meeting_id,$meeting_host,$zoom_account_name} by {zoom_user_network_type}, 10, 'last', 'desc')"
          }
        ],
        "title_align": "left",
        "title_size": "16",
        "title": "User Counts by Network Type"
      },
      "layout": {
        "y": 64,
        "x": 104,
        "height": 20,
        "width": 50
      },
      "id": 6567166138067366
    },
    {
      "definition": {
        "autoscale": false,
        "title": "Active Basic Users",
        "title_align": "left",
        "precision": 0,
        "title_size": "16",
        "requests": [
          {
            "q": "sum:rapdev.zoom.users.active.count{zoom_user_account_type:basic,$zoom_account_name}",
            "aggregator": "last",
            "conditional_formats": [
              {
                "custom_bg_color": "#0179f9",
                "palette": "custom_bg",
                "value": 0,
                "comparator": ">"
              }
            ]
          }
        ],
        "type": "query_value"
      },
      "layout": {
        "y": 1,
        "x": 38,
        "height": 13,
        "width": 18
      },
      "id": 1276398211168236
    },
    {
      "definition": {
        "type": "toplist",
        "requests": [
          {
            "q": "top(max:rapdev.zoom.user.qos.bitrate{$meeting_id,$meeting_host,$zoom_account_name} by {zoom_user_location}, 10, 'last', 'desc')"
          }
        ],
        "title_align": "left",
        "title_size": "16",
        "title": "User Bandwidth by Location"
      },
      "layout": {
        "y": 64,
        "x": 52,
        "height": 20,
        "width": 50
      },
      "id": 4404305584857090
    },
    {
      "definition": {
        "title_size": "16",
        "title": "Active Participants by Location",
        "title_align": "left",
        "markers": [],
        "yaxis": {
          "include_zero": true,
          "max": "auto",
          "scale": "linear",
          "min": "auto",
          "label": ""
        },
        "show_legend": false,
        "requests": [
          {
            "q": "sum:rapdev.zoom.users.in_meetings.count{$zoom_account_name} by {zoom_user_location}",
            "on_right_yaxis": false,
            "style": {
              "line_width": "normal",
              "palette": "dog_classic",
              "line_type": "solid"
            },
            "display_type": "bars"
          }
        ],
        "type": "timeseries"
      },
      "layout": {
        "y": 43,
        "x": 104,
        "height": 20,
        "width": 50
      },
      "id": 7851627955488178
    },
    {
      "definition": {
        "title_size": "16",
        "title": "Total API Calls",
        "title_align": "left",
        "precision": 0,
        "time": {},
        "autoscale": true,
        "requests": [
          {
            "formulas": [
              {
                "formula": "default_zero(query1) + default_zero(query2)"
              }
            ],
            "conditional_formats": [
              {
                "custom_bg_color": "#0179f9",
                "palette": "custom_bg",
                "value": 0,
                "comparator": ">="
              }
            ],
            "response_format": "scalar",
            "queries": [
              {
                "query": "max:rapdev.zoom.api.failed_calls{$zoom_account_name}",
                "data_source": "metrics",
                "name": "query1",
                "aggregator": "sum"
              },
              {
                "query": "max:rapdev.zoom.api.successful_calls{$zoom_account_name}",
                "data_source": "metrics",
                "name": "query2",
                "aggregator": "sum"
              }
            ]
          }
        ],
        "type": "query_value"
      },
      "layout": {
        "y": 29,
        "x": 38,
        "height": 13,
        "width": 18
      },
      "id": 7806307242925110
    },
    {
      "definition": {
        "title_size": "16",
        "title": "Successful API Calls",
        "title_align": "left",
        "precision": 0,
        "time": {},
        "autoscale": true,
        "requests": [
          {
            "formulas": [
              {
                "formula": "default_zero(query1)"
              }
            ],
            "conditional_formats": [
              {
                "custom_bg_color": "#0179f9",
                "palette": "custom_bg",
                "value": 0,
                "comparator": ">"
              }
            ],
            "response_format": "scalar",
            "queries": [
              {
                "query": "max:rapdev.zoom.api.successful_calls{$zoom_account_name}",
                "data_source": "metrics",
                "name": "query1",
                "aggregator": "sum"
              }
            ]
          }
        ],
        "type": "query_value"
      },
      "layout": {
        "y": 29,
        "x": 0,
        "height": 13,
        "width": 18
      },
      "id": 3837667751042184
    },
    {
      "definition": {
        "title_size": "16",
        "title": "Failed API Calls",
        "title_align": "left",
        "precision": 0,
        "time": {},
        "autoscale": true,
        "requests": [
          {
            "formulas": [
              {
                "formula": "default_zero(query1)"
              }
            ],
            "conditional_formats": [
              {
                "custom_bg_color": "#0179f9",
                "palette": "custom_bg",
                "value": 0,
                "comparator": ">"
              }
            ],
            "response_format": "scalar",
            "queries": [
              {
                "query": "max:rapdev.zoom.api.failed_calls{$zoom_account_name}",
                "data_source": "metrics",
                "name": "query1",
                "aggregator": "sum"
              }
            ]
          }
        ],
        "type": "query_value"
      },
      "layout": {
        "y": 29,
        "x": 19,
        "height": 13,
        "width": 18
      },
      "id": 6731366848967006
    }
  ],
  "layout_type": "free"
}