{
  "notify_list": [],
  "description": "",
  "restricted_roles": [],
  "template_variables": [
    {
      "default": "*",
      "prefix": "interface",
      "name": "Interface"
    },
    {
      "default": "*",
      "prefix": "host",
      "name": "Host"
    },
    {
      "default": "rd-fortinet-fortigate",
      "prefix": "snmp_profile",
      "name": "SNMP_Profile"
    },
    {
      "default": "*",
      "prefix": "snmp_device",
      "name": "IP"
    },
    {
      "default": "*",
      "prefix": "interfacedescription",
      "name": "InterfaceDescription"
    },
    {
      "default": "*",
      "prefix": "module",
      "name": "Module"
    },
    {
      "default": "*",
      "prefix": "snmp_host",
      "name": "Sysname"
    }
  ],
  "is_read_only": false,
  "title": "RapDev Fortinet Fortigate Dashboard",
  "widgets": [
    {
      "definition": {
        "custom_links": [],
        "title_size": "16",
        "title": "CPU Usage (%)",
        "title_align": "left",
        "custom_unit": "%",
        "precision": 2,
        "requests": [
          {
            "q": "max:snmp.CPU.Utilization{$Host,$SNMP_Profile,$IP}",
            "aggregator": "last",
            "conditional_formats": [
              {
                "palette": "white_on_green",
                "value": 70,
                "comparator": "<="
              },
              {
                "palette": "white_on_yellow",
                "value": 80,
                "comparator": "<="
              },
              {
                "palette": "white_on_red",
                "value": 80,
                "comparator": ">"
              }
            ]
          }
        ],
        "type": "query_value"
      },
      "layout": {
        "y": 0,
        "x": 0,
        "height": 15,
        "width": 38
      },
      "id": 1892741676221027
    },
    {
      "definition": {
        "custom_links": [],
        "title_size": "16",
        "title": "Maximum Memory Usage (%)",
        "title_align": "left",
        "custom_unit": "%",
        "precision": 2,
        "requests": [
          {
            "q": "max:snmp.Memory.Utilization{$Host,$SNMP_Profile,$IP}",
            "aggregator": "last",
            "conditional_formats": [
              {
                "palette": "white_on_green",
                "value": 70,
                "comparator": "<="
              },
              {
                "palette": "white_on_yellow",
                "value": 85,
                "comparator": "<="
              },
              {
                "palette": "white_on_red",
                "value": 85,
                "comparator": ">"
              }
            ]
          }
        ],
        "type": "query_value"
      },
      "layout": {
        "y": 0,
        "x": 39,
        "height": 15,
        "width": 36
      },
      "id": 1487189690925550
    },
    {
      "definition": {
        "custom_links": [],
        "title_size": "16",
        "title": "Kernel Memory Usage (%)",
        "title_align": "left",
        "custom_unit": "%",
        "precision": 2,
        "requests": [
          {
            "q": "max:snmp.Memory.Kernel{$Host,$SNMP_Profile,$IP}",
            "aggregator": "last",
            "conditional_formats": [
              {
                "palette": "white_on_green",
                "value": 70,
                "comparator": "<="
              },
              {
                "palette": "white_on_yellow",
                "value": 80,
                "comparator": "<="
              },
              {
                "palette": "white_on_red",
                "value": 85,
                "comparator": ">"
              }
            ]
          }
        ],
        "type": "query_value"
      },
      "layout": {
        "y": 16,
        "x": 39,
        "height": 15,
        "width": 36
      },
      "id": 715199544422289
    },
    {
      "definition": {
        "custom_links": [],
        "title_size": "16",
        "title": "Disk Usage (%)",
        "title_align": "left",
        "custom_unit": "%",
        "precision": 2,
        "requests": [
          {
            "q": "max:snmp.Disk.Usage{$Host,$SNMP_Profile,$IP}/max:snmp.Disk.Capacity{$Host,$SNMP_Profile,$IP}",
            "aggregator": "last"
          }
        ],
        "type": "query_value"
      },
      "layout": {
        "y": 16,
        "x": 0,
        "height": 15,
        "width": 38
      },
      "id": 2255265869356051
    },
    {
      "definition": {
        "custom_links": [],
        "title_size": "16",
        "title": "Average Number of Sessions",
        "title_align": "left",
        "custom_unit": "",
        "precision": 2,
        "requests": [
          {
            "q": "max:snmp.Session.Count{$Host,$SNMP_Profile,$IP}",
            "aggregator": "avg"
          }
        ],
        "type": "query_value"
      },
      "layout": {
        "y": 16,
        "x": 76,
        "height": 15,
        "width": 41
      },
      "id": 3035364428105526
    },
    {
      "definition": {
        "custom_links": [],
        "title_size": "16",
        "title": "HTTP and HTTPS Requests Blocked",
        "title_align": "left",
        "show_legend": false,
        "requests": [
          {
            "q": "avg:snmp.Http.Requests.Blocked{$Host,$SNMP_Profile,$IP}",
            "style": {
              "line_width": "normal",
              "palette": "dog_classic",
              "line_type": "solid"
            },
            "display_type": "line"
          },
          {
            "q": "avg:snmp.Https.Requests.Blocked{$Host,$SNMP_Profile,$IP}",
            "style": {
              "line_width": "normal",
              "palette": "dog_classic",
              "line_type": "solid"
            },
            "display_type": "line"
          }
        ],
        "type": "timeseries"
      },
      "layout": {
        "y": 39,
        "x": 0,
        "height": 15,
        "width": 38
      },
      "id": 6323061136874545
    },
    {
      "definition": {
        "custom_links": [],
        "title_size": "16",
        "title": "HTTP and HTTPS Sessions Blocked",
        "title_align": "left",
        "show_legend": false,
        "requests": [
          {
            "q": "avg:snmp.Http.Sessions.Blocked{$Host,$SNMP_Profile,$IP}",
            "style": {
              "line_width": "normal",
              "palette": "dog_classic",
              "line_type": "solid"
            },
            "display_type": "line"
          },
          {
            "q": "avg:snmp.Https.Sessions.Blocked{$Host,$SNMP_Profile,$IP}",
            "style": {
              "line_width": "normal",
              "palette": "dog_classic",
              "line_type": "solid"
            },
            "display_type": "line"
          }
        ],
        "type": "timeseries"
      },
      "layout": {
        "y": 39,
        "x": 39,
        "height": 15,
        "width": 36
      },
      "id": 2035086858717476
    },
    {
      "definition": {
        "custom_links": [],
        "title_size": "16",
        "title": "HTTP and HTTPS Urls Blocked",
        "title_align": "left",
        "show_legend": false,
        "requests": [
          {
            "q": "avg:snmp.Http.Url.Blocked{$Host,$SNMP_Profile,$IP}",
            "style": {
              "line_width": "normal",
              "palette": "dog_classic",
              "line_type": "solid"
            },
            "display_type": "line"
          },
          {
            "q": "avg:snmp.Https.Url.Blocked{$Host,$SNMP_Profile,$IP}",
            "style": {
              "line_width": "normal",
              "palette": "dog_classic",
              "line_type": "solid"
            },
            "display_type": "line"
          }
        ],
        "type": "timeseries"
      },
      "layout": {
        "y": 39,
        "x": 76,
        "height": 15,
        "width": 41
      },
      "id": 8830184756237948
    },
    {
      "definition": {
        "custom_links": [],
        "title_size": "16",
        "title": "Blocked and Detected Intrusions",
        "title_align": "left",
        "show_legend": false,
        "requests": [
          {
            "q": "avg:snmp.Intrusions.Blocked{$Host,$SNMP_Profile,$IP}",
            "style": {
              "line_width": "normal",
              "palette": "dog_classic",
              "line_type": "solid"
            },
            "display_type": "line"
          },
          {
            "q": "avg:snmp.Intrusions.Detected{$Host,$SNMP_Profile,$IP}",
            "style": {
              "line_width": "normal",
              "palette": "dog_classic",
              "line_type": "solid"
            },
            "display_type": "line"
          }
        ],
        "type": "timeseries"
      },
      "layout": {
        "y": 62,
        "x": 0,
        "height": 15,
        "width": 38
      },
      "id": 8987887530018519
    },
    {
      "definition": {
        "custom_links": [],
        "title_size": "16",
        "title": "Blocked and Detected Oversize",
        "title_align": "left",
        "show_legend": false,
        "requests": [
          {
            "q": "avg:snmp.Oversize.Blocked{$Host,$SNMP_Profile,$IP}",
            "style": {
              "line_width": "normal",
              "palette": "dog_classic",
              "line_type": "solid"
            },
            "display_type": "line"
          },
          {
            "q": "avg:snmp.Oversize.Detected{$Host,$SNMP_Profile,$IP}",
            "style": {
              "line_width": "normal",
              "palette": "dog_classic",
              "line_type": "solid"
            },
            "display_type": "line"
          }
        ],
        "type": "timeseries"
      },
      "layout": {
        "y": 62,
        "x": 39,
        "height": 15,
        "width": 36
      },
      "id": 6801411330687735
    },
    {
      "definition": {
        "custom_links": [],
        "title_size": "16",
        "title": "Blocked and Detected Viruses",
        "title_align": "left",
        "show_legend": false,
        "requests": [
          {
            "q": "avg:snmp.Virus.Blocked{$SNMP_Profile,$Host,$IP}",
            "style": {
              "line_width": "normal",
              "palette": "dog_classic",
              "line_type": "solid"
            },
            "display_type": "line"
          },
          {
            "q": "avg:snmp.Virus.Detected{$SNMP_Profile,$Host,$IP}",
            "style": {
              "line_width": "normal",
              "palette": "dog_classic",
              "line_type": "solid"
            },
            "display_type": "line"
          }
        ],
        "type": "timeseries"
      },
      "layout": {
        "y": 62,
        "x": 76,
        "height": 15,
        "width": 41
      },
      "id": 3883013069378541
    },
    {
      "definition": {
        "title_size": "16",
        "title": "Memory Percentage",
        "title_align": "left",
        "custom_unit": "%",
        "precision": 2,
        "requests": [
          {
            "q": "max:snmp.Module.Memory.Utilization{$Host,$SNMP_Profile,$IP,$Module}",
            "aggregator": "last",
            "conditional_formats": [
              {
                "palette": "white_on_green",
                "value": 70,
                "comparator": "<="
              },
              {
                "palette": "white_on_yellow",
                "value": 80,
                "comparator": "<="
              },
              {
                "palette": "white_on_red",
                "value": 85,
                "comparator": ">"
              }
            ]
          }
        ],
        "type": "query_value"
      },
      "layout": {
        "y": 85,
        "x": 0,
        "height": 15,
        "width": 38
      },
      "id": 6792991702746577
    },
    {
      "definition": {
        "title_size": "16",
        "title": "Sessions",
        "title_align": "left",
        "precision": 2,
        "requests": [
          {
            "q": "max:snmp.Module.Sessions{$Host,$SNMP_Profile,$IP,$Module}",
            "aggregator": "last"
          }
        ],
        "type": "query_value"
      },
      "layout": {
        "y": 85,
        "x": 39,
        "height": 15,
        "width": 36
      },
      "id": 6193494279209915
    },
    {
      "definition": {
        "title_size": "16",
        "title": "Sessions",
        "title_align": "left",
        "yaxis": {
          "include_zero": true,
          "max": "auto",
          "scale": "linear",
          "min": "auto",
          "label": ""
        },
        "show_legend": false,
        "requests": [
          {
            "q": "avg:snmp.Module.Sessions{$SNMP_Profile,$Host,$IP} by {module}",
            "style": {
              "line_width": "normal",
              "palette": "dog_classic",
              "line_type": "solid"
            },
            "display_type": "line"
          }
        ],
        "type": "timeseries"
      },
      "layout": {
        "y": 85,
        "x": 76,
        "height": 15,
        "width": 41
      },
      "id": 3327037420052357
    },
    {
      "definition": {
        "title_size": "16",
        "title": "Security Associations",
        "title_align": "left",
        "precision": 2,
        "requests": [
          {
            "q": "max:snmp.Module.SecurityAssociations{$Host,$SNMP_Profile,$IP,$Module}",
            "aggregator": "last"
          }
        ],
        "type": "query_value"
      },
      "layout": {
        "y": 101,
        "x": 0,
        "height": 15,
        "width": 38
      },
      "id": 4109672393269516
    },
    {
      "definition": {
        "title_size": "16",
        "title": "Admin Status",
        "title_align": "left",
        "precision": 0,
        "requests": [
          {
            "q": "max:snmp.ifAdminStatus{$Host,$SNMP_Profile,$IP,$Interface,$InterfaceDescription}",
            "aggregator": "last",
            "conditional_formats": [
              {
                "palette": "white_on_red",
                "value": 2,
                "comparator": ">="
              },
              {
                "palette": "white_on_green",
                "value": 1,
                "comparator": ">="
              }
            ]
          }
        ],
        "type": "query_value"
      },
      "layout": {
        "y": 163,
        "x": 0,
        "height": 15,
        "width": 16
      },
      "id": 1925203324530449
    },
    {
      "definition": {
        "custom_links": [],
        "title_size": "16",
        "title": "Bytes In & Bytes Out",
        "title_align": "left",
        "yaxis": {
          "include_zero": true,
          "max": "auto",
          "scale": "linear",
          "min": "auto",
          "label": ""
        },
        "show_legend": false,
        "requests": [
          {
            "q": "avg:snmp.ifHCInOctets.rate{$Host,$SNMP_Profile,$IP,$InterfaceDescription,$Interface} by {interface}",
            "style": {
              "line_width": "normal",
              "palette": "dog_classic",
              "line_type": "solid"
            },
            "display_type": "line"
          },
          {
            "q": "avg:snmp.ifHCOutOctets.rate{$Host,$SNMP_Profile,$IP,$InterfaceDescription,$Interface} by {interface}",
            "style": {
              "line_width": "normal",
              "palette": "dog_classic",
              "line_type": "solid"
            },
            "display_type": "line"
          }
        ],
        "type": "timeseries"
      },
      "layout": {
        "y": 163,
        "x": 48,
        "height": 15,
        "width": 36
      },
      "id": 6835236444216722
    },
    {
      "definition": {
        "custom_links": [],
        "title_size": "16",
        "title": "In & Out Broadcast Packets",
        "title_align": "left",
        "yaxis": {
          "include_zero": true,
          "max": "auto",
          "scale": "linear",
          "min": "auto",
          "label": ""
        },
        "show_legend": false,
        "requests": [
          {
            "q": "avg:snmp.ifHCInBroadcastPkts{$Host,$SNMP_Profile,$IP,$Interface,$InterfaceDescription} by {interface}",
            "style": {
              "line_width": "normal",
              "palette": "dog_classic",
              "line_type": "solid"
            },
            "display_type": "line"
          },
          {
            "q": "avg:snmp.ifHCOutBroadcastPkts{$Host,$SNMP_Profile,$IP,$Interface,$InterfaceDescription} by {interface}",
            "style": {
              "line_width": "normal",
              "palette": "dog_classic",
              "line_type": "solid"
            },
            "display_type": "line"
          }
        ],
        "type": "timeseries"
      },
      "layout": {
        "y": 163,
        "x": 85,
        "height": 15,
        "width": 32
      },
      "id": 2024821424322859
    },
    {
      "definition": {
        "custom_links": [],
        "title_size": "16",
        "title": "In & Out Unicast Packets",
        "title_align": "left",
        "yaxis": {
          "include_zero": true,
          "max": "auto",
          "scale": "linear",
          "min": "auto",
          "label": ""
        },
        "show_legend": false,
        "requests": [
          {
            "q": "avg:snmp.ifHCInUcastPkts{$Host,$SNMP_Profile,$Interface,$IP,$InterfaceDescription} by {interface}",
            "style": {
              "line_width": "normal",
              "palette": "dog_classic",
              "line_type": "solid"
            },
            "display_type": "line"
          },
          {
            "q": "avg:snmp.Interface.OutUnicastPkts{$Host,$SNMP_Profile,$Interface,$IP,$InterfaceDescription} by {interface}",
            "style": {
              "line_width": "normal",
              "palette": "dog_classic",
              "line_type": "solid"
            },
            "display_type": "line"
          }
        ],
        "type": "timeseries"
      },
      "layout": {
        "y": 195,
        "x": 85,
        "height": 15,
        "width": 32
      },
      "id": 6772750099091447
    },
    {
      "definition": {
        "custom_links": [],
        "title_size": "16",
        "title": "In & Out MultiCastPkts",
        "title_align": "left",
        "yaxis": {
          "include_zero": true,
          "max": "auto",
          "scale": "linear",
          "min": "auto",
          "label": ""
        },
        "show_legend": false,
        "requests": [
          {
            "q": "avg:snmp.ifHCInMulticastPkts{$Host,$SNMP_Profile,$IP,$Interface,$InterfaceDescription} by {interface}",
            "style": {
              "line_width": "normal",
              "palette": "dog_classic",
              "line_type": "solid"
            },
            "display_type": "line"
          },
          {
            "q": "avg:snmp.ifHCOutMulticastPkts{$Host,$SNMP_Profile,$IP,$Interface,$InterfaceDescription} by {interface}",
            "style": {
              "line_width": "normal",
              "palette": "dog_classic",
              "line_type": "solid"
            },
            "display_type": "line"
          }
        ],
        "type": "timeseries"
      },
      "layout": {
        "y": 179,
        "x": 48,
        "height": 15,
        "width": 36
      },
      "id": 3549057593265981
    },
    {
      "definition": {
        "custom_links": [],
        "title_size": "16",
        "title": "In & Out Errors",
        "title_align": "left",
        "yaxis": {
          "include_zero": true,
          "max": "auto",
          "scale": "linear",
          "min": "auto",
          "label": ""
        },
        "show_legend": false,
        "requests": [
          {
            "q": "avg:snmp.ifInErrors{$Interface,$Host,$SNMP_Profile,$IP,$InterfaceDescription} by {interface}",
            "style": {
              "line_width": "normal",
              "palette": "dog_classic",
              "line_type": "solid"
            },
            "display_type": "area"
          },
          {
            "q": "avg:snmp.ifOutErrors{$Interface,$Host,$SNMP_Profile,$IP,$InterfaceDescription} by {interface}",
            "style": {
              "line_width": "normal",
              "palette": "dog_classic",
              "line_type": "solid"
            },
            "display_type": "line"
          }
        ],
        "type": "timeseries"
      },
      "layout": {
        "y": 179,
        "x": 85,
        "height": 15,
        "width": 32
      },
      "id": 5598464691562858
    },
    {
      "definition": {
        "title_size": "16",
        "title": "Operation Status",
        "title_align": "left",
        "precision": 0,
        "requests": [
          {
            "q": "max:snmp.ifOperStatus{$Host,$SNMP_Profile,$IP,$Interface,$InterfaceDescription}",
            "aggregator": "last",
            "conditional_formats": [
              {
                "palette": "white_on_red",
                "value": 2,
                "comparator": ">="
              },
              {
                "palette": "white_on_green",
                "value": 1,
                "comparator": ">="
              }
            ]
          }
        ],
        "type": "query_value"
      },
      "layout": {
        "y": 163,
        "x": 17,
        "height": 15,
        "width": 15
      },
      "id": 2488192881660969
    },
    {
      "definition": {
        "title_size": "16",
        "title": "Interface Speed",
        "title_align": "left",
        "custom_unit": "b/s",
        "precision": 2,
        "requests": [
          {
            "q": "max:snmp.ifHighSpeed{$Interface,$Host,$SNMP_Profile,$IP,$InterfaceDescription}",
            "aggregator": "last"
          }
        ],
        "type": "query_value"
      },
      "layout": {
        "y": 163,
        "x": 33,
        "height": 15,
        "width": 14
      },
      "id": 2508353417879475
    },
    {
      "definition": {
        "custom_links": [],
        "title_size": "16",
        "title": "Local Interfaces",
        "title_align": "left",
        "requests": [
          {
            "q": "avg:snmp.ifAdminStatus{$SNMP_Profile,$Host,$IP} by {interface,interfacedescription}",
            "aggregator": "last",
            "alias": "Admin Status"
          },
          {
            "q": "avg:snmp.ifOperStatus{$SNMP_Profile,$Host,$IP} by {interface,interfacedescription}",
            "aggregator": "last",
            "limit": 100,
            "order": "asc",
            "alias": "Oper Status"
          },
          {
            "q": "avg:snmp.ifHighSpeed{$SNMP_Profile,$Host,$IP} by {interface,interfacedescription}",
            "aggregator": "last",
            "alias": "Speed"
          }
        ],
        "type": "query_table"
      },
      "layout": {
        "y": 195,
        "x": 48,
        "height": 15,
        "width": 36
      },
      "id": 6434389027795468
    },
    {
      "definition": {
        "custom_links": [],
        "title_size": "16",
        "title": "CPU Usage (%)",
        "title_align": "left",
        "yaxis": {
          "include_zero": true,
          "max": "auto",
          "scale": "linear",
          "min": "auto",
          "label": ""
        },
        "show_legend": false,
        "requests": [
          {
            "q": "avg:snmp.CPU.Utilization{$Host,$SNMP_Profile,$IP} by {snmp_device}",
            "style": {
              "line_width": "normal",
              "palette": "dog_classic",
              "line_type": "solid"
            },
            "display_type": "line"
          }
        ],
        "type": "timeseries"
      },
      "layout": {
        "y": 124,
        "x": 0,
        "height": 15,
        "width": 47
      },
      "id": 2494151032918646
    },
    {
      "definition": {
        "custom_links": [],
        "title_size": "16",
        "title": "Memory Usage (%)",
        "title_align": "left",
        "yaxis": {
          "include_zero": true,
          "max": "auto",
          "scale": "linear",
          "min": "auto",
          "label": ""
        },
        "show_legend": false,
        "requests": [
          {
            "q": "avg:snmp.Memory.Utilization{$Host,$SNMP_Profile,$IP} by {snmp_device}",
            "style": {
              "line_width": "normal",
              "palette": "dog_classic",
              "line_type": "solid"
            },
            "display_type": "line"
          }
        ],
        "type": "timeseries"
      },
      "layout": {
        "y": 140,
        "x": 0,
        "height": 15,
        "width": 47
      },
      "id": 486874091006903
    },
    {
      "definition": {
        "tick_pos": "50%",
        "show_tick": true,
        "type": "note",
        "tick_edge": "bottom",
        "text_align": "center",
        "content": "System Resources",
        "font_size": "24",
        "background_color": "white"
      },
      "layout": {
        "y": 117,
        "x": 0,
        "height": 6,
        "width": 117
      },
      "id": 5101696687831599
    },
    {
      "definition": {
        "tick_pos": "50%",
        "show_tick": true,
        "type": "note",
        "tick_edge": "bottom",
        "text_align": "center",
        "content": "Interfaces",
        "font_size": "24",
        "background_color": "white"
      },
      "layout": {
        "y": 156,
        "x": 0,
        "height": 6,
        "width": 117
      },
      "id": 8171342326382340
    },
    {
      "definition": {
        "tick_pos": "50%",
        "show_tick": true,
        "type": "note",
        "tick_edge": "bottom",
        "text_align": "center",
        "content": "Modules",
        "font_size": "24",
        "background_color": "white"
      },
      "layout": {
        "y": 78,
        "x": 0,
        "height": 6,
        "width": 117
      },
      "id": 3176307346864963
    },
    {
      "definition": {
        "tick_pos": "50%",
        "show_tick": true,
        "type": "note",
        "tick_edge": "bottom",
        "text_align": "center",
        "content": "UTM",
        "font_size": "24",
        "background_color": "white"
      },
      "layout": {
        "y": 55,
        "x": 0,
        "height": 6,
        "width": 117
      },
      "id": 7072519824827256
    },
    {
      "definition": {
        "tick_pos": "50%",
        "show_tick": true,
        "type": "note",
        "tick_edge": "bottom",
        "text_align": "center",
        "content": "Web Filter",
        "font_size": "24",
        "background_color": "white"
      },
      "layout": {
        "y": 32,
        "x": 0,
        "height": 6,
        "width": 117
      },
      "id": 1245823807754242
    },
    {
      "definition": {
        "custom_links": [],
        "title_size": "16",
        "title": "System Up Time",
        "title_align": "left",
        "custom_unit": "Days",
        "precision": 2,
        "requests": [
          {
            "q": "avg:snmp.sysUpTimeInstance{$Host,$SNMP_Profile,$IP}/8640000",
            "aggregator": "avg"
          }
        ],
        "type": "query_value"
      },
      "layout": {
        "y": 0,
        "x": 76,
        "height": 15,
        "width": 41
      },
      "id": 8984455852621566
    },
    {
      "definition": {
        "custom_links": [],
        "title_size": "16",
        "title": "% Utilization In",
        "title_align": "left",
        "custom_unit": "%",
        "precision": 3,
        "requests": [
          {
            "q": "avg:snmp.ifBandwidthInUsage.rate{$InterfaceDescription,$Interface,$Host,$SNMP_Profile,$IP}",
            "aggregator": "last"
          }
        ],
        "type": "query_value"
      },
      "layout": {
        "y": 179,
        "x": 0,
        "height": 15,
        "width": 23
      },
      "id": 8774289203579282
    },
    {
      "definition": {
        "custom_links": [],
        "title_size": "16",
        "title": "% Utilization Out",
        "title_align": "left",
        "custom_unit": "%",
        "precision": 3,
        "requests": [
          {
            "q": "avg:snmp.ifBandwidthOutUsage.rate{$InterfaceDescription,$Interface,$Host,$SNMP_Profile,$IP}",
            "aggregator": "last"
          }
        ],
        "type": "query_value"
      },
      "layout": {
        "y": 179,
        "x": 24,
        "height": 15,
        "width": 23
      },
      "id": 137983449658564
    },
    {
      "definition": {
        "custom_links": [],
        "title_size": "16",
        "title": "Interface Utilization (%)",
        "title_align": "left",
        "yaxis": {
          "include_zero": true,
          "max": "auto",
          "scale": "linear",
          "min": "auto",
          "label": ""
        },
        "show_legend": false,
        "requests": [
          {
            "q": "avg:snmp.ifBandwidthInUsage.rate{$InterfaceDescription,$Interface,$Host,$SNMP_Profile,$IP} by {interface}",
            "style": {
              "line_width": "normal",
              "palette": "dog_classic",
              "line_type": "solid"
            },
            "display_type": "line"
          },
          {
            "q": "avg:snmp.ifBandwidthOutUsage.rate{$InterfaceDescription,$Interface,$Host,$SNMP_Profile,$IP} by {interface}",
            "style": {
              "line_width": "normal",
              "palette": "dog_classic",
              "line_type": "solid"
            },
            "display_type": "line"
          }
        ],
        "type": "timeseries"
      },
      "layout": {
        "y": 195,
        "x": 0,
        "height": 15,
        "width": 47
      },
      "id": 7971746115928414
    },
    {
      "definition": {
        "title_size": "16",
        "title": "Environmental Sensors",
        "title_align": "left",
        "has_search_bar": "auto",
        "time": {},
        "requests": [
          {
            "aggregator": "avg",
            "cell_display_mode": [
              "bar"
            ],
            "q": "avg:snmp.SensorAlarm.Status{$SNMP_Profile,$Host,$IP,$Interface} by {sensor_name, sensor_value}",
            "alias": "Alarm Status",
            "limit": 50,
            "order": "desc"
          }
        ],
        "type": "query_table"
      },
      "layout": {
        "y": 124,
        "x": 48,
        "height": 31,
        "width": 69
      },
      "id": 3969409431305700
    }
  ],
  "layout_type": "free"
}