{
  "notify_list": [],
  "description": "## Title\n\nDescribe this dashboard. Add links to other dashboards, monitors, wikis,  and docs to help your teammates. Markdown is supported.\n\n- [This might link to a dashboard](#)\n- [This might link to a wiki](#)",
  "restricted_roles": [],
  "template_variables": [],
  "is_read_only": false,
  "title": "AWS Audit",
  "reflow_type": "fixed",
  "widgets": [
    {
      "definition": {
        "title_size": "16",
        "title": "Access Key Report",
        "title_align": "left",
        "has_search_bar": "auto",
        "time": {},
        "requests": [
          {
            "formulas": [
              {
                "alias": "Days Since Last Used",
                "conditional_formats": [],
                "limit": {
                  "count": 500,
                  "order": "desc"
                },
                "cell_display_mode": "number",
                "formula": "query1"
              },
              {
                "alias": "Days Since Creation",
                "conditional_formats": [],
                "cell_display_mode": "number",
                "formula": "query2"
              }
            ],
            "response_format": "scalar",
            "queries": [
              {
                "query": "avg:rapdev.aws.access_key_last_used{*} by {access_key_id,last_service,status,username,aws_account}",
                "data_source": "metrics",
                "name": "query1",
                "aggregator": "avg"
              },
              {
                "query": "avg:rapdev.aws.access_key_age{*} by {access_key_id,last_service,status,username,aws_account}",
                "data_source": "metrics",
                "name": "query2",
                "aggregator": "avg"
              }
            ]
          }
        ],
        "type": "query_table"
      },
      "layout": {
        "y": 0,
        "x": 0,
        "height": 7,
        "width": 7
      },
      "id": 2403934224584180
    }
  ],
  "layout_type": "ordered"
}