{
  "notify_list": [],
  "description": "",
  "restricted_roles": [
    "98e01fcc-2a12-11e9-a54b-03f391a16a77"
  ],
  "template_variables": [
    {
      "default": "*",
      "prefix": "nutanix_host",
      "name": "nutanix_host",
      "available_values": []
    },
    {
      "default": "*",
      "prefix": "nutanix_cluster",
      "name": "nutanix_cluster",
      "available_values": []
    },
    {
      "default": "*",
      "prefix": "nutanix_cvm",
      "name": "nutanix_cvm",
      "available_values": []
    },
    {
      "default": "*",
      "prefix": "host",
      "name": "host",
      "available_values": []
    }
  ],
  "is_read_only": true,
  "title": "RapDev Nutanix Overview Dashboard",
  "widgets": [
    {
      "definition": {
        "url": "https://1000logos.net/wp-content/uploads/2019/07/Nutanix.jpg",
        "sizing": "zoom",
        "type": "image"
      },
      "layout": {
        "y": 0,
        "x": 0,
        "height": 11,
        "width": 41
      },
      "id": 0
    },
    {
      "definition": {
        "title_size": "16",
        "title": "Nutanix Events",
        "title_align": "left",
        "tags_execution": "and",
        "time": {
          "live_span": "1h"
        },
        "query": "nutanix $nutanix_cluster.value $nutanix_cvm.value",
        "type": "event_stream",
        "event_size": "l"
      },
      "layout": {
        "y": 49,
        "x": 42,
        "height": 46,
        "width": 61
      },
      "id": 1
    },
    {
      "definition": {
        "autoscale": true,
        "title": "Cluster Redundancy Factor ",
        "title_align": "left",
        "precision": 0,
        "title_size": "16",
        "requests": [
          {
            "q": "sum:rapdev.nutanix.clusters.currentRedundancyFactor{$nutanix_cluster,$nutanix_cvm}.rollup(avg)",
            "aggregator": "last",
            "conditional_formats": [
              {
                "palette": "white_on_red",
                "value": 2,
                "comparator": "<"
              },
              {
                "palette": "white_on_green",
                "value": 1,
                "comparator": ">"
              }
            ]
          }
        ],
        "type": "query_value"
      },
      "layout": {
        "y": 0,
        "x": 62,
        "height": 11,
        "width": 20
      },
      "id": 15
    },
    {
      "definition": {
        "autoscale": true,
        "title": "Storage Pool Count ",
        "title_align": "left",
        "precision": 0,
        "title_size": "16",
        "requests": [
          {
            "q": "avg:rapdev.nutanix.storage_pools.count{$nutanix_cvm,$nutanix_cluster}",
            "aggregator": "last"
          }
        ],
        "type": "query_value"
      },
      "layout": {
        "y": 62,
        "x": 1,
        "height": 8,
        "width": 17
      },
      "id": 5485622155859446
    },
    {
      "definition": {
        "title_size": "16",
        "title": "VMs",
        "title_align": "left",
        "has_search_bar": "auto",
        "requests": [
          {
            "q": "avg:rapdev.nutanix.memory_usage{$nutanix_host,nutanix_type:vm,$nutanix_cvm,$nutanix_cluster,$host} by {host,vm_description,nutanix_host}",
            "alias": "Memory Usage (%)",
            "cell_display_mode": [
              "bar"
            ],
            "aggregator": "last"
          },
          {
            "aggregator": "last",
            "cell_display_mode": [
              "bar"
            ],
            "q": "avg:rapdev.nutanix.hypervisor_cpu_usage{$nutanix_host,nutanix_type:vm,$nutanix_cvm,$nutanix_cluster,$host} by {host,vm_description,nutanix_host}",
            "alias": "CPU Usage (%)",
            "limit": 50,
            "order": "desc"
          },
          {
            "q": "avg:rapdev.nutanix.controller_avg_io_latency_usecs{$nutanix_host,nutanix_type:vm,$nutanix_cvm,$nutanix_cluster,$host} by {host,vm_description,nutanix_host}",
            "alias": "Average IO Latency",
            "cell_display_mode": [
              "bar"
            ],
            "aggregator": "last"
          },
          {
            "q": "avg:rapdev.nutanix.controller_io_bandwidth_kBps{$nutanix_host,nutanix_type:vm,$nutanix_cvm,$nutanix_cluster,$host} by {host,vm_description,nutanix_host}",
            "alias": "IO Bandwidth",
            "cell_display_mode": [
              "bar"
            ],
            "aggregator": "last"
          }
        ],
        "type": "query_table"
      },
      "layout": {
        "y": 63,
        "x": 104,
        "height": 32,
        "width": 80
      },
      "id": 7315688476744640
    },
    {
      "definition": {
        "title_size": "16",
        "title": "Hosts",
        "title_align": "left",
        "has_search_bar": "auto",
        "requests": [
          {
            "aggregator": "last",
            "cell_display_mode": [
              "bar"
            ],
            "q": "avg:rapdev.nutanix.hypervisor_memory_usage{nutanix_type:host,$nutanix_host,$nutanix_cvm,$nutanix_cluster} by {host}",
            "alias": "Memory Usage (%)",
            "limit": 50,
            "order": "desc"
          },
          {
            "q": "avg:rapdev.nutanix.hypervisor_cpu_usage{nutanix_type:host,$nutanix_host,$nutanix_cvm,$nutanix_cluster} by {host}",
            "alias": "CPU Usage (%)",
            "cell_display_mode": [
              "bar"
            ],
            "aggregator": "last"
          },
          {
            "q": "avg:rapdev.nutanix.storage.usage_bytes{nutanix_type:host,$nutanix_host,$nutanix_cvm,$nutanix_cluster} by {host}",
            "alias": "Storage Usage",
            "cell_display_mode": [
              "bar"
            ],
            "aggregator": "last"
          },
          {
            "q": "avg:rapdev.nutanix.storage.capacity_bytes{nutanix_type:host,$nutanix_host,$nutanix_cvm,$nutanix_cluster} by {host}",
            "alias": "Storage Capacity",
            "cell_display_mode": [
              "bar"
            ],
            "aggregator": "last"
          },
          {
            "q": "avg:rapdev.nutanix.avg_io_latency_usecs{nutanix_type:host,$nutanix_host,$nutanix_cvm,$nutanix_cluster} by {host}",
            "alias": "Average Latency",
            "cell_display_mode": [
              "bar"
            ],
            "aggregator": "last"
          }
        ],
        "type": "query_table"
      },
      "layout": {
        "y": 31,
        "x": 104,
        "height": 31,
        "width": 80
      },
      "id": 8655866016101028
    },
    {
      "definition": {
        "autoscale": false,
        "title": "Days Until License Expiry ",
        "title_align": "left",
        "custom_unit": "Days",
        "precision": 0,
        "title_size": "16",
        "requests": [
          {
            "q": "avg:rapdev.nutanix.license.clusterExpiryUsecs{$nutanix_cvm,$nutanix_cluster}",
            "aggregator": "last",
            "conditional_formats": [
              {
                "palette": "white_on_green",
                "value": 60,
                "comparator": ">="
              },
              {
                "palette": "white_on_red",
                "value": 60,
                "comparator": "<"
              }
            ]
          }
        ],
        "type": "query_value"
      },
      "layout": {
        "y": 0,
        "x": 42,
        "height": 11,
        "width": 19
      },
      "id": 5115189288791516
    },
    {
      "definition": {
        "style": {
          "palette": "Viridis",
          "palette_flip": false
        },
        "title_size": "16",
        "title": "Nutanix Host Map",
        "title_align": "left",
        "node_type": "host",
        "no_metric_hosts": false,
        "group": [],
        "requests": {
          "fill": {
            "q": "avg:rapdev.nutanix.hypervisor_cpu_usage{*} by {host}"
          }
        },
        "no_group_hosts": true,
        "type": "hostmap",
        "scope": []
      },
      "layout": {
        "y": 62,
        "x": 0,
        "height": 33,
        "width": 41
      },
      "id": 6788535579310066
    },
    {
      "definition": {
        "autoscale": true,
        "title": "Storage Container Count",
        "title_align": "left",
        "precision": 0,
        "title_size": "16",
        "requests": [
          {
            "q": "avg:rapdev.nutanix.containers.count{$nutanix_cvm,$nutanix_cluster}",
            "aggregator": "last"
          }
        ],
        "type": "query_value"
      },
      "layout": {
        "y": 52,
        "x": 0,
        "height": 9,
        "width": 20
      },
      "id": 6156223865511204
    },
    {
      "definition": {
        "autoscale": true,
        "title": "Cluster Storage Capacity",
        "title_align": "left",
        "precision": 2,
        "title_size": "16",
        "requests": [
          {
            "q": "sum:rapdev.nutanix.clusters.storage.capacity_bytes{$nutanix_host,$nutanix_cvm,$nutanix_cluster}",
            "aggregator": "last"
          }
        ],
        "type": "query_value"
      },
      "layout": {
        "y": 12,
        "x": 21,
        "height": 9,
        "width": 20
      },
      "id": 8697410471225900
    },
    {
      "definition": {
        "autoscale": true,
        "title": "Cluster Deduplication Savings",
        "title_align": "left",
        "custom_unit": "%",
        "precision": 2,
        "title_size": "16",
        "requests": [
          {
            "q": "avg:rapdev.nutanix.clusters.data_reduction.dedup.saving_ratio{$nutanix_cluster,$nutanix_cvm}",
            "aggregator": "last"
          }
        ],
        "type": "query_value"
      },
      "layout": {
        "y": 42,
        "x": 21,
        "height": 9,
        "width": 20
      },
      "id": 7353877392514046
    },
    {
      "definition": {
        "autoscale": true,
        "title": "Cluster Compression Saving Ratio",
        "title_align": "left",
        "custom_unit": "%",
        "precision": 2,
        "title_size": "16",
        "requests": [
          {
            "q": "avg:rapdev.nutanix.clusters.data_reduction.compression.saving_ratio{$nutanix_cluster,$nutanix_cvm}",
            "aggregator": "last"
          }
        ],
        "type": "query_value"
      },
      "layout": {
        "y": 42,
        "x": 0,
        "height": 9,
        "width": 20
      },
      "id": 3842754803592412
    },
    {
      "definition": {
        "title_size": "16",
        "title": "Disk Check Status",
        "title_align": "center",
        "group_by": [
          "$nutanix_host"
        ],
        "type": "check_status",
        "check": "rapdev.nutanix.disks.disk_status",
        "tags": [
          "*"
        ],
        "grouping": "cluster"
      },
      "layout": {
        "y": 0,
        "x": 83,
        "height": 11,
        "width": 20
      },
      "id": 7269085191161390
    },
    {
      "definition": {
        "title_size": "16",
        "title": "Number of CPU Cores",
        "title_align": "left",
        "precision": 0,
        "time": {},
        "autoscale": true,
        "requests": [
          {
            "formulas": [
              {
                "formula": "query1"
              }
            ],
            "response_format": "scalar",
            "queries": [
              {
                "query": "sum:rapdev.nutanix.hosts.num_cores{$nutanix_host,$nutanix_cluster,$nutanix_cvm}",
                "data_source": "metrics",
                "name": "query1",
                "aggregator": "last"
              }
            ]
          }
        ],
        "type": "query_value"
      },
      "layout": {
        "y": 12,
        "x": 0,
        "height": 9,
        "width": 20
      },
      "id": 1014696104731024
    },
    {
      "definition": {
        "sort": "status,asc",
        "count": 50,
        "title_size": "16",
        "title": "Nutanix Monitor Summary",
        "title_align": "left",
        "hide_zero_counts": true,
        "start": 0,
        "summary_type": "monitors",
        "color_preference": "text",
        "query": "Nutanix",
        "show_last_triggered": false,
        "type": "manage_status",
        "display_format": "countsAndList"
      },
      "layout": {
        "y": 12,
        "x": 42,
        "height": 36,
        "width": 61
      },
      "id": 4949015314537450
    },
    {
      "definition": {
        "autoscale": true,
        "title": "Host Count",
        "title_align": "left",
        "precision": 0,
        "title_size": "16",
        "requests": [
          {
            "q": "avg:rapdev.nutanix.hosts.count{$nutanix_cluster}",
            "aggregator": "last"
          }
        ],
        "type": "query_value"
      },
      "layout": {
        "y": 32,
        "x": 0,
        "height": 9,
        "width": 20
      },
      "id": 8506410907505182
    },
    {
      "definition": {
        "autoscale": true,
        "title": "Block Count",
        "title_align": "left",
        "precision": 0,
        "title_size": "16",
        "requests": [
          {
            "q": "avg:rapdev.nutanix.clusters.nodeCount{$nutanix_cluster}",
            "aggregator": "avg"
          }
        ],
        "type": "query_value"
      },
      "layout": {
        "y": 32,
        "x": 21,
        "height": 9,
        "width": 20
      },
      "id": 244709390587180
    },
    {
      "definition": {
        "title_size": "16",
        "title": "Clusters",
        "title_align": "left",
        "has_search_bar": "auto",
        "requests": [
          {
            "aggregator": "avg",
            "cell_display_mode": [
              "bar"
            ],
            "q": "avg:rapdev.nutanix.clusters.hypervisor_cpu_usage{$nutanix_cluster} by {nutanix_cluster_name, nutanix_cluster_version}",
            "alias": "CPU Usage (%)",
            "limit": 50,
            "order": "desc"
          },
          {
            "q": "avg:rapdev.nutanix.clusters.hypervisor_memory_usage{$nutanix_cluster} by {nutanix_cluster_name, nutanix_cluster_version}",
            "alias": "Memory Usage (%)",
            "cell_display_mode": [
              "bar"
            ],
            "aggregator": "avg"
          },
          {
            "q": "avg:rapdev.nutanix.clusters.storage.free_bytes{$nutanix_cluster} by {nutanix_cluster_name, nutanix_cluster_version}",
            "alias": "Storage Free",
            "cell_display_mode": [
              "bar"
            ],
            "aggregator": "avg"
          },
          {
            "q": "avg:rapdev.nutanix.clusters.storage.usage_bytes{$nutanix_cluster} by {nutanix_cluster_name, nutanix_cluster_version}",
            "alias": "Storage Used",
            "cell_display_mode": [
              "bar"
            ],
            "aggregator": "avg"
          }
        ],
        "type": "query_table"
      },
      "layout": {
        "y": 0,
        "x": 104,
        "height": 30,
        "width": 80
      },
      "id": 5206276190864230
    },
    {
      "definition": {
        "autoscale": true,
        "title": "Cluster CPU Utilization",
        "title_align": "left",
        "custom_unit": "%",
        "precision": 2,
        "title_size": "16",
        "requests": [
          {
            "q": "avg:rapdev.nutanix.clusters.hypervisor_cpu_usage{$nutanix_cluster}",
            "aggregator": "last"
          }
        ],
        "type": "query_value"
      },
      "layout": {
        "y": 22,
        "x": 0,
        "height": 9,
        "width": 20
      },
      "id": 6181908076646288
    },
    {
      "definition": {
        "autoscale": true,
        "title": "Cluster Memory Utilization",
        "title_align": "left",
        "custom_unit": "%",
        "precision": 2,
        "title_size": "16",
        "requests": [
          {
            "q": "avg:rapdev.nutanix.clusters.hypervisor_memory_usage{$nutanix_cluster}",
            "aggregator": "last"
          }
        ],
        "type": "query_value"
      },
      "layout": {
        "y": 22,
        "x": 21,
        "height": 9,
        "width": 20
      },
      "id": 6626956013052490
    },
    {
      "definition": {
        "autoscale": true,
        "title": "Disk Count",
        "title_align": "left",
        "precision": 0,
        "title_size": "16",
        "requests": [
          {
            "q": "avg:rapdev.nutanix.disks.count{*}",
            "aggregator": "last"
          }
        ],
        "type": "query_value"
      },
      "layout": {
        "y": 52,
        "x": 21,
        "height": 9,
        "width": 20
      },
      "id": 1599895612713984
    }
  ],
  "layout_type": "free"
}