{
  "notify_list": [],
  "description": "## Title\n\nDescribe this dashboard. Add links to other dashboards, monitors, wikis,  and docs to help your teammates. Markdown is supported.\n\n- [This might link to a dashboard](#)\n- [This might link to a wiki](#)",
  "restricted_roles": [
    "98e01fcc-2a12-11e9-a54b-03f391a16a77"
  ],
  "template_variables": [],
  "is_read_only": true,
  "title": "Widget 16:9 Resolution Helper",
  "widgets": [
    {
      "definition": {
        "tick_pos": "50%",
        "font_size": "24",
        "type": "note",
        "tick_edge": "left",
        "text_align": "left",
        "content": "Resolution Template 960x540",
        "vertical_align": "top",
        "has_padding": true,
        "show_tick": false,
        "background_color": "blue"
      },
      "layout": {
        "y": 3,
        "x": 6,
        "height": 56,
        "width": 100
      },
      "id": 8804602756642524
    },
    {
      "definition": {
        "tick_pos": "50%",
        "font_size": "24",
        "type": "note",
        "tick_edge": "left",
        "text_align": "left",
        "content": "Resolution Template 854x480",
        "vertical_align": "top",
        "has_padding": true,
        "show_tick": false,
        "background_color": "blue"
      },
      "layout": {
        "y": 67,
        "x": 6,
        "height": 50,
        "width": 89
      },
      "id": 6695305499906718
    },
    {
      "definition": {
        "autoscale": true,
        "title": "",
        "title_align": "left",
        "precision": 2,
        "title_size": "16",
        "requests": [
          {
            "response_format": "scalar",
            "queries": [
              {
                "query": "avg:system.cpu.user{*}",
                "data_source": "metrics",
                "name": "query1",
                "aggregator": "avg"
              }
            ]
          }
        ],
        "type": "query_value"
      },
      "layout": {
        "y": 196,
        "x": 2,
        "height": 15,
        "width": 47
      },
      "id": 4381780577531532
    },
    {
      "definition": {
        "tick_pos": "50%",
        "font_size": "24",
        "type": "note",
        "tick_edge": "left",
        "text_align": "left",
        "content": "Resolution Template 854x480",
        "vertical_align": "top",
        "has_padding": true,
        "show_tick": false,
        "background_color": "blue"
      },
      "layout": {
        "y": 130,
        "x": 6,
        "height": 50,
        "width": 89
      },
      "id": 7537107417715678
    },
    {
      "definition": {
        "title_size": "16",
        "title": "",
        "title_align": "left",
        "app_id": "196a7fe2-b021-11ec-90db-da7ad0900002",
        "custom_widget_key": "rapdev_stat_panel",
        "type": "custom",
        "options": {
          "group": "host",
          "value1": "0.66",
          "metric": "system.cpu.user",
          "reducer": "avg",
          "background2": "#619EFF",
          "background1": "#FF7A7F",
          "host": "host:i-*",
          "value2": "0.33",
          "background": "#95EDAA",
          "operation": "avg",
          "condition2": "Greater",
          "condition1": "Greater"
        }
      },
      "layout": {
        "y": 130,
        "x": 6,
        "height": 50,
        "width": 89
      },
      "id": 8860225334853590
    }
  ],
  "layout_type": "free"
}