{
  "notify_list": [],
  "description": "",
  "restricted_roles": [],
  "template_variables": [
    {
      "default": "*",
      "prefix": "snmp_device",
      "name": "IP"
    },
    {
      "default": "*",
      "prefix": "host",
      "name": "Host"
    },
    {
      "default": "rd-brocade-vdx",
      "prefix": "snmp_profile",
      "name": "SNMP_Profile"
    },
    {
      "default": "*",
      "prefix": "interface",
      "name": "Interface"
    },
    {
      "default": "*",
      "prefix": "interfacedescription",
      "name": "InterfaceDescription"
    },
    {
      "default": "*",
      "prefix": "fcinterface",
      "name": "FCInterface"
    },
    {
      "default": "*",
      "prefix": "fcinterfacetype",
      "name": "FCInterfaceType"
    }
  ],
  "is_read_only": false,
  "title": "RapDev Brocade VDX Dashboard",
  "widgets": [
    {
      "definition": {
        "custom_links": [],
        "title_size": "16",
        "title": "CPU Usage (%)",
        "title_align": "left",
        "custom_unit": "%",
        "precision": 2,
        "autoscale": true,
        "requests": [
          {
            "q": "avg:snmp.CPU.Utilization{$SNMP_Profile,$IP,$Host}",
            "aggregator": "avg"
          }
        ],
        "type": "query_value"
      },
      "layout": {
        "y": 0,
        "x": 0,
        "height": 15,
        "width": 37
      },
      "id": 1295779646429096
    },
    {
      "definition": {
        "custom_links": [],
        "title_size": "16",
        "title": "System Up Time",
        "title_align": "left",
        "custom_unit": "Days",
        "precision": 2,
        "autoscale": true,
        "requests": [
          {
            "q": "avg:snmp.sysUpTimeInstance{$IP,$SNMP_Profile,$Host}/8640000",
            "aggregator": "avg"
          }
        ],
        "type": "query_value"
      },
      "layout": {
        "y": 0,
        "x": 77,
        "height": 15,
        "width": 40
      },
      "id": 3329305777939520
    },
    {
      "definition": {
        "custom_links": [],
        "title_size": "16",
        "title": "Nodes In Cluster",
        "title_align": "left",
        "precision": 0,
        "autoscale": true,
        "requests": [
          {
            "q": "avg:snmp.NodesInCluster{$IP,$Host,$SNMP_Profile}",
            "aggregator": "avg"
          }
        ],
        "type": "query_value"
      },
      "layout": {
        "y": 23,
        "x": 77,
        "height": 15,
        "width": 40
      },
      "id": 8208339990580078
    },
    {
      "definition": {
        "custom_links": [],
        "title_size": "16",
        "title": "Memory Usage (%)",
        "title_align": "left",
        "custom_unit": "%",
        "precision": 2,
        "autoscale": false,
        "requests": [
          {
            "q": "avg:snmp.Memory.Used{$IP,$Host,$SNMP_Profile}",
            "aggregator": "avg"
          }
        ],
        "type": "query_value"
      },
      "layout": {
        "y": 0,
        "x": 38,
        "height": 15,
        "width": 38
      },
      "id": 5698494960735460
    },
    {
      "definition": {
        "tick_pos": "50%",
        "show_tick": true,
        "type": "note",
        "tick_edge": "bottom",
        "text_align": "center",
        "content": "Cluster Info",
        "font_size": "24",
        "background_color": "white"
      },
      "layout": {
        "y": 16,
        "x": 0,
        "height": 6,
        "width": 117
      },
      "id": 4759832855093448
    },
    {
      "definition": {
        "custom_links": [],
        "title_size": "16",
        "title": "VCS Config Mode",
        "title_align": "left",
        "precision": 0,
        "autoscale": true,
        "requests": [
          {
            "q": "max:snmp.VCS.ConfigMode{$IP,$Host,$SNMP_Profile}",
            "aggregator": "avg"
          }
        ],
        "type": "query_value"
      },
      "layout": {
        "y": 39,
        "x": 19,
        "height": 15,
        "width": 18
      },
      "id": 5518671828204080
    },
    {
      "definition": {
        "tick_pos": "50%",
        "show_tick": true,
        "type": "note",
        "tick_edge": "right",
        "text_align": "center",
        "content": "ConfigMode\n\n1: Local\n\n2: Distributed",
        "font_size": "18",
        "background_color": "white"
      },
      "layout": {
        "y": 39,
        "x": 0,
        "height": 15,
        "width": 18
      },
      "id": 4993195884768672
    },
    {
      "definition": {
        "custom_links": [],
        "title_size": "16",
        "yaxis": {
          "max": "auto",
          "include_zero": true,
          "scale": "linear",
          "min": "auto",
          "label": ""
        },
        "title_align": "left",
        "markers": [
          {
            "display_type": "ok dashed",
            "value": "y = 1",
            "label": " Good "
          },
          {
            "display_type": "warning dashed",
            "value": "y = 2",
            "label": " Degraded "
          },
          {
            "display_type": "error dashed",
            "value": "y = 3",
            "label": " Error "
          }
        ],
        "show_legend": false,
        "title": "Cluster Condition",
        "requests": [
          {
            "q": "avg:snmp.ClusterCondition{$IP,$Host,$SNMP_Profile} by {snmp_device}",
            "style": {
              "line_width": "normal",
              "palette": "dog_classic",
              "line_type": "solid"
            },
            "display_type": "line"
          }
        ],
        "type": "timeseries"
      },
      "layout": {
        "y": 23,
        "x": 0,
        "height": 15,
        "width": 37
      },
      "id": 6861950990099206
    },
    {
      "definition": {
        "custom_links": [],
        "title_size": "16",
        "title": "VCS Operation Mode",
        "title_align": "left",
        "precision": 0,
        "autoscale": false,
        "requests": [
          {
            "q": "max:snmp.VCS.OperationMode{$IP,$Host,$SNMP_Profile}",
            "aggregator": "avg"
          }
        ],
        "type": "query_value"
      },
      "layout": {
        "y": 39,
        "x": 57,
        "height": 15,
        "width": 19
      },
      "id": 6826046852069960
    },
    {
      "definition": {
        "tick_pos": "50%",
        "show_tick": true,
        "type": "note",
        "tick_edge": "right",
        "text_align": "center",
        "content": "OperationMode\n\n1: FabricCluster\n\n2: LogicalChassis",
        "font_size": "18",
        "background_color": "white"
      },
      "layout": {
        "y": 39,
        "x": 38,
        "height": 15,
        "width": 18
      },
      "id": 6404496787742462
    },
    {
      "definition": {
        "custom_links": [],
        "title_size": "16",
        "title": "Fabric Neighbors",
        "title_align": "left",
        "precision": 2,
        "autoscale": true,
        "requests": [
          {
            "q": "avg:snmp.FabricISL.Neighbors{$IP,$Host,$SNMP_Profile}",
            "aggregator": "avg"
          }
        ],
        "type": "query_value"
      },
      "layout": {
        "y": 23,
        "x": 38,
        "height": 15,
        "width": 38
      },
      "id": 2279400298949000
    },
    {
      "definition": {
        "custom_links": [],
        "title_size": "16",
        "title": "ISL Bandwidth",
        "title_align": "left",
        "custom_unit": "GB",
        "precision": 0,
        "autoscale": false,
        "requests": [
          {
            "q": "avg:snmp.FabricISL.Speed{$IP,$Host,$SNMP_Profile}/1000",
            "aggregator": "last"
          }
        ],
        "type": "query_value"
      },
      "layout": {
        "y": 39,
        "x": 77,
        "height": 15,
        "width": 40
      },
      "id": 5605959957664808
    },
    {
      "definition": {
        "tick_pos": "50%",
        "show_tick": true,
        "type": "note",
        "tick_edge": "bottom",
        "text_align": "center",
        "content": "Fibre Channel Ports",
        "font_size": "24",
        "background_color": "white"
      },
      "layout": {
        "y": 55,
        "x": 0,
        "height": 6,
        "width": 117
      },
      "id": 7978824064077318
    },
    {
      "definition": {
        "custom_links": [],
        "title_size": "16",
        "title": "Admin Status",
        "title_align": "left",
        "precision": 0,
        "autoscale": false,
        "requests": [
          {
            "q": "max:snmp.Interface.FC.AdminStatus{$IP,$Host,$SNMP_Profile,$FCInterface}.as_count()",
            "aggregator": "avg",
            "conditional_formats": [
              {
                "palette": "white_on_red",
                "value": 2,
                "comparator": ">="
              },
              {
                "palette": "white_on_green",
                "value": 1,
                "comparator": ">="
              },
              {
                "palette": "white_on_gray",
                "value": 1,
                "comparator": "<"
              }
            ]
          }
        ],
        "type": "query_value"
      },
      "layout": {
        "y": 62,
        "x": 0,
        "height": 15,
        "width": 15
      },
      "id": 4696541684600738
    },
    {
      "definition": {
        "custom_links": [],
        "title_size": "16",
        "title": "Operation Status",
        "title_align": "left",
        "precision": 0,
        "autoscale": false,
        "requests": [
          {
            "q": "avg:snmp.Interface.FC.OperStatus{$IP,$Host,$SNMP_Profile,$FCInterface}.as_count()",
            "aggregator": "last",
            "conditional_formats": [
              {
                "palette": "white_on_red",
                "value": 2,
                "comparator": ">="
              },
              {
                "palette": "white_on_green",
                "value": 1,
                "comparator": ">="
              },
              {
                "palette": "white_on_gray",
                "value": 1,
                "comparator": "<"
              }
            ]
          }
        ],
        "type": "query_value"
      },
      "layout": {
        "y": 62,
        "x": 16,
        "height": 15,
        "width": 14
      },
      "id": 4257467239341648
    },
    {
      "definition": {
        "custom_links": [],
        "title_size": "16",
        "title": "Frames Transferred & Received",
        "title_align": "left",
        "yaxis": {
          "max": "auto",
          "include_zero": true,
          "scale": "linear",
          "min": "auto",
          "label": ""
        },
        "show_legend": false,
        "requests": [
          {
            "q": "avg:snmp.Interface.FC.TxFrames{$IP,$Host,$SNMP_Profile,$FCInterface} by {fcinterface}.as_rate()",
            "style": {
              "line_width": "normal",
              "palette": "dog_classic",
              "line_type": "solid"
            },
            "display_type": "line"
          },
          {
            "q": "avg:snmp.Interface.FC.RxFrames{$IP,$Host,$SNMP_Profile,$FCInterface} by {fcinterface}.as_rate()",
            "style": {
              "line_width": "normal",
              "palette": "dog_classic",
              "line_type": "solid"
            },
            "display_type": "line"
          }
        ],
        "type": "timeseries"
      },
      "layout": {
        "y": 62,
        "x": 46,
        "height": 15,
        "width": 37
      },
      "id": 5016653055301856
    },
    {
      "definition": {
        "custom_links": [],
        "title_size": "16",
        "title": "Link State",
        "title_align": "left",
        "precision": 2,
        "autoscale": true,
        "requests": [
          {
            "q": "max:snmp.Interface.FC.LinkState{$IP,$Host,$SNMP_Profile,$FCInterface,$FCInterfaceType}.as_count()",
            "aggregator": "last",
            "conditional_formats": [
              {
                "palette": "white_on_red",
                "value": 2,
                "comparator": ">="
              },
              {
                "palette": "white_on_green",
                "value": 1,
                "comparator": ">="
              }
            ]
          }
        ],
        "type": "query_value"
      },
      "layout": {
        "y": 62,
        "x": 31,
        "height": 15,
        "width": 14
      },
      "id": 4061838505217114
    },
    {
      "definition": {
        "custom_links": [],
        "title_size": "16",
        "title": "Words Transferred & Received",
        "title_align": "left",
        "yaxis": {
          "max": "auto",
          "include_zero": true,
          "scale": "linear",
          "min": "auto",
          "label": ""
        },
        "show_legend": false,
        "requests": [
          {
            "q": "avg:snmp.Interface.FC.RxWords{$IP,$Host,$SNMP_Profile,$FCInterface,$FCInterfaceType} by {fcinterface}.as_rate()",
            "style": {
              "line_width": "normal",
              "palette": "dog_classic",
              "line_type": "solid"
            },
            "display_type": "line"
          },
          {
            "q": "avg:snmp.Interface.FC.TxWords{$IP,$Host,$SNMP_Profile,$FCInterface,$FCInterfaceType} by {fcinterface}.as_rate()",
            "style": {
              "line_width": "normal",
              "palette": "dog_classic",
              "line_type": "solid"
            },
            "display_type": "line"
          }
        ],
        "type": "timeseries"
      },
      "layout": {
        "y": 62,
        "x": 84,
        "height": 15,
        "width": 33
      },
      "id": 2576326141889762
    },
    {
      "definition": {
        "custom_links": [],
        "title_size": "16",
        "title": "Frame Discards",
        "title_align": "left",
        "yaxis": {
          "max": "auto",
          "include_zero": true,
          "scale": "linear",
          "min": "auto",
          "label": ""
        },
        "show_legend": false,
        "requests": [
          {
            "q": "avg:snmp.Interface.FC.Discards{$IP,$Host,$SNMP_Profile,$FCInterface,$FCInterfaceType}.as_rate()",
            "style": {
              "line_width": "normal",
              "palette": "dog_classic",
              "line_type": "solid"
            },
            "display_type": "line"
          }
        ],
        "type": "timeseries"
      },
      "layout": {
        "y": 78,
        "x": 46,
        "height": 15,
        "width": 37
      },
      "id": 2838876547175362
    },
    {
      "definition": {
        "custom_links": [],
        "title_size": "16",
        "title": "CRC Errors Received",
        "title_align": "left",
        "yaxis": {
          "max": "auto",
          "include_zero": true,
          "scale": "linear",
          "min": "auto",
          "label": ""
        },
        "show_legend": false,
        "requests": [
          {
            "q": "avg:snmp.Interface.FC.CRCerrors{$IP,$Host,$SNMP_Profile,$FCInterface,$FCInterfaceType} by {fcinterface}.as_rate()",
            "style": {
              "line_width": "normal",
              "palette": "dog_classic",
              "line_type": "solid"
            },
            "display_type": "line"
          }
        ],
        "type": "timeseries"
      },
      "layout": {
        "y": 78,
        "x": 84,
        "height": 15,
        "width": 33
      },
      "id": 7257089789531764
    },
    {
      "definition": {
        "custom_links": [],
        "title_size": "16",
        "title": "Fibre Channel Interfaces",
        "title_align": "left",
        "requests": [
          {
            "q": "avg:snmp.Interface.FC.AdminStatus{$IP,$Host,$SNMP_Profile} by {fcinterface, fcinterfacetype}.as_count()",
            "aggregator": "last",
            "alias": "Admin Status"
          },
          {
            "q": "avg:snmp.Interface.FC.OperStatus{$IP,$Host,$SNMP_Profile} by {fcinterface, fcinterfacetype}.as_count()",
            "aggregator": "last",
            "limit": 50,
            "order": "desc",
            "alias": "Oper Status"
          },
          {
            "q": "avg:snmp.Interface.FC.LinkState{$IP,$Host,$SNMP_Profile} by {fcinterface, fcinterfacetype}.as_count()",
            "aggregator": "last",
            "alias": "Link State"
          }
        ],
        "type": "query_table"
      },
      "layout": {
        "y": 78,
        "x": 0,
        "height": 15,
        "width": 45
      },
      "id": 4198704553588816
    },
    {
      "definition": {
        "tick_pos": "50%",
        "show_tick": true,
        "type": "note",
        "tick_edge": "bottom",
        "text_align": "center",
        "content": "Interfaces",
        "font_size": "24",
        "background_color": "white"
      },
      "layout": {
        "y": 94,
        "x": 0,
        "height": 6,
        "width": 117
      },
      "id": 6963592018759604
    },
    {
      "definition": {
        "custom_links": [],
        "title_size": "16",
        "title": "Admin Status",
        "title_align": "left",
        "precision": 0,
        "requests": [
          {
            "q": "max:snmp.Interface.AdminStatus{$Host,$SNMP_Profile,$IP,$InterfaceDescription,$Interface}",
            "aggregator": "last",
            "conditional_formats": [
              {
                "palette": "white_on_red",
                "value": 2,
                "comparator": ">="
              },
              {
                "palette": "white_on_green",
                "value": 1,
                "comparator": ">="
              }
            ]
          }
        ],
        "type": "query_value"
      },
      "layout": {
        "y": 101,
        "x": 0,
        "height": 15,
        "width": 15
      },
      "id": 5978255659485688
    },
    {
      "definition": {
        "custom_links": [],
        "title_size": "16",
        "title": "Operation Status",
        "title_align": "left",
        "precision": 0,
        "requests": [
          {
            "q": "max:snmp.Interface.OperStatus{$Host,$SNMP_Profile,$InterfaceDescription,$IP,$Interface}",
            "aggregator": "last",
            "conditional_formats": [
              {
                "palette": "white_on_red",
                "value": 2,
                "comparator": ">="
              },
              {
                "palette": "white_on_green",
                "value": 1,
                "comparator": ">="
              }
            ]
          }
        ],
        "type": "query_value"
      },
      "layout": {
        "y": 101,
        "x": 16,
        "height": 15,
        "width": 15
      },
      "id": 6210171411287792
    },
    {
      "definition": {
        "custom_links": [],
        "title_size": "16",
        "title": "Interface Speed",
        "title_align": "left",
        "custom_unit": "b/s",
        "precision": 0,
        "autoscale": true,
        "requests": [
          {
            "q": "max:snmp.Interface.Speed{$InterfaceDescription,$Interface,$Host,$SNMP_Profile,$IP}",
            "aggregator": "last"
          }
        ],
        "type": "query_value"
      },
      "layout": {
        "y": 101,
        "x": 32,
        "height": 15,
        "width": 14
      },
      "id": 6980176168908796
    },
    {
      "definition": {
        "custom_links": [],
        "title_size": "16",
        "title": "Bytes In & Bytes Out",
        "title_align": "left",
        "yaxis": {
          "max": "auto",
          "include_zero": true,
          "scale": "linear",
          "min": "auto",
          "label": ""
        },
        "show_legend": false,
        "requests": [
          {
            "q": "avg:snmp.Interface.InOctets.rate{$Host,$SNMP_Profile,$IP,$InterfaceDescription,$Interface} by {interface}",
            "style": {
              "line_width": "normal",
              "palette": "dog_classic",
              "line_type": "solid"
            },
            "display_type": "line"
          },
          {
            "q": "avg:snmp.Interface.OutOctets.rate{$Host,$SNMP_Profile,$IP,$InterfaceDescription,$Interface} by {interface}",
            "style": {
              "line_width": "normal",
              "palette": "dog_classic",
              "line_type": "solid"
            },
            "display_type": "line"
          }
        ],
        "type": "timeseries"
      },
      "layout": {
        "y": 101,
        "x": 47,
        "height": 15,
        "width": 36
      },
      "id": 5796513690524228
    },
    {
      "definition": {
        "custom_links": [],
        "title_size": "16",
        "title": "In & Out Broadcasts",
        "title_align": "left",
        "yaxis": {
          "max": "auto",
          "include_zero": true,
          "scale": "linear",
          "min": "auto",
          "label": ""
        },
        "show_legend": false,
        "requests": [
          {
            "q": "avg:snmp.Interface.InBroadcastPkts{$Host,$SNMP_Profile,$InterfaceDescription,$Interface,$IP} by {interface}",
            "style": {
              "line_width": "normal",
              "palette": "dog_classic",
              "line_type": "solid"
            },
            "display_type": "line"
          },
          {
            "q": "avg:snmp.Interface.OutBroadcastPkts{$Host,$SNMP_Profile,$InterfaceDescription,$Interface,$IP} by {interface}",
            "style": {
              "line_width": "normal",
              "palette": "dog_classic",
              "line_type": "solid"
            },
            "display_type": "line"
          }
        ],
        "type": "timeseries"
      },
      "layout": {
        "y": 101,
        "x": 84,
        "height": 15,
        "width": 33
      },
      "id": 4141143251823346
    },
    {
      "definition": {
        "custom_links": [],
        "title_size": "16",
        "title": "% Utilization In",
        "title_align": "left",
        "custom_unit": "%",
        "precision": 3,
        "requests": [
          {
            "q": "avg:snmp.Interface.InOctets.rate{$InterfaceDescription,$Interface,$Host,$SNMP_Profile,$IP}/avg:snmp.Interface.Speed{$InterfaceDescription,$Interface,$Host,$SNMP_Profile,$IP}/10000",
            "aggregator": "last"
          }
        ],
        "type": "query_value"
      },
      "layout": {
        "y": 117,
        "x": 0,
        "height": 15,
        "width": 23
      },
      "id": 2969212655553882
    },
    {
      "definition": {
        "custom_links": [],
        "title_size": "16",
        "title": "% Utilization Out",
        "title_align": "left",
        "custom_unit": "%",
        "precision": 3,
        "requests": [
          {
            "q": "avg:snmp.Interface.OutOctets.rate{$InterfaceDescription,$Interface,$Host,$SNMP_Profile,$IP}/avg:snmp.Interface.Speed{$InterfaceDescription,$Interface,$Host,$SNMP_Profile,$IP}/10000",
            "aggregator": "last"
          }
        ],
        "type": "query_value"
      },
      "layout": {
        "y": 117,
        "x": 24,
        "height": 15,
        "width": 22
      },
      "id": 5678812468192694
    },
    {
      "definition": {
        "custom_links": [],
        "title_size": "16",
        "title": "In & Out MultiCastPkts",
        "title_align": "left",
        "yaxis": {
          "max": "auto",
          "include_zero": true,
          "scale": "linear",
          "min": "auto",
          "label": ""
        },
        "show_legend": false,
        "requests": [
          {
            "q": "avg:snmp.Interface.InMulticastPkts{$Host,$SNMP_Profile,$IP,$InterfaceDescription,$Interface} by {interface}",
            "style": {
              "line_width": "normal",
              "palette": "dog_classic",
              "line_type": "solid"
            },
            "display_type": "line"
          },
          {
            "q": "avg:snmp.Interface.OutMulticastPkts{$Host,$SNMP_Profile,$IP,$InterfaceDescription,$Interface} by {interface}",
            "style": {
              "line_width": "normal",
              "palette": "dog_classic",
              "line_type": "solid"
            },
            "display_type": "line"
          }
        ],
        "type": "timeseries"
      },
      "layout": {
        "y": 117,
        "x": 47,
        "height": 15,
        "width": 36
      },
      "id": 8018032130980434
    },
    {
      "definition": {
        "custom_links": [],
        "title_size": "16",
        "title": "In & Out Errors",
        "title_align": "left",
        "yaxis": {
          "max": "auto",
          "include_zero": true,
          "scale": "linear",
          "min": "auto",
          "label": ""
        },
        "show_legend": false,
        "requests": [
          {
            "q": "avg:snmp.Interface.InErrors{$InterfaceDescription,$Interface,$Host,$SNMP_Profile,$IP} by {interface}",
            "style": {
              "line_width": "normal",
              "palette": "dog_classic",
              "line_type": "solid"
            },
            "display_type": "area"
          },
          {
            "q": "avg:snmp.Interface.OutErrors{$InterfaceDescription,$Interface,$Host,$SNMP_Profile,$IP} by {interface}",
            "style": {
              "line_width": "normal",
              "palette": "dog_classic",
              "line_type": "solid"
            },
            "display_type": "line"
          }
        ],
        "type": "timeseries"
      },
      "layout": {
        "y": 117,
        "x": 84,
        "height": 15,
        "width": 33
      },
      "id": 1584873159710122
    },
    {
      "definition": {
        "custom_links": [],
        "title_size": "16",
        "title": "In & Out Unicast Packets",
        "title_align": "left",
        "yaxis": {
          "max": "auto",
          "include_zero": true,
          "scale": "linear",
          "min": "auto",
          "label": ""
        },
        "show_legend": false,
        "requests": [
          {
            "q": "avg:snmp.Interface.InUnicastPkts{$Host,$SNMP_Profile,$IP,$InterfaceDescription,$Interface} by {interface}",
            "style": {
              "line_width": "normal",
              "palette": "dog_classic",
              "line_type": "solid"
            },
            "display_type": "line"
          },
          {
            "q": "avg:snmp.Interface.OutUnicastPkts{$Host,$SNMP_Profile,$IP,$InterfaceDescription,$Interface} by {interface}",
            "style": {
              "line_width": "normal",
              "palette": "dog_classic",
              "line_type": "solid"
            },
            "display_type": "line"
          }
        ],
        "type": "timeseries"
      },
      "layout": {
        "y": 133,
        "x": 84,
        "height": 15,
        "width": 33
      },
      "id": 541382130331844
    },
    {
      "definition": {
        "custom_links": [],
        "title_size": "16",
        "title": "Local Interfaces",
        "title_align": "left",
        "requests": [
          {
            "q": "avg:snmp.Interface.AdminStatus{$SNMP_Profile,$Host,$IP} by {interface,interfacedescription}",
            "aggregator": "last",
            "alias": "Admin Status"
          },
          {
            "q": "avg:snmp.Interface.OperStatus{$SNMP_Profile,$Host,$IP} by {interface,interfacedescription}",
            "aggregator": "last",
            "limit": 100,
            "order": "asc",
            "alias": "Oper Status"
          },
          {
            "q": "avg:snmp.Interface.Speed{$SNMP_Profile,$Host,$IP} by {interface,interfacedescription}",
            "aggregator": "last",
            "alias": "Speed"
          }
        ],
        "type": "query_table"
      },
      "layout": {
        "y": 133,
        "x": 47,
        "height": 15,
        "width": 36
      },
      "id": 4840153365074234
    },
    {
      "definition": {
        "custom_links": [],
        "title_size": "16",
        "title": "Interface Utilization (%)",
        "title_align": "left",
        "yaxis": {
          "max": "auto",
          "include_zero": true,
          "scale": "linear",
          "min": "auto",
          "label": ""
        },
        "show_legend": false,
        "requests": [
          {
            "q": "avg:snmp.Interface.InOctets.rate{$InterfaceDescription,$Interface,$Host,$SNMP_Profile,$IP} by {interface}/avg:snmp.Interface.Speed{$InterfaceDescription,$Interface,$Host,$SNMP_Profile,$IP} by {interface}/10000",
            "style": {
              "line_width": "normal",
              "palette": "dog_classic",
              "line_type": "solid"
            },
            "display_type": "line"
          },
          {
            "q": "avg:snmp.Interface.OutOctets.rate{$InterfaceDescription,$Interface,$Host,$SNMP_Profile,$IP} by {interface}/avg:snmp.Interface.Speed{$InterfaceDescription,$Interface,$Host,$SNMP_Profile,$IP} by {interface}/10000",
            "style": {
              "line_width": "normal",
              "palette": "dog_classic",
              "line_type": "solid"
            },
            "display_type": "line"
          }
        ],
        "type": "timeseries"
      },
      "layout": {
        "y": 133,
        "x": 0,
        "height": 15,
        "width": 46
      },
      "id": 8484995385969518
    },
    {
      "definition": {
        "tick_pos": "50%",
        "show_tick": true,
        "type": "note",
        "tick_edge": "bottom",
        "text_align": "center",
        "content": "System Resources",
        "font_size": "24",
        "background_color": "white"
      },
      "layout": {
        "y": 149,
        "x": 0,
        "height": 6,
        "width": 117
      },
      "id": 1148102832507054
    },
    {
      "definition": {
        "custom_links": [],
        "title_size": "16",
        "title": "CPU Utilization (%)",
        "title_align": "left",
        "yaxis": {
          "max": "auto",
          "include_zero": true,
          "scale": "linear",
          "min": "auto",
          "label": ""
        },
        "show_legend": false,
        "requests": [
          {
            "q": "avg:snmp.CPU.Utilization{$IP,$Host,$SNMP_Profile} by {snmp_device}",
            "style": {
              "line_width": "normal",
              "palette": "dog_classic",
              "line_type": "solid"
            },
            "display_type": "line"
          }
        ],
        "type": "timeseries"
      },
      "layout": {
        "y": 156,
        "x": 84,
        "height": 15,
        "width": 33
      },
      "id": 7422347333775252
    },
    {
      "definition": {
        "custom_links": [],
        "title_size": "16",
        "title": "Memory Usage (%)",
        "title_align": "left",
        "custom_unit": "%",
        "precision": 2,
        "requests": [
          {
            "q": "avg:snmp.Memory.Used{$IP,$Host,$SNMP_Profile}",
            "aggregator": "avg"
          }
        ],
        "type": "query_value"
      },
      "layout": {
        "y": 156,
        "x": 0,
        "height": 15,
        "width": 46
      },
      "id": 7607598019911166
    },
    {
      "definition": {
        "custom_links": [],
        "title_size": "16",
        "title": "CPU Utilization (%)",
        "title_align": "left",
        "custom_unit": "%",
        "precision": 2,
        "autoscale": false,
        "requests": [
          {
            "q": "avg:snmp.CPU.Utilization{$IP,$Host,$SNMP_Profile}",
            "aggregator": "avg"
          }
        ],
        "type": "query_value"
      },
      "layout": {
        "y": 156,
        "x": 47,
        "height": 15,
        "width": 36
      },
      "id": 4712839632776040
    }
  ],
  "layout_type": "free"
}