{
  "notify_list": [],
  "description": "",
  "restricted_roles": [],
  "template_variables": [
    {
      "default": "*",
      "prefix": "snmp_device",
      "name": "Device"
    },
    {
      "default": "*",
      "prefix": "dracversion",
      "name": "DRACVersion"
    },
    {
      "default": "*",
      "prefix": "systemmodel",
      "name": "DellModel"
    },
    {
      "default": "rd-dell-idrac",
      "prefix": "snmp_profile",
      "name": "SNMP_Profile"
    }
  ],
  "is_read_only": false,
  "title": "iDRAC Dashboard",
  "widgets": [
    {
      "definition": {
        "autoscale": true,
        "requests": [
          {
            "q": "avg:snmp.Chassis.Status{$Device}",
            "aggregator": "last",
            "conditional_formats": [
              {
                "palette": "white_on_red",
                "value": 3,
                "comparator": ">"
              },
              {
                "palette": "white_on_red",
                "value": 3,
                "comparator": "<"
              },
              {
                "palette": "white_on_green",
                "value": 3,
                "comparator": ">="
              }
            ]
          }
        ],
        "type": "query_value",
        "precision": 2,
        "title": "iDRAC Overall System Health"
      },
      "id": 8738704384380990
    },
    {
      "definition": {
        "tick_pos": "50%",
        "show_tick": false,
        "type": "note",
        "tick_edge": "left",
        "text_align": "center",
        "content": "Status 3 = OK\n \nStatus 4 = Non-Critical\n\nStatus 5 = Critical\n\nStatus 6 = NonRecoverable",
        "font_size": "18",
        "background_color": "white"
      },
      "id": 1667106330436706
    },
    {
      "definition": {
        "widgets": [
          {
            "definition": {
              "autoscale": true,
              "requests": [
                {
                  "q": "avg:snmp.MemoryDevice.Status.Combined{$Device}",
                  "aggregator": "last",
                  "conditional_formats": [
                    {
                      "palette": "white_on_red",
                      "value": 3,
                      "comparator": ">"
                    },
                    {
                      "palette": "white_on_red",
                      "value": 3,
                      "comparator": "<"
                    },
                    {
                      "palette": "white_on_green",
                      "custom_fg_color": "#ff0000",
                      "value": 3,
                      "comparator": ">="
                    }
                  ]
                }
              ],
              "type": "query_value",
              "precision": 0,
              "title": "Memory Health"
            },
            "id": 6268042945341622
          },
          {
            "definition": {
              "autoscale": true,
              "requests": [
                {
                  "q": "avg:snmp.ProcessorDevice.Status.Combined{$Device}",
                  "aggregator": "avg",
                  "conditional_formats": [
                    {
                      "palette": "white_on_red",
                      "value": 4.5,
                      "comparator": ">"
                    },
                    {
                      "palette": "white_on_yellow",
                      "value": 3.5,
                      "comparator": ">"
                    },
                    {
                      "palette": "white_on_green",
                      "value": 1,
                      "comparator": ">="
                    }
                  ]
                }
              ],
              "type": "query_value",
              "precision": 2,
              "title": "Processor Status"
            },
            "id": 4429940080557620
          },
          {
            "definition": {
              "autoscale": true,
              "requests": [
                {
                  "q": "avg:snmp.RaidController.Status{$Device}",
                  "aggregator": "last",
                  "conditional_formats": [
                    {
                      "palette": "white_on_red",
                      "value": 3,
                      "comparator": ">"
                    },
                    {
                      "palette": "white_on_red",
                      "value": 3,
                      "comparator": "<"
                    },
                    {
                      "palette": "white_on_green",
                      "value": 3,
                      "comparator": ">="
                    }
                  ]
                }
              ],
              "type": "query_value",
              "precision": 2,
              "title": "Raid Controller Status"
            },
            "id": 8476969610507922
          },
          {
            "definition": {
              "autoscale": true,
              "requests": [
                {
                  "q": "avg:snmp.TempSensor.Status{$Device}",
                  "aggregator": "avg",
                  "conditional_formats": [
                    {
                      "palette": "white_on_red",
                      "value": 4.5,
                      "comparator": ">"
                    },
                    {
                      "palette": "white_on_yellow",
                      "value": 3.5,
                      "comparator": ">"
                    },
                    {
                      "palette": "white_on_green",
                      "value": 2,
                      "comparator": ">="
                    }
                  ]
                }
              ],
              "type": "query_value",
              "precision": 2,
              "title": "Temperature Sensor Health"
            },
            "id": 1102882985597832
          },
          {
            "definition": {
              "autoscale": true,
              "requests": [
                {
                  "q": "avg:snmp.Fan.Status{$Device}",
                  "aggregator": "avg",
                  "conditional_formats": [
                    {
                      "palette": "white_on_red",
                      "value": 3,
                      "comparator": ">"
                    },
                    {
                      "palette": "white_on_red",
                      "value": 3,
                      "comparator": "<"
                    },
                    {
                      "palette": "white_on_green",
                      "value": 3,
                      "comparator": ">="
                    }
                  ]
                }
              ],
              "type": "query_value",
              "precision": 2,
              "title": "Fans Health"
            },
            "id": 367375071605556
          },
          {
            "definition": {
              "autoscale": true,
              "requests": [
                {
                  "q": "avg:snmp.Nic.Connection.Status{$Device}",
                  "aggregator": "avg",
                  "conditional_formats": [
                    {
                      "palette": "white_on_red",
                      "value": 2,
                      "comparator": ">"
                    },
                    {
                      "palette": "white_on_red",
                      "value": 2,
                      "comparator": "<"
                    },
                    {
                      "palette": "white_on_green",
                      "value": 2,
                      "comparator": ">="
                    }
                  ]
                }
              ],
              "type": "query_value",
              "precision": 2,
              "title": "Network Connection Health"
            },
            "id": 8862458307189330
          },
          {
            "definition": {
              "autoscale": true,
              "requests": [
                {
                  "q": "avg:snmp.Overall.System.StorageStatus{$Device}",
                  "aggregator": "avg",
                  "conditional_formats": [
                    {
                      "palette": "white_on_red",
                      "value": 3,
                      "comparator": ">"
                    },
                    {
                      "palette": "white_on_red",
                      "value": 3,
                      "comparator": "<"
                    },
                    {
                      "palette": "white_on_green",
                      "value": 3,
                      "comparator": ">="
                    }
                  ]
                }
              ],
              "type": "query_value",
              "precision": 2,
              "title": "Overall System Storage Status"
            },
            "id": 2859973879170708
          },
          {
            "definition": {
              "autoscale": true,
              "requests": [
                {
                  "q": "avg:snmp.Voltage.Status.Combined{*}",
                  "aggregator": "last",
                  "conditional_formats": [
                    {
                      "palette": "white_on_red",
                      "value": 3,
                      "comparator": ">"
                    },
                    {
                      "palette": "white_on_red",
                      "value": 3,
                      "comparator": "<"
                    },
                    {
                      "palette": "white_on_green",
                      "value": 3,
                      "comparator": ">="
                    }
                  ]
                }
              ],
              "type": "query_value",
              "precision": 2,
              "title": "Overall Voltage Status"
            },
            "id": 4184196592105944
          },
          {
            "definition": {
              "autoscale": true,
              "requests": [
                {
                  "q": "avg:snmp.Overall.System.PowerState{$Device}",
                  "aggregator": "last",
                  "conditional_formats": [
                    {
                      "palette": "white_on_red",
                      "value": 4,
                      "comparator": ">"
                    },
                    {
                      "palette": "white_on_red",
                      "value": 4,
                      "comparator": "<"
                    },
                    {
                      "palette": "white_on_green",
                      "value": 4,
                      "comparator": ">="
                    }
                  ]
                }
              ],
              "type": "query_value",
              "precision": 0,
              "title": "System Power Health"
            },
            "id": 7864872339664386
          }
        ],
        "layout_type": "ordered",
        "type": "group",
        "title": "Overall iDRAC Health"
      },
      "id": 2325845186018712
    },
    {
      "definition": {
        "widgets": [
          {
            "definition": {
              "title": "Temperature Sensors",
              "yaxis": {
                "max": "auto",
                "include_zero": true,
                "scale": "linear",
                "min": "auto",
                "label": ""
              },
              "show_legend": false,
              "legend_size": "0",
              "type": "timeseries",
              "requests": [
                {
                  "q": "avg:snmp.TempSensor.Value{$Device}",
                  "style": {
                    "line_width": "normal",
                    "palette": "dog_classic",
                    "line_type": "solid"
                  },
                  "display_type": "line"
                }
              ]
            },
            "id": 661949360207870
          },
          {
            "definition": {
              "title": "iDRAC Fan Speeds",
              "yaxis": {
                "max": "auto",
                "include_zero": true,
                "scale": "linear",
                "min": "auto",
                "label": ""
              },
              "show_legend": false,
              "legend_size": "0",
              "type": "timeseries",
              "requests": [
                {
                  "q": "avg:snmp.Fan.Speed{$Device,snmp_device:85.10.254.33} by {fan}",
                  "style": {
                    "line_width": "normal",
                    "palette": "dog_classic",
                    "line_type": "solid"
                  },
                  "display_type": "line"
                }
              ]
            },
            "id": 4478747956304934
          },
          {
            "definition": {
              "title": "Temperature Sensor Status",
              "yaxis": {
                "max": "auto",
                "include_zero": true,
                "scale": "linear",
                "min": "auto",
                "label": ""
              },
              "markers": [
                {
                  "display_type": "error dashed",
                  "value": "y = 2",
                  "label": "\u00a0Error\u00a0"
                },
                {
                  "display_type": "error dashed",
                  "value": "y = 4",
                  "label": "\u00a0Error\u00a0"
                },
                {
                  "display_type": "ok dashed",
                  "value": "y = 3",
                  "label": "\u00a0OK\u00a0"
                }
              ],
              "show_legend": false,
              "requests": [
                {
                  "q": "avg:snmp.TempSensor.Status{$Device} by {temperaturesensor}",
                  "style": {
                    "line_width": "normal",
                    "palette": "dog_classic",
                    "line_type": "solid"
                  },
                  "display_type": "line"
                }
              ],
              "type": "timeseries",
              "legend_size": "0"
            },
            "id": 1030328663551416
          }
        ],
        "layout_type": "ordered",
        "type": "group",
        "title": "Fans & Temperature"
      },
      "id": 3907501640142994
    },
    {
      "definition": {
        "widgets": [
          {
            "definition": {
              "title": "Overall Voltage Status",
              "yaxis": {
                "max": "auto",
                "include_zero": true,
                "scale": "linear",
                "min": "auto",
                "label": ""
              },
              "markers": [
                {
                  "display_type": "ok dashed",
                  "value": "y = 3",
                  "label": "\u00a0OK\u00a0"
                },
                {
                  "display_type": "error dashed",
                  "value": "y = 4",
                  "label": "\u00a0Voltage Error\u00a0"
                },
                {
                  "display_type": "error dashed",
                  "value": "y = 2",
                  "label": "\u00a0Voltage Error\u00a0"
                }
              ],
              "show_legend": false,
              "requests": [
                {
                  "q": "avg:snmp.Voltage.Status.Combined{$Device}",
                  "style": {
                    "line_width": "normal",
                    "palette": "dog_classic",
                    "line_type": "solid"
                  },
                  "display_type": "line"
                }
              ],
              "type": "timeseries",
              "legend_size": "0"
            },
            "id": 7993855713793094
          },
          {
            "definition": {
              "title": "Global System Power State",
              "yaxis": {
                "max": "auto",
                "include_zero": true,
                "scale": "linear",
                "min": "auto",
                "label": ""
              },
              "markers": [
                {
                  "display_type": "ok dashed",
                  "value": "y = 4",
                  "label": "\u00a0Online\u00a0"
                },
                {
                  "display_type": "error dashed",
                  "value": "y = 3",
                  "label": "\u00a0Error\u00a0"
                }
              ],
              "show_legend": false,
              "requests": [
                {
                  "q": "avg:snmp.Overall.System.PowerState{$Device}",
                  "style": {
                    "line_width": "normal",
                    "palette": "dog_classic",
                    "line_type": "solid"
                  },
                  "display_type": "line"
                }
              ],
              "type": "timeseries",
              "legend_size": "0"
            },
            "id": 8336771212371494
          },
          {
            "definition": {
              "title": "Power Supply Input Voltage",
              "yaxis": {
                "max": "auto",
                "include_zero": true,
                "scale": "linear",
                "min": "auto",
                "label": ""
              },
              "show_legend": false,
              "legend_size": "0",
              "type": "timeseries",
              "requests": [
                {
                  "q": "avg:snmp.PowerSupply.Input.Voltage{$Device} by {psu}",
                  "style": {
                    "line_width": "normal",
                    "palette": "dog_classic",
                    "line_type": "solid"
                  },
                  "display_type": "line"
                }
              ]
            },
            "id": 5138266656552622
          },
          {
            "definition": {
              "title": "PSU Sensor State",
              "yaxis": {
                "max": "auto",
                "include_zero": true,
                "scale": "linear",
                "min": "auto",
                "label": ""
              },
              "markers": [
                {
                  "display_type": "ok dashed",
                  "value": "y = 1",
                  "label": "\u00a0Presence Detected\u00a0"
                },
                {
                  "display_type": "error dashed",
                  "value": "y = 2",
                  "label": "\u00a0PS Failure\u00a0"
                }
              ],
              "show_legend": false,
              "requests": [
                {
                  "q": "avg:snmp.PowerSupply.Sensor.State{$Device} by {psu}",
                  "style": {
                    "line_width": "normal",
                    "palette": "dog_classic",
                    "line_type": "solid"
                  },
                  "display_type": "line"
                }
              ],
              "type": "timeseries",
              "legend_size": "0"
            },
            "id": 16537353467998
          },
          {
            "definition": {
              "title": "CMOS Battery Status",
              "yaxis": {
                "max": "auto",
                "include_zero": true,
                "scale": "linear",
                "min": "auto",
                "label": ""
              },
              "markers": [
                {
                  "display_type": "ok dashed",
                  "value": "y = 3",
                  "label": "\u00a0OK\u00a0"
                },
                {
                  "display_type": "error dashed",
                  "value": "y = 2",
                  "label": "\u00a0Error\u00a0"
                }
              ],
              "show_legend": false,
              "requests": [
                {
                  "q": "avg:snmp.Cmos.Battery.Status{$Device}",
                  "style": {
                    "line_width": "normal",
                    "palette": "dog_classic",
                    "line_type": "solid"
                  },
                  "display_type": "line"
                }
              ],
              "type": "timeseries",
              "legend_size": "0"
            },
            "id": 301733612433142
          },
          {
            "definition": {
              "title": "Power Usage Sensor",
              "yaxis": {
                "max": "auto",
                "include_zero": true,
                "scale": "linear",
                "min": "auto",
                "label": ""
              },
              "markers": [
                {
                  "display_type": "ok dashed",
                  "value": "y = 3",
                  "label": "\u00a0OK\u00a0"
                },
                {
                  "display_type": "error dashed",
                  "value": "y = 2",
                  "label": "\u00a0Error\u00a0"
                }
              ],
              "show_legend": false,
              "requests": [
                {
                  "q": "avg:snmp.PowerUsage.Sensor.Status{$Device}",
                  "style": {
                    "line_width": "normal",
                    "palette": "dog_classic",
                    "line_type": "solid"
                  },
                  "display_type": "line"
                }
              ],
              "type": "timeseries",
              "legend_size": "0"
            },
            "id": 5534595095902844
          }
        ],
        "layout_type": "ordered",
        "type": "group",
        "title": "Power Supplies"
      },
      "id": 7397071451315906
    },
    {
      "definition": {
        "widgets": [
          {
            "definition": {
              "title": "Processor Status",
              "yaxis": {
                "max": "auto",
                "include_zero": true,
                "scale": "linear",
                "min": "auto",
                "label": ""
              },
              "markers": [
                {
                  "display_type": "ok dashed",
                  "value": "y = 3",
                  "label": "\u00a0OK\u00a0"
                },
                {
                  "display_type": "warning dashed",
                  "value": "y = 4",
                  "label": "\u00a0Warning\u00a0"
                },
                {
                  "display_type": "error dashed",
                  "value": "y = 5",
                  "label": "\u00a0Critical\u00a0"
                }
              ],
              "show_legend": false,
              "requests": [
                {
                  "q": "avg:snmp.Processor.Status{$Device} by {processor}",
                  "style": {
                    "line_width": "normal",
                    "palette": "dog_classic",
                    "line_type": "solid"
                  },
                  "display_type": "line"
                }
              ],
              "type": "timeseries",
              "legend_size": "0"
            },
            "id": 1088261515274366
          }
        ],
        "layout_type": "ordered",
        "type": "group",
        "title": "Processors"
      },
      "id": 8829008096543892
    },
    {
      "definition": {
        "widgets": [
          {
            "definition": {
              "title": "iDRAC RAID Controller Status",
              "yaxis": {
                "max": "auto",
                "include_zero": true,
                "scale": "linear",
                "min": "auto",
                "label": ""
              },
              "markers": [
                {
                  "display_type": "ok dashed",
                  "value": "y = 3",
                  "label": "\u00a0Online\u00a0"
                },
                {
                  "display_type": "error dashed",
                  "value": "y = 4",
                  "label": "\u00a0Offline\u00a0"
                },
                {
                  "display_type": "error dashed",
                  "value": "y = 2",
                  "label": "\u00a0Offline\u00a0"
                }
              ],
              "show_legend": false,
              "requests": [
                {
                  "q": "avg:snmp.Overall.System.StorageStatus{$Device}",
                  "style": {
                    "line_width": "normal",
                    "palette": "dog_classic",
                    "line_type": "solid"
                  },
                  "display_type": "line"
                }
              ],
              "type": "timeseries",
              "legend_size": "0"
            },
            "id": 2382230006053292
          },
          {
            "definition": {
              "title": "Dell DRAC Disk State",
              "yaxis": {
                "max": "auto",
                "include_zero": true,
                "scale": "linear",
                "min": "auto",
                "label": ""
              },
              "markers": [
                {
                  "display_type": "ok dashed",
                  "value": "y = 3",
                  "label": "\u00a0Online\u00a0"
                },
                {
                  "display_type": "warning dashed",
                  "value": "y = 4",
                  "label": "\u00a0Foreign\u00a0"
                },
                {
                  "display_type": "error dashed",
                  "value": "y = 5",
                  "label": "\u00a0Offline\u00a0"
                }
              ],
              "show_legend": false,
              "requests": [
                {
                  "q": "avg:snmp.Disk.State{$Device} by {disk}",
                  "style": {
                    "line_width": "normal",
                    "palette": "dog_classic",
                    "line_type": "solid"
                  },
                  "display_type": "line"
                }
              ],
              "type": "timeseries",
              "legend_size": "0"
            },
            "id": 7167026451734498
          },
          {
            "definition": {
              "title": "Volume Disk States",
              "yaxis": {
                "max": "auto",
                "include_zero": true,
                "scale": "linear",
                "min": "auto",
                "label": ""
              },
              "markers": [
                {
                  "display_type": "ok dashed",
                  "value": "y = 2",
                  "label": "\u00a0OK\u00a0"
                }
              ],
              "show_legend": false,
              "requests": [
                {
                  "q": "avg:snmp.Disk.Status{$Device} by {disk}",
                  "style": {
                    "line_width": "normal",
                    "palette": "dog_classic",
                    "line_type": "solid"
                  },
                  "display_type": "line"
                }
              ],
              "type": "timeseries",
              "legend_size": "0"
            },
            "id": 6219307931970420
          },
          {
            "definition": {
              "title": "Volume Status",
              "yaxis": {
                "max": "auto",
                "include_zero": true,
                "scale": "linear",
                "min": "auto",
                "label": ""
              },
              "markers": [
                {
                  "display_type": "ok dashed",
                  "value": "y = 3",
                  "label": "\u00a0OK\u00a0"
                }
              ],
              "show_legend": false,
              "requests": [
                {
                  "q": "avg:snmp.Disk.Status{$Device} by {disk}",
                  "style": {
                    "line_width": "normal",
                    "palette": "dog_classic",
                    "line_type": "solid"
                  },
                  "display_type": "line"
                }
              ],
              "type": "timeseries",
              "legend_size": "0"
            },
            "id": 939504054877250
          }
        ],
        "layout_type": "ordered",
        "type": "group",
        "title": "RAID & Disks"
      },
      "id": 2628612414152644
    },
    {
      "definition": {
        "widgets": [
          {
            "definition": {
              "title": "Network Port Status",
              "yaxis": {
                "max": "auto",
                "include_zero": true,
                "scale": "linear",
                "min": "auto",
                "label": ""
              },
              "markers": [
                {
                  "display_type": "ok dashed",
                  "value": "y = 3",
                  "label": "\u00a0OK\u00a0"
                },
                {
                  "display_type": "error dashed",
                  "value": "y = 2",
                  "label": "\u00a0NIC Error\u00a0"
                },
                {
                  "display_type": "error dashed",
                  "value": "y = 4",
                  "label": "\u00a0NIC Error\u00a0"
                }
              ],
              "show_legend": false,
              "requests": [
                {
                  "q": "avg:snmp.Nic.Status{$Device} by {nicname}",
                  "style": {
                    "line_width": "normal",
                    "palette": "cool",
                    "line_type": "solid"
                  },
                  "display_type": "line"
                }
              ],
              "type": "timeseries",
              "legend_size": "0"
            },
            "id": 627141504451458
          },
          {
            "definition": {
              "title": "Network Connection Status",
              "yaxis": {
                "max": "auto",
                "include_zero": true,
                "scale": "linear",
                "min": "auto",
                "label": ""
              },
              "markers": [
                {
                  "display_type": "ok dashed",
                  "value": "y = 2",
                  "label": "\u00a0Up\u00a0"
                },
                {
                  "display_type": "error dashed",
                  "value": "y = 1",
                  "label": "\u00a0Down\u00a0"
                }
              ],
              "show_legend": false,
              "requests": [
                {
                  "q": "avg:snmp.Nic.Connection.Status{$Device} by {nicname}",
                  "style": {
                    "line_width": "normal",
                    "palette": "dog_classic",
                    "line_type": "solid"
                  },
                  "display_type": "line"
                }
              ],
              "type": "timeseries",
              "legend_size": "0"
            },
            "id": 896890990254226
          },
          {
            "definition": {
              "title": "Memory Status",
              "yaxis": {
                "max": "auto",
                "include_zero": true,
                "scale": "linear",
                "min": "auto",
                "label": ""
              },
              "markers": [
                {
                  "display_type": "ok solid",
                  "value": "y = 3",
                  "label": "\u00a0OK\u00a0"
                },
                {
                  "display_type": "error dashed",
                  "value": "y = 2",
                  "label": "\u00a0Problem\u00a0"
                },
                {
                  "display_type": "error dashed",
                  "value": "y = 4",
                  "label": "\u00a0Problem\u00a0"
                }
              ],
              "show_legend": false,
              "requests": [
                {
                  "q": "avg:snmp.Memory.Status{$Device} by {memoryslot}",
                  "style": {
                    "line_width": "normal",
                    "palette": "dog_classic",
                    "line_type": "solid"
                  },
                  "display_type": "line"
                }
              ],
              "type": "timeseries",
              "legend_size": "0"
            },
            "id": 7927748233034180
          }
        ],
        "layout_type": "ordered",
        "type": "group",
        "title": "Network Interfaces & Memory"
      },
      "id": 1560363142614532
    }
  ],
  "layout_type": "ordered"
}