{
  "notify_list": [],
  "description": "",
  "restricted_roles": [],
  "template_variables": [],
  "is_read_only": false,
  "title": "Logan's Dashboard Mon, Apr 25, 7:37:48 am",
  "reflow_type": "fixed",
  "widgets": [
    {
      "definition": {
        "title_size": "16",
        "title": "",
        "title_align": "left",
        "markers": [
          {
            "display_type": "info dashed",
            "value": "y = 0",
            "label": "last: 0"
          }
        ],
        "show_legend": false,
        "requests": [
          {
            "q": "avg:rapdev.nutanix.license.clusterExpiryUsecs{*,*}",
            "style": {
              "line_width": "normal",
              "palette": "dog_classic",
              "line_type": "solid"
            },
            "display_type": "line"
          }
        ],
        "type": "timeseries"
      },
      "layout": {
        "y": 0,
        "x": 0,
        "height": 2,
        "width": 4
      },
      "id": 5841742783730926
    }
  ],
  "layout_type": "ordered"
}