{
  "notify_list": [],
  "description": "## Title\n\nDescribe this dashboard. Add links to other dashboards, monitors, wikis,  and docs to help your teammates. Markdown is supported.\n\n- [This might link to a dashboard](#)\n- [This might link to a wiki](#)",
  "restricted_roles": [],
  "template_variables": [
    {
      "default": "*",
      "prefix": "tenant_id",
      "name": "Organization_ID"
    }
  ],
  "is_read_only": false,
  "title": "Office365 Outlook Mailboxes v2.1.0 (jesse version)",
  "widgets": [
    {
      "definition": {
        "sizing": "fit",
        "url": "https://files.rapdev.io/images/rapdev-dash-logo.png",
        "type": "image"
      },
      "layout": {
        "y": 1,
        "width": 21,
        "x": 81,
        "height": 11
      },
      "id": 39
    },
    {
      "definition": {
        "title_size": "16",
        "title": "Outlook Mailbox Quota Counts",
        "title_align": "left",
        "has_search_bar": "auto",
        "time": {},
        "requests": [
          {
            "formulas": [
              {
                "alias": "Number of Mailboxes",
                "cell_display_mode": "bar",
                "limit": {
                  "count": 50,
                  "order": "desc"
                },
                "formula": "query1"
              }
            ],
            "response_format": "scalar",
            "queries": [
              {
                "aggregator": "last",
                "data_source": "metrics",
                "name": "query1",
                "query": "avg:rapdev.o365.outlook.mailbox.quota{$Organization_ID} by {category}"
              }
            ]
          }
        ],
        "type": "query_table"
      },
      "layout": {
        "y": 13,
        "width": 48,
        "x": 54,
        "height": 21
      },
      "id": 41
    },
    {
      "definition": {
        "sizing": "zoom",
        "url": "https://office365.delaware.gov/wp-content/uploads/sites/135/2019/06/Outlook_256x256-1.png",
        "type": "image"
      },
      "layout": {
        "y": 1,
        "width": 13,
        "x": 0,
        "height": 11
      },
      "id": 3851208434286448
    },
    {
      "definition": {
        "title_size": "16",
        "legend_columns": [
          "avg",
          "min",
          "max",
          "value",
          "sum"
        ],
        "yaxis": {
          "include_zero": true,
          "label": "",
          "scale": "linear",
          "min": "auto",
          "max": "auto"
        },
        "title_align": "left",
        "markers": [],
        "legend_layout": "auto",
        "show_legend": true,
        "title": "Mailbox Total Quota Limits",
        "requests": [
          {
            "on_right_yaxis": false,
            "style": {
              "line_width": "normal",
              "palette": "dog_classic",
              "line_type": "solid"
            },
            "display_type": "area",
            "response_format": "timeseries",
            "queries": [
              {
                "query": "sum:rapdev.o365.outlook.mailbox.total{$Organization_ID}",
                "data_source": "metrics",
                "name": "query1"
              }
            ]
          },
          {
            "on_right_yaxis": false,
            "style": {
              "line_width": "normal",
              "palette": "warm",
              "line_type": "solid"
            },
            "display_type": "area",
            "response_format": "timeseries",
            "queries": [
              {
                "query": "sum:rapdev.o365.outlook.mailbox.quota{category:send_prohibited,$Organization_ID}",
                "data_source": "metrics",
                "name": "query1"
              }
            ]
          },
          {
            "on_right_yaxis": false,
            "style": {
              "line_width": "normal",
              "palette": "orange",
              "line_type": "solid"
            },
            "display_type": "area",
            "response_format": "timeseries",
            "queries": [
              {
                "query": "sum:rapdev.o365.outlook.mailbox.quota{category:send/receive_prohibited,$Organization_ID}",
                "data_source": "metrics",
                "name": "query1"
              }
            ]
          }
        ],
        "type": "timeseries"
      },
      "layout": {
        "y": 1,
        "width": 33,
        "x": 47,
        "height": 11
      },
      "id": 6317660564575744
    },
    {
      "definition": {
        "title_size": "16",
        "legend_columns": [
          "avg",
          "min",
          "max",
          "value",
          "sum"
        ],
        "yaxis": {
          "include_zero": true,
          "label": "",
          "scale": "linear",
          "min": "auto",
          "max": "auto"
        },
        "title_align": "left",
        "markers": [],
        "legend_layout": "auto",
        "show_legend": true,
        "title": "Mailbox Total Storage Used",
        "requests": [
          {
            "on_right_yaxis": false,
            "style": {
              "line_width": "normal",
              "palette": "cool",
              "line_type": "solid"
            },
            "display_type": "area",
            "response_format": "timeseries",
            "queries": [
              {
                "query": "sum:rapdev.o365.outlook.mailbox.storage.used{$Organization_ID}",
                "data_source": "metrics",
                "name": "query1"
              }
            ]
          }
        ],
        "type": "timeseries"
      },
      "layout": {
        "y": 1,
        "width": 32,
        "x": 14,
        "height": 11
      },
      "id": 868476748718055
    },
    {
      "definition": {
        "title_size": "16",
        "title": "Top 50 Mailboxes Storage and Deleted Used",
        "title_align": "left",
        "time": {},
        "requests": [
          {
            "formulas": [
              {
                "alias": "Mailbox Storage Used",
                "limit": {
                  "count": 500,
                  "order": "desc"
                },
                "formula": "query1"
              },
              {
                "alias": "Deleted Used",
                "formula": "query2"
              }
            ],
            "response_format": "scalar",
            "queries": [
              {
                "aggregator": "last",
                "data_source": "metrics",
                "name": "query1",
                "query": "max:rapdev.o365.outlook.mailbox.detail.storage.used{$Organization_ID} by {display_name}"
              },
              {
                "aggregator": "last",
                "data_source": "metrics",
                "name": "query2",
                "query": "max:rapdev.o365.outlook.mailbox.detail.deleted.used{$Organization_ID} by {display_name}"
              }
            ]
          }
        ],
        "type": "query_table"
      },
      "layout": {
        "y": 13,
        "width": 53,
        "x": 0,
        "height": 21
      },
      "id": 8073650706492059
    },
    {
      "definition": {
        "title_size": "16",
        "title": "Office 365 Exchange Events",
        "title_align": "left",
        "tags_execution": "and",
        "time": {
          "live_span": "1w"
        },
        "query": "tags:(\"app:o365\" AND \"workload:exchange\")",
        "type": "event_stream",
        "event_size": "l"
      },
      "layout": {
        "y": 35,
        "width": 102,
        "x": 0,
        "height": 36
      },
      "id": 2094290673508610
    }
  ],
  "layout_type": "free"
}