{
  "notify_list": [],
  "description": "https://docs.aws.amazon.com/whitepapers/latest/cost-optimization-right-sizing/tips-for-right-sizing-your-workloads.html\n\nAnalyze performance data to right size your EC2 instances. Identify idle instances and ones that are underutilized. Key metrics to look for are CPU usage and memory usage. Identify instances with a maximum CPU usage and memory usage of less than 40% over a four-week period. These are the instances that you will want to right size to reduce costs.",
  "restricted_roles": [],
  "template_variables": [
    {
      "default": "*",
      "prefix": "instance-type",
      "name": "instance-type"
    }
  ],
  "is_read_only": false,
  "title": "EC2 Right Sizing Overview [Burns]",
  "widgets": [
    {
      "definition": {
        "type": "query_table",
        "requests": [
          {
            "aggregator": "max",
            "conditional_formats": [
              {
                "palette": "white_on_red",
                "value": 40,
                "comparator": "<"
              },
              {
                "palette": "white_on_yellow",
                "value": 60,
                "comparator": "<"
              }
            ],
            "q": "max:aws.ec2.cpuutilization.maximum{$instance-type} by {host}",
            "alias": "max cpu",
            "limit": 25,
            "order": "asc"
          }
        ],
        "title_align": "left",
        "title_size": "16",
        "title": "Guideline: Maximum CPU usage < 40%"
      },
      "layout": {
        "y": 50,
        "x": 65,
        "height": 39,
        "width": 36
      },
      "id": 0
    },
    {
      "definition": {
        "tick_pos": "50%",
        "show_tick": false,
        "type": "note",
        "tick_edge": "bottom",
        "text_align": "center",
        "content": "Dashboard developed using [AWS recommendations](https://docs.aws.amazon.com/whitepapers/latest/cost-optimization-right-sizing/tips-for-right-sizing-your-workloads.html) for right sizing against CPU and Memory for EC2 instances.  There are many factors to consider when right sizing instances.  Read and understand [AWS tips for right sizing](https://docs.aws.amazon.com/whitepapers/latest/cost-optimization-right-sizing/tips-for-right-sizing-your-workloads.html).  ",
        "font_size": "14",
        "background_color": "orange"
      },
      "layout": {
        "y": 0,
        "x": 65,
        "height": 9,
        "width": 72
      },
      "id": 1
    },
    {
      "definition": {
        "title_size": "16",
        "title": "AWS Right Sizing Guideline: Maximum memory usage < 40% (lowest 100) (requires Datadog Agent)",
        "title_align": "left",
        "markers": [
          {
            "display_type": "ok solid",
            "value": "y > 0.6",
            "label": "\u00a060 - 100 - ok\u00a0"
          },
          {
            "display_type": "warning solid",
            "value": "0.4 < y < 0.6",
            "label": "\u00a0< 60 - potential underutilzation\u00a0"
          },
          {
            "display_type": "error solid",
            "value": "0 < y < 0.4",
            "label": "\u00a0< 40 - needs right-sizing\u00a0"
          }
        ],
        "yaxis": {
          "include_zero": true,
          "max": "auto",
          "scale": "linear",
          "min": "auto",
          "label": ""
        },
        "show_legend": false,
        "legend_size": "0",
        "type": "timeseries",
        "requests": [
          {
            "q": "1-top(ewma_20(min:system.mem.pct_usable{$instance-type} by {host}), 100, 'last', 'desc')",
            "style": {
              "line_width": "normal",
              "palette": "cool",
              "line_type": "solid"
            },
            "display_type": "line"
          }
        ]
      },
      "layout": {
        "y": 30,
        "x": 65,
        "height": 19,
        "width": 72
      },
      "id": 2
    },
    {
      "definition": {
        "type": "query_table",
        "requests": [
          {
            "q": "max:aws.ec2.cpuutilization.maximum{$instance-type} by {host,var1}",
            "aggregator": "max",
            "conditional_formats": [
              {
                "value": 40,
                "custom_bg_color": "#cc2a2a",
                "comparator": "<",
                "custom_fg_color": "#d56f6f",
                "palette": "white_on_red"
              },
              {
                "palette": "white_on_yellow",
                "value": 60,
                "comparator": "<"
              }
            ],
            "alias": "max cpu"
          },
          {
            "aggregator": "min",
            "conditional_formats": [
              {
                "palette": "white_on_red",
                "value": 0.6,
                "comparator": ">"
              },
              {
                "palette": "white_on_yellow",
                "value": 0.4,
                "comparator": ">"
              }
            ],
            "q": "min:system.mem.pct_usable{$instance-type} by {host,var1}",
            "alias": "min usable memory",
            "limit": 50,
            "order": "desc"
          }
        ],
        "title_align": "left",
        "title_size": "16",
        "title": "Underutilized Instances by both CPU and Memory (Top 50)"
      },
      "layout": {
        "y": 10,
        "x": 0,
        "height": 79,
        "width": 64
      },
      "id": 3
    },
    {
      "definition": {
        "title_size": "16",
        "title": "AWS Right Sizing Guideline: Maximum CPU usage < 40% (Lowest 100)",
        "title_align": "left",
        "markers": [
          {
            "display_type": "ok solid",
            "value": "60 < y < 100",
            "label": "\u00a060 - 100 - ok\u00a0"
          },
          {
            "display_type": "warning solid",
            "value": "40 < y < 60",
            "label": "\u00a0< 60 - potential underutilzation\u00a0"
          },
          {
            "display_type": "error solid",
            "value": "0 < y < 40",
            "label": "\u00a0< 40 - needs right-sizing\u00a0"
          }
        ],
        "yaxis": {
          "include_zero": false,
          "scale": "log"
        },
        "show_legend": false,
        "legend_size": "0",
        "type": "timeseries",
        "requests": [
          {
            "q": "top(max:aws.ec2.cpuutilization.maximum{$instance-type} by {host}.rollup(60), 100, 'last', 'asc')",
            "style": {
              "line_width": "normal",
              "palette": "cool",
              "line_type": "solid"
            },
            "display_type": "line"
          }
        ]
      },
      "layout": {
        "y": 10,
        "x": 65,
        "height": 19,
        "width": 72
      },
      "id": 4
    },
    {
      "definition": {
        "type": "query_table",
        "requests": [
          {
            "aggregator": "min",
            "conditional_formats": [
              {
                "palette": "white_on_red",
                "value": 0.6,
                "comparator": ">"
              },
              {
                "palette": "white_on_yellow",
                "value": 0.4,
                "comparator": ">"
              }
            ],
            "q": "min:system.mem.pct_usable{$instance-type} by {host}",
            "alias": "min usable memory",
            "limit": 25,
            "order": "desc"
          }
        ],
        "title_align": "left",
        "title_size": "16",
        "title": "Guideline: Maximum memory usage < 0.4"
      },
      "layout": {
        "y": 50,
        "x": 102,
        "height": 39,
        "width": 35
      },
      "id": 5
    },
    {
      "definition": {
        "url": "https://datadog-docs.imgix.net/images/integrations_logos/amazon_ec2.png",
        "sizing": "fit",
        "type": "image"
      },
      "layout": {
        "y": 0,
        "x": 0,
        "height": 9,
        "width": 13
      },
      "id": 6
    },
    {
      "definition": {
        "title_size": "16",
        "title": "EC2 Instances",
        "title_align": "left",
        "precision": 0,
        "requests": [
          {
            "q": "sum:aws.ec2.host_ok{$instance-type}",
            "aggregator": "last"
          }
        ],
        "type": "query_value"
      },
      "layout": {
        "y": 0,
        "x": 14,
        "height": 9,
        "width": 16
      },
      "id": 7
    },
    {
      "definition": {
        "title_size": "16",
        "title": "Underutilized Hosts by var1 (CPU)",
        "title_align": "left",
        "time": {},
        "requests": [
          {
            "q": "top(sum:datadog.demo.underutilized.cpu.hosts.count{*}, 10, 'last', 'desc')"
          }
        ],
        "type": "toplist"
      },
      "layout": {
        "y": 10,
        "x": 138,
        "height": 39,
        "width": 56
      },
      "id": 8
    },
    {
      "definition": {
        "title_size": "16",
        "title": "Underutilized % CPU",
        "title_align": "left",
        "custom_unit": "%",
        "precision": 2,
        "requests": [
          {
            "q": "(sum:datadog.demo.underutilized.cpu.hosts.count{*}/sum:aws.ec2.host_ok{*})*100",
            "aggregator": "last"
          }
        ],
        "type": "query_value"
      },
      "layout": {
        "y": 0,
        "x": 138,
        "height": 9,
        "width": 18
      },
      "id": 9
    },
    {
      "definition": {
        "title_size": "16",
        "title": "Underutilized by CPU",
        "title_align": "left",
        "precision": 0,
        "requests": [
          {
            "q": "sum:datadog.demo.underutilized.cpu.hosts.count{$instance-type}",
            "aggregator": "last"
          }
        ],
        "type": "query_value"
      },
      "layout": {
        "y": 0,
        "x": 31,
        "height": 9,
        "width": 16
      },
      "id": 10
    },
    {
      "definition": {
        "title_size": "16",
        "title": "Underutilized by Mem",
        "title_align": "left",
        "precision": 0,
        "requests": [
          {
            "q": "sum:datadog.demo.underutilized.mem.hosts.count{$instance-type}",
            "aggregator": "last"
          }
        ],
        "type": "query_value"
      },
      "layout": {
        "y": 0,
        "x": 48,
        "height": 9,
        "width": 16
      },
      "id": 11
    },
    {
      "definition": {
        "title_size": "16",
        "title": "Underutilized Hosts by var1 (Mem)",
        "title_align": "left",
        "time": {},
        "requests": [
          {
            "q": "top(sum:datadog.demo.underutilized.mem.hosts.count{*}, 10, 'last', 'desc')"
          }
        ],
        "type": "toplist"
      },
      "layout": {
        "y": 50,
        "x": 138,
        "height": 39,
        "width": 56
      },
      "id": 12
    },
    {
      "definition": {
        "title_size": "16",
        "title": "Underutilized % Mem",
        "title_align": "left",
        "custom_unit": "%",
        "precision": 2,
        "requests": [
          {
            "q": "(sum:datadog.demo.underutilized.mem.hosts.count{*}/sum:aws.ec2.host_ok{*})*100",
            "aggregator": "last"
          }
        ],
        "type": "query_value"
      },
      "layout": {
        "y": 0,
        "x": 157,
        "height": 9,
        "width": 18
      },
      "id": 13
    },
    {
      "definition": {
        "title_size": "16",
        "title": "Change (24 Hours)",
        "title_align": "left",
        "custom_unit": "%",
        "precision": 0,
        "requests": [
          {
            "q": "((day_before(sum:datadog.demo.underutilized.cpu.hosts.count{*})+day_before(sum:datadog.demo.underutilized.mem.hosts.count{*}))/(sum:datadog.demo.underutilized.cpu.hosts.count{*}+sum:datadog.demo.underutilized.mem.hosts.count{*}))*100",
            "aggregator": "avg"
          }
        ],
        "type": "query_value"
      },
      "layout": {
        "y": 0,
        "x": 176,
        "height": 9,
        "width": 18
      },
      "id": 14
    }
  ],
  "layout_type": "free"
}