{
  "notify_list": [],
  "description": "",
  "restricted_roles": [],
  "template_variables": [
    {
      "default": "*",
      "prefix": "interface",
      "name": "Interface"
    },
    {
      "default": "*",
      "prefix": "interfacedescription",
      "name": "InterfaceDescription"
    },
    {
      "default": "rd-citrix-netscaler",
      "prefix": "snmp_profile",
      "name": "SNMP_Profile"
    },
    {
      "default": "*",
      "prefix": "snmp_device",
      "name": "IP"
    },
    {
      "default": "*",
      "prefix": "host",
      "name": "Host"
    },
    {
      "default": "*",
      "prefix": "virtualserver",
      "name": "vServer"
    },
    {
      "default": "*",
      "prefix": "service",
      "name": "Service"
    },
    {
      "default": "*",
      "prefix": "snmp_host",
      "name": "Sysname"
    }
  ],
  "is_read_only": false,
  "title": "RapDev Citrix Netscaler Dashboard",
  "widgets": [
    {
      "definition": {
        "custom_links": [],
        "title_size": "16",
        "title": "CPU Utilization (%)",
        "title_align": "left",
        "custom_unit": "%",
        "precision": 2,
        "requests": [
          {
            "q": "avg:snmp.CPU.Utilization{$SNMP_Profile,$IP,$Host}",
            "aggregator": "avg",
            "conditional_formats": [
              {
                "palette": "white_on_green",
                "value": 70,
                "comparator": "<="
              },
              {
                "palette": "white_on_yellow",
                "value": 85,
                "comparator": "<="
              },
              {
                "palette": "white_on_green",
                "value": 85,
                "comparator": ">"
              }
            ]
          }
        ],
        "type": "query_value"
      },
      "layout": {
        "y": 0,
        "x": 0,
        "height": 15,
        "width": 38
      },
      "id": 4618817843845347
    },
    {
      "definition": {
        "custom_links": [],
        "title_size": "16",
        "title": "Memory Utilization (%)",
        "title_align": "left",
        "custom_unit": "%",
        "precision": 2,
        "requests": [
          {
            "q": "avg:snmp.Memory.Utilization{$SNMP_Profile,$IP,$Host}",
            "aggregator": "avg",
            "conditional_formats": [
              {
                "palette": "white_on_green",
                "value": 70,
                "comparator": "<="
              },
              {
                "palette": "white_on_yellow",
                "value": 85,
                "comparator": "<="
              },
              {
                "palette": "white_on_red",
                "value": 85,
                "comparator": ">"
              }
            ]
          }
        ],
        "type": "query_value"
      },
      "layout": {
        "y": 0,
        "x": 39,
        "height": 15,
        "width": 36
      },
      "id": 6142597828442329
    },
    {
      "definition": {
        "custom_links": [],
        "title_size": "16",
        "title": "System Up Time",
        "title_align": "left",
        "custom_unit": "Days",
        "precision": 2,
        "requests": [
          {
            "q": "avg:snmp.sysUpTimeInstance{$SNMP_Profile,$IP,$Host}/8600000",
            "aggregator": "last"
          }
        ],
        "type": "query_value"
      },
      "layout": {
        "y": 0,
        "x": 76,
        "height": 15,
        "width": 41
      },
      "id": 4997223397142504
    },
    {
      "definition": {
        "custom_links": [],
        "title_size": "16",
        "title": "Active TCP Connections",
        "title_align": "left",
        "custom_unit": "Conn",
        "precision": 2,
        "requests": [
          {
            "q": "avg:snmp.Connections.TCP.Active{$SNMP_Profile,$IP,$Host}",
            "aggregator": "last"
          }
        ],
        "type": "query_value"
      },
      "layout": {
        "y": 16,
        "x": 0,
        "height": 15,
        "width": 38
      },
      "id": 2740819275609758
    },
    {
      "definition": {
        "tick_pos": "50%",
        "show_tick": true,
        "type": "note",
        "tick_edge": "bottom",
        "text_align": "center",
        "content": "Services",
        "font_size": "24",
        "background_color": "white"
      },
      "layout": {
        "y": 32,
        "x": 0,
        "height": 6,
        "width": 117
      },
      "id": 7376649094563489
    },
    {
      "definition": {
        "custom_links": [],
        "title_size": "16",
        "title": "Active Connections by Service",
        "title_align": "left",
        "yaxis": {
          "max": "auto",
          "scale": "linear",
          "min": "auto",
          "label": ""
        },
        "show_legend": false,
        "requests": [
          {
            "q": "avg:snmp.Service.Connections.Active{$SNMP_Profile,$IP,$Host,$Service} by {service}",
            "style": {
              "line_width": "normal",
              "palette": "dog_classic",
              "line_type": "solid"
            },
            "display_type": "line"
          }
        ],
        "type": "timeseries"
      },
      "layout": {
        "y": 39,
        "x": 0,
        "height": 15,
        "width": 38
      },
      "id": 6271003558706155
    },
    {
      "definition": {
        "custom_links": [],
        "title_size": "16",
        "title": "Total Service Requests Bytes by Service",
        "title_align": "left",
        "yaxis": {
          "max": "auto",
          "scale": "linear",
          "min": "auto",
          "label": ""
        },
        "show_legend": false,
        "requests": [
          {
            "q": "avg:snmp.Service.Requests.Bytes.Total{$SNMP_Profile,$IP,$Host,$Service} by {service}",
            "style": {
              "line_width": "normal",
              "palette": "dog_classic",
              "line_type": "solid"
            },
            "display_type": "line"
          }
        ],
        "type": "timeseries"
      },
      "layout": {
        "y": 39,
        "x": 39,
        "height": 15,
        "width": 36
      },
      "id": 867811221975132
    },
    {
      "definition": {
        "custom_links": [],
        "title_size": "16",
        "title": "Total Service Response Bytes by Service",
        "title_align": "left",
        "yaxis": {
          "max": "auto",
          "scale": "linear",
          "min": "auto",
          "label": ""
        },
        "show_legend": false,
        "requests": [
          {
            "q": "avg:snmp.Service.Responses.Bytes.Total{$SNMP_Profile,$IP,$Host,$Service} by {service}",
            "style": {
              "line_width": "normal",
              "palette": "dog_classic",
              "line_type": "solid"
            },
            "display_type": "line"
          }
        ],
        "type": "timeseries"
      },
      "layout": {
        "y": 39,
        "x": 76,
        "height": 15,
        "width": 41
      },
      "id": 7019331775627654
    },
    {
      "definition": {
        "custom_links": [],
        "title_size": "16",
        "title": "Incoming Packets by Service",
        "title_align": "left",
        "yaxis": {
          "max": "auto",
          "scale": "linear",
          "min": "auto",
          "label": ""
        },
        "show_legend": false,
        "requests": [
          {
            "q": "avg:snmp.Service.Packets.In{$SNMP_Profile,$IP,$Host,$Service} by {service}",
            "style": {
              "line_width": "normal",
              "palette": "dog_classic",
              "line_type": "solid"
            },
            "display_type": "line"
          }
        ],
        "type": "timeseries"
      },
      "layout": {
        "y": 55,
        "x": 39,
        "height": 15,
        "width": 36
      },
      "id": 1106887723696681
    },
    {
      "definition": {
        "custom_links": [],
        "title_size": "16",
        "title": "Outgoing Packets by Service",
        "title_align": "left",
        "yaxis": {
          "max": "auto",
          "scale": "linear",
          "min": "auto",
          "label": ""
        },
        "show_legend": false,
        "requests": [
          {
            "q": "avg:snmp.Service.Packets.Out{$SNMP_Profile,$IP,$Service,$Host} by {service}",
            "style": {
              "line_width": "normal",
              "palette": "dog_classic",
              "line_type": "solid"
            },
            "display_type": "line"
          }
        ],
        "type": "timeseries"
      },
      "layout": {
        "y": 55,
        "x": 76,
        "height": 15,
        "width": 41
      },
      "id": 1643383357080943
    },
    {
      "definition": {
        "custom_links": [],
        "title_size": "16",
        "title": "Established Connections by Service",
        "title_align": "left",
        "yaxis": {
          "max": "auto",
          "scale": "linear",
          "min": "auto",
          "label": ""
        },
        "show_legend": false,
        "requests": [
          {
            "q": "avg:snmp.Service.Connections.Established{$SNMP_Profile,$IP,$Host,$Service} by {service}",
            "style": {
              "line_width": "normal",
              "palette": "dog_classic",
              "line_type": "solid"
            },
            "display_type": "line"
          }
        ],
        "type": "timeseries"
      },
      "layout": {
        "y": 55,
        "x": 0,
        "height": 15,
        "width": 38
      },
      "id": 8940061654793071
    },
    {
      "definition": {
        "tick_pos": "50%",
        "show_tick": true,
        "type": "note",
        "tick_edge": "bottom",
        "text_align": "center",
        "content": "Virtual Servers",
        "font_size": "24",
        "background_color": "white"
      },
      "layout": {
        "y": 71,
        "x": 0,
        "height": 6,
        "width": 117
      },
      "id": 1575097079100422
    },
    {
      "definition": {
        "custom_links": [],
        "title_size": "16",
        "yaxis": {
          "max": "auto",
          "scale": "linear",
          "min": "auto",
          "label": ""
        },
        "title_align": "left",
        "markers": [
          {
            "display_type": "error dashed",
            "value": "y = 1",
            "label": "\u00a0Down\u00a0"
          },
          {
            "display_type": "info dashed",
            "value": "y = 2",
            "label": "\u00a0Unknown\u00a0"
          },
          {
            "display_type": "warning dashed",
            "value": "y = 3",
            "label": "\u00a0Busy\u00a0"
          },
          {
            "display_type": "info dashed",
            "value": "y = 4",
            "label": "\u00a0OutOfService\u00a0"
          },
          {
            "display_type": "info dashed",
            "value": "y = 5",
            "label": "\u00a0TransitionOutOfService\u00a0"
          },
          {
            "display_type": "ok dashed",
            "value": "y = 7",
            "label": "\u00a0Up\u00a0"
          },
          {
            "display_type": "info dashed",
            "value": "y = 8",
            "label": "\u00a0Down When Going OutOfService\u00a0"
          }
        ],
        "show_legend": false,
        "title": "vServer State",
        "requests": [
          {
            "q": "avg:snmp.VServer.State{$SNMP_Profile,$IP,$Host,$vServer} by {virtualserver}",
            "style": {
              "line_width": "normal",
              "palette": "dog_classic",
              "line_type": "solid"
            },
            "display_type": "line"
          }
        ],
        "type": "timeseries"
      },
      "layout": {
        "y": 94,
        "x": 0,
        "height": 15,
        "width": 38
      },
      "id": 5526446657404495
    },
    {
      "definition": {
        "title_size": "16",
        "title": "vServer Health (% of Services Up)",
        "title_align": "left",
        "custom_unit": "%",
        "precision": 2,
        "time": {},
        "requests": [
          {
            "q": "avg:snmp.VServer.Health{$SNMP_Profile,$Host,$IP,$vServer}",
            "aggregator": "last",
            "conditional_formats": [
              {
                "palette": "white_on_red",
                "value": 80,
                "comparator": "<="
              },
              {
                "palette": "white_on_yellow",
                "value": 90,
                "comparator": "<="
              },
              {
                "palette": "white_on_green",
                "value": 90,
                "comparator": ">"
              }
            ]
          }
        ],
        "type": "query_value"
      },
      "layout": {
        "y": 78,
        "x": 84,
        "height": 15,
        "width": 33
      },
      "id": 778622803129689
    },
    {
      "definition": {
        "custom_links": [],
        "title_size": "16",
        "title": "Server Connections by vServer",
        "title_align": "left",
        "yaxis": {
          "max": "auto",
          "scale": "linear",
          "min": "auto",
          "label": ""
        },
        "show_legend": false,
        "requests": [
          {
            "q": "avg:snmp.VServer.Connections.Server{$SNMP_Profile,$IP,$Host,$vServer} by {virtualserver}",
            "style": {
              "line_width": "normal",
              "palette": "dog_classic",
              "line_type": "solid"
            },
            "display_type": "line"
          }
        ],
        "type": "timeseries"
      },
      "layout": {
        "y": 94,
        "x": 76,
        "height": 15,
        "width": 41
      },
      "id": 7450075413113053
    },
    {
      "definition": {
        "custom_links": [],
        "title_size": "16",
        "title": "Client Connections by vServer",
        "title_align": "left",
        "yaxis": {
          "max": "auto",
          "scale": "linear",
          "min": "auto",
          "label": ""
        },
        "show_legend": false,
        "requests": [
          {
            "q": "avg:snmp.VServer.Connections.Client{$IP,$Host,$SNMP_Profile,$vServer} by {virtualserver}",
            "style": {
              "line_width": "normal",
              "palette": "dog_classic",
              "line_type": "solid"
            },
            "display_type": "line"
          }
        ],
        "type": "timeseries"
      },
      "layout": {
        "y": 94,
        "x": 39,
        "height": 15,
        "width": 36
      },
      "id": 3544420134667492
    },
    {
      "definition": {
        "title_size": "16",
        "title": "vServer Services Up",
        "title_align": "left",
        "precision": 0,
        "time": {},
        "requests": [
          {
            "q": "max:snmp.VServer.Services.Up{$SNMP_Profile,$IP,$Host,$vServer}",
            "aggregator": "avg",
            "conditional_formats": [
              {
                "palette": "white_on_green",
                "value": 1,
                "comparator": ">="
              },
              {
                "palette": "white_on_red",
                "value": 1,
                "comparator": "<"
              }
            ]
          }
        ],
        "type": "query_value"
      },
      "layout": {
        "y": 78,
        "x": 0,
        "height": 15,
        "width": 20
      },
      "id": 2584084549581585
    },
    {
      "definition": {
        "title_size": "16",
        "title": "vServer Services Down",
        "title_align": "left",
        "precision": 0,
        "time": {},
        "requests": [
          {
            "q": "max:snmp.VServer.Services.Down{$IP,$SNMP_Profile,$Host,$vServer}",
            "aggregator": "last",
            "conditional_formats": [
              {
                "palette": "white_on_red",
                "value": 3,
                "comparator": ">="
              },
              {
                "palette": "white_on_yellow",
                "value": 1,
                "comparator": ">="
              },
              {
                "palette": "white_on_green",
                "value": 1,
                "comparator": "<"
              }
            ]
          }
        ],
        "type": "query_value"
      },
      "layout": {
        "y": 78,
        "x": 21,
        "height": 15,
        "width": 20
      },
      "id": 6534093812945870
    },
    {
      "definition": {
        "title_size": "16",
        "title": "vServer Services Unknown",
        "title_align": "left",
        "precision": 0,
        "time": {},
        "requests": [
          {
            "q": "max:snmp.VServer.Services.Unknown{$SNMP_Profile,$IP,$Host,$vServer}",
            "aggregator": "last",
            "conditional_formats": [
              {
                "palette": "white_on_red",
                "value": 3,
                "comparator": ">"
              },
              {
                "palette": "white_on_yellow",
                "value": 1,
                "comparator": ">="
              },
              {
                "palette": "white_on_green",
                "value": 1,
                "comparator": "<"
              }
            ]
          }
        ],
        "type": "query_value"
      },
      "layout": {
        "y": 78,
        "x": 42,
        "height": 15,
        "width": 20
      },
      "id": 8272469190004410
    },
    {
      "definition": {
        "title_size": "16",
        "title": "vServer Services OutOfService",
        "title_align": "left",
        "precision": 0,
        "time": {},
        "requests": [
          {
            "q": "max:snmp.VServer.Services.OutOfService{$SNMP_Profile,$IP,$Host,$vServer}",
            "aggregator": "avg",
            "conditional_formats": [
              {
                "palette": "white_on_red",
                "value": 3,
                "comparator": ">"
              },
              {
                "palette": "white_on_yellow",
                "value": 1,
                "comparator": ">="
              },
              {
                "palette": "white_on_green",
                "value": 1,
                "comparator": "<"
              }
            ]
          }
        ],
        "type": "query_value"
      },
      "layout": {
        "y": 78,
        "x": 63,
        "height": 15,
        "width": 20
      },
      "id": 4954039250509353
    },
    {
      "definition": {
        "custom_links": [],
        "title_size": "16",
        "title": "In & Out Request Rate (bytes/second)",
        "title_align": "left",
        "yaxis": {
          "max": "auto",
          "scale": "linear",
          "min": "auto",
          "label": ""
        },
        "show_legend": false,
        "requests": [
          {
            "q": "avg:snmp.VServer.BytesRate.In{$SNMP_Profile,$IP,$Host,$vServer} by {virtualserver}",
            "style": {
              "line_width": "normal",
              "palette": "dog_classic",
              "line_type": "solid"
            },
            "display_type": "line"
          },
          {
            "q": "avg:snmp.VServer.BytesRate.Out{$SNMP_Profile,$IP,$Host,$vServer} by {virtualserver}",
            "style": {
              "line_width": "normal",
              "palette": "dog_classic",
              "line_type": "solid"
            },
            "display_type": "line"
          }
        ],
        "type": "timeseries"
      },
      "layout": {
        "y": 110,
        "x": 39,
        "height": 15,
        "width": 36
      },
      "id": 7555580152713399
    },
    {
      "definition": {
        "custom_links": [],
        "title_size": "16",
        "title": "Established Client and Server Connections by vServer",
        "title_align": "left",
        "yaxis": {
          "max": "auto",
          "scale": "linear",
          "min": "auto",
          "label": ""
        },
        "show_legend": false,
        "requests": [
          {
            "q": "avg:snmp.VServer.Client.Total{$SNMP_Profile,$IP,$Host,$vServer} by {virtualserver}, avg:snmp.VServer.Server.Total{$SNMP_Profile,$IP,$Host,$vServer} by {virtualserver}",
            "style": {
              "line_width": "normal",
              "palette": "dog_classic",
              "line_type": "solid"
            },
            "display_type": "line"
          }
        ],
        "type": "timeseries"
      },
      "layout": {
        "y": 110,
        "x": 0,
        "height": 15,
        "width": 38
      },
      "id": 2168777945022812
    },
    {
      "definition": {
        "tick_pos": "50%",
        "show_tick": true,
        "type": "note",
        "tick_edge": "bottom",
        "text_align": "center",
        "content": "Interfaces",
        "font_size": "24",
        "background_color": "white"
      },
      "layout": {
        "y": 126,
        "x": 0,
        "height": 6,
        "width": 117
      },
      "id": 577950802235190
    },
    {
      "definition": {
        "title_size": "16",
        "title": "Admin Status",
        "title_align": "left",
        "precision": 0,
        "time": {},
        "requests": [
          {
            "q": "max:snmp.ifAdminStatus{$Host,$SNMP_Profile,$IP,$InterfaceDescription,$Interface}",
            "aggregator": "last",
            "conditional_formats": [
              {
                "palette": "white_on_red",
                "value": 2,
                "comparator": ">="
              },
              {
                "palette": "white_on_green",
                "value": 1,
                "comparator": ">="
              }
            ]
          }
        ],
        "type": "query_value"
      },
      "layout": {
        "y": 133,
        "x": 0,
        "height": 15,
        "width": 16
      },
      "id": 5008537608974967
    },
    {
      "definition": {
        "title_size": "16",
        "title": "Operation Status",
        "title_align": "left",
        "precision": 0,
        "time": {},
        "requests": [
          {
            "q": "max:snmp.ifOperStatus{$Host,$SNMP_Profile,$InterfaceDescription,$IP,$Interface}",
            "aggregator": "last",
            "conditional_formats": [
              {
                "palette": "white_on_red",
                "value": 2,
                "comparator": ">="
              },
              {
                "palette": "white_on_green",
                "value": 1,
                "comparator": ">="
              }
            ]
          }
        ],
        "type": "query_value"
      },
      "layout": {
        "y": 133,
        "x": 17,
        "height": 15,
        "width": 15
      },
      "id": 1823094673891216
    },
    {
      "definition": {
        "custom_links": [],
        "title_size": "16",
        "title": "Interface Speed",
        "title_align": "left",
        "custom_unit": "Kb/s",
        "precision": 2,
        "requests": [
          {
            "q": "avg:snmp.ifHighSpeed{$Interface,$InterfaceDescription,$SNMP_Profile,$IP,$Host}",
            "aggregator": "avg"
          }
        ],
        "type": "query_value"
      },
      "layout": {
        "y": 133,
        "x": 33,
        "height": 15,
        "width": 14
      },
      "id": 8188708207873229
    },
    {
      "definition": {
        "custom_links": [],
        "title_size": "16",
        "title": "Local Interfaces",
        "title_align": "left",
        "requests": [
          {
            "q": "avg:snmp.ifAdminStatus{$SNMP_Profile,$Host,$IP} by {interface,interfacedescription}",
            "aggregator": "last",
            "alias": "Admin Status"
          },
          {
            "q": "avg:snmp.ifOperStatus{$SNMP_Profile,$Host,$IP} by {interface,interfacedescription}",
            "aggregator": "last",
            "limit": 100,
            "order": "asc",
            "alias": "Oper Status"
          },
          {
            "q": "avg:snmp.ifHighSpeed{$SNMP_Profile,$Host,$IP} by {interface,interfacedescription}",
            "aggregator": "last",
            "alias": "Speed"
          }
        ],
        "type": "query_table"
      },
      "layout": {
        "y": 165,
        "x": 48,
        "height": 15,
        "width": 36
      },
      "id": 5044243731124768
    },
    {
      "definition": {
        "custom_links": [],
        "title_size": "16",
        "title": "% Utilization In",
        "title_align": "left",
        "custom_unit": "%",
        "precision": 3,
        "requests": [
          {
            "q": "avg:snmp.ifBandwidthInUsage.rate{$InterfaceDescription,$Interface,$Host,$SNMP_Profile,$IP}",
            "aggregator": "last"
          }
        ],
        "type": "query_value"
      },
      "layout": {
        "y": 149,
        "x": 0,
        "height": 15,
        "width": 23
      },
      "id": 1152249064055422
    },
    {
      "definition": {
        "custom_links": [],
        "title_size": "16",
        "title": "% Utilization Out",
        "title_align": "left",
        "custom_unit": "%",
        "precision": 3,
        "requests": [
          {
            "q": "avg:snmp.ifBandwidthOutUsage.rate{$InterfaceDescription,$Interface,$Host,$SNMP_Profile,$IP}",
            "aggregator": "last"
          }
        ],
        "type": "query_value"
      },
      "layout": {
        "y": 149,
        "x": 24,
        "height": 15,
        "width": 23
      },
      "id": 1719033816542607
    },
    {
      "definition": {
        "custom_links": [],
        "title_size": "16",
        "title": "Bytes In & Bytes Out",
        "title_align": "left",
        "yaxis": {
          "max": "auto",
          "include_zero": true,
          "scale": "linear",
          "min": "auto",
          "label": ""
        },
        "show_legend": false,
        "requests": [
          {
            "q": "avg:snmp.ifHCInOctets.rate{$Host,$SNMP_Profile,$IP,$InterfaceDescription,$Interface} by {interface}",
            "style": {
              "line_width": "normal",
              "palette": "dog_classic",
              "line_type": "solid"
            },
            "display_type": "line"
          },
          {
            "q": "avg:snmp.ifHCOutOctets.rate{$Host,$SNMP_Profile,$IP,$InterfaceDescription,$Interface} by {interface}",
            "style": {
              "line_width": "normal",
              "palette": "dog_classic",
              "line_type": "solid"
            },
            "display_type": "line"
          }
        ],
        "type": "timeseries"
      },
      "layout": {
        "y": 133,
        "x": 48,
        "height": 15,
        "width": 36
      },
      "id": 2979269373678577
    },
    {
      "definition": {
        "custom_links": [],
        "title_size": "16",
        "title": "In & Out Broadcasts",
        "title_align": "left",
        "yaxis": {
          "max": "auto",
          "include_zero": true,
          "scale": "linear",
          "min": "auto",
          "label": ""
        },
        "show_legend": false,
        "requests": [
          {
            "q": "avg:snmp.ifHCInBroadcastPkts{$Host,$SNMP_Profile,$InterfaceDescription,$Interface,$IP} by {interface}",
            "style": {
              "line_width": "normal",
              "palette": "dog_classic",
              "line_type": "solid"
            },
            "display_type": "line"
          },
          {
            "q": "avg:snmp.ifHCOutBroadcastPkts{$Host,$SNMP_Profile,$InterfaceDescription,$Interface,$IP} by {interface}",
            "style": {
              "line_width": "normal",
              "palette": "dog_classic",
              "line_type": "solid"
            },
            "display_type": "line"
          }
        ],
        "type": "timeseries"
      },
      "layout": {
        "y": 133,
        "x": 85,
        "height": 15,
        "width": 32
      },
      "id": 3439079442580445
    },
    {
      "definition": {
        "custom_links": [],
        "title_size": "16",
        "title": "In & Out Errors",
        "title_align": "left",
        "yaxis": {
          "max": "auto",
          "include_zero": true,
          "scale": "linear",
          "min": "auto",
          "label": ""
        },
        "show_legend": false,
        "requests": [
          {
            "q": "avg:snmp.ifInErrors{$InterfaceDescription,$Interface,$Host,$SNMP_Profile,$IP} by {interface}",
            "style": {
              "line_width": "normal",
              "palette": "dog_classic",
              "line_type": "solid"
            },
            "display_type": "area"
          },
          {
            "q": "avg:snmp.ifOutErrors{$InterfaceDescription,$Interface,$Host,$SNMP_Profile,$IP} by {interface}",
            "style": {
              "line_width": "normal",
              "palette": "dog_classic",
              "line_type": "solid"
            },
            "display_type": "line"
          }
        ],
        "type": "timeseries"
      },
      "layout": {
        "y": 149,
        "x": 85,
        "height": 15,
        "width": 32
      },
      "id": 3447643291734885
    },
    {
      "definition": {
        "custom_links": [],
        "title_size": "16",
        "title": "Interface Utilization (%)",
        "title_align": "left",
        "yaxis": {
          "max": "auto",
          "include_zero": true,
          "scale": "linear",
          "min": "auto",
          "label": ""
        },
        "show_legend": false,
        "requests": [
          {
            "q": "avg:snmp.ifBandwidthInUsage.rate{$InterfaceDescription,$Interface,$Host,$SNMP_Profile,$IP} by {interface}",
            "style": {
              "line_width": "normal",
              "palette": "dog_classic",
              "line_type": "solid"
            },
            "display_type": "line"
          },
          {
            "q": "avg:snmp.ifBandwidthOutUsage.rate{$InterfaceDescription,$Interface,$Host,$SNMP_Profile,$IP} by {interface}",
            "style": {
              "line_width": "normal",
              "palette": "dog_classic",
              "line_type": "solid"
            },
            "display_type": "line"
          }
        ],
        "type": "timeseries"
      },
      "layout": {
        "y": 165,
        "x": 0,
        "height": 15,
        "width": 47
      },
      "id": 7249385874953434
    },
    {
      "definition": {
        "custom_links": [],
        "title_size": "16",
        "title": "In & Out Unicast Packets by Interface",
        "title_align": "left",
        "yaxis": {
          "max": "auto",
          "include_zero": true,
          "scale": "linear",
          "min": "auto",
          "label": ""
        },
        "show_legend": false,
        "requests": [
          {
            "q": "avg:snmp.ifHCInUcastPkts{$Host,$SNMP_Profile,$IP,$InterfaceDescription,$Interface} by {interface}",
            "style": {
              "line_width": "normal",
              "palette": "dog_classic",
              "line_type": "solid"
            },
            "display_type": "line"
          },
          {
            "q": "avg:snmp.Interface.OutUnicastPkts{$Host,$SNMP_Profile,$IP,$InterfaceDescription,$Interface} by {interface}",
            "style": {
              "line_width": "normal",
              "palette": "dog_classic",
              "line_type": "solid"
            },
            "display_type": "line"
          }
        ],
        "type": "timeseries"
      },
      "layout": {
        "y": 165,
        "x": 85,
        "height": 15,
        "width": 32
      },
      "id": 1144546129694967
    },
    {
      "definition": {
        "custom_links": [],
        "title_size": "16",
        "title": "In & Out MultiCastPkts",
        "title_align": "left",
        "yaxis": {
          "max": "auto",
          "include_zero": true,
          "scale": "linear",
          "min": "auto",
          "label": ""
        },
        "show_legend": false,
        "requests": [
          {
            "q": "avg:snmp.ifHCInMulticastPkts{$Host,$SNMP_Profile,$IP,$InterfaceDescription,$Interface} by {interface}",
            "style": {
              "line_width": "normal",
              "palette": "dog_classic",
              "line_type": "solid"
            },
            "display_type": "line"
          },
          {
            "q": "avg:snmp.ifHCOutMulticastPkts{$Host,$SNMP_Profile,$IP,$InterfaceDescription,$Interface} by {interface}",
            "style": {
              "line_width": "normal",
              "palette": "dog_classic",
              "line_type": "solid"
            },
            "display_type": "line"
          }
        ],
        "type": "timeseries"
      },
      "layout": {
        "y": 149,
        "x": 48,
        "height": 15,
        "width": 36
      },
      "id": 8038808557610914
    },
    {
      "definition": {
        "custom_links": [],
        "title_size": "16",
        "title": "HTTP Tot11 Requests & Responses",
        "title_align": "left",
        "yaxis": {
          "max": "auto",
          "scale": "linear",
          "min": "auto",
          "label": ""
        },
        "show_legend": false,
        "requests": [
          {
            "q": "avg:snmp.Http.Tot11.Requests{$SNMP_Profile,$IP,$Host} by {snmp_device}",
            "style": {
              "line_width": "normal",
              "palette": "dog_classic",
              "line_type": "solid"
            },
            "display_type": "line"
          },
          {
            "q": "avg:snmp.Http.Tot11.Responses{$SNMP_Profile,$IP,$Host} by {snmp_device}",
            "style": {
              "line_width": "normal",
              "palette": "dog_classic",
              "line_type": "solid"
            },
            "display_type": "line"
          }
        ],
        "type": "timeseries"
      },
      "layout": {
        "y": 16,
        "x": 39,
        "height": 15,
        "width": 36
      },
      "id": 608414296147679
    },
    {
      "definition": {
        "custom_links": [],
        "title_size": "16",
        "title": "HA Status",
        "title_align": "left",
        "precision": 0,
        "requests": [
          {
            "q": "avg:snmp.HA.Status{$SNMP_Profile,$IP,$Host}",
            "aggregator": "last",
            "conditional_formats": [
              {
                "palette": "white_on_green",
                "value": 0,
                "comparator": ">"
              },
              {
                "palette": "white_on_gray",
                "value": 0,
                "comparator": "<="
              }
            ]
          }
        ],
        "type": "query_value"
      },
      "layout": {
        "y": 16,
        "x": 76,
        "height": 15,
        "width": 15
      },
      "id": 4579690673383082
    },
    {
      "definition": {
        "tick_pos": "50%",
        "show_tick": true,
        "type": "note",
        "tick_edge": "left",
        "text_align": "left",
        "content": "0: HA Not Configured\n\n1: HA Configured",
        "font_size": "24",
        "background_color": "white"
      },
      "layout": {
        "y": 16,
        "x": 92,
        "height": 15,
        "width": 25
      },
      "id": 413214030719894
    }
  ],
  "layout_type": "free"
}