{
  "notify_list": [],
  "description": "## Datacenter Overview Dashboard\n\nKeep track of all of your monitored on-premise appliances monitored with SNMP all in one place. At a glance, see all of the devices currently responding metrics, top interfaces reporting bandwidth and forecasted performance.\nRead more about: \n\nRead more about:\n\n*  [Monitoring datacenters and network devices with Datadog](https://www.datadoghq.com/blog/datacenter-monitoring-dashboards/)\n* [Monitoring network devices with SNMP](https://www.datadoghq.com/blog/monitor-snmp-with-datadog/)\n* Learn more about the data collected in our [docs](https://docs.datadoghq.com/network_performance_monitoring/devices) (cloned)",
  "restricted_roles": [
    "98e01fcc-2a12-11e9-a54b-03f391a16a77"
  ],
  "template_variables": [
    {
      "default": "*",
      "prefix": "snmp_device",
      "name": "snmp_device"
    },
    {
      "default": "*",
      "prefix": "snmp_host",
      "name": "snmp_host"
    },
    {
      "default": "*",
      "prefix": "interface",
      "name": "interface"
    }
  ],
  "is_read_only": true,
  "title": "Datacenter Overview (cloned)",
  "reflow_type": "fixed",
  "widgets": [
    {
      "definition": {
        "widgets": [
          {
            "definition": {
              "tick_pos": "50%",
              "show_tick": false,
              "type": "note",
              "tick_edge": "left",
              "text_align": "left",
              "content": "This dashboard provides an overview of how all the network devices in your datacenter are performing. \n\nFor more information on monitoring on-premise gear with Datadog, check out: \n\n- Our blog post on [Monitoring Datacenters and network devices with Datadog](https://www.datadoghq.com/blog/datacenter-monitoring-dashboards/)\n- Our blog post on [Monitoring network devices with SNMP](https://www.datadoghq.com/blog/monitor-snmp-with-datadog/)\n- Network Device Monitoring [docs](https://docs.datadoghq.com/network_performance_monitoring/devices) ",
              "font_size": "14",
              "background_color": "white"
            },
            "layout": {
              "y": 0,
              "x": 0,
              "height": 3,
              "width": 4
            },
            "id": 5962709499618832
          },
          {
            "definition": {
              "title_size": "16",
              "title": "Devices Responding",
              "title_align": "center",
              "group_by": [
                "snmp_host",
                "snmp_device"
              ],
              "time": {
                "live_span": "1d"
              },
              "type": "check_status",
              "check": "snmp.can_check",
              "tags": [
                "*"
              ],
              "grouping": "cluster"
            },
            "layout": {
              "y": 0,
              "x": 4,
              "height": 2,
              "width": 8
            },
            "id": 3322305298444164
          },
          {
            "definition": {
              "tick_pos": "50%",
              "show_tick": false,
              "type": "note",
              "tick_edge": "top",
              "text_align": "left",
              "content": "**Tip:** The above box indicates which devices we are currently able to poll for SNMP metrics. \nClick the box to see a list of reachable (green) or unreachable (red) devices by name and IP. ",
              "font_size": "14",
              "background_color": "green"
            },
            "layout": {
              "y": 2,
              "x": 4,
              "height": 1,
              "width": 8
            },
            "id": 5972374734903110
          },
          {
            "definition": {
              "custom_links": [
                {
                  "link": "/screen/integration/Interface%20Performance?from_ts=1611075730040&live=true&to_ts=1611079330040&tpl_var_snmp_host={{snmp_host.value}}&tpl_var_interface={{interface.value}}",
                  "label": "Interface Performance"
                }
              ],
              "title_size": "16",
              "title": "Top Bandwidth by Interface (inbound)",
              "title_align": "left",
              "requests": [
                {
                  "q": "top(avg:snmp.ifBandwidthInUsage.rate{$snmp_host,$interface} by {snmp_host,interface}, 5, 'mean', 'desc')"
                }
              ],
              "type": "toplist"
            },
            "layout": {
              "y": 3,
              "x": 0,
              "height": 2,
              "width": 3
            },
            "id": 4112468581782098
          },
          {
            "definition": {
              "custom_links": [
                {
                  "link": "/screen/integration/Interface%20Performance?from_ts=1602800672906&live=true&to_ts=1602804272906&tpl_var_snmp_host={{snmp_host.value}}&tpl_var_interface={{interface.value}}",
                  "label": "Interface Performance"
                }
              ],
              "title_size": "16",
              "title": "Top Bandwidth by Interface (outbound) ",
              "title_align": "left",
              "requests": [
                {
                  "q": "top(avg:snmp.ifBandwidthOutUsage.rate{$snmp_host,$interface} by {snmp_host,interface}, 5, 'mean', 'desc')"
                }
              ],
              "type": "toplist"
            },
            "layout": {
              "y": 3,
              "x": 3,
              "height": 2,
              "width": 3
            },
            "id": 6552096466900108
          },
          {
            "definition": {
              "custom_links": [
                {
                  "link": "/screen/integration/Interface%20Performance?from_ts=1602800672906&live=true&to_ts=1602804272906&tpl_var_snmp_host={{snmp_host.value}}&tpl_var_interface={{interface.value}}",
                  "label": "Interface Performance"
                }
              ],
              "title_size": "16",
              "title": "Interfaces with the Most Errors",
              "title_align": "left",
              "requests": [
                {
                  "q": "top(avg:snmp.ifInErrors{$snmp_host,$interface} by {snmp_host,interface}.as_count()+avg:snmp.ifOutErrors{$snmp_host,$interface} by {snmp_host,interface}.as_count(),5,'mean','desc')"
                }
              ],
              "type": "toplist"
            },
            "layout": {
              "y": 3,
              "x": 6,
              "height": 2,
              "width": 3
            },
            "id": 1132807365192448
          },
          {
            "definition": {
              "custom_links": [
                {
                  "link": "/screen/integration/Interface%20Performance?from_ts=1602800672906&live=true&to_ts=1602804272906&tpl_var_snmp_host={{snmp_host.value}}&tpl_var_interface={{interface.value}}",
                  "label": "Interface Performance"
                }
              ],
              "title_size": "16",
              "title": "Interfaces with the Most Discarded Packets",
              "title_align": "left",
              "requests": [
                {
                  "q": "top(avg:snmp.ifInDiscards{$snmp_host,$interface} by {snmp_host,interface}.as_count()+avg:snmp.ifOutDiscards{$snmp_host,$interface} by {snmp_host,interface}.as_count(),5,'mean','desc')"
                }
              ],
              "type": "toplist"
            },
            "layout": {
              "y": 3,
              "x": 9,
              "height": 2,
              "width": 3
            },
            "id": 1701250073322308
          }
        ],
        "layout_type": "ordered",
        "type": "group",
        "reflow_type": "fixed",
        "title": "Network Summary"
      },
      "id": 0
    },
    {
      "definition": {
        "widgets": [
          {
            "definition": {
              "custom_links": [
                {
                  "link": "/screen/integration/Interface%20Performance?from_ts=1602800672906&live=true&to_ts=1602804272906&tpl_var_snmp_host={{snmp_host.value}}&tpl_var_snmp_device={{snmp_device.value}}",
                  "label": "Interface Performance"
                }
              ],
              "title_size": "16",
              "title": "Device Inventory",
              "title_align": "left",
              "has_search_bar": "auto",
              "requests": [
                {
                  "aggregator": "avg",
                  "cell_display_mode": [
                    "bar"
                  ],
                  "order": "asc",
                  "q": "avg:snmp.sysUpTimeInstance{*,*,$snmp_device,$snmp_host} by {snmp_device,snmp_host}/8640000",
                  "alias": "uptime (days)",
                  "limit": 100,
                  "conditional_formats": [
                    {
                      "palette": "red_on_white",
                      "value": 1,
                      "comparator": "<"
                    }
                  ]
                }
              ],
              "type": "query_table"
            },
            "layout": {
              "y": 0,
              "x": 0,
              "height": 7,
              "width": 12
            },
            "id": 1932169840365744
          },
          {
            "definition": {
              "tick_pos": "50%",
              "show_tick": false,
              "type": "note",
              "tick_edge": "left",
              "text_align": "left",
              "content": "**Tip:** Click any row in the _Device Inventory_  table, and select the `Interface Performance` custom link to drill into the performance across all interfaces filtered to that specific device. ",
              "font_size": "14",
              "background_color": "green"
            },
            "layout": {
              "y": 7,
              "x": 0,
              "height": 1,
              "width": 12
            },
            "id": 7962336691536866
          }
        ],
        "layout_type": "ordered",
        "type": "group",
        "reflow_type": "fixed",
        "title": "Device Inventory"
      },
      "id": 1
    },
    {
      "definition": {
        "widgets": [
          {
            "definition": {
              "custom_links": [
                {
                  "link": "/screen/integration/Interface%20Performance?&tpl_var_snmp_host={{snmp_host.value}}&tpl_var_snmp_device={{snmp_device.value}}",
                  "label": "Interface Performance"
                }
              ],
              "title_size": "16",
              "legend_columns": [
                "avg",
                "min",
                "max",
                "value",
                "sum"
              ],
              "title": "Outliers on Total Inbound Device Throughput",
              "title_align": "left",
              "markers": [],
              "yaxis": {
                "include_zero": true,
                "max": "auto",
                "scale": "linear",
                "min": "auto",
                "label": ""
              },
              "legend_layout": "vertical",
              "show_legend": false,
              "time": {},
              "legend_size": "0",
              "type": "timeseries",
              "requests": [
                {
                  "q": "outliers(avg:snmp.Tunnel.InOctets.rate{$snmp_device,$snmp_host,$interface} by {snmp_host,snmp_device}, 'DBSCAN', 3)",
                  "on_right_yaxis": false,
                  "style": {
                    "line_width": "normal",
                    "palette": "purple",
                    "line_type": "solid"
                  },
                  "display_type": "line"
                }
              ]
            },
            "layout": {
              "y": 0,
              "x": 0,
              "height": 3,
              "width": 6
            },
            "id": 1444179790663982
          },
          {
            "definition": {
              "custom_links": [
                {
                  "link": "/screen/integration/Interface%20Performance?&tpl_var_snmp_host={{snmp_host.value}}&tpl_var_snmp_device={{snmp_device.value}}",
                  "label": "Interface Performance"
                }
              ],
              "title_size": "16",
              "legend_columns": [
                "avg",
                "min",
                "max",
                "value",
                "sum"
              ],
              "title": "Outliers on Total Outbound Device Throughput ",
              "title_align": "left",
              "markers": [],
              "yaxis": {
                "include_zero": true,
                "max": "auto",
                "scale": "linear",
                "min": "auto",
                "label": ""
              },
              "legend_layout": "vertical",
              "show_legend": false,
              "time": {},
              "legend_size": "0",
              "type": "timeseries",
              "requests": [
                {
                  "q": "outliers(avg:snmp.Tunnel.OutOctets.rate{$snmp_device,$snmp_host} by {snmp_host,snmp_device}, 'DBSCAN', 3)",
                  "on_right_yaxis": false,
                  "style": {
                    "line_width": "normal",
                    "palette": "cool",
                    "line_type": "solid"
                  },
                  "display_type": "line"
                }
              ]
            },
            "layout": {
              "y": 0,
              "x": 6,
              "height": 3,
              "width": 6
            },
            "id": 6775115446963994
          },
          {
            "definition": {
              "custom_links": [
                {
                  "link": "/screen/integration/Interface%20Performance?&tpl_var_snmp_host={{snmp_host.value}}&tpl_var_snmp_device={{snmp_device.value}}&tpl_var_interface={{interface.value}}",
                  "label": "Interface Performance"
                }
              ],
              "title_size": "16",
              "yaxis": {
                "include_zero": true,
                "max": "auto",
                "scale": "linear",
                "min": "auto",
                "label": ""
              },
              "title_align": "left",
              "markers": [],
              "show_legend": false,
              "title": "Forecast Inbound Bandwidth on Top 5 Interfaces",
              "legend_size": "0",
              "type": "timeseries",
              "requests": [
                {
                  "q": "forecast(top(avg:snmp.ifBandwidthInUsage.rate{$snmp_device,$snmp_host,$interface} by {interface,snmp_device,snmp_host}, 5, 'mean', 'desc'), 'linear', 1)",
                  "on_right_yaxis": false,
                  "style": {
                    "line_width": "normal",
                    "palette": "purple",
                    "line_type": "solid"
                  },
                  "display_type": "line"
                }
              ]
            },
            "layout": {
              "y": 3,
              "x": 0,
              "height": 3,
              "width": 6
            },
            "id": 7113375781270598
          },
          {
            "definition": {
              "custom_links": [
                {
                  "link": "/screen/integration/Interface%20Performance?&tpl_var_snmp_host={{snmp_host.value}}&tpl_var_snmp_device={{snmp_device.value}}&tpl_var_interface={{interface.value}}",
                  "label": "Interface Performance"
                }
              ],
              "title_size": "16",
              "yaxis": {
                "include_zero": true,
                "max": "auto",
                "scale": "linear",
                "min": "auto",
                "label": ""
              },
              "title_align": "left",
              "markers": [],
              "show_legend": false,
              "title": "Forecast Outbound Bandwidth on Top 5 Interfaces",
              "legend_size": "0",
              "type": "timeseries",
              "requests": [
                {
                  "q": "forecast(top(avg:snmp.ifBandwidthOutUsage.rate{$snmp_device,$snmp_host,$interface} by {interface,snmp_device,snmp_host}, 5, 'mean', 'desc'), 'linear', 1)",
                  "on_right_yaxis": false,
                  "style": {
                    "line_width": "normal",
                    "palette": "cool",
                    "line_type": "solid"
                  },
                  "display_type": "line"
                }
              ]
            },
            "layout": {
              "y": 3,
              "x": 6,
              "height": 3,
              "width": 6
            },
            "id": 5085712062550646
          },
          {
            "definition": {
              "tick_pos": "50%",
              "show_tick": false,
              "type": "note",
              "tick_edge": "left",
              "text_align": "left",
              "content": "**Tip:** Outlier detection is an algorithmic feature that allows you to detect when a specific group is behaving different compared to its peers. Total throughput outliers measures the total throughput across all interfaces on a device and displays devices whose total throughput is an outlier in relation to its usual total throughput.",
              "font_size": "14",
              "background_color": "green"
            },
            "layout": {
              "y": 6,
              "x": 0,
              "height": 1,
              "width": 12
            },
            "id": 4250738380129082
          }
        ],
        "layout_type": "ordered",
        "type": "group",
        "reflow_type": "fixed",
        "title": "Traffic Patterns"
      },
      "id": 2
    },
    {
      "definition": {
        "widgets": [
          {
            "definition": {
              "type": "toplist",
              "requests": [
                {
                  "q": "top(avg:snmp.cpmCPUTotalMonIntervalValue{$snmp_device,$snmp_host} by {snmp_host,snmp_device}, 10, 'mean', 'desc')"
                }
              ],
              "title_align": "left",
              "title_size": "16",
              "title": "Devices with Highest CPU Utilization (%)"
            },
            "layout": {
              "y": 0,
              "x": 0,
              "height": 3,
              "width": 4
            },
            "id": 2999908314339602
          },
          {
            "definition": {
              "title_size": "16",
              "title": "Average CPU Utilization (%)",
              "title_align": "left",
              "markers": [],
              "yaxis": {
                "include_zero": true,
                "max": "auto",
                "scale": "linear",
                "min": "auto",
                "label": ""
              },
              "show_legend": false,
              "legend_size": "0",
              "type": "timeseries",
              "requests": [
                {
                  "q": "avg:snmp.cpmCPUTotalMonIntervalValue{$snmp_device,$snmp_host} by {snmp_host}",
                  "on_right_yaxis": false,
                  "style": {
                    "line_width": "normal",
                    "palette": "cool",
                    "line_type": "solid"
                  },
                  "display_type": "line",
                  "metadata": [
                    {
                      "alias_name": "cpu",
                      "expression": "avg:snmp.cpmCPUTotalMonIntervalValue{$snmp_device,$snmp_host} by {snmp_host}"
                    }
                  ]
                },
                {
                  "q": "avg:snmp.hrProcessorLoad{$snmp_device,$snmp_host} by {snmp_host}",
                  "on_right_yaxis": false,
                  "style": {
                    "line_width": "normal",
                    "palette": "cool",
                    "line_type": "solid"
                  },
                  "display_type": "line",
                  "metadata": [
                    {
                      "alias_name": "cpu",
                      "expression": "avg:snmp.hrProcessorLoad{$snmp_device,$snmp_host} by {snmp_host}"
                    }
                  ]
                },
                {
                  "q": "avg:snmp.cpmCPUTotal1minRev{$snmp_device,$snmp_host} by {snmp_host}",
                  "on_right_yaxis": false,
                  "style": {
                    "line_width": "normal",
                    "palette": "cool",
                    "line_type": "solid"
                  },
                  "display_type": "line",
                  "metadata": [
                    {
                      "alias_name": "cpu",
                      "expression": "avg:snmp.cpmCPUTotal1minRev{$snmp_device,$snmp_host} by {snmp_host}"
                    }
                  ]
                }
              ]
            },
            "layout": {
              "y": 0,
              "x": 4,
              "height": 3,
              "width": 8
            },
            "id": 1242618941206424
          },
          {
            "definition": {
              "type": "toplist",
              "requests": [
                {
                  "q": "top((avg:snmp.cpmCPUMemoryUsed{$snmp_device,$snmp_host} by {snmp_host,snmp_device}/(avg:snmp.cpmCPUMemoryUsed{$snmp_device,$snmp_host} by {snmp_host,snmp_device}+avg:snmp.cpmCPUMemoryFree{$snmp_device,$snmp_host} by {snmp_host,snmp_device}))*100,10,'mean','desc')"
                }
              ],
              "title_align": "left",
              "title_size": "16",
              "title": "Devices with Highest Memory Utilization (%)"
            },
            "layout": {
              "y": 3,
              "x": 0,
              "height": 3,
              "width": 4
            },
            "id": 2329854184707894
          },
          {
            "definition": {
              "title_size": "16",
              "title": "Average Memory Utilization (%)",
              "title_align": "left",
              "markers": [],
              "yaxis": {
                "include_zero": true,
                "max": "auto",
                "scale": "linear",
                "min": "auto",
                "label": ""
              },
              "show_legend": false,
              "legend_size": "0",
              "type": "timeseries",
              "requests": [
                {
                  "q": "(avg:snmp.cpmCPUMemoryUsed{$snmp_device,$snmp_host} by {snmp_host,snmp_device}/(avg:snmp.cpmCPUMemoryUsed{$snmp_device,$snmp_host} by {snmp_host,snmp_device}+avg:snmp.cpmCPUMemoryFree{$snmp_device,$snmp_host} by {snmp_host,snmp_device}))*100",
                  "on_right_yaxis": false,
                  "style": {
                    "line_width": "normal",
                    "palette": "cool",
                    "line_type": "solid"
                  },
                  "display_type": "line",
                  "metadata": [
                    {
                      "alias_name": "memory",
                      "expression": "(avg:snmp.cpmCPUMemoryUsed{$snmp_device,$snmp_host} by {snmp_host,snmp_device}/(avg:snmp.cpmCPUMemoryUsed{$snmp_device,$snmp_host} by {snmp_host,snmp_device}+avg:snmp.cpmCPUMemoryFree{$snmp_device,$snmp_host} by {snmp_host,snmp_device}))*100"
                    }
                  ]
                }
              ]
            },
            "layout": {
              "y": 3,
              "x": 4,
              "height": 3,
              "width": 8
            },
            "id": 4598955149199596
          }
        ],
        "layout_type": "ordered",
        "type": "group",
        "reflow_type": "fixed",
        "title": "Device Health"
      },
      "id": 3
    }
  ],
  "layout_type": "ordered"
}