{
  "notify_list": [],
  "description": "",
  "restricted_roles": [],
  "template_variables": [
    {
      "default": "*",
      "prefix": "node",
      "name": "Node"
    },
    {
      "default": "*",
      "prefix": "pool",
      "name": "Pool"
    },
    {
      "default": "*",
      "prefix": "virtualserver",
      "name": "Virtual_Server"
    },
    {
      "default": "*",
      "prefix": "interface",
      "name": "Interface"
    },
    {
      "default": "*",
      "prefix": "snmp_device",
      "name": "IP"
    },
    {
      "default": "rd-f5-bigip",
      "prefix": "snmp_profile",
      "name": "SNMP_Profile"
    },
    {
      "default": "*",
      "prefix": "interfacedescription",
      "name": "InterfaceDescription"
    },
    {
      "default": "*",
      "prefix": "host",
      "name": "Host"
    },
    {
      "default": "*",
      "prefix": "snmp_host",
      "name": "Sysname"
    }
  ],
  "is_read_only": false,
  "title": "RapDev F5 BigIP Dashboard",
  "widgets": [
    {
      "definition": {
        "custom_links": [],
        "title_size": "16",
        "title": "Client Connections",
        "title_align": "left",
        "yaxis": {
          "max": "auto",
          "scale": "linear",
          "min": "auto",
          "label": ""
        },
        "requests": [
          {
            "q": "avg:snmp.Client.Connections{$IP,$SNMP_Profile,$Host}",
            "style": {
              "line_width": "normal",
              "palette": "dog_classic",
              "line_type": "solid"
            },
            "display_type": "area"
          }
        ],
        "type": "timeseries"
      },
      "layout": {
        "y": 0,
        "x": 0,
        "height": 15,
        "width": 47
      },
      "id": 3424667624333848
    },
    {
      "definition": {
        "custom_links": [],
        "title_size": "16",
        "title": "SSL Client Connections",
        "title_align": "left",
        "yaxis": {
          "max": "auto",
          "scale": "linear",
          "min": "auto",
          "label": ""
        },
        "requests": [
          {
            "q": "avg:snmp.SSL.Client.Connections{$IP,$SNMP_Profile,$Host}",
            "style": {
              "line_width": "normal",
              "palette": "dog_classic",
              "line_type": "solid"
            },
            "display_type": "line"
          }
        ],
        "type": "timeseries"
      },
      "layout": {
        "y": 0,
        "x": 48,
        "height": 15,
        "width": 44
      },
      "id": 971886544524622
    },
    {
      "definition": {
        "custom_links": [],
        "title_size": "16",
        "title": "Requests per Second",
        "title_align": "left",
        "custom_unit": "RPS",
        "precision": 2,
        "requests": [
          {
            "q": "avg:snmp.HTTP.Requests.Per.Second{$IP,$SNMP_Profile,$Host}",
            "aggregator": "avg"
          }
        ],
        "type": "query_value"
      },
      "layout": {
        "y": 0,
        "x": 93,
        "height": 15,
        "width": 24
      },
      "id": 6546940490201300
    },
    {
      "definition": {
        "custom_links": [],
        "title_size": "16",
        "title": "VIP Top-Talkers (connections)",
        "title_align": "left",
        "requests": [
          {
            "q": "top(max:snmp.Current.Connections{$IP,$SNMP_Profile,$Host} by {virtualserver}, 10, 'mean', 'desc')"
          }
        ],
        "type": "toplist"
      },
      "layout": {
        "y": 16,
        "x": 0,
        "height": 15,
        "width": 39
      },
      "id": 2042009392315938
    },
    {
      "definition": {
        "custom_links": [],
        "title_size": "16",
        "title": "Pool Top Talkers (connections)",
        "title_align": "left",
        "requests": [
          {
            "q": "top(avg:snmp.Current.Connections{$IP,$SNMP_Profile,$Host} by {pool}, 10, 'mean', 'desc')"
          }
        ],
        "type": "toplist"
      },
      "layout": {
        "y": 16,
        "x": 40,
        "height": 15,
        "width": 38
      },
      "id": 8832936867059060
    },
    {
      "definition": {
        "custom_links": [],
        "title_size": "16",
        "title": "Failover State",
        "title_align": "left",
        "precision": 0,
        "requests": [
          {
            "q": "max:snmp.Failover.Status{$IP,$SNMP_Profile,$Host}",
            "aggregator": "last",
            "conditional_formats": [
              {
                "palette": "white_on_green",
                "value": 4,
                "comparator": ">="
              },
              {
                "palette": "white_on_green",
                "value": 3,
                "comparator": ">="
              },
              {
                "palette": "white_on_yellow",
                "value": 2,
                "comparator": ">="
              },
              {
                "palette": "white_on_red",
                "value": 1,
                "comparator": ">="
              }
            ]
          }
        ],
        "type": "query_value"
      },
      "layout": {
        "y": 39,
        "x": 0,
        "height": 15,
        "width": 16
      },
      "id": 2029793623540668
    },
    {
      "definition": {
        "custom_links": [],
        "title_size": "16",
        "title": "Pools Enabled",
        "title_align": "left",
        "precision": 0,
        "requests": [
          {
            "q": "sum:snmp.Pool.Enabled{$IP,$SNMP_Profile,$Host}",
            "aggregator": "avg"
          }
        ],
        "type": "query_value"
      },
      "layout": {
        "y": 39,
        "x": 34,
        "height": 15,
        "width": 25
      },
      "id": 2843982952523343
    },
    {
      "definition": {
        "custom_links": [],
        "title_size": "16",
        "title": "Client Bytes In/Out",
        "title_align": "left",
        "yaxis": {
          "max": "auto",
          "scale": "linear",
          "min": "auto",
          "label": ""
        },
        "requests": [
          {
            "q": "avg:snmp.Client.Bytes.In{$IP,$SNMP_Profile,$Host} by {snmp_device}",
            "style": {
              "line_width": "normal",
              "palette": "dog_classic",
              "line_type": "solid"
            },
            "display_type": "line"
          },
          {
            "q": "avg:snmp.Client.Bytes.Out{$IP,$SNMP_Profile,$Host} by {snmp_device}",
            "style": {
              "line_width": "normal",
              "palette": "dog_classic",
              "line_type": "solid"
            },
            "display_type": "line"
          }
        ],
        "type": "timeseries"
      },
      "layout": {
        "y": 39,
        "x": 86,
        "height": 15,
        "width": 31
      },
      "id": 8718472445639480
    },
    {
      "definition": {
        "custom_links": [],
        "title_size": "16",
        "title": "Sync Status",
        "title_align": "left",
        "precision": 0,
        "requests": [
          {
            "q": "max:snmp.Sync.Status{$IP,$SNMP_Profile,$Host}",
            "aggregator": "last",
            "conditional_formats": [
              {
                "palette": "white_on_green",
                "value": 6,
                "comparator": ">="
              },
              {
                "palette": "white_on_green",
                "value": 3,
                "comparator": ">="
              },
              {
                "palette": "white_on_red",
                "value": 4,
                "comparator": ">="
              },
              {
                "palette": "white_on_yellow",
                "value": 5,
                "comparator": ">="
              },
              {
                "palette": "white_on_yellow",
                "value": 7,
                "comparator": ">="
              },
              {
                "palette": "white_on_red",
                "value": 8,
                "comparator": ">"
              }
            ]
          }
        ],
        "type": "query_value"
      },
      "layout": {
        "y": 39,
        "x": 17,
        "height": 15,
        "width": 16
      },
      "id": 6082819603261499
    },
    {
      "definition": {
        "custom_links": [],
        "title_size": "16",
        "title": "Total Nodes Defined",
        "title_align": "left",
        "precision": 0,
        "requests": [
          {
            "q": "sum:snmp.Node.State{$SNMP_Profile,$IP,$Host}",
            "aggregator": "avg"
          }
        ],
        "type": "query_value"
      },
      "layout": {
        "y": 39,
        "x": 60,
        "height": 15,
        "width": 25
      },
      "id": 3493689926933963
    },
    {
      "definition": {
        "custom_links": [],
        "title_size": "16",
        "title": "Total SSL Connections",
        "title_align": "left",
        "yaxis": {
          "max": "auto",
          "scale": "linear",
          "min": "auto",
          "label": ""
        },
        "requests": [
          {
            "q": "sum:snmp.Server.SSL.Connections{$IP,$SNMP_Profile,$Host} by {host}",
            "style": {
              "line_width": "normal",
              "palette": "dog_classic",
              "line_type": "solid"
            },
            "display_type": "line"
          }
        ],
        "type": "timeseries"
      },
      "layout": {
        "y": 55,
        "x": 86,
        "height": 15,
        "width": 31
      },
      "id": 400462960222972
    },
    {
      "definition": {
        "custom_links": [],
        "title_size": "16",
        "title": "CPU Usage (%)",
        "title_align": "left",
        "yaxis": {
          "max": "auto",
          "scale": "linear",
          "min": "auto",
          "label": ""
        },
        "requests": [
          {
            "q": "avg:snmp.CPU.Idle{$SNMP_Profile,$IP,$Host} by {snmp_device}, 100-avg:snmp.CPU.Idle{$SNMP_Profile,$IP,$Host} by {snmp_device}",
            "style": {
              "line_width": "normal",
              "palette": "dog_classic",
              "line_type": "solid"
            },
            "display_type": "area"
          }
        ],
        "type": "timeseries"
      },
      "layout": {
        "y": 55,
        "x": 0,
        "height": 15,
        "width": 42
      },
      "id": 1897412568532863
    },
    {
      "definition": {
        "custom_links": [],
        "title_size": "16",
        "title": "Used Memory",
        "title_align": "left",
        "yaxis": {
          "max": "auto",
          "scale": "linear",
          "min": "auto",
          "label": ""
        },
        "requests": [
          {
            "q": "avg:snmp.Memory.Used{$SNMP_Profile,$IP,$Host} by {snmp_device}",
            "style": {
              "line_width": "normal",
              "palette": "dog_classic",
              "line_type": "solid"
            },
            "display_type": "line"
          }
        ],
        "type": "timeseries"
      },
      "layout": {
        "y": 55,
        "x": 43,
        "height": 15,
        "width": 42
      },
      "id": 4412021320447449
    },
    {
      "definition": {
        "custom_links": [],
        "title_size": "16",
        "title": "Incoming & Outgoing Bytes",
        "title_align": "left",
        "yaxis": {
          "max": "auto",
          "scale": "linear",
          "min": "auto",
          "label": ""
        },
        "requests": [
          {
            "q": "avg:snmp.Incoming.Bytes{$Virtual_Server,$IP,$SNMP_Profile,$Host} by {virtualserver}",
            "style": {
              "line_width": "normal",
              "palette": "dog_classic",
              "line_type": "solid"
            },
            "display_type": "line"
          },
          {
            "q": "avg:snmp.Outgoing.Bytes{$IP,$Virtual_Server,$SNMP_Profile,$Host} by {virtualserver}",
            "style": {
              "line_width": "normal",
              "palette": "dog_classic",
              "line_type": "solid"
            },
            "display_type": "line"
          }
        ],
        "type": "timeseries"
      },
      "layout": {
        "y": 78,
        "x": 0,
        "height": 15,
        "width": 42
      },
      "id": 4616007453190308
    },
    {
      "definition": {
        "custom_links": [],
        "title_size": "16",
        "title": "Virtual Servers Enabled",
        "title_align": "left",
        "yaxis": {
          "max": "auto",
          "scale": "linear",
          "min": "auto",
          "label": ""
        },
        "requests": [
          {
            "q": "avg:snmp.Virtual.Server.Enabled{$IP,$SNMP_Profile,$Virtual_Server,$Host} by {virtualserver}",
            "style": {
              "line_width": "normal",
              "palette": "dog_classic",
              "line_type": "solid"
            },
            "display_type": "line"
          }
        ],
        "type": "timeseries"
      },
      "layout": {
        "y": 94,
        "x": 43,
        "height": 15,
        "width": 42
      },
      "id": 7688948949688000
    },
    {
      "definition": {
        "custom_links": [],
        "title_size": "16",
        "title": "Virtual Server Availability",
        "title_align": "left",
        "yaxis": {
          "max": "auto",
          "scale": "linear",
          "min": "auto",
          "label": ""
        },
        "requests": [
          {
            "q": "avg:snmp.Virtual.Server.Availability{$IP,$Virtual_Server,$SNMP_Profile,$Host} by {virtualserver}",
            "style": {
              "line_width": "normal",
              "palette": "dog_classic",
              "line_type": "solid"
            },
            "display_type": "line"
          }
        ],
        "type": "timeseries"
      },
      "layout": {
        "y": 94,
        "x": 0,
        "height": 15,
        "width": 42
      },
      "id": 1901430776166510
    },
    {
      "definition": {
        "custom_links": [],
        "title_size": "16",
        "title": "Current Connections",
        "title_align": "left",
        "custom_unit": "Conn",
        "precision": 0,
        "requests": [
          {
            "q": "avg:snmp.Current.Connections{$IP,$Virtual_Server,$SNMP_Profile,$Host}",
            "aggregator": "last"
          }
        ],
        "type": "query_value"
      },
      "layout": {
        "y": 156,
        "x": 86,
        "height": 15,
        "width": 31
      },
      "id": 2633001339161593
    },
    {
      "definition": {
        "custom_links": [],
        "title_size": "16",
        "title": "Connections per Second",
        "title_align": "left",
        "custom_unit": "CPS",
        "precision": 0,
        "requests": [
          {
            "q": "avg:snmp.Current.Connections.rate{$Virtual_Server,$IP,$SNMP_Profile,$Host}",
            "aggregator": "last"
          }
        ],
        "type": "query_value"
      },
      "layout": {
        "y": 78,
        "x": 43,
        "height": 15,
        "width": 37
      },
      "id": 573794694315093
    },
    {
      "definition": {
        "custom_links": [],
        "title_size": "16",
        "title": "Incoming & Outgoing Bytes",
        "title_align": "left",
        "yaxis": {
          "max": "auto",
          "scale": "linear",
          "min": "auto",
          "label": ""
        },
        "requests": [
          {
            "q": "avg:snmp.Incoming.Bytes{$Pool,$IP,$SNMP_Profile,$Host} by {pool}",
            "style": {
              "line_width": "normal",
              "palette": "dog_classic",
              "line_type": "solid"
            },
            "display_type": "area"
          },
          {
            "q": "avg:snmp.Outgoing.Bytes{$Pool,$IP,$SNMP_Profile,$Host} by {pool}",
            "style": {
              "line_width": "normal",
              "palette": "dog_classic",
              "line_type": "solid"
            },
            "display_type": "line"
          }
        ],
        "type": "timeseries"
      },
      "layout": {
        "y": 117,
        "x": 0,
        "height": 15,
        "width": 42
      },
      "id": 8182722596845598
    },
    {
      "definition": {
        "custom_links": [],
        "title_size": "16",
        "title": "Sessions & Connections",
        "title_align": "left",
        "yaxis": {
          "max": "auto",
          "scale": "linear",
          "min": "auto",
          "label": ""
        },
        "requests": [
          {
            "q": "avg:snmp.Current.Sessions{$Pool,$IP,$SNMP_Profile,$Host} by {pool}",
            "style": {
              "line_width": "normal",
              "palette": "dog_classic",
              "line_type": "solid"
            },
            "display_type": "area"
          },
          {
            "q": "avg:snmp.Current.Connections{$IP,$Pool,$SNMP_Profile,$Host} by {pool}",
            "style": {
              "line_width": "normal",
              "palette": "dog_classic",
              "line_type": "solid"
            },
            "display_type": "line"
          }
        ],
        "type": "timeseries"
      },
      "layout": {
        "y": 117,
        "x": 43,
        "height": 15,
        "width": 42
      },
      "id": 7766234984560901
    },
    {
      "definition": {
        "custom_links": [],
        "title_size": "16",
        "title": "Pools Enabled",
        "title_align": "left",
        "yaxis": {
          "max": "auto",
          "scale": "linear",
          "min": "auto",
          "label": ""
        },
        "requests": [
          {
            "q": "avg:snmp.Pool.Enabled{$IP,$SNMP_Profile,$Pool,$Host} by {pool}",
            "style": {
              "line_width": "normal",
              "palette": "dog_classic",
              "line_type": "solid"
            },
            "display_type": "line"
          }
        ],
        "type": "timeseries"
      },
      "layout": {
        "y": 133,
        "x": 0,
        "height": 15,
        "width": 42
      },
      "id": 1306328595104696
    },
    {
      "definition": {
        "custom_links": [],
        "title_size": "16",
        "title": "Pools Available",
        "title_align": "left",
        "yaxis": {
          "max": "auto",
          "scale": "linear",
          "min": "auto",
          "label": ""
        },
        "requests": [
          {
            "q": "avg:snmp.Pool.Available{$IP,$SNMP_Profile,$Pool,$Host} by {pool}",
            "style": {
              "line_width": "normal",
              "palette": "dog_classic",
              "line_type": "solid"
            },
            "display_type": "line"
          }
        ],
        "type": "timeseries"
      },
      "layout": {
        "y": 133,
        "x": 43,
        "height": 15,
        "width": 42
      },
      "id": 6009340738585358
    },
    {
      "definition": {
        "custom_links": [],
        "title_size": "16",
        "title": "Pools Current Connections",
        "title_align": "left",
        "custom_unit": "Conn",
        "precision": 2,
        "requests": [
          {
            "q": "sum:snmp.Current.Connections{$Pool,$IP,$SNMP_Profile,$Host}",
            "aggregator": "avg"
          }
        ],
        "type": "query_value"
      },
      "layout": {
        "y": 117,
        "x": 86,
        "height": 15,
        "width": 31
      },
      "id": 4654283955806033
    },
    {
      "definition": {
        "custom_links": [],
        "title_size": "16",
        "title": "Current Sessions",
        "title_align": "left",
        "custom_unit": "Sess",
        "precision": 0,
        "requests": [
          {
            "q": "avg:snmp.Current.Sessions{$Pool,$IP,$SNMP_Profile,$Host}",
            "aggregator": "last"
          }
        ],
        "type": "query_value"
      },
      "layout": {
        "y": 133,
        "x": 86,
        "height": 15,
        "width": 31
      },
      "id": 3414789792834265
    },
    {
      "definition": {
        "custom_links": [],
        "title_size": "16",
        "title": "Incoming & Outgoing Bytes",
        "title_align": "left",
        "yaxis": {
          "max": "auto",
          "scale": "linear",
          "min": "auto",
          "label": ""
        },
        "requests": [
          {
            "q": "avg:snmp.Incoming.Bytes{$Node,$IP,$SNMP_Profile,$Host} by {node}",
            "style": {
              "line_width": "normal",
              "palette": "dog_classic",
              "line_type": "solid"
            },
            "display_type": "area"
          },
          {
            "q": "avg:snmp.Outgoing.Bytes{$Node,$IP,$SNMP_Profile,$Host} by {node}",
            "style": {
              "line_width": "normal",
              "palette": "dog_classic",
              "line_type": "solid"
            },
            "display_type": "area"
          }
        ],
        "type": "timeseries"
      },
      "layout": {
        "y": 156,
        "x": 0,
        "height": 15,
        "width": 42
      },
      "id": 2353606039634576
    },
    {
      "definition": {
        "custom_links": [],
        "title_size": "16",
        "title": "Node Connections & Sessions",
        "title_align": "left",
        "yaxis": {
          "max": "auto",
          "scale": "linear",
          "min": "auto",
          "label": ""
        },
        "requests": [
          {
            "q": "avg:snmp.Current.Connections{$Node,$IP,$SNMP_Profile,$Host} by {node}",
            "style": {
              "line_width": "normal",
              "palette": "dog_classic",
              "line_type": "solid"
            },
            "display_type": "area"
          },
          {
            "q": "avg:snmp.Current.Sessions{$Node,$IP,$SNMP_Profile,$Host} by {node}",
            "style": {
              "line_width": "normal",
              "palette": "dog_classic",
              "line_type": "solid"
            },
            "display_type": "area"
          }
        ],
        "type": "timeseries"
      },
      "layout": {
        "y": 156,
        "x": 43,
        "height": 15,
        "width": 42
      },
      "id": 1269736754891412
    },
    {
      "definition": {
        "custom_links": [],
        "title_size": "16",
        "title": "Node Available",
        "title_align": "left",
        "yaxis": {
          "max": "auto",
          "scale": "linear",
          "min": "auto",
          "label": ""
        },
        "requests": [
          {
            "q": "avg:snmp.Node.Available{$Node,$SNMP_Profile,$IP,$Host} by {node}",
            "style": {
              "line_width": "normal",
              "palette": "dog_classic",
              "line_type": "solid"
            },
            "display_type": "line"
          }
        ],
        "type": "timeseries"
      },
      "layout": {
        "y": 172,
        "x": 43,
        "height": 15,
        "width": 42
      },
      "id": 1870458690992409
    },
    {
      "definition": {
        "custom_links": [],
        "title_size": "16",
        "title": "Node State",
        "title_align": "left",
        "yaxis": {
          "max": "auto",
          "scale": "linear",
          "min": "auto",
          "label": ""
        },
        "requests": [
          {
            "q": "avg:snmp.Node.State{$Node,$SNMP_Profile,$IP,$Host} by {node}",
            "style": {
              "line_width": "normal",
              "palette": "dog_classic",
              "line_type": "solid"
            },
            "display_type": "line"
          }
        ],
        "type": "timeseries"
      },
      "layout": {
        "y": 172,
        "x": 0,
        "height": 15,
        "width": 42
      },
      "id": 4044473229971566
    },
    {
      "definition": {
        "custom_links": [],
        "title_size": "16",
        "title": "Current Connections",
        "title_align": "left",
        "custom_unit": "",
        "precision": 0,
        "requests": [
          {
            "q": "avg:snmp.Current.Connections{$Node,$IP,$SNMP_Profile,$Host}",
            "aggregator": "last"
          }
        ],
        "type": "query_value"
      },
      "layout": {
        "y": 78,
        "x": 81,
        "height": 15,
        "width": 36
      },
      "id": 5597492161784901
    },
    {
      "definition": {
        "custom_links": [],
        "title_size": "16",
        "title": "Bytes In & Bytes Out",
        "title_align": "left",
        "yaxis": {
          "max": "auto",
          "include_zero": true,
          "scale": "linear",
          "min": "auto",
          "label": ""
        },
        "show_legend": false,
        "requests": [
          {
            "q": "avg:snmp.ifHCInOctets.rate{$SNMP_Profile,$IP,$Interface,$InterfaceDescription,$Host} by {interface}",
            "style": {
              "line_width": "normal",
              "palette": "dog_classic",
              "line_type": "solid"
            },
            "display_type": "line"
          },
          {
            "q": "avg:snmp.ifHCOutOctets.rate{$SNMP_Profile,$IP,$Interface,$InterfaceDescription,$Host} by {interface}",
            "style": {
              "line_width": "normal",
              "palette": "dog_classic",
              "line_type": "solid"
            },
            "display_type": "line"
          }
        ],
        "type": "timeseries"
      },
      "layout": {
        "y": 195,
        "x": 48,
        "height": 15,
        "width": 36
      },
      "id": 6713372668495391
    },
    {
      "definition": {
        "title_size": "16",
        "title": "Interface Speed",
        "title_align": "left",
        "custom_unit": "MB",
        "precision": 0,
        "time": {},
        "autoscale": true,
        "requests": [
          {
            "q": "max:snmp.ifHighSpeed{$Interface,$IP,$SNMP_Profile,$InterfaceDescription,$Host}",
            "aggregator": "last"
          }
        ],
        "type": "query_value"
      },
      "layout": {
        "y": 195,
        "x": 33,
        "height": 15,
        "width": 14
      },
      "id": 3026574528543929
    },
    {
      "definition": {
        "tick_pos": "50%",
        "show_tick": true,
        "type": "note",
        "tick_edge": "bottom",
        "text_align": "center",
        "content": "Overall System Health",
        "font_size": "24",
        "background_color": "white"
      },
      "layout": {
        "y": 32,
        "x": 0,
        "height": 6,
        "width": 117
      },
      "id": 2587778274006388
    },
    {
      "definition": {
        "tick_pos": "50%",
        "show_tick": true,
        "type": "note",
        "tick_edge": "bottom",
        "text_align": "center",
        "content": "Virtual Servers",
        "font_size": "24",
        "background_color": "white"
      },
      "layout": {
        "y": 71,
        "x": 0,
        "height": 6,
        "width": 117
      },
      "id": 7351699184828434
    },
    {
      "definition": {
        "tick_pos": "50%",
        "show_tick": true,
        "type": "note",
        "tick_edge": "bottom",
        "text_align": "center",
        "content": "Pools",
        "font_size": "24",
        "background_color": "white"
      },
      "layout": {
        "y": 110,
        "x": 0,
        "height": 6,
        "width": 117
      },
      "id": 3912248488326449
    },
    {
      "definition": {
        "tick_pos": "50%",
        "show_tick": true,
        "type": "note",
        "tick_edge": "bottom",
        "text_align": "center",
        "content": "Nodes",
        "font_size": "24",
        "background_color": "white"
      },
      "layout": {
        "y": 149,
        "x": 0,
        "height": 6,
        "width": 117
      },
      "id": 6282870177935914
    },
    {
      "definition": {
        "tick_pos": "50%",
        "show_tick": true,
        "type": "note",
        "tick_edge": "bottom",
        "text_align": "center",
        "content": "Interfaces",
        "font_size": "24",
        "background_color": "white"
      },
      "layout": {
        "y": 188,
        "x": 0,
        "height": 6,
        "width": 117
      },
      "id": 193598133794079
    },
    {
      "definition": {
        "custom_links": [],
        "title_size": "16",
        "title": "Node Top Talkers (Connections)",
        "title_align": "left",
        "requests": [
          {
            "q": "top(avg:snmp.Current.Connections{$Node,$SNMP_Profile,$IP,$Host} by {node}, 10, 'mean', 'desc')"
          }
        ],
        "type": "toplist"
      },
      "layout": {
        "y": 16,
        "x": 79,
        "height": 15,
        "width": 38
      },
      "id": 2664127074322398
    },
    {
      "definition": {
        "custom_links": [],
        "title_size": "16",
        "title": "Admin Status",
        "title_align": "left",
        "precision": 0,
        "requests": [
          {
            "q": "max:snmp.ifAdminStatus{$Interface,$SNMP_Profile,$IP,$InterfaceDescription,$Host}",
            "aggregator": "last",
            "conditional_formats": [
              {
                "palette": "white_on_red",
                "value": 2,
                "comparator": ">="
              },
              {
                "palette": "white_on_green",
                "value": 1,
                "comparator": ">="
              }
            ]
          }
        ],
        "type": "query_value"
      },
      "layout": {
        "y": 195,
        "x": 0,
        "height": 15,
        "width": 16
      },
      "id": 3972698215243036
    },
    {
      "definition": {
        "custom_links": [],
        "title_size": "16",
        "title": "Operation Status",
        "title_align": "left",
        "precision": 0,
        "requests": [
          {
            "q": "max:snmp.ifOperStatus{$SNMP_Profile,$IP,$Interface,$InterfaceDescription,$Host}",
            "aggregator": "last",
            "conditional_formats": [
              {
                "palette": "white_on_red",
                "value": 2,
                "comparator": ">="
              },
              {
                "palette": "white_on_green",
                "value": 1,
                "comparator": ">="
              }
            ]
          }
        ],
        "type": "query_value"
      },
      "layout": {
        "y": 195,
        "x": 17,
        "height": 15,
        "width": 15
      },
      "id": 1186773079868882
    },
    {
      "definition": {
        "custom_links": [],
        "title_size": "16",
        "title": "In & Out Broadcasts",
        "title_align": "left",
        "yaxis": {
          "max": "auto",
          "include_zero": true,
          "scale": "linear",
          "min": "auto",
          "label": ""
        },
        "show_legend": false,
        "requests": [
          {
            "q": "avg:snmp.ifHCInBroadcastPkts{$SNMP_Profile,$InterfaceDescription,$Interface,$IP,$Host} by {interface}",
            "style": {
              "line_width": "normal",
              "palette": "dog_classic",
              "line_type": "solid"
            },
            "display_type": "line"
          },
          {
            "q": "avg:snmp.ifHCOutBroadcastPkts{$SNMP_Profile,$InterfaceDescription,$Interface,$IP,$Host} by {interface}",
            "style": {
              "line_width": "normal",
              "palette": "dog_classic",
              "line_type": "solid"
            },
            "display_type": "line"
          }
        ],
        "type": "timeseries"
      },
      "layout": {
        "y": 195,
        "x": 85,
        "height": 15,
        "width": 32
      },
      "id": 716676949868498
    },
    {
      "definition": {
        "custom_links": [],
        "title_size": "16",
        "title": "% Utilization In",
        "title_align": "left",
        "custom_unit": "%",
        "precision": 3,
        "requests": [
          {
            "q": "avg:snmp.ifBandwidthInUsage.rate{$InterfaceDescription,$Interface,$Host,$SNMP_Profile,$IP}",
            "aggregator": "last"
          }
        ],
        "type": "query_value"
      },
      "layout": {
        "y": 211,
        "x": 0,
        "height": 15,
        "width": 23
      },
      "id": 5845955189229934
    },
    {
      "definition": {
        "custom_links": [],
        "title_size": "16",
        "title": "% Utilization Out",
        "title_align": "left",
        "custom_unit": "%",
        "precision": 3,
        "requests": [
          {
            "q": "avg:snmp.ifBandwidthOutUsage.rate{$InterfaceDescription,$Interface,$Host,$SNMP_Profile,$IP}",
            "aggregator": "last"
          }
        ],
        "type": "query_value"
      },
      "layout": {
        "y": 211,
        "x": 24,
        "height": 15,
        "width": 23
      },
      "id": 6757197637835912
    },
    {
      "definition": {
        "custom_links": [],
        "title_size": "16",
        "title": "In & Out MultiCastPkts",
        "title_align": "left",
        "yaxis": {
          "max": "auto",
          "include_zero": true,
          "scale": "linear",
          "min": "auto",
          "label": ""
        },
        "show_legend": false,
        "requests": [
          {
            "q": "avg:snmp.ifHCInMulticastPkts{$Host,$SNMP_Profile,$IP,$InterfaceDescription,$Interface} by {interface}",
            "style": {
              "line_width": "normal",
              "palette": "dog_classic",
              "line_type": "solid"
            },
            "display_type": "line"
          },
          {
            "q": "avg:snmp.ifHCOutMulticastPkts{$Host,$SNMP_Profile,$IP,$InterfaceDescription,$Interface} by {interface}",
            "style": {
              "line_width": "normal",
              "palette": "dog_classic",
              "line_type": "solid"
            },
            "display_type": "line"
          }
        ],
        "type": "timeseries"
      },
      "layout": {
        "y": 211,
        "x": 48,
        "height": 15,
        "width": 36
      },
      "id": 7472303754498466
    },
    {
      "definition": {
        "custom_links": [],
        "title_size": "16",
        "title": "In & Out Errors",
        "title_align": "left",
        "yaxis": {
          "max": "auto",
          "include_zero": true,
          "scale": "linear",
          "min": "auto",
          "label": ""
        },
        "show_legend": false,
        "requests": [
          {
            "q": "avg:snmp.ifInErrors{$InterfaceDescription,$Interface,$Host,$SNMP_Profile,$IP} by {interface}",
            "style": {
              "line_width": "normal",
              "palette": "dog_classic",
              "line_type": "solid"
            },
            "display_type": "area"
          },
          {
            "q": "avg:snmp.ifOutErrors{$InterfaceDescription,$Interface,$Host,$SNMP_Profile,$IP} by {interface}",
            "style": {
              "line_width": "normal",
              "palette": "dog_classic",
              "line_type": "solid"
            },
            "display_type": "line"
          }
        ],
        "type": "timeseries"
      },
      "layout": {
        "y": 211,
        "x": 85,
        "height": 15,
        "width": 32
      },
      "id": 3750418489846802
    },
    {
      "definition": {
        "custom_links": [],
        "title_size": "16",
        "title": "Interface Utilization (%)",
        "title_align": "left",
        "yaxis": {
          "max": "auto",
          "include_zero": true,
          "scale": "linear",
          "min": "auto",
          "label": ""
        },
        "show_legend": false,
        "requests": [
          {
            "q": "avg:snmp.ifBandwidthInUsage.rate{$InterfaceDescription,$Interface,$Host,$SNMP_Profile,$IP} by {interface}",
            "style": {
              "line_width": "normal",
              "palette": "dog_classic",
              "line_type": "solid"
            },
            "display_type": "line"
          },
          {
            "q": "avg:snmp.ifBandwidthOutUsage.rate{$InterfaceDescription,$Interface,$Host,$SNMP_Profile,$IP} by {interface}",
            "style": {
              "line_width": "normal",
              "palette": "dog_classic",
              "line_type": "solid"
            },
            "display_type": "line"
          }
        ],
        "type": "timeseries"
      },
      "layout": {
        "y": 227,
        "x": 0,
        "height": 15,
        "width": 47
      },
      "id": 5092330447951404
    },
    {
      "definition": {
        "custom_links": [],
        "title_size": "16",
        "title": "Local Interfaces",
        "title_align": "left",
        "requests": [
          {
            "q": "avg:snmp.ifAdminStatus{$SNMP_Profile,$Host,$IP} by {interface,interfacedescription}",
            "aggregator": "last",
            "alias": "Admin Status"
          },
          {
            "q": "avg:snmp.ifOperStatus{$SNMP_Profile,$Host,$IP} by {interface,interfacedescription}",
            "aggregator": "last",
            "limit": 100,
            "order": "asc",
            "alias": "Oper Status"
          },
          {
            "q": "avg:snmp.ifHighSpeed{$SNMP_Profile,$Host,$IP} by {interface,interfacedescription}",
            "aggregator": "last",
            "alias": "Speed"
          }
        ],
        "type": "query_table"
      },
      "layout": {
        "y": 227,
        "x": 48,
        "height": 15,
        "width": 36
      },
      "id": 3029793137601404
    },
    {
      "definition": {
        "custom_links": [],
        "title_size": "16",
        "title": "In & Out Unicast Packets",
        "title_align": "left",
        "yaxis": {
          "max": "auto",
          "include_zero": true,
          "scale": "linear",
          "min": "auto",
          "label": ""
        },
        "show_legend": false,
        "requests": [
          {
            "q": "avg:snmp.ifHCInUcastPkts{$Host,$SNMP_Profile,$IP,$InterfaceDescription,$Interface} by {interface}",
            "style": {
              "line_width": "normal",
              "palette": "dog_classic",
              "line_type": "solid"
            },
            "display_type": "line"
          },
          {
            "q": "avg:snmp.Interface.OutUnicastPkts{$Host,$SNMP_Profile,$IP,$InterfaceDescription,$Interface} by {interface}",
            "style": {
              "line_width": "normal",
              "palette": "dog_classic",
              "line_type": "solid"
            },
            "display_type": "line"
          }
        ],
        "type": "timeseries"
      },
      "layout": {
        "y": 227,
        "x": 85,
        "height": 15,
        "width": 32
      },
      "id": 2680883677937214
    }
  ],
  "layout_type": "free"
}