{
  "notify_list": null,
  "description": null,
  "restricted_roles": [],
  "template_variables": [
    {
      "default": "*",
      "prefix": "ifalias",
      "name": "ifAlias"
    },
    {
      "default": "*",
      "prefix": "ifname",
      "name": "ifName"
    },
    {
      "default": "*",
      "prefix": "host",
      "name": "Host"
    },
    {
      "default": "firepower",
      "prefix": "hardware",
      "name": "Hardware"
    },
    {
      "default": "*",
      "prefix": "snmp_device",
      "name": "IP"
    }
  ],
  "is_read_only": false,
  "title": "Cisco Firepower Dashboard",
  "widgets": [],
  "layout_type": "free"
}