{
  "notify_list": [],
  "description": "",
  "restricted_roles": [],
  "template_variables": [],
  "is_read_only": false,
  "title": "Timeboard Test",
  "reflow_type": "auto",
  "widgets": [
    {
      "definition": {
        "title_size": "16",
        "legend_columns": [
          "avg",
          "min",
          "max",
          "value",
          "sum"
        ],
        "title": "",
        "title_align": "left",
        "legend_layout": "auto",
        "show_legend": true,
        "time": {},
        "requests": [
          {
            "style": {
              "line_width": "normal",
              "palette": "dog_classic",
              "line_type": "solid"
            },
            "display_type": "line",
            "response_format": "timeseries",
            "queries": [
              {
                "query": "avg:system.cpu.user{*}",
                "data_source": "metrics",
                "name": "query1"
              }
            ]
          }
        ],
        "type": "timeseries"
      },
      "id": 5275302180504124
    }
  ],
  "layout_type": "ordered"
}