{
  "notify_list": [],
  "description": "",
  "restricted_roles": [],
  "template_variables": [
    {
      "default": "*",
      "prefix": "interfacedescription",
      "name": "InterfaceDescription"
    },
    {
      "default": "*",
      "prefix": "host",
      "name": "Host"
    },
    {
      "default": "*",
      "prefix": "snmp_profile",
      "name": "SNMP_Profile"
    },
    {
      "default": "*",
      "prefix": "snmp_device",
      "name": "IP"
    },
    {
      "default": "*",
      "prefix": "interface",
      "name": "Interface"
    }
  ],
  "is_read_only": false,
  "title": "Cisco UCM Dashboard",
  "widgets": [
    {
      "definition": {
        "title_size": "16",
        "title": "System Up Time",
        "title_align": "left",
        "custom_unit": "Days",
        "precision": 2,
        "time": {},
        "autoscale": false,
        "requests": [
          {
            "q": "avg:snmp.systemUptime{$Host,$SNMP_Profile,$IP}/8640000",
            "aggregator": "avg"
          }
        ],
        "type": "query_value"
      },
      "layout": {
        "y": 0,
        "x": 0,
        "height": 15,
        "width": 47
      },
      "id": 8334239661235523
    },
    {
      "definition": {
        "custom_links": [],
        "title_size": "16",
        "title": "Total Registered Devices",
        "title_align": "left",
        "yaxis": {
          "max": "auto",
          "include_zero": true,
          "scale": "linear",
          "min": "auto",
          "label": ""
        },
        "show_legend": false,
        "requests": [
          {
            "q": "avg:snmp.Phones.Registered{$Host,$SNMP_Profile,$IP} by {sysname}",
            "style": {
              "line_width": "normal",
              "palette": "dog_classic",
              "line_type": "solid"
            },
            "display_type": "area"
          },
          {
            "q": "avg:snmp.Gateways.Registered{$Host,$SNMP_Profile,$IP} by {sysname}",
            "style": {
              "line_width": "normal",
              "palette": "dog_classic",
              "line_type": "solid"
            },
            "display_type": "line"
          },
          {
            "q": "avg:snmp.CTIDevices.Registered{$Host,$SNMP_Profile,$IP} by {sysname}",
            "style": {
              "line_width": "normal",
              "palette": "dog_classic",
              "line_type": "solid"
            },
            "display_type": "line"
          },
          {
            "q": "avg:snmp.MediaDevices.Registered{$Host,$SNMP_Profile,$IP} by {sysname}",
            "style": {
              "line_width": "normal",
              "palette": "dog_classic",
              "line_type": "solid"
            },
            "display_type": "area"
          }
        ],
        "type": "timeseries"
      },
      "layout": {
        "y": 0,
        "x": 48,
        "height": 15,
        "width": 47
      },
      "id": 5389106194518710
    },
    {
      "definition": {
        "title_size": "16",
        "title": "Registered Devices",
        "title_align": "left",
        "precision": 2,
        "time": {},
        "autoscale": true,
        "requests": [
          {
            "q": "avg:snmp.Phones.Registered{$Host,$SNMP_Profile,$IP}+avg:snmp.Gateways.Registered{$Host,$SNMP_Profile,$IP}+avg:snmp.CTIDevices.Registered{$Host,$SNMP_Profile,$IP}+avg:snmp.MediaDevices.Registered{$Host,$SNMP_Profile,$IP}",
            "aggregator": "avg"
          }
        ],
        "type": "query_value"
      },
      "layout": {
        "y": -2,
        "x": 96,
        "height": 15,
        "width": 47
      },
      "id": 6763430596649567
    },
    {
      "definition": {
        "title_size": "16",
        "title": "Phone Registrations",
        "title_align": "left",
        "yaxis": {
          "max": "auto",
          "include_zero": true,
          "scale": "linear",
          "min": "auto",
          "label": ""
        },
        "show_legend": false,
        "time": {},
        "requests": [
          {
            "q": "avg:snmp.Phones.Registered{$Host,$SNMP_Profile,$IP} by {snmp_device}",
            "style": {
              "line_width": "normal",
              "palette": "dog_classic",
              "line_type": "solid"
            },
            "display_type": "line"
          },
          {
            "q": "avg:snmp.Phones.Rejected{$Host,$SNMP_Profile,$IP} by {snmp_device}",
            "style": {
              "line_width": "normal",
              "palette": "dog_classic",
              "line_type": "solid"
            },
            "display_type": "line"
          },
          {
            "q": "avg:snmp.Phones.Unregistered{$Host,$SNMP_Profile,$IP} by {snmp_device}",
            "style": {
              "line_width": "normal",
              "palette": "dog_classic",
              "line_type": "solid"
            },
            "display_type": "bars"
          }
        ],
        "type": "timeseries"
      },
      "layout": {
        "y": 25,
        "x": 0,
        "height": 15,
        "width": 47
      },
      "id": 7442782338823101
    },
    {
      "definition": {
        "title_size": "16",
        "title": "Registered Media Devices",
        "title_align": "left",
        "precision": 2,
        "time": {},
        "autoscale": true,
        "requests": [
          {
            "q": "avg:snmp.MediaDevices.Registered{$Host,$SNMP_Profile,$IP}",
            "aggregator": "avg"
          }
        ],
        "type": "query_value"
      },
      "layout": {
        "y": 25,
        "x": 48,
        "height": 15,
        "width": 47
      },
      "id": 980417279832027
    },
    {
      "definition": {
        "title_size": "16",
        "title": "Registered CTI Devices",
        "title_align": "left",
        "precision": 2,
        "time": {},
        "autoscale": true,
        "requests": [
          {
            "q": "avg:snmp.CTIDevices.Registered{$Host,$SNMP_Profile,$IP}",
            "aggregator": "avg"
          }
        ],
        "type": "query_value"
      },
      "layout": {
        "y": 25,
        "x": 96,
        "height": 15,
        "width": 47
      },
      "id": 1744467872130770
    },
    {
      "definition": {
        "title_size": "16",
        "title": "Registered Gateways",
        "title_align": "left",
        "precision": 2,
        "time": {},
        "autoscale": true,
        "requests": [
          {
            "q": "avg:snmp.Gateways.Registered{$Host,$SNMP_Profile,$IP}",
            "aggregator": "avg"
          }
        ],
        "type": "query_value"
      },
      "layout": {
        "y": 41,
        "x": 0,
        "height": 15,
        "width": 47
      },
      "id": 1134263543893207
    },
    {
      "definition": {
        "title_size": "16",
        "title": "Registered Phones",
        "title_align": "left",
        "precision": 2,
        "time": {},
        "autoscale": true,
        "requests": [
          {
            "q": "avg:snmp.Phones.Registered{$Host,$SNMP_Profile,$IP}",
            "aggregator": "avg"
          }
        ],
        "type": "query_value"
      },
      "layout": {
        "y": 41,
        "x": 48,
        "height": 15,
        "width": 47
      },
      "id": 1899890518429337
    },
    {
      "definition": {
        "title_size": "16",
        "title": "Unregistered Phones",
        "title_align": "left",
        "precision": 2,
        "time": {},
        "autoscale": true,
        "requests": [
          {
            "q": "avg:snmp.Phones.Unregistered{$Host,$SNMP_Profile,$IP} by {service}",
            "aggregator": "avg"
          }
        ],
        "type": "query_value"
      },
      "layout": {
        "y": 41,
        "x": 96,
        "height": 15,
        "width": 47
      },
      "id": 5288339709382013
    },
    {
      "definition": {
        "title_size": "16",
        "title": "Interface Admin Status",
        "title_align": "left",
        "precision": 2,
        "time": {},
        "autoscale": true,
        "requests": [
          {
            "q": "avg:snmp.Interface.AdminStatus{$Host,$SNMP_Profile,$IP,$InterfaceDescription,$Interface}",
            "aggregator": "avg",
            "conditional_formats": [
              {
                "palette": "white_on_red",
                "value": 2,
                "comparator": ">="
              },
              {
                "palette": "white_on_green",
                "value": 1,
                "comparator": ">="
              }
            ]
          }
        ],
        "type": "query_value"
      },
      "layout": {
        "y": 66,
        "x": 0,
        "height": 15,
        "width": 47
      },
      "id": 7534398247804992
    },
    {
      "definition": {
        "title_size": "16",
        "title": "Bytes In & Bytes Out",
        "title_align": "left",
        "yaxis": {
          "max": "auto",
          "include_zero": true,
          "scale": "linear",
          "min": "auto",
          "label": ""
        },
        "show_legend": false,
        "time": {},
        "requests": [
          {
            "q": "avg:snmp.Interface.InOctets{$Host,$SNMP_Profile,$IP,$InterfaceDescription,$Interface}.as_count()",
            "style": {
              "line_width": "normal",
              "palette": "dog_classic",
              "line_type": "solid"
            },
            "display_type": "line"
          },
          {
            "q": "avg:snmp.Interface.OutOctets{$Host,$SNMP_Profile,$IP,$InterfaceDescription,$Interface}.as_count()",
            "style": {
              "line_width": "normal",
              "palette": "dog_classic",
              "line_type": "solid"
            },
            "display_type": "line"
          }
        ],
        "type": "timeseries"
      },
      "layout": {
        "y": 66,
        "x": 48,
        "height": 15,
        "width": 47
      },
      "id": 4940165920996244
    },
    {
      "definition": {
        "title_size": "16",
        "title": "In & Out Errors",
        "title_align": "left",
        "yaxis": {
          "max": "auto",
          "include_zero": true,
          "scale": "linear",
          "min": "auto",
          "label": ""
        },
        "show_legend": false,
        "time": {},
        "requests": [
          {
            "q": "avg:snmp.Interface.InErrors{$InterfaceDescription,$Host,$SNMP_Profile,$IP,$Interface} by {interfacedescription}.as_count()",
            "style": {
              "line_width": "normal",
              "palette": "dog_classic",
              "line_type": "solid"
            },
            "display_type": "area"
          },
          {
            "q": "avg:snmp.Interface.OutErrors{$InterfaceDescription,$Host,$SNMP_Profile,$IP,$Interface} by {interfacedescription}.as_count()",
            "style": {
              "line_width": "normal",
              "palette": "dog_classic",
              "line_type": "solid"
            },
            "display_type": "line"
          }
        ],
        "type": "timeseries"
      },
      "layout": {
        "y": 66,
        "x": 96,
        "height": 15,
        "width": 47
      },
      "id": 5895876756774894
    },
    {
      "definition": {
        "title_size": "16",
        "title": "Interface Speed",
        "title_align": "left",
        "custom_unit": "b/s",
        "precision": 2,
        "time": {},
        "autoscale": true,
        "requests": [
          {
            "q": "avg:snmp.Interface.Speed{$InterfaceDescription,$Host,$SNMP_Profile,$IP,$Interface}",
            "aggregator": "avg"
          }
        ],
        "type": "query_value"
      },
      "layout": {
        "y": 82,
        "x": 0,
        "height": 15,
        "width": 47
      },
      "id": 7401003334733492
    },
    {
      "definition": {
        "title_size": "16",
        "title": "Local Interfaces",
        "title_align": "left",
        "time": {},
        "requests": [
          {
            "q": "avg:snmp.Interface.AdminStatus{$Host,$SNMP_Profile,$IP,$InterfaceDescription,$Interface} by {interface}",
            "aggregator": "last",
            "limit": 100,
            "order": "asc",
            "alias": "Admin Status"
          },
          {
            "q": "avg:snmp.Interface.Speed{$Host,$SNMP_Profile,$IP,$InterfaceDescription,$Interface} by {interface}",
            "aggregator": "last",
            "alias": "Int Speed"
          },
          {
            "q": "avg:snmp.Interface.OperStatus{$Host,$SNMP_Profile,$IP,$InterfaceDescription,$Interface} by {interface}",
            "aggregator": "last",
            "alias": "Oper Status"
          }
        ],
        "type": "query_table"
      },
      "layout": {
        "y": 82,
        "x": 48,
        "height": 15,
        "width": 47
      },
      "id": 8581665883849438
    },
    {
      "definition": {
        "title_size": "16",
        "yaxis": {
          "max": "auto",
          "include_zero": true,
          "scale": "linear",
          "min": "auto",
          "label": ""
        },
        "title_align": "left",
        "markers": [
          {
            "display_type": "info dashed",
            "value": "y = 2",
            "label": "\u00a0Runnable\u00a0"
          },
          {
            "display_type": "ok dashed",
            "value": "y = 1",
            "label": "\u00a0Running\u00a0"
          },
          {
            "display_type": "error dashed",
            "value": "y = 3",
            "label": "\u00a0Not Runnable\u00a0"
          }
        ],
        "show_legend": false,
        "time": {},
        "title": "Process States",
        "requests": [
          {
            "q": "avg:snmp.Process.Status{$Host,$SNMP_Profile,$IP} by {process}",
            "style": {
              "line_width": "normal",
              "palette": "dog_classic",
              "line_type": "solid"
            },
            "display_type": "line"
          }
        ],
        "type": "timeseries"
      },
      "layout": {
        "y": 107,
        "x": 0,
        "height": 15,
        "width": 47
      },
      "id": 5429394003778925
    },
    {
      "definition": {
        "title_size": "16",
        "title": "UCM Process Status",
        "title_align": "left",
        "time": {},
        "requests": [
          {
            "q": "top(avg:snmp.Process.Status{$Host,$SNMP_Profile,$IP} by {process}, 100, 'last', 'desc')"
          }
        ],
        "type": "toplist"
      },
      "layout": {
        "y": 107,
        "x": 48,
        "height": 15,
        "width": 47
      },
      "id": 4278246419367837
    },
    {
      "definition": {
        "title_size": "16",
        "title": "CPU Time (ms)",
        "title_align": "left",
        "yaxis": {
          "max": "auto",
          "include_zero": true,
          "scale": "linear",
          "min": "auto",
          "label": ""
        },
        "show_legend": false,
        "time": {},
        "requests": [
          {
            "q": "avg:snmp.Process.Cpu.Time{$SNMP_Profile,$IP,$Host} by {process}/1000",
            "style": {
              "line_width": "normal",
              "palette": "dog_classic",
              "line_type": "solid"
            },
            "display_type": "line"
          }
        ],
        "type": "timeseries"
      },
      "layout": {
        "y": 107,
        "x": 96,
        "height": 15,
        "width": 47
      },
      "id": 6643408146535355
    },
    {
      "definition": {
        "title_size": "16",
        "title": "Memory Consumption",
        "title_align": "left",
        "yaxis": {
          "max": "auto",
          "include_zero": true,
          "scale": "linear",
          "min": "auto",
          "label": ""
        },
        "show_legend": false,
        "time": {},
        "requests": [
          {
            "q": "avg:snmp.Process.Memory.Time{$SNMP_Profile,$IP,$Host} by {process}",
            "style": {
              "line_width": "normal",
              "palette": "dog_classic",
              "line_type": "solid"
            },
            "display_type": "line"
          }
        ],
        "type": "timeseries"
      },
      "layout": {
        "y": 123,
        "x": 0,
        "height": 15,
        "width": 47
      },
      "id": 7005240723038922
    },
    {
      "definition": {
        "tick_pos": "50%",
        "show_tick": true,
        "type": "note",
        "tick_edge": "bottom",
        "text_align": "center",
        "content": "Process",
        "font_size": "24",
        "background_color": "white"
      },
      "layout": {
        "y": 99,
        "x": 12,
        "height": 6,
        "width": 120
      },
      "id": 3155974625920524
    },
    {
      "definition": {
        "tick_pos": "50%",
        "show_tick": true,
        "type": "note",
        "tick_edge": "bottom",
        "text_align": "center",
        "content": "Interfaces",
        "font_size": "24",
        "background_color": "white"
      },
      "layout": {
        "y": 58,
        "x": 12,
        "height": 6,
        "width": 120
      },
      "id": 2030745165712236
    },
    {
      "definition": {
        "tick_pos": "50%",
        "show_tick": true,
        "type": "note",
        "tick_edge": "bottom",
        "text_align": "center",
        "content": "Registration Stats",
        "font_size": "24",
        "background_color": "white"
      },
      "layout": {
        "y": 17,
        "x": 12,
        "height": 6,
        "width": 120
      },
      "id": 4439655434026772
    }
  ],
  "layout_type": "free"
}