{
  "notify_list": null,
  "description": "User sessions analytics for all your RUM applications.",
  "restricted_roles": [],
  "template_variables": [
    {
      "default": "*",
      "prefix": "service",
      "name": "service",
      "available_values": []
    },
    {
      "default": "*",
      "prefix": "version",
      "name": "version",
      "available_values": []
    },
    {
      "default": "*",
      "prefix": "@application.id",
      "name": "applicationId",
      "available_values": []
    },
    {
      "default": "*",
      "prefix": "@geo.country",
      "name": "country",
      "available_values": []
    },
    {
      "default": "*",
      "prefix": "@device.type",
      "name": "device",
      "available_values": []
    },
    {
      "default": "*",
      "prefix": "@os.name",
      "name": "OS",
      "available_values": []
    },
    {
      "default": "*",
      "prefix": "@browser.name",
      "name": "browser",
      "available_values": []
    },
    {
      "default": "*",
      "prefix": "env",
      "name": "env",
      "available_values": []
    },
    {
      "default": "\"user\"",
      "prefix": "@session.type",
      "name": "sessionType",
      "available_values": []
    }
  ],
  "is_read_only": false,
  "title": "[TEMPLATE] - RUM - User Sessions - RapDev",
  "reflow_type": "fixed",
  "widgets": [
    {
      "definition": {
        "title": "Sessions overview",
        "type": "group",
        "title_align": "left",
        "widgets": [
          {
            "definition": {
              "title_size": "16",
              "title": "Total user sessions",
              "title_align": "left",
              "precision": 2,
              "autoscale": true,
              "requests": [
                {
                  "rum_query": {
                    "index": "*",
                    "search": {
                      "query": "@type:session $service $version $applicationId $country $device $OS $browser $env $sessionType"
                    },
                    "group_by": [],
                    "compute": {
                      "aggregation": "count"
                    }
                  }
                }
              ],
              "type": "query_value"
            },
            "layout": {
              "y": 0,
              "x": 0,
              "width": 2,
              "height": 1
            },
            "id": 5219874456993386
          },
          {
            "definition": {
              "title_size": "16",
              "legend_columns": [
                "avg",
                "min",
                "max",
                "value",
                "sum"
              ],
              "yaxis": {
                "include_zero": true,
                "label": "",
                "scale": "linear",
                "min": "auto",
                "max": "auto"
              },
              "title_align": "left",
              "markers": [],
              "legend_layout": "vertical",
              "show_legend": true,
              "title": "Number of sessions",
              "requests": [
                {
                  "formulas": [
                    {
                      "formula": "week_before(query3)",
                      "alias": "Last Week Sessions"
                    }
                  ],
                  "style": {
                    "line_width": "normal",
                    "palette": "grey",
                    "line_type": "dotted"
                  },
                  "response_format": "timeseries",
                  "on_right_yaxis": false,
                  "display_type": "line",
                  "queries": [
                    {
                      "search": {
                        "query": "@type:session $service $version $applicationId $country $device $OS $browser $env $sessionType"
                      },
                      "data_source": "rum",
                      "compute": {
                        "aggregation": "count"
                      },
                      "name": "query3",
                      "indexes": [
                        "*"
                      ],
                      "group_by": []
                    }
                  ]
                },
                {
                  "formulas": [
                    {
                      "formula": "query3",
                      "alias": "Sessions"
                    }
                  ],
                  "style": {
                    "line_width": "normal",
                    "palette": "purple",
                    "line_type": "solid"
                  },
                  "response_format": "timeseries",
                  "on_right_yaxis": false,
                  "display_type": "line",
                  "queries": [
                    {
                      "search": {
                        "query": "@type:session $service $version $applicationId $country $device $OS $browser $env $sessionType"
                      },
                      "data_source": "rum",
                      "compute": {
                        "aggregation": "count"
                      },
                      "name": "query3",
                      "indexes": [
                        "*"
                      ],
                      "group_by": []
                    }
                  ]
                }
              ],
              "type": "timeseries"
            },
            "layout": {
              "y": 0,
              "x": 2,
              "width": 5,
              "height": 3
            },
            "id": 4471230137152128
          },
          {
            "definition": {
              "custom_links": [
                {
                  "link": "/rum/explorer?&tab=view",
                  "label": "Explore related views"
                }
              ],
              "legend_columns": [
                "avg",
                "min",
                "max",
                "value",
                "sum"
              ],
              "yaxis": {
                "include_zero": true,
                "label": "",
                "scale": "linear",
                "min": "auto",
                "max": "auto"
              },
              "title": "Top 15 pages",
              "markers": [],
              "legend_layout": "vertical",
              "show_legend": true,
              "requests": [
                {
                  "formulas": [
                    {
                      "formula": "query1",
                      "alias": "Page views"
                    }
                  ],
                  "style": {
                    "line_width": "normal",
                    "palette": "dog_classic",
                    "line_type": "solid"
                  },
                  "display_type": "line",
                  "response_format": "timeseries",
                  "queries": [
                    {
                      "search": {
                        "query": "@type:view $service $version $applicationId $country $device $OS $browser $env $sessionType"
                      },
                      "data_source": "rum",
                      "compute": {
                        "aggregation": "count"
                      },
                      "name": "query1",
                      "indexes": [
                        "*"
                      ],
                      "group_by": [
                        {
                          "facet": "@view.url_path_group",
                          "sort": {
                            "aggregation": "count",
                            "order": "desc"
                          },
                          "limit": 15
                        }
                      ]
                    }
                  ]
                }
              ],
              "type": "timeseries"
            },
            "layout": {
              "y": 0,
              "x": 7,
              "width": 5,
              "height": 3
            },
            "id": 3
          },
          {
            "definition": {
              "title_size": "16",
              "title": "Average session duration",
              "title_align": "left",
              "precision": 2,
              "autoscale": true,
              "requests": [
                {
                  "rum_query": {
                    "index": "*",
                    "search": {
                      "query": "@type:session $service $version $applicationId $country $device $OS $browser $env $sessionType"
                    },
                    "group_by": [],
                    "compute": {
                      "facet": "@session.time_spent",
                      "aggregation": "avg"
                    }
                  }
                }
              ],
              "type": "query_value"
            },
            "layout": {
              "y": 1,
              "x": 0,
              "width": 2,
              "height": 1
            },
            "id": 4645058919964642
          },
          {
            "definition": {
              "title_size": "16",
              "title": "Page views per session",
              "title_align": "left",
              "precision": 2,
              "autoscale": true,
              "requests": [
                {
                  "rum_query": {
                    "index": "*",
                    "search": {
                      "query": "@type:session $service $version $applicationId $country $device $OS $browser $env $sessionType"
                    },
                    "group_by": [],
                    "compute": {
                      "facet": "@session.view.count",
                      "aggregation": "avg"
                    }
                  }
                }
              ],
              "type": "query_value"
            },
            "layout": {
              "y": 2,
              "x": 0,
              "width": 2,
              "height": 1
            },
            "id": 9001793817039022
          }
        ],
        "layout_type": "ordered",
        "background_color": "white"
      },
      "layout": {
        "y": 0,
        "x": 0,
        "width": 12,
        "height": 4
      },
      "id": 0
    },
    {
      "definition": {
        "widgets": [
          {
            "definition": {
              "style": {
                "palette": "hostmap_blues",
                "palette_flip": false
              },
              "title_size": "16",
              "title": "Number of sessions by country",
              "title_align": "left",
              "requests": [
                {
                  "rum_query": {
                    "index": "*",
                    "search": {
                      "query": "@type:session $service $version $applicationId $country $device $OS $browser $env $sessionType"
                    },
                    "group_by": [
                      {
                        "facet": "@geo.country_iso_code",
                        "sort": {
                          "order": "desc",
                          "aggregation": "count"
                        },
                        "limit": 250
                      }
                    ],
                    "compute": {
                      "aggregation": "count"
                    }
                  }
                }
              ],
              "type": "geomap",
              "view": {
                "focus": "WORLD"
              }
            },
            "layout": {
              "y": 0,
              "x": 0,
              "width": 4,
              "height": 5
            },
            "id": 2588260108017712
          },
          {
            "definition": {
              "requests": [
                {
                  "rum_query": {
                    "index": "*",
                    "search": {
                      "query": "@type:session $service $version $applicationId $country $device $OS $browser $env $sessionType"
                    },
                    "group_by": [
                      {
                        "facet": "@geo.country",
                        "sort": {
                          "order": "desc",
                          "aggregation": "count"
                        },
                        "limit": 10
                      }
                    ],
                    "compute": {
                      "aggregation": "count"
                    }
                  }
                }
              ],
              "type": "toplist",
              "title": "Top 10 countries"
            },
            "layout": {
              "y": 0,
              "x": 4,
              "width": 4,
              "height": 3
            },
            "id": 803486826527074
          },
          {
            "definition": {
              "legend_columns": [
                "avg",
                "value"
              ],
              "yaxis": {
                "include_zero": true,
                "label": "",
                "scale": "linear",
                "min": "auto",
                "max": "auto"
              },
              "title": "Top 10 browser usage share",
              "markers": [],
              "legend_layout": "vertical",
              "show_legend": true,
              "requests": [
                {
                  "formulas": [
                    {
                      "formula": "(1 - (query1 - query2) / query1) * 100",
                      "alias": "Usage share"
                    }
                  ],
                  "style": {
                    "line_width": "normal",
                    "palette": "dog_classic",
                    "line_type": "solid"
                  },
                  "response_format": "timeseries",
                  "on_right_yaxis": false,
                  "display_type": "bars",
                  "queries": [
                    {
                      "search": {
                        "query": "@type:session $service $version $applicationId $country $device $OS $browser $env $sessionType"
                      },
                      "data_source": "rum",
                      "compute": {
                        "aggregation": "count"
                      },
                      "name": "query1",
                      "indexes": [
                        "*"
                      ],
                      "group_by": []
                    },
                    {
                      "search": {
                        "query": "@type:session $service $version $applicationId $country $device $OS $browser $env $sessionType"
                      },
                      "data_source": "rum",
                      "compute": {
                        "aggregation": "count"
                      },
                      "name": "query2",
                      "indexes": [
                        "*"
                      ],
                      "group_by": [
                        {
                          "facet": "@browser.name",
                          "sort": {
                            "aggregation": "count",
                            "order": "desc"
                          },
                          "limit": 10
                        }
                      ]
                    }
                  ]
                }
              ],
              "type": "timeseries"
            },
            "layout": {
              "y": 0,
              "x": 8,
              "width": 4,
              "height": 5
            },
            "id": 1569259285443834
          },
          {
            "definition": {
              "requests": [
                {
                  "rum_query": {
                    "index": "*",
                    "search": {
                      "query": "@type:session $service $version $applicationId $country $device $OS $browser $env $sessionType"
                    },
                    "group_by": [
                      {
                        "facet": "@device.type",
                        "sort": {
                          "order": "desc",
                          "aggregation": "count"
                        },
                        "limit": 5
                      }
                    ],
                    "compute": {
                      "aggregation": "count"
                    }
                  }
                }
              ],
              "type": "toplist",
              "title": "Top 5 devices "
            },
            "layout": {
              "y": 3,
              "x": 4,
              "width": 2,
              "height": 2
            },
            "id": 2262388624888244
          },
          {
            "definition": {
              "requests": [
                {
                  "rum_query": {
                    "index": "*",
                    "search": {
                      "query": "@type:session $service $version $applicationId $country $device $OS $browser $env $sessionType"
                    },
                    "group_by": [
                      {
                        "facet": "@os.name",
                        "sort": {
                          "order": "desc",
                          "aggregation": "count"
                        },
                        "limit": 5
                      }
                    ],
                    "compute": {
                      "aggregation": "count"
                    }
                  }
                }
              ],
              "type": "toplist",
              "title": "Top 5 operating systems "
            },
            "layout": {
              "y": 3,
              "x": 6,
              "width": 2,
              "height": 2
            },
            "id": 2348681933301108
          }
        ],
        "layout_type": "ordered",
        "type": "group",
        "title": "User demographics"
      },
      "layout": {
        "y": 4,
        "x": 0,
        "width": 12,
        "height": 6
      },
      "id": 1
    },
    {
      "definition": {
        "widgets": [
          {
            "definition": {
              "legend_columns": [
                "avg",
                "value"
              ],
              "yaxis": {
                "include_zero": true,
                "label": "",
                "scale": "linear",
                "min": "auto",
                "max": "auto"
              },
              "title": "Session duration",
              "markers": [],
              "legend_layout": "vertical",
              "show_legend": true,
              "legend_size": "0",
              "type": "timeseries",
              "requests": [
                {
                  "formulas": [
                    {
                      "formula": "query2",
                      "alias": "Average session duration"
                    }
                  ],
                  "style": {
                    "line_width": "normal",
                    "palette": "dog_classic",
                    "line_type": "solid"
                  },
                  "display_type": "line",
                  "response_format": "timeseries",
                  "queries": [
                    {
                      "search": {
                        "query": "$env $service $version $applicationId $country $device $OS $browser $sessionType"
                      },
                      "data_source": "rum",
                      "compute": {
                        "metric": "@session.time_spent",
                        "aggregation": "avg"
                      },
                      "name": "query2",
                      "indexes": [
                        "*"
                      ],
                      "group_by": []
                    }
                  ]
                }
              ]
            },
            "layout": {
              "y": 0,
              "x": 0,
              "width": 3,
              "height": 2
            },
            "id": 5427180134183146
          },
          {
            "definition": {
              "legend_columns": [
                "avg",
                "value"
              ],
              "yaxis": {
                "include_zero": true,
                "label": "",
                "scale": "linear",
                "min": "auto",
                "max": "auto"
              },
              "title": "Pages views per session",
              "markers": [],
              "legend_layout": "vertical",
              "show_legend": true,
              "legend_size": "0",
              "type": "timeseries",
              "requests": [
                {
                  "formulas": [
                    {
                      "formula": "query2",
                      "alias": "Average number of page views"
                    }
                  ],
                  "style": {
                    "line_width": "normal",
                    "palette": "dog_classic",
                    "line_type": "solid"
                  },
                  "display_type": "line",
                  "response_format": "timeseries",
                  "queries": [
                    {
                      "search": {
                        "query": "$env $service $version $applicationId $country $device $OS $browser $sessionType"
                      },
                      "data_source": "rum",
                      "compute": {
                        "metric": "@session.view.count",
                        "aggregation": "avg"
                      },
                      "name": "query2",
                      "indexes": [
                        "*"
                      ],
                      "group_by": []
                    }
                  ]
                }
              ]
            },
            "layout": {
              "y": 0,
              "x": 3,
              "width": 3,
              "height": 2
            },
            "id": 4318522113117912
          },
          {
            "definition": {
              "custom_links": [
                {
                  "link": "/rum/explorer?tab=action",
                  "label": "View RUM actions"
                }
              ],
              "legend_columns": [
                "avg",
                "value"
              ],
              "yaxis": {
                "include_zero": true,
                "label": "",
                "scale": "linear",
                "min": "auto",
                "max": "auto"
              },
              "title": "Actions per session",
              "markers": [],
              "legend_layout": "vertical",
              "show_legend": true,
              "legend_size": "0",
              "type": "timeseries",
              "requests": [
                {
                  "formulas": [
                    {
                      "formula": "query2",
                      "alias": "Average number of actions"
                    }
                  ],
                  "style": {
                    "line_width": "normal",
                    "palette": "purple",
                    "line_type": "solid"
                  },
                  "response_format": "timeseries",
                  "on_right_yaxis": false,
                  "display_type": "line",
                  "queries": [
                    {
                      "search": {
                        "query": "$env $service $version $applicationId $country $device $OS $browser $sessionType"
                      },
                      "data_source": "rum",
                      "compute": {
                        "metric": "@session.action.count",
                        "aggregation": "avg"
                      },
                      "name": "query2",
                      "indexes": [
                        "*"
                      ],
                      "group_by": []
                    }
                  ]
                }
              ]
            },
            "layout": {
              "y": 0,
              "x": 6,
              "width": 3,
              "height": 2
            },
            "id": 5829230682371634
          },
          {
            "definition": {
              "custom_links": [
                {
                  "link": "/error-tracking",
                  "label": "View errors in Error Tracking"
                },
                {
                  "link": "/rum/explorer?tab=error",
                  "label": "View RUM errors"
                },
                {
                  "link": "/dash/integration/rum_errors",
                  "label": "Go to RUM Errors dashboard"
                }
              ],
              "legend_columns": [
                "avg",
                "value"
              ],
              "yaxis": {
                "include_zero": true,
                "label": "",
                "scale": "linear",
                "min": "auto",
                "max": "auto"
              },
              "title": "Errors per session",
              "markers": [],
              "legend_layout": "vertical",
              "show_legend": true,
              "legend_size": "0",
              "type": "timeseries",
              "requests": [
                {
                  "formulas": [
                    {
                      "formula": "query2",
                      "alias": "Average number of errors"
                    }
                  ],
                  "style": {
                    "line_width": "normal",
                    "palette": "red",
                    "line_type": "solid"
                  },
                  "response_format": "timeseries",
                  "on_right_yaxis": false,
                  "display_type": "line",
                  "queries": [
                    {
                      "search": {
                        "query": "$env $service $version $applicationId $country $device $OS $browser $sessionType"
                      },
                      "data_source": "rum",
                      "compute": {
                        "metric": "@session.error.count",
                        "aggregation": "avg"
                      },
                      "name": "query2",
                      "indexes": [
                        "*"
                      ],
                      "group_by": []
                    }
                  ]
                }
              ]
            },
            "layout": {
              "y": 0,
              "x": 9,
              "width": 3,
              "height": 2
            },
            "id": 214541308751032
          },
          {
            "definition": {
              "requests": [
                {
                  "conditional_formats": [
                    {
                      "metric": "avg:@session.error.count",
                      "palette": "red_on_white",
                      "value": 0,
                      "comparator": ">="
                    },
                    {
                      "custom_fg_color": "#774aa4",
                      "metric": "avg:@session.action.count",
                      "comparator": ">=",
                      "value": 0,
                      "palette": "custom_text"
                    }
                  ],
                  "rum_query": {
                    "index": "*",
                    "search": {
                      "query": "@type:session $service $version $applicationId $country $device $OS $browser $env $sessionType"
                    },
                    "group_by": [
                      {
                        "facet": "@session.initial_view.url_path_group",
                        "sort": {
                          "order": "desc",
                          "aggregation": "count"
                        },
                        "limit": 50
                      }
                    ],
                    "multi_compute": [
                      {
                        "aggregation": "count"
                      },
                      {
                        "facet": "@session.time_spent",
                        "aggregation": "avg"
                      },
                      {
                        "facet": "@session.view.count",
                        "aggregation": "avg"
                      },
                      {
                        "facet": "@session.action.count",
                        "aggregation": "avg"
                      },
                      {
                        "facet": "@session.error.count",
                        "aggregation": "avg"
                      }
                    ]
                  },
                  "cell_display_mode": [
                    "bar",
                    "bar",
                    "bar",
                    "bar",
                    "bar"
                  ]
                }
              ],
              "title": "\u2b07 Usage metrics based on first visited page",
              "type": "query_table",
              "has_search_bar": "auto"
            },
            "layout": {
              "y": 2,
              "x": 0,
              "width": 12,
              "height": 4
            },
            "id": 3256646123854500
          },
          {
            "definition": {
              "requests": [
                {
                  "conditional_formats": [
                    {
                      "custom_fg_color": "#774aa4",
                      "metric": "avg:@session.action.count",
                      "comparator": ">=",
                      "value": 0,
                      "palette": "custom_text"
                    },
                    {
                      "metric": "avg:@session.error.count",
                      "palette": "red_on_white",
                      "value": 0,
                      "comparator": ">="
                    }
                  ],
                  "rum_query": {
                    "index": "*",
                    "search": {
                      "query": "@type:session $service $version $applicationId $country $device $OS $browser $env $sessionType"
                    },
                    "group_by": [
                      {
                        "facet": "@session.last_view.url_path_group",
                        "sort": {
                          "order": "desc",
                          "aggregation": "count"
                        },
                        "limit": 50
                      }
                    ],
                    "multi_compute": [
                      {
                        "aggregation": "count"
                      },
                      {
                        "facet": "@session.time_spent",
                        "aggregation": "avg"
                      },
                      {
                        "facet": "@session.view.count",
                        "aggregation": "avg"
                      },
                      {
                        "facet": "@session.action.count",
                        "aggregation": "avg"
                      },
                      {
                        "facet": "@session.error.count",
                        "aggregation": "avg"
                      }
                    ]
                  },
                  "cell_display_mode": [
                    "bar",
                    "bar",
                    "bar",
                    "bar",
                    "bar"
                  ]
                }
              ],
              "title": "\u2b06 Usage metrics based on last visited page",
              "type": "query_table",
              "has_search_bar": "auto"
            },
            "layout": {
              "y": 6,
              "x": 0,
              "width": 12,
              "height": 4
            },
            "id": 5627650225641174
          }
        ],
        "layout_type": "ordered",
        "type": "group",
        "title": "Application usage"
      },
      "layout": {
        "y": 10,
        "x": 0,
        "is_column_break": true,
        "width": 12,
        "height": 11
      },
      "id": 2
    }
  ],
  "layout_type": "ordered"
}