{
  "notify_list": [],
  "description": "",
  "restricted_roles": [],
  "template_variables": [
    {
      "default": "*",
      "prefix": "interfacedescription",
      "name": "InterfaceDescription"
    },
    {
      "default": "*",
      "prefix": "interface",
      "name": "Interface"
    },
    {
      "default": "*",
      "prefix": "host",
      "name": "Host"
    },
    {
      "default": "rd-cisco-isr",
      "prefix": "snmp_profile",
      "name": "SNMP_Profile"
    },
    {
      "default": "*",
      "prefix": "snmp_device",
      "name": "IP"
    }
  ],
  "is_read_only": false,
  "title": "RapDev Cisco ISR Dashboard",
  "widgets": [
    {
      "definition": {
        "custom_links": [],
        "title_size": "16",
        "title": "CPU Usage (%)",
        "title_align": "left",
        "custom_unit": "%",
        "precision": 2,
        "requests": [
          {
            "q": "avg:snmp.CPU.Utilization{$Host,$SNMP_Profile,$IP}",
            "aggregator": "avg"
          }
        ],
        "type": "query_value"
      },
      "layout": {
        "y": 0,
        "x": 0,
        "width": 39,
        "height": 15
      },
      "id": 2365872623996575
    },
    {
      "definition": {
        "custom_links": [],
        "title_size": "16",
        "title": "Memory Usage (%)",
        "title_align": "left",
        "custom_unit": "%",
        "precision": 2,
        "requests": [
          {
            "q": "avg:snmp.Memory.Used{$Host,$IP,$SNMP_Profile}/(avg:snmp.Memory.Free{$Host,$SNMP_Profile,$IP}+avg:snmp.Memory.Used{$Host,$IP,$SNMP_Profile})*100",
            "aggregator": "max"
          }
        ],
        "type": "query_value"
      },
      "layout": {
        "y": 0,
        "x": 40,
        "width": 36,
        "height": 15
      },
      "id": 5277559815274107
    },
    {
      "definition": {
        "custom_links": [],
        "title_size": "16",
        "title": "System Up Time",
        "title_align": "left",
        "custom_unit": "Days",
        "precision": 2,
        "requests": [
          {
            "q": "avg:snmp.sysUpTimeInstance{$Host,$SNMP_Profile,$IP}/8640000",
            "aggregator": "avg"
          }
        ],
        "type": "query_value"
      },
      "layout": {
        "y": 0,
        "x": 77,
        "width": 40,
        "height": 15
      },
      "id": 6150975695390820
    },
    {
      "definition": {
        "title_size": "16",
        "title": "Admin Status",
        "title_align": "left",
        "precision": 0,
        "requests": [
          {
            "q": "max:snmp.Interface.AdminStatus{$Host,$SNMP_Profile,$IP,$InterfaceDescription,$Interface}",
            "aggregator": "last",
            "conditional_formats": [
              {
                "palette": "white_on_red",
                "comparator": ">=",
                "value": 2
              },
              {
                "palette": "white_on_green",
                "comparator": ">=",
                "value": 1
              }
            ]
          }
        ],
        "type": "query_value"
      },
      "layout": {
        "y": 23,
        "x": 0,
        "width": 16,
        "height": 15
      },
      "id": 292042206378786
    },
    {
      "definition": {
        "title_size": "16",
        "yaxis": {
          "include_zero": true,
          "label": "",
          "scale": "linear",
          "min": "auto",
          "max": "auto"
        },
        "title_align": "left",
        "show_legend": false,
        "title": "Bytes In & Bytes Out",
        "requests": [
          {
            "q": "avg:snmp.Interface.InOctets.rate{$Host,$SNMP_Profile,$IP,$InterfaceDescription,$Interface} by {interface}",
            "style": {
              "line_width": "normal",
              "palette": "dog_classic",
              "line_type": "solid"
            },
            "display_type": "line"
          },
          {
            "q": "avg:snmp.Interface.OutOctets.rate{$Host,$SNMP_Profile,$IP,$InterfaceDescription,$Interface} by {interface}",
            "style": {
              "line_width": "normal",
              "palette": "dog_classic",
              "line_type": "solid"
            },
            "display_type": "line"
          }
        ],
        "type": "timeseries"
      },
      "layout": {
        "y": 23,
        "x": 48,
        "width": 36,
        "height": 15
      },
      "id": 4568655895385652
    },
    {
      "definition": {
        "title_size": "16",
        "yaxis": {
          "include_zero": true,
          "label": "",
          "scale": "linear",
          "min": "auto",
          "max": "auto"
        },
        "title_align": "left",
        "show_legend": false,
        "title": "In & Out Broadcasts",
        "requests": [
          {
            "q": "avg:snmp.Interface.InBroadcastPkts{$Host,$SNMP_Profile,$InterfaceDescription,$Interface,$IP} by {interface}",
            "style": {
              "line_width": "normal",
              "palette": "dog_classic",
              "line_type": "solid"
            },
            "display_type": "line"
          },
          {
            "q": "avg:snmp.Interface.OutBroadcastPkts{$Host,$SNMP_Profile,$InterfaceDescription,$Interface,$IP} by {interface}",
            "style": {
              "line_width": "normal",
              "palette": "dog_classic",
              "line_type": "solid"
            },
            "display_type": "line"
          }
        ],
        "type": "timeseries"
      },
      "layout": {
        "y": 23,
        "x": 85,
        "width": 32,
        "height": 15
      },
      "id": 1080562544323849
    },
    {
      "definition": {
        "title_size": "16",
        "yaxis": {
          "include_zero": true,
          "label": "",
          "scale": "linear",
          "min": "auto",
          "max": "auto"
        },
        "title_align": "left",
        "show_legend": false,
        "title": "In & Out Unicast Packets",
        "requests": [
          {
            "q": "avg:snmp.Interface.InUnicastPkts{$Host,$SNMP_Profile,$IP,$InterfaceDescription,$Interface} by {interface}",
            "style": {
              "line_width": "normal",
              "palette": "dog_classic",
              "line_type": "solid"
            },
            "display_type": "line"
          },
          {
            "q": "avg:snmp.Interface.OutUnicastPkts{$Host,$SNMP_Profile,$IP,$InterfaceDescription,$Interface} by {interface}",
            "style": {
              "line_width": "normal",
              "palette": "dog_classic",
              "line_type": "solid"
            },
            "display_type": "line"
          }
        ],
        "type": "timeseries"
      },
      "layout": {
        "y": 55,
        "x": 85,
        "width": 32,
        "height": 15
      },
      "id": 1188913128075124
    },
    {
      "definition": {
        "title_size": "16",
        "yaxis": {
          "include_zero": true,
          "label": "",
          "scale": "linear",
          "min": "auto",
          "max": "auto"
        },
        "title_align": "left",
        "show_legend": false,
        "title": "In & Out MultiCastPkts",
        "requests": [
          {
            "q": "avg:snmp.Interface.InMulticastPkts{$Host,$SNMP_Profile,$IP,$InterfaceDescription,$Interface} by {interface}",
            "style": {
              "line_width": "normal",
              "palette": "dog_classic",
              "line_type": "solid"
            },
            "display_type": "line"
          },
          {
            "q": "avg:snmp.Interface.OutMulticastPkts{$Host,$SNMP_Profile,$IP,$InterfaceDescription,$Interface} by {interface}",
            "style": {
              "line_width": "normal",
              "palette": "dog_classic",
              "line_type": "solid"
            },
            "display_type": "line"
          }
        ],
        "type": "timeseries"
      },
      "layout": {
        "y": 39,
        "x": 48,
        "width": 36,
        "height": 15
      },
      "id": 3105746845284140
    },
    {
      "definition": {
        "title_size": "16",
        "yaxis": {
          "include_zero": true,
          "label": "",
          "scale": "linear",
          "min": "auto",
          "max": "auto"
        },
        "title_align": "left",
        "show_legend": false,
        "title": "In & Out Errors",
        "requests": [
          {
            "q": "avg:snmp.Interface.InErrors{$InterfaceDescription,$Interface,$Host,$SNMP_Profile,$IP} by {interface}",
            "style": {
              "line_width": "normal",
              "palette": "dog_classic",
              "line_type": "solid"
            },
            "display_type": "area"
          },
          {
            "q": "avg:snmp.Interface.OutErrors{$InterfaceDescription,$Interface,$Host,$SNMP_Profile,$IP} by {interface}",
            "style": {
              "line_width": "normal",
              "palette": "dog_classic",
              "line_type": "solid"
            },
            "display_type": "line"
          }
        ],
        "type": "timeseries"
      },
      "layout": {
        "y": 39,
        "x": 85,
        "width": 32,
        "height": 15
      },
      "id": 6566345806273543
    },
    {
      "definition": {
        "title_size": "16",
        "title": "Operation Status",
        "title_align": "left",
        "precision": 0,
        "requests": [
          {
            "q": "max:snmp.Interface.OperStatus{$Host,$SNMP_Profile,$InterfaceDescription,$IP,$Interface}",
            "aggregator": "last",
            "conditional_formats": [
              {
                "palette": "white_on_red",
                "comparator": ">=",
                "value": 2
              },
              {
                "palette": "white_on_green",
                "comparator": ">=",
                "value": 1
              }
            ]
          }
        ],
        "type": "query_value"
      },
      "layout": {
        "y": 23,
        "x": 17,
        "width": 15,
        "height": 15
      },
      "id": 8061894079316184
    },
    {
      "definition": {
        "custom_links": [],
        "autoscale": true,
        "title": "Interface Speed",
        "title_align": "left",
        "custom_unit": "b/s",
        "precision": 0,
        "title_size": "16",
        "requests": [
          {
            "q": "max:snmp.Interface.Speed{$InterfaceDescription,$Interface,$Host,$SNMP_Profile,$IP}",
            "aggregator": "last"
          }
        ],
        "type": "query_value"
      },
      "layout": {
        "y": 23,
        "x": 33,
        "width": 14,
        "height": 15
      },
      "id": 4761066150135136
    },
    {
      "definition": {
        "custom_links": [],
        "title_size": "16",
        "title": "Local Interfaces",
        "title_align": "left",
        "requests": [
          {
            "q": "avg:snmp.Interface.AdminStatus{$SNMP_Profile, $Host, $IP} by {interface,interfacedescription}",
            "aggregator": "last",
            "alias": "Admin Status"
          },
          {
            "q": "avg:snmp.Interface.OperStatus{$SNMP_Profile, $Host, $IP} by {interface,interfacedescription}",
            "aggregator": "last",
            "limit": 100,
            "order": "asc",
            "alias": "Oper Status"
          },
          {
            "q": "avg:snmp.Interface.Speed{$SNMP_Profile, $Host, $IP} by {interface,interfacedescription}",
            "aggregator": "last",
            "alias": "Speed"
          }
        ],
        "type": "query_table"
      },
      "layout": {
        "y": 55,
        "x": 48,
        "width": 36,
        "height": 15
      },
      "id": 1410271902390
    },
    {
      "definition": {
        "custom_links": [],
        "title_size": "16",
        "title": "% Utilization In",
        "title_align": "left",
        "custom_unit": "%",
        "precision": 3,
        "requests": [
          {
            "q": "avg:snmp.Interface.InOctets.rate{$InterfaceDescription,$Interface,$Host,$SNMP_Profile,$IP}/avg:snmp.Interface.Speed{$InterfaceDescription,$Interface,$Host,$SNMP_Profile,$IP}/10000",
            "aggregator": "last"
          }
        ],
        "type": "query_value"
      },
      "layout": {
        "y": 39,
        "x": 0,
        "width": 23,
        "height": 15
      },
      "id": 5801528255331768
    },
    {
      "definition": {
        "custom_links": [],
        "title_size": "16",
        "title": "% Utilization Out",
        "title_align": "left",
        "custom_unit": "%",
        "precision": 3,
        "requests": [
          {
            "q": "avg:snmp.Interface.OutOctets.rate{$InterfaceDescription,$Interface,$Host,$SNMP_Profile,$IP}/avg:snmp.Interface.Speed{$InterfaceDescription,$Interface,$Host,$SNMP_Profile,$IP}/10000",
            "aggregator": "last"
          }
        ],
        "type": "query_value"
      },
      "layout": {
        "y": 39,
        "x": 24,
        "width": 23,
        "height": 15
      },
      "id": 5874136569252219
    },
    {
      "definition": {
        "custom_links": [],
        "title_size": "16",
        "yaxis": {
          "include_zero": true,
          "label": "",
          "scale": "linear",
          "min": "auto",
          "max": "auto"
        },
        "title_align": "left",
        "show_legend": false,
        "title": "Interface Utilization (%)",
        "requests": [
          {
            "q": "avg:snmp.Interface.InOctets.rate{$InterfaceDescription,$Interface,$Host,$SNMP_Profile,$IP} by {interface}/avg:snmp.Interface.Speed{$InterfaceDescription,$Interface,$Host,$SNMP_Profile,$IP} by {interface}/10000",
            "style": {
              "line_width": "normal",
              "palette": "dog_classic",
              "line_type": "solid"
            },
            "display_type": "line"
          },
          {
            "q": "avg:snmp.Interface.OutOctets.rate{$InterfaceDescription,$Interface,$Host,$SNMP_Profile,$IP} by {interface}/avg:snmp.Interface.Speed{$InterfaceDescription,$Interface,$Host,$SNMP_Profile,$IP} by {interface}/10000",
            "style": {
              "line_width": "normal",
              "palette": "dog_classic",
              "line_type": "solid"
            },
            "display_type": "line"
          }
        ],
        "type": "timeseries"
      },
      "layout": {
        "y": 55,
        "x": 0,
        "width": 47,
        "height": 15
      },
      "id": 3256222464074201
    },
    {
      "definition": {
        "title_size": "16",
        "yaxis": {
          "include_zero": true,
          "label": "",
          "scale": "linear",
          "min": "auto",
          "max": "auto"
        },
        "title_align": "left",
        "show_legend": false,
        "title": "CPU Utilization",
        "requests": [
          {
            "q": "avg:snmp.CPU.Utilization{$SNMP_Profile,$IP,$Host} by {snmp_device}",
            "style": {
              "line_width": "normal",
              "palette": "dog_classic",
              "line_type": "solid"
            },
            "display_type": "line"
          }
        ],
        "type": "timeseries"
      },
      "layout": {
        "y": 78,
        "x": 85,
        "width": 32,
        "height": 15
      },
      "id": 6476974662825040
    },
    {
      "definition": {
        "custom_links": [],
        "title_size": "16",
        "title": "CPU Utilization",
        "title_align": "left",
        "custom_unit": "%",
        "precision": 2,
        "requests": [
          {
            "q": "avg:snmp.CPU.Utilization{$Host,$SNMP_Profile,$IP}",
            "aggregator": "avg"
          }
        ],
        "type": "query_value"
      },
      "layout": {
        "y": 78,
        "x": 48,
        "width": 36,
        "height": 15
      },
      "id": 1804609031220654
    },
    {
      "definition": {
        "custom_links": [],
        "title_size": "16",
        "title": "Memory Usage (%)",
        "title_align": "left",
        "custom_unit": "%",
        "precision": 2,
        "requests": [
          {
            "q": "avg:snmp.Memory.Used{$Host,$IP,$SNMP_Profile}/(avg:snmp.Memory.Free{$Host,$SNMP_Profile,$IP}+avg:snmp.Memory.Used{$Host,$IP,$SNMP_Profile})*100",
            "aggregator": "max"
          }
        ],
        "type": "query_value"
      },
      "layout": {
        "y": 78,
        "x": 0,
        "width": 47,
        "height": 15
      },
      "id": 7895665637543133
    },
    {
      "definition": {
        "custom_links": [],
        "title_size": "16",
        "yaxis": {
          "max": "auto",
          "scale": "linear",
          "label": "",
          "min": "auto"
        },
        "title_align": "left",
        "show_legend": false,
        "title": "Memory Used by Pool",
        "requests": [
          {
            "q": "avg:snmp.Memory.Used{$IP,$SNMP_Profile,$Host} by {memorypoolname}",
            "style": {
              "line_width": "normal",
              "palette": "dog_classic",
              "line_type": "solid"
            },
            "display_type": "line"
          }
        ],
        "type": "timeseries"
      },
      "layout": {
        "y": 94,
        "x": 0,
        "width": 47,
        "height": 15
      },
      "id": 5106830304343637
    },
    {
      "definition": {
        "title_size": "16",
        "yaxis": {
          "max": "auto",
          "scale": "linear",
          "label": "",
          "min": "auto"
        },
        "title_align": "left",
        "show_legend": false,
        "title": "Memory Free by Pool",
        "requests": [
          {
            "q": "avg:snmp.Memory.Free{$IP,$SNMP_Profile,$Host} by {memorypoolname}",
            "style": {
              "line_width": "normal",
              "palette": "dog_classic",
              "line_type": "solid"
            },
            "display_type": "line"
          }
        ],
        "type": "timeseries"
      },
      "layout": {
        "y": 94,
        "x": 48,
        "width": 47,
        "height": 15
      },
      "id": 746562623350559
    },
    {
      "definition": {
        "show_tick": true,
        "background_color": "white",
        "type": "note",
        "tick_edge": "bottom",
        "text_align": "center",
        "content": "System Resources",
        "font_size": "24",
        "tick_pos": "50%"
      },
      "layout": {
        "y": 71,
        "x": 0,
        "width": 117,
        "height": 6
      },
      "id": 3113414655759367
    },
    {
      "definition": {
        "show_tick": true,
        "background_color": "white",
        "type": "note",
        "tick_edge": "bottom",
        "text_align": "center",
        "content": "Interfaces",
        "font_size": "24",
        "tick_pos": "50%"
      },
      "layout": {
        "y": 16,
        "x": 0,
        "width": 117,
        "height": 6
      },
      "id": 1664221096258773
    }
  ],
  "layout_type": "free"
}