{
  "notify_list": [],
  "description": "",
  "restricted_roles": [],
  "template_variables": [
    {
      "default": "*",
      "prefix": "upn",
      "name": "test"
    }
  ],
  "is_read_only": false,
  "title": "Reuben's Dashboard Thu, Sep 2, 6:33:12 pm",
  "reflow_type": "fixed",
  "widgets": [
    {
      "definition": {
        "title_size": "16",
        "title": "Pie of AWS Instance Types",
        "title_align": "left",
        "app_id": "46ca9dd6-16fd-11ec-85ce-da7ad0900002",
        "custom_widget_key": "panat_pie",
        "type": "custom",
        "options": {
          "active-group": "instance-type",
          "active-operation": "max",
          "active-metrics": "aws.ec2.host_ok",
          "active-host": "*",
          "query-done": true
        }
      },
      "layout": {
        "y": 0,
        "x": 0,
        "height": 5,
        "width": 4
      },
      "id": 6198577408726565
    },
    {
      "definition": {
        "title_size": "16",
        "title": "O365 Outlook Activity",
        "title_align": "left",
        "app_id": "46ca9dd6-16fd-11ec-85ce-da7ad0900002",
        "custom_widget_key": "panat_pie",
        "type": "custom",
        "options": {
          "active-group": "o365_app",
          "active-operation": "avg",
          "active-metrics": "rapdev.o365.synthetic.response.time",
          "active-host": "*",
          "query-done": true
        }
      },
      "layout": {
        "y": 0,
        "x": 4,
        "height": 5,
        "width": 4
      },
      "id": 7038568118266691
    },
    {
      "definition": {
        "title_size": "16",
        "title": "Test",
        "title_align": "left",
        "app_id": "00fc9f6a-1b13-11ec-885c-da7ad0900002",
        "custom_widget_key": "controller_example",
        "type": "custom"
      },
      "layout": {
        "y": 5,
        "x": 0,
        "height": 3,
        "width": 8
      },
      "id": 8578700658399786
    }
  ],
  "layout_type": "ordered"
}