{
  "notify_list": [],
  "description": "",
  "restricted_roles": [],
  "template_variables": [
    {
      "default": "*",
      "prefix": "tenant_id",
      "name": "Organization_ID"
    }
  ],
  "is_read_only": false,
  "title": "Office365 Dashboard (cloned)",
  "widgets": [
    {
      "definition": {
        "autoscale": true,
        "title": "Office 365 Outlook Storage Used",
        "title_align": "left",
        "text_align": "center",
        "custom_unit": "B",
        "precision": 2,
        "title_size": "16",
        "requests": [
          {
            "q": "sum:rapdev.o365.outlook.mailbox.storage.used{$Organization_ID}",
            "aggregator": "last"
          }
        ],
        "type": "query_value"
      },
      "layout": {
        "y": 133,
        "width": 22,
        "x": 24,
        "height": 15
      },
      "id": 0
    },
    {
      "definition": {
        "custom_links": [],
        "title_size": "16",
        "title": "O365 Response Time (AP)",
        "title_align": "left",
        "precision": 2,
        "autoscale": true,
        "requests": [
          {
            "q": "avg:synthetics.http.dns.time{url:https://office.com/login,location:aws:ap-south-1}",
            "aggregator": "avg",
            "conditional_formats": [
              {
                "palette": "white_on_green",
                "value": 200.0,
                "comparator": "<"
              },
              {
                "palette": "white_on_yellow",
                "value": 200.0,
                "comparator": ">"
              },
              {
                "palette": "white_on_red",
                "value": 1000.0,
                "comparator": ">"
              }
            ]
          }
        ],
        "type": "query_value"
      },
      "layout": {
        "y": 13,
        "width": 24,
        "x": 48,
        "height": 10
      },
      "id": 1
    },
    {
      "definition": {
        "custom_links": [],
        "title_size": "16",
        "title": "O365 Response Time (EU)",
        "title_align": "left",
        "precision": 2,
        "autoscale": true,
        "requests": [
          {
            "q": "avg:synthetics.http.response.time{url:https://office.com/login,location:aws:eu-central-1}",
            "aggregator": "avg",
            "conditional_formats": [
              {
                "palette": "white_on_green",
                "value": 200.0,
                "comparator": "<"
              },
              {
                "palette": "white_on_yellow",
                "value": 200.0,
                "comparator": ">"
              },
              {
                "palette": "white_on_red",
                "value": 1000.0,
                "comparator": ">"
              }
            ]
          }
        ],
        "type": "query_value"
      },
      "layout": {
        "y": 13,
        "width": 24,
        "x": 23,
        "height": 10
      },
      "id": 2
    },
    {
      "definition": {
        "custom_links": [],
        "title_size": "16",
        "title": "O365 Response Time (US)",
        "title_align": "left",
        "precision": 2,
        "requests": [
          {
            "q": "avg:synthetics.http.response.time{url:https://office.com/login,location:aws:us-west-1}",
            "aggregator": "avg",
            "conditional_formats": [
              {
                "palette": "white_on_green",
                "value": 200.0,
                "comparator": "<"
              },
              {
                "palette": "white_on_yellow",
                "value": 200.0,
                "comparator": ">"
              },
              {
                "palette": "white_on_red",
                "value": 1000.0,
                "comparator": ">"
              }
            ]
          }
        ],
        "type": "query_value"
      },
      "layout": {
        "y": 13,
        "width": 21,
        "x": 1,
        "height": 10
      },
      "id": 3
    },
    {
      "definition": {
        "custom_links": [],
        "title_size": "16",
        "title": "O365 DNS Response",
        "title_align": "left",
        "precision": 2,
        "autoscale": true,
        "requests": [
          {
            "q": "avg:synthetics.http.dns.time{url:https://office.com/login}",
            "aggregator": "avg",
            "conditional_formats": [
              {
                "palette": "white_on_green",
                "value": 30.0,
                "comparator": "<"
              },
              {
                "palette": "white_on_yellow",
                "value": 30.0,
                "comparator": ">"
              },
              {
                "palette": "white_on_red",
                "value": 100.0,
                "comparator": ">"
              }
            ]
          }
        ],
        "type": "query_value"
      },
      "layout": {
        "y": 13,
        "width": 20,
        "x": 73,
        "height": 10
      },
      "id": 4
    },
    {
      "definition": {
        "custom_links": [],
        "title_size": "16",
        "yaxis": {
          "include_zero": true,
          "label": "",
          "scale": "linear",
          "min": "auto",
          "max": "auto"
        },
        "title_align": "left",
        "show_legend": false,
        "title": "O365 Response Time",
        "legend_size": "0",
        "type": "timeseries",
        "requests": [
          {
            "q": "avg:synthetics.http.response.time{url:https://office.com/login} by {location}",
            "style": {
              "line_width": "normal",
              "palette": "dog_classic",
              "line_type": "solid"
            },
            "display_type": "line"
          }
        ]
      },
      "layout": {
        "y": 24,
        "width": 57,
        "x": 1,
        "height": 15
      },
      "id": 5
    },
    {
      "definition": {
        "custom_links": [],
        "title_size": "16",
        "yaxis": {
          "include_zero": true,
          "label": "",
          "scale": "linear",
          "min": "auto",
          "max": "auto"
        },
        "title_align": "left",
        "show_legend": false,
        "title": "O365 DNS Response Time",
        "legend_size": "0",
        "type": "timeseries",
        "requests": [
          {
            "q": "avg:synthetics.http.dns.time{url:https://office.com/login} by {location}",
            "style": {
              "line_width": "normal",
              "palette": "dog_classic",
              "line_type": "solid"
            },
            "display_type": "line"
          }
        ]
      },
      "layout": {
        "y": 24,
        "width": 56,
        "x": 59,
        "height": 15
      },
      "id": 6
    },
    {
      "definition": {
        "title_size": "16",
        "title": "O365 SSL Cert Expiration",
        "title_align": "left",
        "precision": 2,
        "autoscale": true,
        "requests": [
          {
            "q": "avg:synthetics.ssl.time_to_expiry{app:o365}",
            "aggregator": "avg",
            "conditional_formats": [
              {
                "palette": "white_on_red",
                "value": 30.0,
                "comparator": "<"
              },
              {
                "palette": "white_on_green",
                "value": 90.0,
                "comparator": ">"
              },
              {
                "palette": "white_on_yellow",
                "value": 30.0,
                "comparator": ">"
              }
            ]
          }
        ],
        "type": "query_value"
      },
      "layout": {
        "y": 13,
        "width": 21,
        "x": 94,
        "height": 10
      },
      "id": 7
    },
    {
      "definition": {
        "title_size": "16",
        "title": "Average Mailbox Storage Usage",
        "title_align": "left",
        "custom_unit": "B",
        "precision": 2,
        "autoscale": true,
        "requests": [
          {
            "q": "(avg:rapdev.o365.outlook.mailbox.storage.used{$Organization_ID}/avg:rapdev.o365.outlook.mailbox.total{$Organization_ID})",
            "aggregator": "last"
          }
        ],
        "type": "query_value"
      },
      "layout": {
        "y": 133,
        "width": 22,
        "x": 1,
        "height": 15
      },
      "id": 8
    },
    {
      "definition": {
        "show_tick": true,
        "background_color": "white",
        "type": "note",
        "tick_edge": "bottom",
        "text_align": "center",
        "content": "Outlook Mailbox Usage",
        "font_size": "24",
        "tick_pos": "50%"
      },
      "layout": {
        "y": 111,
        "width": 42,
        "x": 38,
        "height": 5
      },
      "id": 9
    },
    {
      "definition": {
        "custom_links": [],
        "title_size": "16",
        "yaxis": {
          "include_zero": true,
          "label": "",
          "scale": "linear",
          "min": "auto",
          "max": "auto"
        },
        "title_align": "left",
        "show_legend": false,
        "title": "Read, Receive, Send Counts",
        "legend_size": "0",
        "type": "timeseries",
        "requests": [
          {
            "q": "max:rapdev.o365.outlook.activity{$Organization_ID} by {activity}",
            "on_right_yaxis": false,
            "style": {
              "line_width": "normal",
              "palette": "dog_classic",
              "line_type": "solid"
            },
            "display_type": "bars"
          }
        ]
      },
      "layout": {
        "y": 117,
        "width": 45,
        "x": 20,
        "height": 15
      },
      "id": 10
    },
    {
      "definition": {
        "title_size": "16",
        "legend_columns": [
          "avg",
          "min",
          "max",
          "value",
          "sum"
        ],
        "yaxis": {
          "include_zero": true,
          "label": "",
          "scale": "linear",
          "min": "auto",
          "max": "auto"
        },
        "title_align": "left",
        "markers": [],
        "legend_layout": "auto",
        "show_legend": false,
        "title": "Synthetic Email RTT (s)",
        "legend_size": "0",
        "type": "timeseries",
        "requests": [
          {
            "q": "avg:rapdev.o365.synthetic.email.rtt{$Organization_ID} by {region}/1000",
            "style": {
              "line_width": "normal",
              "palette": "dog_classic",
              "line_type": "solid"
            },
            "display_type": "line"
          }
        ]
      },
      "layout": {
        "y": 46,
        "width": 40,
        "x": 1,
        "height": 15
      },
      "id": 11
    },
    {
      "definition": {
        "title_size": "16",
        "title": "Email RTT (Frankfurt)",
        "title_align": "left",
        "custom_unit": "s",
        "precision": 2,
        "autoscale": true,
        "requests": [
          {
            "q": "avg:rapdev.o365.synthetic.email.rtt{$Organization_ID,region:eu-central-1}/1000",
            "aggregator": "avg",
            "conditional_formats": [
              {
                "palette": "white_on_green",
                "value": 30.0,
                "comparator": "<"
              },
              {
                "palette": "white_on_yellow",
                "value": 31.0,
                "comparator": ">="
              },
              {
                "palette": "white_on_red",
                "value": 60.0,
                "comparator": ">="
              }
            ]
          }
        ],
        "type": "query_value"
      },
      "layout": {
        "y": 46,
        "width": 19,
        "x": 62,
        "height": 7
      },
      "id": 12
    },
    {
      "definition": {
        "title_size": "16",
        "title": "Email RTT (Sydney)",
        "title_align": "left",
        "custom_unit": "s",
        "precision": 2,
        "autoscale": true,
        "requests": [
          {
            "q": "avg:rapdev.o365.synthetic.email.rtt{$Organization_ID,region:ap-southeast-2}/1000",
            "aggregator": "avg",
            "conditional_formats": [
              {
                "palette": "white_on_green",
                "value": 30.0,
                "comparator": "<"
              },
              {
                "palette": "white_on_yellow",
                "value": 30.0,
                "comparator": ">"
              },
              {
                "palette": "white_on_red",
                "value": 60.0,
                "comparator": ">="
              }
            ]
          }
        ],
        "type": "query_value"
      },
      "layout": {
        "y": 54,
        "width": 19,
        "x": 82,
        "height": 7
      },
      "id": 13
    },
    {
      "definition": {
        "sizing": "fit",
        "url": "https://axecreatives.com/wp-content/uploads/2018/07/o365-logo-300x300.png",
        "type": "image"
      },
      "layout": {
        "y": 1,
        "width": 12,
        "x": 103,
        "height": 11
      },
      "id": 14
    },
    {
      "definition": {
        "sizing": "zoom",
        "url": "https://office365.delaware.gov/wp-content/uploads/sites/135/2019/06/Outlook_256x256-1.png",
        "type": "image"
      },
      "layout": {
        "y": 117,
        "width": 13,
        "x": 102,
        "height": 15
      },
      "id": 15
    },
    {
      "definition": {
        "title_size": "16",
        "title": "Email RTT (Virginia)",
        "title_align": "left",
        "custom_unit": "s",
        "precision": 2,
        "autoscale": true,
        "requests": [
          {
            "q": "avg:rapdev.o365.synthetic.email.rtt{$Organization_ID,region:us-east-1}/1000",
            "aggregator": "avg",
            "conditional_formats": [
              {
                "palette": "white_on_green",
                "value": 30.0,
                "comparator": "<"
              },
              {
                "palette": "white_on_yellow",
                "value": 31.0,
                "comparator": ">="
              },
              {
                "palette": "white_on_red",
                "value": 60.0,
                "comparator": ">="
              }
            ]
          }
        ],
        "type": "query_value"
      },
      "layout": {
        "y": 46,
        "width": 19,
        "x": 42,
        "height": 7
      },
      "id": 16
    },
    {
      "definition": {
        "show_tick": true,
        "background_color": "white",
        "type": "note",
        "tick_edge": "bottom",
        "text_align": "center",
        "content": "Synthetic Exchange Email Checks",
        "font_size": "24",
        "tick_pos": "50%"
      },
      "layout": {
        "y": 40,
        "width": 41,
        "x": 38,
        "height": 5
      },
      "id": 17
    },
    {
      "definition": {
        "sizing": "fit",
        "type": "image",
        "margin": "small",
        "url": "https://upload.wikimedia.org/wikipedia/commons/thumb/e/ea/Microsoft_Exchange_%282019-present%29.svg/200px-Microsoft_Exchange_%282019-present%29.svg.png"
      },
      "layout": {
        "y": 46,
        "width": 13,
        "x": 102,
        "height": 15
      },
      "id": 18
    },
    {
      "definition": {
        "type": "toplist",
        "requests": [
          {
            "q": "top(avg:rapdev.o365.outlook.app.users{$Organization_ID} by {email_app}.as_count(), 10, 'mean', 'desc')"
          }
        ],
        "title_align": "left",
        "title_size": "16",
        "title": "Top Applications Used"
      },
      "layout": {
        "y": 149,
        "width": 56,
        "x": 1,
        "height": 21
      },
      "id": 19
    },
    {
      "definition": {
        "custom_links": [],
        "title_size": "16",
        "title": "Pages Viewed",
        "title_align": "left",
        "precision": 2,
        "autoscale": true,
        "requests": [
          {
            "q": "sum:rapdev.o365.sharepoint.pages.views{$Organization_ID}",
            "aggregator": "avg"
          }
        ],
        "type": "query_value"
      },
      "layout": {
        "y": 203,
        "width": 18,
        "x": 20,
        "height": 10
      },
      "id": 20
    },
    {
      "definition": {
        "title_size": "16",
        "title": "Total Site Storage Used",
        "title_align": "left",
        "custom_unit": "B",
        "precision": 2,
        "autoscale": true,
        "requests": [
          {
            "q": "sum:rapdev.o365.sharepoint.storage.used{$Organization_ID}",
            "aggregator": "last"
          }
        ],
        "type": "query_value"
      },
      "layout": {
        "y": 185,
        "width": 22,
        "x": 1,
        "height": 7
      },
      "id": 21
    },
    {
      "definition": {
        "custom_links": [],
        "title_size": "16",
        "title": "Total Files",
        "title_align": "left",
        "precision": 2,
        "autoscale": true,
        "requests": [
          {
            "q": "sum:rapdev.o365.sharepoint.files.total{$Organization_ID}",
            "aggregator": "last"
          }
        ],
        "type": "query_value"
      },
      "layout": {
        "y": 203,
        "width": 18,
        "x": 1,
        "height": 10
      },
      "id": 22
    },
    {
      "definition": {
        "title_size": "16",
        "title": "Average Site Storage Used",
        "title_align": "left",
        "custom_unit": "B",
        "precision": 2,
        "autoscale": true,
        "requests": [
          {
            "q": "(avg:rapdev.o365.sharepoint.storage.used{$Organization_ID}/avg:rapdev.o365.sharepoint.sites.total{$Organization_ID})",
            "aggregator": "last"
          }
        ],
        "type": "query_value"
      },
      "layout": {
        "y": 177,
        "width": 22,
        "x": 1,
        "height": 7
      },
      "id": 23
    },
    {
      "definition": {
        "show_tick": true,
        "background_color": "white",
        "type": "note",
        "tick_edge": "bottom",
        "text_align": "center",
        "content": "Sharepoint Site Usage",
        "font_size": "24",
        "tick_pos": "50%"
      },
      "layout": {
        "y": 171,
        "width": 41,
        "x": 39,
        "height": 5
      },
      "id": 24
    },
    {
      "definition": {
        "sizing": "fit",
        "url": "https://icons.iconarchive.com/icons/dakirby309/simply-styled/256/Microsoft-SharePoint-2013-icon.png",
        "type": "image"
      },
      "layout": {
        "y": 177,
        "width": 14,
        "x": 101,
        "height": 15
      },
      "id": 25
    },
    {
      "definition": {
        "show_tick": true,
        "background_color": "white",
        "type": "note",
        "tick_edge": "bottom",
        "text_align": "center",
        "content": "OneDrive Usage",
        "font_size": "24",
        "tick_pos": "50%"
      },
      "layout": {
        "y": 214,
        "width": 41,
        "x": 39,
        "height": 5
      },
      "id": 26
    },
    {
      "definition": {
        "sizing": "fit",
        "type": "image",
        "margin": "small",
        "url": "https://icon-library.net/images/microsoft-onedrive-icon/microsoft-onedrive-icon-26.jpg"
      },
      "layout": {
        "y": 220,
        "width": 14,
        "x": 101,
        "height": 15
      },
      "id": 27
    },
    {
      "definition": {
        "show_tick": true,
        "background_color": "white",
        "type": "note",
        "tick_edge": "bottom",
        "text_align": "center",
        "content": "Teams Usage",
        "font_size": "24",
        "tick_pos": "50%"
      },
      "layout": {
        "y": 254,
        "width": 41,
        "x": 39,
        "height": 5
      },
      "id": 34
    },
    {
      "definition": {
        "type": "toplist",
        "requests": [
          {
            "q": "top(avg:rapdev.o365.teams.device.users{$Organization_ID} by {device}, 10, 'mean', 'desc')"
          }
        ],
        "title_align": "left",
        "title_size": "16",
        "title": "Teams Top Devices"
      },
      "layout": {
        "y": 260,
        "width": 40,
        "x": 1,
        "height": 15
      },
      "id": 35
    },
    {
      "definition": {
        "custom_links": [],
        "title_size": "16",
        "title": "Meeting Count",
        "title_align": "left",
        "precision": 0,
        "autoscale": true,
        "requests": [
          {
            "q": "max:rapdev.o365.teams.activity.users{$Organization_ID,activity:meetings}",
            "aggregator": "last"
          }
        ],
        "type": "query_value"
      },
      "layout": {
        "y": 260,
        "width": 14,
        "x": 57,
        "height": 15
      },
      "id": 36
    },
    {
      "definition": {
        "custom_links": [],
        "title_size": "16",
        "title": "Call Count",
        "title_align": "left",
        "precision": 0,
        "autoscale": true,
        "requests": [
          {
            "q": "avg:rapdev.o365.teams.activity.users{$Organization_ID,activity:calls}",
            "aggregator": "last"
          }
        ],
        "type": "query_value"
      },
      "layout": {
        "y": 260,
        "width": 14,
        "x": 42,
        "height": 15
      },
      "id": 37
    },
    {
      "definition": {
        "sizing": "fit",
        "url": "https://www.marshall.edu/it/files/microsoft-team-2019.png",
        "type": "image"
      },
      "layout": {
        "y": 260,
        "width": 13,
        "x": 102,
        "height": 15
      },
      "id": 38
    },
    {
      "definition": {
        "sizing": "fit",
        "url": "https://files.rapdev.io/images/rapdev-dash-logo.png",
        "type": "image"
      },
      "layout": {
        "y": 1,
        "width": 21,
        "x": 1,
        "height": 11
      },
      "id": 39
    },
    {
      "definition": {
        "title_size": "16",
        "title": "Office 365 Incidents",
        "title_align": "left",
        "tags_execution": "and",
        "query": "tags:\"app:o365\"",
        "type": "event_timeline"
      },
      "layout": {
        "y": 1,
        "width": 79,
        "x": 23,
        "height": 9
      },
      "id": 40
    },
    {
      "definition": {
        "custom_links": [],
        "title_size": "16",
        "title": "Outlook Mailbox Quota Counts",
        "title_align": "left",
        "has_search_bar": "auto",
        "requests": [
          {
            "aggregator": "avg",
            "cell_display_mode": [
              "bar"
            ],
            "q": "avg:rapdev.o365.outlook.mailbox.quota{*} by {category}",
            "alias": "Number of Mailboxes",
            "limit": 50,
            "order": "desc"
          }
        ],
        "type": "query_table"
      },
      "layout": {
        "y": 149,
        "width": 57,
        "x": 58,
        "height": 21
      },
      "id": 41
    },
    {
      "definition": {
        "custom_links": [],
        "title_size": "16",
        "title": "Active Mailboxes",
        "title_align": "left",
        "precision": 2,
        "autoscale": true,
        "requests": [
          {
            "q": "avg:rapdev.o365.outlook.mailbox.active{*}",
            "aggregator": "last"
          }
        ],
        "type": "query_value"
      },
      "layout": {
        "y": 117,
        "width": 18,
        "x": 1,
        "height": 15
      },
      "id": 42
    },
    {
      "definition": {
        "type": "toplist",
        "requests": [
          {
            "q": "top(avg:rapdev.o365.outlook.versions.users{*} by {version}, 10, 'mean', 'desc')"
          }
        ],
        "title_align": "left",
        "title_size": "16",
        "title": "Outlook Users by Version"
      },
      "layout": {
        "y": 117,
        "width": 35,
        "x": 66,
        "height": 15
      },
      "id": 43
    },
    {
      "definition": {
        "custom_links": [],
        "title_size": "16",
        "title": "Active Files",
        "title_align": "left",
        "precision": 2,
        "autoscale": true,
        "requests": [
          {
            "q": "avg:rapdev.o365.sharepoint.files.active{*}",
            "aggregator": "avg"
          }
        ],
        "type": "query_value"
      },
      "layout": {
        "y": 193,
        "width": 18,
        "x": 1,
        "height": 9
      },
      "id": 44
    },
    {
      "definition": {
        "custom_links": [],
        "title_size": "16",
        "yaxis": {
          "include_zero": true,
          "label": "",
          "scale": "linear",
          "min": "auto",
          "max": "auto"
        },
        "title_align": "left",
        "show_legend": false,
        "title": "Sharepoint Files by Activity",
        "legend_size": "8",
        "type": "timeseries",
        "requests": [
          {
            "q": "max:rapdev.o365.sharepoint.activity.files{$Organization_ID} by {activity}",
            "on_right_yaxis": false,
            "style": {
              "line_width": "normal",
              "palette": "dog_classic",
              "line_type": "solid"
            },
            "display_type": "bars"
          }
        ]
      },
      "layout": {
        "y": 193,
        "width": 76,
        "x": 39,
        "height": 20
      },
      "id": 45
    },
    {
      "definition": {
        "custom_links": [],
        "title_size": "16",
        "title": "Unique Page Visits",
        "title_align": "left",
        "precision": 0,
        "autoscale": true,
        "requests": [
          {
            "q": "avg:rapdev.o365.sharepoint.activity.pages.visits{*}",
            "aggregator": "avg"
          }
        ],
        "type": "query_value"
      },
      "layout": {
        "y": 193,
        "width": 18,
        "x": 20,
        "height": 9
      },
      "id": 46
    },
    {
      "definition": {
        "title_size": "16",
        "title": "Total Site Storage Used",
        "title_align": "left",
        "custom_unit": "B",
        "precision": 2,
        "autoscale": true,
        "requests": [
          {
            "q": "sum:rapdev.o365.onedrive.storage.used{$Organization_ID}",
            "aggregator": "last"
          }
        ],
        "type": "query_value"
      },
      "layout": {
        "y": 228,
        "width": 22,
        "x": 1,
        "height": 7
      },
      "id": 47
    },
    {
      "definition": {
        "title_size": "16",
        "title": "Average Site Storage Used",
        "title_align": "left",
        "custom_unit": "B",
        "precision": 2,
        "autoscale": true,
        "requests": [
          {
            "q": "(avg:rapdev.o365.onedrive.storage.used{$Organization_ID}/avg:rapdev.o365.onedrive.sites.total{$Organization_ID})",
            "aggregator": "last"
          }
        ],
        "type": "query_value"
      },
      "layout": {
        "y": 220,
        "width": 22,
        "x": 1,
        "height": 7
      },
      "id": 48
    },
    {
      "definition": {
        "title_size": "16",
        "title": "Total OneDrive Files",
        "title_align": "left",
        "precision": 2,
        "autoscale": true,
        "requests": [
          {
            "q": "sum:rapdev.o365.onedrive.files.total{$Organization_ID}",
            "aggregator": "last"
          }
        ],
        "type": "query_value"
      },
      "layout": {
        "y": 236,
        "width": 22,
        "x": 1,
        "height": 17
      },
      "id": 49
    },
    {
      "definition": {
        "title_size": "16",
        "legend_columns": [
          "avg",
          "min",
          "max",
          "value",
          "sum"
        ],
        "yaxis": {
          "include_zero": true,
          "label": "",
          "scale": "linear",
          "min": "auto",
          "max": "auto"
        },
        "title_align": "left",
        "markers": [],
        "legend_layout": "auto",
        "show_legend": false,
        "title": "OneDrive File Activity Counts",
        "legend_size": "0",
        "type": "timeseries",
        "requests": [
          {
            "q": "max:rapdev.o365.onedrive.activity.files{$Organization_ID} by {activity}",
            "on_right_yaxis": false,
            "style": {
              "line_width": "normal",
              "palette": "dog_classic",
              "line_type": "solid"
            },
            "display_type": "line"
          }
        ]
      },
      "layout": {
        "y": 236,
        "width": 45,
        "x": 24,
        "height": 17
      },
      "id": 50
    },
    {
      "definition": {
        "custom_links": [],
        "title_size": "16",
        "yaxis": {
          "include_zero": true,
          "label": "",
          "scale": "linear",
          "min": "auto",
          "max": "auto"
        },
        "title_align": "left",
        "show_legend": false,
        "title": "OneDrive User Activity Counts",
        "legend_size": "0",
        "type": "timeseries",
        "requests": [
          {
            "q": "max:rapdev.o365.onedrive.activity.users{$Organization_ID} by {activity}",
            "style": {
              "line_width": "normal",
              "palette": "dog_classic",
              "line_type": "solid"
            },
            "display_type": "line"
          }
        ]
      },
      "layout": {
        "y": 236,
        "width": 45,
        "x": 70,
        "height": 17
      },
      "id": 51
    },
    {
      "definition": {
        "custom_links": [],
        "title_size": "16",
        "title": "Outlook Users",
        "title_align": "left",
        "precision": 2,
        "autoscale": true,
        "requests": [
          {
            "q": "sum:rapdev.o365.activeusers.serviceusers.active{$Organization_ID,product:exchange}",
            "aggregator": "last"
          }
        ],
        "type": "query_value"
      },
      "layout": {
        "y": 68,
        "width": 18,
        "x": 1,
        "height": 10
      },
      "id": 52
    },
    {
      "definition": {
        "show_tick": true,
        "background_color": "white",
        "type": "note",
        "tick_edge": "bottom",
        "text_align": "center",
        "content": "Active Users",
        "font_size": "24",
        "tick_pos": "50%"
      },
      "layout": {
        "y": 62,
        "width": 42,
        "x": 38,
        "height": 5
      },
      "id": 53
    },
    {
      "definition": {
        "custom_links": [],
        "title_size": "16",
        "title": "OneDrive Users",
        "title_align": "left",
        "precision": 0,
        "autoscale": true,
        "requests": [
          {
            "q": "max:rapdev.o365.activeusers.serviceusers.active{$Organization_ID,product:onedrive}",
            "aggregator": "last"
          }
        ],
        "type": "query_value"
      },
      "layout": {
        "y": 68,
        "width": 18,
        "x": 20,
        "height": 10
      },
      "id": 54
    },
    {
      "definition": {
        "custom_links": [],
        "title_size": "16",
        "title": "SharePoint Users",
        "title_align": "left",
        "precision": 0,
        "autoscale": true,
        "requests": [
          {
            "q": "max:rapdev.o365.activeusers.serviceusers.active{$Organization_ID,product:sharepoint}",
            "aggregator": "last"
          }
        ],
        "type": "query_value"
      },
      "layout": {
        "y": 68,
        "width": 18,
        "x": 39,
        "height": 10
      },
      "id": 55
    },
    {
      "definition": {
        "custom_links": [],
        "title_size": "16",
        "title": "Teams Users",
        "title_align": "left",
        "precision": 0,
        "autoscale": true,
        "requests": [
          {
            "q": "max:rapdev.o365.activeusers.serviceusers.active{$Organization_ID,product:teams}",
            "aggregator": "last"
          }
        ],
        "type": "query_value"
      },
      "layout": {
        "y": 79,
        "width": 18,
        "x": 1,
        "height": 10
      },
      "id": 56
    },
    {
      "definition": {
        "custom_links": [],
        "title_size": "16",
        "title": "Skype Users",
        "title_align": "left",
        "precision": 0,
        "autoscale": true,
        "requests": [
          {
            "q": "max:rapdev.o365.activeusers.serviceusers.active{$Organization_ID,product:skype_for_businesss}",
            "aggregator": "last"
          }
        ],
        "type": "query_value"
      },
      "layout": {
        "y": 79,
        "width": 18,
        "x": 20,
        "height": 10
      },
      "id": 57
    },
    {
      "definition": {
        "custom_links": [],
        "title_size": "16",
        "title": "Yammer Users",
        "title_align": "left",
        "precision": 0,
        "autoscale": true,
        "requests": [
          {
            "q": "max:rapdev.o365.activeusers.serviceusers.active{$Organization_ID,product:yammer}",
            "aggregator": "last"
          }
        ],
        "type": "query_value"
      },
      "layout": {
        "y": 79,
        "width": 18,
        "x": 39,
        "height": 10
      },
      "id": 58
    },
    {
      "definition": {
        "title_size": "16",
        "legend_columns": [
          "avg",
          "min",
          "max",
          "value",
          "sum"
        ],
        "yaxis": {
          "include_zero": true,
          "label": "",
          "scale": "linear",
          "min": "auto",
          "max": "auto"
        },
        "title_align": "left",
        "markers": [],
        "legend_layout": "auto",
        "show_legend": false,
        "title": "Active Users by Product",
        "legend_size": "0",
        "type": "timeseries",
        "requests": [
          {
            "q": "max:rapdev.o365.activeusers.serviceusers.active{$Organization_ID,product:office_365} by {product}",
            "on_right_yaxis": false,
            "style": {
              "line_width": "normal",
              "palette": "dog_classic",
              "line_type": "solid"
            },
            "display_type": "area"
          },
          {
            "q": "max:rapdev.o365.activeusers.serviceusers.active{$Organization_ID,product:exchange} by {product}",
            "on_right_yaxis": false,
            "style": {
              "line_width": "normal",
              "palette": "dog_classic",
              "line_type": "dashed"
            },
            "display_type": "area"
          },
          {
            "q": "max:rapdev.o365.activeusers.serviceusers.active{$Organization_ID,product:onedrive} by {product}",
            "on_right_yaxis": false,
            "style": {
              "line_width": "normal",
              "palette": "dog_classic",
              "line_type": "dashed"
            },
            "display_type": "area"
          },
          {
            "q": "max:rapdev.o365.activeusers.serviceusers.active{$Organization_ID,product:sharepoint} by {product}",
            "on_right_yaxis": false,
            "style": {
              "line_width": "normal",
              "palette": "dog_classic",
              "line_type": "dashed"
            },
            "display_type": "area"
          },
          {
            "q": "max:rapdev.o365.activeusers.serviceusers.active{$Organization_ID,product:teams} by {product}",
            "on_right_yaxis": false,
            "style": {
              "line_width": "normal",
              "palette": "dog_classic",
              "line_type": "dashed"
            },
            "display_type": "area"
          }
        ]
      },
      "layout": {
        "y": 68,
        "width": 57,
        "x": 58,
        "height": 21
      },
      "id": 59
    },
    {
      "definition": {
        "show_tick": true,
        "background_color": "white",
        "type": "note",
        "tick_edge": "bottom",
        "text_align": "center",
        "content": "Activations",
        "font_size": "24",
        "tick_pos": "50%"
      },
      "layout": {
        "y": 90,
        "width": 42,
        "x": 38,
        "height": 5
      },
      "id": 60
    },
    {
      "definition": {
        "custom_links": [],
        "title_size": "16",
        "yaxis": {
          "include_zero": true,
          "label": "",
          "scale": "linear",
          "min": "auto",
          "max": "auto"
        },
        "title_align": "left",
        "show_legend": false,
        "title": "Activations By Device",
        "legend_size": "0",
        "type": "timeseries",
        "requests": [
          {
            "q": "max:rapdev.o365.activations.devices{$Organization_ID} by {device}",
            "on_right_yaxis": false,
            "style": {
              "line_width": "normal",
              "palette": "dog_classic",
              "line_type": "solid"
            },
            "display_type": "bars"
          }
        ]
      },
      "layout": {
        "y": 96,
        "width": 57,
        "x": 58,
        "height": 14
      },
      "id": 61
    },
    {
      "definition": {
        "custom_links": [],
        "title_size": "13",
        "title": "Users Assigned",
        "title_align": "left",
        "precision": 2,
        "autoscale": true,
        "requests": [
          {
            "q": "max:rapdev.o365.activations.users.assigned{$Organization_ID}",
            "aggregator": "last"
          }
        ],
        "type": "query_value"
      },
      "layout": {
        "y": 96,
        "width": 18,
        "x": 1,
        "height": 14
      },
      "id": 62
    },
    {
      "definition": {
        "custom_links": [],
        "title_size": "13",
        "title": "Users Activated",
        "title_align": "left",
        "precision": 0,
        "autoscale": true,
        "requests": [
          {
            "q": "max:rapdev.o365.activations.users.activated{$Organization_ID}",
            "aggregator": "last"
          }
        ],
        "type": "query_value"
      },
      "layout": {
        "y": 96,
        "width": 18,
        "x": 20,
        "height": 14
      },
      "id": 63
    },
    {
      "definition": {
        "custom_links": [],
        "title_size": "13",
        "title": "Users Shared Computers",
        "title_align": "left",
        "precision": 0,
        "autoscale": true,
        "requests": [
          {
            "q": "max:rapdev.o365.activations.users.activated{$Organization_ID}",
            "aggregator": "last"
          }
        ],
        "type": "query_value"
      },
      "layout": {
        "y": 96,
        "width": 18,
        "x": 39,
        "height": 14
      },
      "id": 64
    },
    {
      "definition": {
        "custom_links": [],
        "title_size": "16",
        "title": "Team Message Count",
        "title_align": "left",
        "precision": 0,
        "autoscale": true,
        "requests": [
          {
            "q": "max:rapdev.o365.teams.activity.users{$Organization_ID,activity:team_chat_messages}",
            "aggregator": "last"
          }
        ],
        "type": "query_value"
      },
      "layout": {
        "y": 260,
        "width": 14,
        "x": 72,
        "height": 15
      },
      "id": 65
    },
    {
      "definition": {
        "custom_links": [],
        "title_size": "16",
        "title": "Private Messages Count",
        "title_align": "left",
        "precision": 0,
        "autoscale": true,
        "requests": [
          {
            "q": "max:rapdev.o365.teams.activity.users{$Organization_ID,activity:private_chat_messages}",
            "aggregator": "last"
          }
        ],
        "type": "query_value"
      },
      "layout": {
        "y": 260,
        "width": 14,
        "x": 87,
        "height": 15
      },
      "id": 66
    },
    {
      "definition": {
        "type": "toplist",
        "requests": [
          {
            "q": "top(avg:rapdev.o365.yammer.device.users{$Organization_ID} by {device}, 10, 'mean', 'desc')"
          }
        ],
        "title_align": "left",
        "title_size": "16",
        "title": "Yammer Top Devices"
      },
      "layout": {
        "y": 336,
        "width": 28,
        "x": 86,
        "height": 15
      },
      "id": 72
    },
    {
      "definition": {
        "custom_links": [],
        "title_size": "16",
        "title": "Total Groups",
        "title_align": "left",
        "precision": 0,
        "autoscale": true,
        "requests": [
          {
            "q": "sum:rapdev.o365.yammer.groups.total{$Organization_ID}",
            "aggregator": "last"
          }
        ],
        "type": "query_value"
      },
      "layout": {
        "y": 336,
        "width": 18,
        "x": 1,
        "height": 15
      },
      "id": 73
    },
    {
      "definition": {
        "custom_links": [],
        "title_size": "16",
        "title": "Active Groups",
        "title_align": "left",
        "precision": 0,
        "autoscale": true,
        "requests": [
          {
            "q": "sum:rapdev.o365.yammer.groups.active{$Organization_ID}",
            "aggregator": "last"
          }
        ],
        "type": "query_value"
      },
      "layout": {
        "y": 336,
        "width": 18,
        "x": 20,
        "height": 15
      },
      "id": 74
    },
    {
      "definition": {
        "custom_links": [],
        "title_size": "16",
        "yaxis": {
          "include_zero": true,
          "label": "",
          "scale": "linear",
          "min": "auto",
          "max": "auto"
        },
        "title_align": "left",
        "show_legend": false,
        "title": "Yammer Groups Activity",
        "legend_size": "0",
        "type": "timeseries",
        "requests": [
          {
            "q": "avg:rapdev.o365.yammer.activity.groups{$Organization_ID} by {activity}",
            "style": {
              "line_width": "normal",
              "palette": "dog_classic",
              "line_type": "solid"
            },
            "display_type": "bars"
          }
        ]
      },
      "layout": {
        "y": 336,
        "width": 46,
        "x": 39,
        "height": 15
      },
      "id": 75
    },
    {
      "definition": {
        "title_size": "16",
        "title": "Email RTT (Singapore)",
        "title_align": "left",
        "custom_unit": "s",
        "precision": 2,
        "autoscale": true,
        "requests": [
          {
            "q": "avg:rapdev.o365.synthetic.email.rtt{$Organization_ID,region:ap-southeast-1}/1000",
            "aggregator": "avg",
            "conditional_formats": [
              {
                "palette": "white_on_green",
                "value": 30.0,
                "comparator": "<"
              },
              {
                "palette": "white_on_yellow",
                "value": 30.0,
                "comparator": ">"
              },
              {
                "palette": "white_on_red",
                "value": 60.0,
                "comparator": ">="
              }
            ]
          }
        ],
        "type": "query_value"
      },
      "layout": {
        "y": 54,
        "width": 19,
        "x": 62,
        "height": 7
      },
      "id": 76
    },
    {
      "definition": {
        "title_size": "16",
        "title": "Email RTT (Mumbai)",
        "title_align": "left",
        "custom_unit": "s",
        "precision": 2,
        "autoscale": true,
        "requests": [
          {
            "q": "avg:rapdev.o365.synthetic.email.rtt{$Organization_ID,region:ap-south-1}/1000",
            "aggregator": "avg",
            "conditional_formats": [
              {
                "palette": "white_on_green",
                "value": 30.0,
                "comparator": "<"
              },
              {
                "palette": "white_on_yellow",
                "value": 30.0,
                "comparator": ">"
              },
              {
                "palette": "white_on_red",
                "value": 60.0,
                "comparator": ">="
              }
            ]
          }
        ],
        "type": "query_value"
      },
      "layout": {
        "y": 54,
        "width": 19,
        "x": 42,
        "height": 7
      },
      "id": 77
    },
    {
      "definition": {
        "title_size": "16",
        "title": "Email RTT (Tokyo)",
        "title_align": "left",
        "custom_unit": "s",
        "precision": 2,
        "autoscale": true,
        "requests": [
          {
            "q": "avg:rapdev.o365.synthetic.email.rtt{$Organization_ID,region:ap-northeast-1}/1000",
            "aggregator": "avg",
            "conditional_formats": [
              {
                "palette": "white_on_green",
                "value": 30.0,
                "comparator": "<"
              },
              {
                "palette": "white_on_yellow",
                "value": 30.0,
                "comparator": ">"
              },
              {
                "palette": "white_on_red",
                "value": 60.0,
                "comparator": ">="
              }
            ]
          }
        ],
        "type": "query_value"
      },
      "layout": {
        "y": 46,
        "width": 19,
        "x": 82,
        "height": 7
      },
      "id": 78
    },
    {
      "definition": {
        "title_size": "16",
        "legend_columns": [
          "avg",
          "min",
          "max",
          "value",
          "sum"
        ],
        "yaxis": {
          "include_zero": true,
          "label": "",
          "scale": "linear",
          "min": "auto",
          "max": "auto"
        },
        "title_align": "left",
        "markers": [],
        "legend_layout": "auto",
        "show_legend": true,
        "title": "Mailbox Quota Limits",
        "requests": [
          {
            "q": "sum:rapdev.o365.outlook.mailbox.total{$Organization_ID}",
            "on_right_yaxis": false,
            "style": {
              "line_width": "normal",
              "palette": "dog_classic",
              "line_type": "solid"
            },
            "display_type": "area"
          },
          {
            "q": "sum:rapdev.o365.outlook.mailbox.quota{category:send_prohibited,$Organization_ID}",
            "on_right_yaxis": false,
            "style": {
              "line_width": "normal",
              "palette": "warm",
              "line_type": "solid"
            },
            "display_type": "area"
          },
          {
            "q": "sum:rapdev.o365.outlook.mailbox.quota{category:send/receive_prohibited,$Organization_ID}",
            "on_right_yaxis": false,
            "style": {
              "line_width": "normal",
              "palette": "orange",
              "line_type": "solid"
            },
            "display_type": "area"
          }
        ],
        "type": "timeseries"
      },
      "layout": {
        "y": 133,
        "width": 33,
        "x": 82,
        "height": 15
      },
      "id": 79
    },
    {
      "definition": {
        "title_size": "16",
        "legend_columns": [
          "avg",
          "min",
          "max",
          "value",
          "sum"
        ],
        "yaxis": {
          "include_zero": true,
          "label": "",
          "scale": "linear",
          "min": "auto",
          "max": "auto"
        },
        "title_align": "left",
        "markers": [],
        "legend_layout": "auto",
        "show_legend": true,
        "title": "Mailbox Storage Used",
        "requests": [
          {
            "q": "sum:rapdev.o365.outlook.mailbox.storage.used{$Organization_ID}",
            "on_right_yaxis": false,
            "style": {
              "line_width": "normal",
              "palette": "cool",
              "line_type": "solid"
            },
            "display_type": "area"
          }
        ],
        "type": "timeseries"
      },
      "layout": {
        "y": 133,
        "width": 34,
        "x": 47,
        "height": 15
      },
      "id": 80
    },
    {
      "definition": {
        "title_size": "16",
        "legend_columns": [
          "avg",
          "min",
          "max",
          "value",
          "sum"
        ],
        "yaxis": {
          "include_zero": true,
          "label": "",
          "scale": "linear",
          "min": "auto",
          "max": "auto"
        },
        "title_align": "left",
        "markers": [],
        "legend_layout": "auto",
        "show_legend": true,
        "title": "Active SharePoint Sites",
        "requests": [
          {
            "q": "avg:rapdev.o365.sharepoint.sites.total{$Organization_ID}",
            "on_right_yaxis": false,
            "style": {
              "line_width": "normal",
              "palette": "dog_classic",
              "line_type": "solid"
            },
            "display_type": "area"
          },
          {
            "q": "avg:rapdev.o365.sharepoint.sites.active{$Organization_ID}",
            "on_right_yaxis": false,
            "style": {
              "line_width": "normal",
              "palette": "purple",
              "line_type": "solid"
            },
            "display_type": "area"
          }
        ],
        "type": "timeseries"
      },
      "layout": {
        "y": 177,
        "width": 35,
        "x": 65,
        "height": 15
      },
      "id": 81
    },
    {
      "definition": {
        "title_size": "16",
        "legend_columns": [
          "avg",
          "min",
          "max",
          "value",
          "sum"
        ],
        "yaxis": {
          "include_zero": true,
          "label": "",
          "scale": "linear",
          "min": "auto",
          "max": "auto"
        },
        "title_align": "left",
        "markers": [],
        "legend_layout": "auto",
        "show_legend": true,
        "title": "SharePoint Site Storage (Total)",
        "requests": [
          {
            "q": "avg:rapdev.o365.sharepoint.storage.allocated{$Organization_ID}",
            "on_right_yaxis": false,
            "style": {
              "line_width": "normal",
              "palette": "dog_classic",
              "line_type": "solid"
            },
            "display_type": "area"
          },
          {
            "q": "avg:rapdev.o365.sharepoint.storage.used{$Organization_ID}",
            "on_right_yaxis": false,
            "style": {
              "line_width": "normal",
              "palette": "purple",
              "line_type": "solid"
            },
            "display_type": "area"
          }
        ],
        "type": "timeseries"
      },
      "layout": {
        "y": 177,
        "width": 40,
        "x": 24,
        "height": 15
      },
      "id": 82
    },
    {
      "definition": {
        "title_size": "16",
        "legend_columns": [
          "avg",
          "min",
          "max",
          "value",
          "sum"
        ],
        "yaxis": {
          "include_zero": true,
          "label": "",
          "scale": "linear",
          "min": "auto",
          "max": "auto"
        },
        "title_align": "left",
        "markers": [],
        "legend_layout": "auto",
        "show_legend": true,
        "title": "OneDrive Storage Used",
        "requests": [
          {
            "q": "avg:rapdev.o365.onedrive.storage.allocated{$Organization_ID}",
            "on_right_yaxis": false,
            "style": {
              "line_width": "normal",
              "palette": "dog_classic",
              "line_type": "solid"
            },
            "display_type": "area"
          },
          {
            "q": "avg:rapdev.o365.onedrive.storage.used{$Organization_ID}",
            "on_right_yaxis": false,
            "style": {
              "line_width": "normal",
              "palette": "purple",
              "line_type": "solid"
            },
            "display_type": "area"
          }
        ],
        "type": "timeseries"
      },
      "layout": {
        "y": 220,
        "width": 40,
        "x": 24,
        "height": 15
      },
      "id": 83
    },
    {
      "definition": {
        "title_size": "16",
        "legend_columns": [
          "avg",
          "min",
          "max",
          "value",
          "sum"
        ],
        "yaxis": {
          "include_zero": true,
          "label": "",
          "scale": "linear",
          "min": "auto",
          "max": "auto"
        },
        "title_align": "left",
        "markers": [],
        "legend_layout": "auto",
        "show_legend": true,
        "title": "OneDrive Files Shared",
        "requests": [
          {
            "q": "avg:rapdev.o365.onedrive.activity.files{activity:shared_externally,$Organization_ID}",
            "on_right_yaxis": false,
            "style": {
              "line_width": "normal",
              "palette": "warm",
              "line_type": "solid"
            },
            "display_type": "bars"
          },
          {
            "q": "avg:rapdev.o365.onedrive.activity.files{activity:shared_internally,$Organization_ID}",
            "on_right_yaxis": false,
            "style": {
              "line_width": "normal",
              "palette": "cool",
              "line_type": "solid"
            },
            "display_type": "bars"
          }
        ],
        "type": "timeseries"
      },
      "layout": {
        "y": 220,
        "width": 35,
        "x": 65,
        "height": 15
      },
      "id": 84
    }
  ],
  "layout_type": "free"
}