{
  "notify_list": null,
  "description": "This RapDev SNMP Device Inventory dashboard was created by RapDev. Clone this dashboard                 to make changes and add your own metrics. (cloned)",
  "restricted_roles": [],
  "template_variables": [
    {
      "default": "*",
      "prefix": "location",
      "name": "Datacenter"
    },
    {
      "default": "*",
      "prefix": "manufacturer",
      "name": "Manufacturer"
    },
    {
      "default": "*",
      "prefix": "sysname",
      "name": "SystemName"
    },
    {
      "default": "*",
      "prefix": "modelname",
      "name": "ModelName"
    },
    {
      "default": "*",
      "prefix": "snmp_device",
      "name": "IP"
    }
  ],
  "is_read_only": false,
  "title": "RapDev SNMP Device Inventory (cloned)",
  "widgets": [
    {
      "definition": {
        "custom_links": [],
        "title_size": "16",
        "title": "SNMP Device Inventory",
        "title_align": "left",
        "requests": [
          {
            "q": "avg:snmp.sysUpTimeInstance{$Datacenter,$Manufacturer,$IP,$SystemName,$ModelName} by {snmp_device,sysname,manufacturer,chassisversion,softwareversion,serialnumber,modelname}",
            "aggregator": "avg",
            "limit": 50,
            "order": "desc",
            "alias": "Uptime"
          }
        ],
        "type": "query_table"
      },
      "layout": {
        "y": 0,
        "x": 0,
        "height": 72,
        "width": 118
      },
      "id": 0
    }
  ],
  "layout_type": "free"
}