{
  "notify_list": null,
  "description": "## Title\n\nDescribe this dashboard. Add links to other dashboards, monitors, wikis,  and docs to help your teammates. Markdown is supported.\n\n- [This might link to a dashboard](#)\n- [This might link to a wiki](#)",
  "restricted_roles": [],
  "template_variables": [
    {
      "default": "*",
      "prefix": "subscription_id",
      "name": "subscription",
      "available_values": []
    },
    {
      "default": "*",
      "prefix": "subscription_name",
      "name": "subscription_name",
      "available_values": []
    },
    {
      "default": "*",
      "prefix": "resource_group",
      "name": "resource_group",
      "available_values": []
    },
    {
      "default": "*",
      "prefix": "region",
      "name": "region",
      "available_values": []
    }
  ],
  "is_read_only": false,
  "title": "[TEMPLATE] - Azure PostgreSQL Status Page",
  "reflow_type": "fixed",
  "widgets": [
    {
      "definition": {
        "url": "/static/images/logos/azure-db-for-postgresql_avatar.svg",
        "sizing": "fit",
        "margin": "large",
        "type": "image"
      },
      "layout": {
        "y": 0,
        "x": 0,
        "width": 1,
        "height": 1
      },
      "id": 7143902200517262
    },
    {
      "definition": {
        "font_size": "24",
        "background_color": "blue",
        "type": "note",
        "tick_edge": "left",
        "text_align": "center",
        "content": "Storage Overview",
        "vertical_align": "center",
        "has_padding": true,
        "show_tick": false,
        "tick_pos": "50%"
      },
      "layout": {
        "y": 0,
        "x": 1,
        "width": 11,
        "height": 1
      },
      "id": 5921692898608206
    },
    {
      "definition": {
        "title_size": "16",
        "legend_columns": [
          "avg",
          "min",
          "max",
          "value",
          "sum"
        ],
        "yaxis": {
          "include_zero": true,
          "label": "",
          "scale": "linear",
          "min": "auto",
          "max": "auto"
        },
        "title_align": "left",
        "markers": [],
        "legend_layout": "auto",
        "show_legend": false,
        "title": "Storage percent by DB",
        "requests": [
          {
            "style": {
              "line_width": "normal",
              "palette": "green",
              "line_type": "solid"
            },
            "display_type": "line",
            "response_format": "timeseries",
            "queries": [
              {
                "query": "avg:azure.dbforpostgresql_servers.storage_percent{*,$subscription,$resource_group,$region,$subscription_name} by {name}",
                "data_source": "metrics",
                "name": "query1"
              }
            ]
          }
        ],
        "type": "timeseries"
      },
      "layout": {
        "y": 1,
        "x": 0,
        "width": 4,
        "height": 2
      },
      "id": 5250810936278034
    },
    {
      "definition": {
        "title_size": "16",
        "legend_columns": [
          "avg",
          "min",
          "max",
          "value",
          "sum"
        ],
        "yaxis": {
          "include_zero": true,
          "label": "",
          "scale": "linear",
          "min": "auto",
          "max": "auto"
        },
        "title_align": "left",
        "markers": [],
        "legend_layout": "auto",
        "show_legend": false,
        "title": "Storage used by DB",
        "requests": [
          {
            "style": {
              "line_width": "normal",
              "palette": "dog_classic",
              "line_type": "solid"
            },
            "display_type": "line",
            "response_format": "timeseries",
            "queries": [
              {
                "query": "avg:azure.dbforpostgresql_servers.storage_used{*,$subscription,$resource_group,$region,$subscription_name} by {name}",
                "data_source": "metrics",
                "name": "query1"
              }
            ]
          }
        ],
        "type": "timeseries"
      },
      "layout": {
        "y": 1,
        "x": 4,
        "width": 4,
        "height": 2
      },
      "id": 825974407963208
    },
    {
      "definition": {
        "title_size": "16",
        "legend_columns": [
          "avg",
          "min",
          "max",
          "value",
          "sum"
        ],
        "yaxis": {
          "include_zero": true,
          "label": "",
          "scale": "linear",
          "min": "auto",
          "max": "auto"
        },
        "title_align": "left",
        "markers": [],
        "legend_layout": "auto",
        "show_legend": false,
        "title": "Storage limit by DB",
        "requests": [
          {
            "formulas": [
              {
                "formula": "query1"
              }
            ],
            "style": {
              "line_width": "normal",
              "palette": "warm",
              "line_type": "solid"
            },
            "display_type": "line",
            "response_format": "timeseries",
            "queries": [
              {
                "query": "avg:azure.dbforpostgresql_servers.storage_limit{*,$subscription,$resource_group,$region,$subscription_name} by {resource_group,region,subscription_name,env}",
                "data_source": "metrics",
                "name": "query1"
              }
            ]
          }
        ],
        "type": "timeseries"
      },
      "layout": {
        "y": 1,
        "x": 8,
        "width": 4,
        "height": 2
      },
      "id": 2469562995789964
    },
    {
      "definition": {
        "font_size": "24",
        "background_color": "purple",
        "type": "note",
        "tick_edge": "bottom",
        "text_align": "center",
        "content": "Connection Status",
        "vertical_align": "center",
        "has_padding": true,
        "show_tick": false,
        "tick_pos": "50%"
      },
      "layout": {
        "y": 3,
        "x": 0,
        "width": 12,
        "height": 1
      },
      "id": 3701620353158578
    },
    {
      "definition": {
        "title_size": "16",
        "title": "Total Failed Connections",
        "title_align": "left",
        "precision": 2,
        "autoscale": true,
        "requests": [
          {
            "formulas": [
              {
                "formula": "query1"
              }
            ],
            "conditional_formats": [
              {
                "palette": "white_on_red",
                "comparator": ">",
                "value": 0
              },
              {
                "palette": "white_on_green",
                "comparator": "<=",
                "value": 0
              }
            ],
            "response_format": "scalar",
            "queries": [
              {
                "query": "sum:azure.dbforpostgresql_servers.connections_failed{*,$subscription,$resource_group,$region,$subscription_name}.as_count()",
                "data_source": "metrics",
                "name": "query1",
                "aggregator": "last"
              }
            ]
          }
        ],
        "type": "query_value"
      },
      "layout": {
        "y": 4,
        "x": 0,
        "width": 4,
        "height": 2
      },
      "id": 1161964895626890
    },
    {
      "definition": {
        "title_size": "16",
        "legend_columns": [
          "avg",
          "min",
          "max",
          "value",
          "sum"
        ],
        "yaxis": {
          "include_zero": true,
          "label": "",
          "scale": "linear",
          "min": "auto",
          "max": "auto"
        },
        "title_align": "left",
        "markers": [],
        "legend_layout": "auto",
        "show_legend": false,
        "title": "Failed connections by DB",
        "requests": [
          {
            "style": {
              "line_width": "normal",
              "palette": "dog_classic",
              "line_type": "solid"
            },
            "display_type": "bars",
            "response_format": "timeseries",
            "queries": [
              {
                "query": "avg:azure.dbforpostgresql_servers.connections_failed{*,$subscription,$resource_group,$region,$subscription_name} by {name}.as_count()",
                "data_source": "metrics",
                "name": "query1"
              }
            ]
          }
        ],
        "type": "timeseries"
      },
      "layout": {
        "y": 4,
        "x": 4,
        "width": 4,
        "height": 2
      },
      "id": 8867631991128310
    },
    {
      "definition": {
        "title_size": "16",
        "title": "Total Active Connections",
        "title_align": "left",
        "precision": 2,
        "autoscale": true,
        "requests": [
          {
            "response_format": "scalar",
            "queries": [
              {
                "query": "sum:azure.dbforpostgresql_servers.active_connections{*,$subscription,$resource_group,$region,$subscription_name}.as_count()",
                "data_source": "metrics",
                "name": "query1",
                "aggregator": "last"
              }
            ]
          }
        ],
        "type": "query_value"
      },
      "layout": {
        "y": 4,
        "x": 8,
        "width": 4,
        "height": 2
      },
      "id": 8952146814098236
    },
    {
      "definition": {
        "font_size": "24",
        "background_color": "orange",
        "type": "note",
        "tick_edge": "bottom",
        "text_align": "center",
        "content": "Resource Status",
        "vertical_align": "center",
        "has_padding": true,
        "show_tick": false,
        "tick_pos": "50%"
      },
      "layout": {
        "y": 6,
        "x": 0,
        "width": 12,
        "height": 1
      },
      "id": 2582590207506384
    },
    {
      "definition": {
        "title_size": "16",
        "legend_columns": [
          "avg",
          "min",
          "max",
          "value",
          "sum"
        ],
        "yaxis": {
          "include_zero": true,
          "label": "",
          "scale": "linear",
          "min": "auto",
          "max": "auto"
        },
        "title_align": "left",
        "markers": [],
        "legend_layout": "auto",
        "show_legend": false,
        "title": "Memory percent by DB",
        "requests": [
          {
            "formulas": [
              {
                "formula": "query1"
              }
            ],
            "style": {
              "line_width": "normal",
              "palette": "warm",
              "line_type": "solid"
            },
            "display_type": "line",
            "response_format": "timeseries",
            "queries": [
              {
                "query": "avg:azure.dbforpostgresql_servers.memory_percent{*,$subscription,$resource_group,$region,$subscription_name} by {resource_group,region,subscription_name}",
                "data_source": "metrics",
                "name": "query1"
              }
            ]
          }
        ],
        "type": "timeseries"
      },
      "layout": {
        "y": 7,
        "x": 0,
        "width": 4,
        "height": 2
      },
      "id": 8228646517908264
    },
    {
      "definition": {
        "title_size": "16",
        "legend_columns": [
          "avg",
          "min",
          "max",
          "value",
          "sum"
        ],
        "yaxis": {
          "include_zero": true,
          "label": "",
          "scale": "linear",
          "min": "auto",
          "max": "auto"
        },
        "title_align": "left",
        "markers": [],
        "legend_layout": "auto",
        "show_legend": false,
        "title": "CPU by DB",
        "requests": [
          {
            "style": {
              "line_width": "normal",
              "palette": "warm",
              "line_type": "solid"
            },
            "display_type": "line",
            "response_format": "timeseries",
            "queries": [
              {
                "query": "sum:azure.dbforpostgresql_servers.cpu_percent{*,$subscription,$resource_group,$region,$subscription_name} by {name}",
                "data_source": "metrics",
                "name": "query1"
              }
            ]
          }
        ],
        "type": "timeseries"
      },
      "layout": {
        "y": 7,
        "x": 4,
        "width": 4,
        "height": 2
      },
      "id": 5873452776773624
    },
    {
      "definition": {
        "title_size": "16",
        "legend_columns": [
          "avg",
          "min",
          "max",
          "value",
          "sum"
        ],
        "yaxis": {
          "include_zero": true,
          "label": "",
          "scale": "linear",
          "min": "auto",
          "max": "auto"
        },
        "title_align": "left",
        "markers": [],
        "legend_layout": "auto",
        "show_legend": false,
        "title": "IO consumption percent by DB",
        "requests": [
          {
            "style": {
              "line_width": "normal",
              "palette": "warm",
              "line_type": "solid"
            },
            "display_type": "line",
            "response_format": "timeseries",
            "queries": [
              {
                "query": "avg:azure.dbforpostgresql_servers.io_consumption_percent{*,$subscription,$resource_group,$region,$subscription_name} by {name}",
                "data_source": "metrics",
                "name": "query1"
              }
            ]
          }
        ],
        "type": "timeseries"
      },
      "layout": {
        "y": 7,
        "x": 8,
        "width": 4,
        "height": 2
      },
      "id": 476560855453144
    },
    {
      "definition": {
        "show_tick": true,
        "background_color": "yellow",
        "type": "note",
        "tick_edge": "bottom",
        "text_align": "center",
        "content": "Network",
        "font_size": "16",
        "tick_pos": "50%"
      },
      "layout": {
        "y": 9,
        "x": 0,
        "width": 12,
        "height": 1
      },
      "id": 751087611696796
    },
    {
      "definition": {
        "title_size": "16",
        "legend_columns": [
          "avg",
          "min",
          "max",
          "value",
          "sum"
        ],
        "yaxis": {
          "include_zero": true,
          "label": "",
          "scale": "linear",
          "min": "auto",
          "max": "auto"
        },
        "title_align": "left",
        "markers": [],
        "legend_layout": "auto",
        "show_legend": false,
        "title": "Network egress by DB",
        "requests": [
          {
            "style": {
              "line_width": "normal",
              "palette": "dog_classic",
              "line_type": "solid"
            },
            "display_type": "line",
            "response_format": "timeseries",
            "queries": [
              {
                "query": "avg:azure.dbforpostgresql_servers.network_bytes_egress{*,$subscription,$resource_group,$region,$subscription_name} by {name}",
                "data_source": "metrics",
                "name": "query1"
              }
            ]
          }
        ],
        "type": "timeseries"
      },
      "layout": {
        "y": 10,
        "x": 0,
        "width": 6,
        "height": 2
      },
      "id": 3977866056542744
    },
    {
      "definition": {
        "title_size": "16",
        "legend_columns": [
          "avg",
          "min",
          "max",
          "value",
          "sum"
        ],
        "yaxis": {
          "include_zero": true,
          "label": "",
          "scale": "linear",
          "min": "auto",
          "max": "auto"
        },
        "title_align": "left",
        "markers": [],
        "legend_layout": "auto",
        "show_legend": false,
        "title": "Network ingress by DB",
        "requests": [
          {
            "style": {
              "line_width": "normal",
              "palette": "dog_classic",
              "line_type": "solid"
            },
            "display_type": "line",
            "response_format": "timeseries",
            "queries": [
              {
                "query": "avg:azure.dbforpostgresql_servers.network_bytes_ingress{*,$subscription,$resource_group,$region,$subscription_name} by {name}",
                "data_source": "metrics",
                "name": "query1"
              }
            ]
          }
        ],
        "type": "timeseries"
      },
      "layout": {
        "y": 10,
        "x": 6,
        "width": 6,
        "height": 2
      },
      "id": 6384646930046002
    }
  ],
  "layout_type": "ordered"
}