{
  "notify_list": [],
  "description": "",
  "restricted_roles": [],
  "template_variables": [
    {
      "default": "*",
      "prefix": "region",
      "name": "Region"
    },
    {
      "default": "*",
      "prefix": "aws_account",
      "name": "aws_account"
    },
    {
      "default": "*",
      "prefix": "environment",
      "name": "Environment"
    }
  ],
  "is_read_only": false,
  "title": "Merck AWS Overview",
  "widgets": [
    {
      "definition": {
        "title_size": "16",
        "title": "AWS VMs",
        "title_align": "left",
        "text_align": "center",
        "precision": 0,
        "time": {
          "live_span": "1h"
        },
        "autoscale": true,
        "requests": [
          {
            "q": "sum:aws.ec2.host_ok{$Region}",
            "aggregator": "last"
          }
        ],
        "type": "query_value"
      },
      "layout": {
        "y": 0,
        "width": 18,
        "x": 0,
        "height": 10
      },
      "id": 7037786442861101
    },
    {
      "definition": {
        "title_size": "16",
        "title": "EC2 Up/Down Status",
        "title_align": "center",
        "group_by": [],
        "type": "check_status",
        "check": "aws.ec2.host_status",
        "tags": [
          "*"
        ],
        "grouping": "cluster"
      },
      "layout": {
        "y": 0,
        "width": 18,
        "x": 38,
        "height": 10
      },
      "id": 5427050231083686
    },
    {
      "definition": {
        "title_size": "16",
        "yaxis": {
          "include_zero": true,
          "label": "",
          "scale": "linear",
          "min": "auto",
          "max": "auto"
        },
        "title_align": "left",
        "markers": [],
        "show_legend": false,
        "time": {},
        "title": "EC2 CPU Utilization",
        "requests": [
          {
            "q": "avg:aws.ec2.cpuutilization{$aws_account,$Region,$Environment} by {application}",
            "style": {
              "line_width": "normal",
              "palette": "dog_classic",
              "line_type": "solid"
            },
            "display_type": "line"
          }
        ],
        "type": "timeseries"
      },
      "layout": {
        "y": 23,
        "width": 47,
        "x": 48,
        "height": 15
      },
      "id": 2030223717052646
    },
    {
      "definition": {
        "autoscale": true,
        "title": "AWS Resource Usage",
        "title_align": "left",
        "precision": 0,
        "time": {},
        "title_size": "16",
        "requests": [
          {
            "q": "avg:aws.usage.resource_count{*}.as_count()",
            "aggregator": "last"
          }
        ],
        "type": "query_value"
      },
      "layout": {
        "y": 0,
        "width": 18,
        "x": 19,
        "height": 10
      },
      "id": 5974044656982
    },
    {
      "definition": {
        "title_size": "16",
        "title": "AWS Events",
        "title_align": "left",
        "tags_execution": "and",
        "query": "source:amazon_web_services",
        "type": "event_stream",
        "event_size": "s"
      },
      "layout": {
        "y": 11,
        "width": 47,
        "x": 0,
        "height": 51
      },
      "id": 2002719192898712
    }
  ],
  "layout_type": "free"
}