{
  "notify_list": [],
  "description": "",
  "restricted_roles": [
    "98e01fcc-2a12-11e9-a54b-03f391a16a77"
  ],
  "template_variables": [],
  "is_read_only": true,
  "title": "Colo Device Dashboard",
  "reflow_type": "fixed",
  "widgets": [
    {
      "definition": {
        "type": "toplist",
        "requests": [
          {
            "formulas": [
              {
                "formula": "query1",
                "limit": {
                  "count": 10,
                  "order": "desc"
                }
              }
            ],
            "conditional_formats": [
              {
                "palette": "white_on_green",
                "value": 25.0,
                "comparator": "<"
              },
              {
                "palette": "white_on_yellow",
                "value": 25.0,
                "comparator": ">"
              },
              {
                "palette": "white_on_green",
                "value": 50.0,
                "comparator": ">"
              }
            ],
            "response_format": "scalar",
            "queries": [
              {
                "aggregator": "avg",
                "data_source": "metrics",
                "name": "query1",
                "query": "avg:snmp.hrProcessorLoad{msknetwork:true,msknetdevtype:colo} by {snmp_host}"
              }
            ]
          }
        ],
        "title_align": "left",
        "title_size": "16",
        "title": "CPU Utilization (%)"
      },
      "layout": {
        "y": 0,
        "width": 4,
        "x": 0,
        "height": 2
      },
      "id": 7028432339190400
    },
    {
      "definition": {
        "title_size": "16",
        "yaxis": {
          "include_zero": true,
          "label": "",
          "scale": "linear",
          "min": "auto",
          "max": "auto"
        },
        "title_align": "left",
        "markers": [],
        "show_legend": false,
        "title": "CPU Utilization (%)",
        "requests": [
          {
            "formulas": [
              {
                "formula": "query1"
              }
            ],
            "style": {
              "line_width": "normal",
              "palette": "dog_classic",
              "line_type": "solid"
            },
            "display_type": "line",
            "response_format": "timeseries",
            "queries": [
              {
                "query": "avg:snmp.hrProcessorLoad{msknetwork:true,msknetdevtype:colo} by {snmp_host}",
                "data_source": "metrics",
                "name": "query1"
              }
            ]
          }
        ],
        "type": "timeseries"
      },
      "layout": {
        "y": 0,
        "width": 8,
        "x": 4,
        "height": 2
      },
      "id": 6048595358790925
    },
    {
      "definition": {
        "font_size": "14",
        "background_color": "white",
        "has_padding": true,
        "tick_edge": "left",
        "text_align": "left",
        "content": "## NNM Links\n[60 Hudson](http://plvemsnnmi1/nnm/launch?cmd=showForm&objtype=Node&nodename=60Hudson-05-mtnpe-01.mskcc.org)\n\n[111 Eighth](http://plvemsnnmi1/nnm/launch?cmd=showForm&objtype=Node&nodename=111Eighth-07-mtnpe-01.mskcc.org)\n\n[755 Secaucus](http://plvemsnnmi1/nnm/launch?cmd=showForm&objtype=Node&nodename=755Secaucus-01-mtnpe-01.mskcc.org)\n\n[165 Halsey](http://plvemsnnmi1/nnm/launch?cmd=showForm&objtype=Node&nodename=165Halsey-09-mtnpe-01.mskcc.org)",
        "vertical_align": "top",
        "type": "note",
        "show_tick": false,
        "tick_pos": "50%"
      },
      "layout": {
        "y": 2,
        "width": 2,
        "x": 0,
        "height": 3
      },
      "id": 6056803959227075
    },
    {
      "definition": {
        "type": "toplist",
        "requests": [
          {
            "formulas": [
              {
                "formula": "query1",
                "limit": {
                  "count": 10,
                  "order": "desc"
                }
              }
            ],
            "conditional_formats": [
              {
                "palette": "white_on_yellow",
                "value": 2.0,
                "comparator": ">"
              },
              {
                "palette": "white_on_green",
                "value": 2.0,
                "comparator": "<"
              },
              {
                "palette": "white_on_red",
                "value": 5.0,
                "comparator": ">"
              }
            ],
            "response_format": "scalar",
            "queries": [
              {
                "aggregator": "avg",
                "data_source": "metrics",
                "name": "query1",
                "query": "avg:snmp.ifBandwidthInUsage.rate{msknetwork:true,msknetdevtype:colo} by {snmp_host,interface}"
              }
            ]
          }
        ],
        "title_align": "left",
        "title_size": "16",
        "title": "Bandwidth In Usage Rate"
      },
      "layout": {
        "y": 2,
        "width": 5,
        "x": 2,
        "height": 3
      },
      "id": 1667370110187018
    },
    {
      "definition": {
        "type": "toplist",
        "requests": [
          {
            "formulas": [
              {
                "formula": "query1",
                "limit": {
                  "count": 10,
                  "order": "desc"
                }
              }
            ],
            "conditional_formats": [
              {
                "palette": "white_on_yellow",
                "value": 2.0,
                "comparator": ">"
              },
              {
                "palette": "white_on_green",
                "value": 2.0,
                "comparator": "<"
              },
              {
                "palette": "white_on_red",
                "value": 5.0,
                "comparator": ">"
              }
            ],
            "response_format": "scalar",
            "queries": [
              {
                "aggregator": "avg",
                "data_source": "metrics",
                "name": "query1",
                "query": "avg:snmp.ifBandwidthOutUsage.rate{msknetwork:true,msknetdevtype:colo} by {snmp_host,interface}"
              }
            ]
          }
        ],
        "title_align": "left",
        "title_size": "16",
        "title": "Bandwidth Out Usage Rate"
      },
      "layout": {
        "y": 2,
        "width": 5,
        "x": 7,
        "height": 3
      },
      "id": 6021694671802814
    },
    {
      "definition": {
        "title_size": "16",
        "legend_columns": [
          "avg",
          "min",
          "max",
          "value",
          "sum"
        ],
        "yaxis": {
          "include_zero": true,
          "label": "",
          "scale": "linear",
          "min": "auto",
          "max": "auto"
        },
        "title_align": "left",
        "markers": [],
        "legend_layout": "auto",
        "show_legend": false,
        "title": "Total Bandwidth Usage",
        "requests": [
          {
            "formulas": [
              {
                "formula": "query1 + query2"
              }
            ],
            "style": {
              "line_width": "normal",
              "palette": "dog_classic",
              "line_type": "solid"
            },
            "display_type": "line",
            "response_format": "timeseries",
            "queries": [
              {
                "query": "avg:snmp.ifBandwidthInUsage.rate{msknetwork:true,msknetdevtype:colo} by {snmp_host}",
                "data_source": "metrics",
                "name": "query1"
              },
              {
                "query": "avg:snmp.ifBandwidthOutUsage.rate{msknetwork:true,msknetdevtype:colo} by {snmp_host}",
                "data_source": "metrics",
                "name": "query2"
              }
            ]
          }
        ],
        "type": "timeseries"
      },
      "layout": {
        "y": 5,
        "width": 12,
        "x": 0,
        "height": 3
      },
      "id": 3591597767405477
    },
    {
      "definition": {
        "title": "Interface Metrics",
        "background_color": "green",
        "show_title": true,
        "widgets": [
          {
            "definition": {
              "custom_links": [
                {
                  "link": "/screen/integration/Interface%20Performance?from_ts=1602800672906&live=true&to_ts=1602804272906&tpl_var_snmp_host={{snmp_host.value}}&tpl_var_interface={{interface.value}}",
                  "label": "Interface Performance"
                }
              ],
              "title_size": "16",
              "title": "Top Bandwidth by Interface (outbound) ",
              "title_align": "left",
              "requests": [
                {
                  "formulas": [
                    {
                      "formula": "query1",
                      "limit": {
                        "count": 5,
                        "order": "desc"
                      }
                    }
                  ],
                  "response_format": "scalar",
                  "queries": [
                    {
                      "aggregator": "avg",
                      "data_source": "metrics",
                      "name": "query1",
                      "query": "avg:snmp.ifBandwidthOutUsage.rate{msknetdevtype:colo,*} by {snmp_host,interface}"
                    }
                  ]
                }
              ],
              "type": "toplist"
            },
            "layout": {
              "y": 0,
              "width": 4,
              "x": 0,
              "height": 2
            },
            "id": 2798314384850814
          },
          {
            "definition": {
              "custom_links": [
                {
                  "link": "/screen/integration/Interface%20Performance?from_ts=1602800672906&live=true&to_ts=1602804272906&tpl_var_snmp_host={{snmp_host.value}}&tpl_var_interface={{interface.value}}",
                  "label": "Interface Performance"
                }
              ],
              "title_size": "16",
              "yaxis": {
                "include_zero": true,
                "label": "",
                "scale": "linear",
                "min": "auto",
                "max": "auto"
              },
              "title_align": "left",
              "markers": [],
              "show_legend": false,
              "title": "Top Bandwidth by Interface (outbound) ",
              "requests": [
                {
                  "formulas": [
                    {
                      "formula": "query1"
                    }
                  ],
                  "style": {
                    "line_width": "normal",
                    "palette": "dog_classic",
                    "line_type": "solid"
                  },
                  "display_type": "line",
                  "response_format": "timeseries",
                  "queries": [
                    {
                      "query": "avg:snmp.ifBandwidthOutUsage.rate{msknetdevtype:colo,*} by {snmp_host,interface}",
                      "data_source": "metrics",
                      "name": "query1"
                    }
                  ]
                }
              ],
              "type": "timeseries"
            },
            "layout": {
              "y": 0,
              "width": 8,
              "x": 4,
              "height": 2
            },
            "id": 1190427039144493
          },
          {
            "definition": {
              "custom_links": [
                {
                  "link": "/screen/integration/Interface%20Performance?from_ts=1611075730040&live=true&to_ts=1611079330040&tpl_var_snmp_host={{snmp_host.value}}&tpl_var_interface={{interface.value}}",
                  "label": "Interface Performance"
                }
              ],
              "title_size": "16",
              "title": "Top Bandwidth by Interface (inbound)",
              "title_align": "left",
              "requests": [
                {
                  "formulas": [
                    {
                      "formula": "query1",
                      "limit": {
                        "count": 5,
                        "order": "desc"
                      }
                    }
                  ],
                  "response_format": "scalar",
                  "queries": [
                    {
                      "aggregator": "avg",
                      "data_source": "metrics",
                      "name": "query1",
                      "query": "avg:snmp.ifBandwidthInUsage.rate{msknetdevtype:colo,*} by {snmp_host,interface}"
                    }
                  ]
                }
              ],
              "type": "toplist"
            },
            "layout": {
              "y": 2,
              "width": 4,
              "x": 0,
              "height": 2
            },
            "id": 1052074388512522
          },
          {
            "definition": {
              "custom_links": [
                {
                  "link": "/screen/integration/Interface%20Performance?from_ts=1611075730040&live=true&to_ts=1611079330040&tpl_var_snmp_host={{snmp_host.value}}&tpl_var_interface={{interface.value}}",
                  "label": "Interface Performance"
                }
              ],
              "title_size": "16",
              "yaxis": {
                "include_zero": true,
                "label": "",
                "scale": "linear",
                "min": "auto",
                "max": "auto"
              },
              "title_align": "left",
              "markers": [],
              "show_legend": false,
              "title": "Top Bandwidth by Interface (inbound)",
              "requests": [
                {
                  "formulas": [
                    {
                      "formula": "query1"
                    }
                  ],
                  "style": {
                    "line_width": "normal",
                    "palette": "dog_classic",
                    "line_type": "solid"
                  },
                  "display_type": "line",
                  "response_format": "timeseries",
                  "queries": [
                    {
                      "query": "avg:snmp.ifBandwidthInUsage.rate{msknetdevtype:colo,*} by {snmp_host,interface}",
                      "data_source": "metrics",
                      "name": "query1"
                    }
                  ]
                }
              ],
              "type": "timeseries"
            },
            "layout": {
              "y": 2,
              "width": 8,
              "x": 4,
              "height": 2
            },
            "id": 4097658690198304
          },
          {
            "definition": {
              "custom_links": [
                {
                  "link": "/screen/integration/Interface%20Performance?from_ts=1602800672906&live=true&to_ts=1602804272906&tpl_var_snmp_host={{snmp_host.value}}&tpl_var_interface={{interface.value}}",
                  "label": "Interface Performance"
                }
              ],
              "title_size": "16",
              "title": "Interfaces with the Most Discarded Packets",
              "title_align": "left",
              "requests": [
                {
                  "formulas": [
                    {
                      "formula": "query1 + query2",
                      "limit": {
                        "count": 5,
                        "order": "desc"
                      }
                    }
                  ],
                  "response_format": "scalar",
                  "queries": [
                    {
                      "aggregator": "avg",
                      "data_source": "metrics",
                      "name": "query1",
                      "query": "avg:snmp.ifInDiscards{msknetdevtype:colo,*} by {snmp_host,interface}.as_count()"
                    },
                    {
                      "aggregator": "avg",
                      "data_source": "metrics",
                      "name": "query2",
                      "query": "avg:snmp.ifOutDiscards{msknetdevtype:colo,*} by {snmp_host,interface}.as_count()"
                    }
                  ]
                }
              ],
              "type": "toplist"
            },
            "layout": {
              "y": 4,
              "width": 6,
              "x": 0,
              "height": 2
            },
            "id": 3880870674157676
          },
          {
            "definition": {
              "custom_links": [
                {
                  "link": "/screen/integration/Interface%20Performance?from_ts=1602800672906&live=true&to_ts=1602804272906&tpl_var_snmp_host={{snmp_host.value}}&tpl_var_interface={{interface.value}}",
                  "label": "Interface Performance"
                }
              ],
              "title_size": "16",
              "title": "Interfaces with the Most Errors",
              "title_align": "left",
              "requests": [
                {
                  "formulas": [
                    {
                      "formula": "query1 + query2",
                      "limit": {
                        "count": 5,
                        "order": "desc"
                      }
                    }
                  ],
                  "response_format": "scalar",
                  "queries": [
                    {
                      "aggregator": "avg",
                      "data_source": "metrics",
                      "name": "query1",
                      "query": "avg:snmp.ifInErrors{msknetdevtype:colo,*} by {snmp_host,interface}.as_count()"
                    },
                    {
                      "aggregator": "avg",
                      "data_source": "metrics",
                      "name": "query2",
                      "query": "avg:snmp.ifOutErrors{msknetdevtype:colo,*} by {snmp_host,interface}.as_count()"
                    }
                  ]
                }
              ],
              "type": "toplist"
            },
            "layout": {
              "y": 4,
              "width": 6,
              "x": 6,
              "height": 2
            },
            "id": 6382725267068834
          }
        ],
        "layout_type": "ordered",
        "type": "group"
      },
      "layout": {
        "y": 8,
        "width": 12,
        "x": 0,
        "height": 7
      },
      "id": 5841775131526799
    },
    {
      "definition": {
        "custom_links": [
          {
            "link": "/screen/integration/Interface%20Performance?from_ts=1602800672906&live=true&to_ts=1602804272906&tpl_var_snmp_host={{snmp_host.value}}&tpl_var_snmp_device={{snmp_device.value}}",
            "label": "Interface Performance"
          }
        ],
        "title_size": "16",
        "title": "Device Inventory",
        "title_align": "left",
        "has_search_bar": "auto",
        "requests": [
          {
            "aggregator": "max",
            "conditional_formats": [
              {
                "palette": "red_on_white",
                "value": 1.0,
                "comparator": "<"
              }
            ],
            "order": "asc",
            "q": "max:snmp.sysUpTimeInstance{msknetdevtype:colo} by {snmp_device,snmp_host}/8640000",
            "alias": "uptime (days)",
            "limit": 100,
            "cell_display_mode": [
              "bar"
            ]
          }
        ],
        "type": "query_table"
      },
      "layout": {
        "y": 0,
        "width": 5,
        "is_column_break": true,
        "x": 0,
        "height": 3
      },
      "id": 5041591885891011
    },
    {
      "definition": {
        "title_size": "16",
        "title": "Colo Alerts",
        "title_align": "left",
        "tags_execution": "and",
        "query": "tags:\"mskalerttype:colo\"",
        "type": "event_timeline"
      },
      "layout": {
        "y": 0,
        "width": 7,
        "x": 5,
        "height": 3
      },
      "id": 8222266623009400
    },
    {
      "definition": {
        "title_size": "16",
        "title": "Colo Alert Stream",
        "title_align": "left",
        "tags_execution": "and",
        "query": "tags:\"mskalerttype:colo\"",
        "type": "event_stream",
        "event_size": "s"
      },
      "layout": {
        "y": 3,
        "width": 12,
        "x": 0,
        "height": 5
      },
      "id": 1140231186900689
    }
  ],
  "layout_type": "ordered"
}