{
  "notify_list": [],
  "description": "",
  "restricted_roles": [],
  "template_variables": [
    {
      "default": "*",
      "prefix": "location",
      "name": "Datacenter"
    },
    {
      "default": "*",
      "prefix": "manufacturer",
      "name": "Manufacturer"
    },
    {
      "default": "*",
      "prefix": "sysname",
      "name": "SystemName"
    },
    {
      "default": "*",
      "prefix": "modelname",
      "name": "ModelName"
    },
    {
      "default": "*",
      "prefix": "snmp_device",
      "name": "IP"
    },
    {
      "default": "*",
      "prefix": "host",
      "name": "host"
    }
  ],
  "is_read_only": false,
  "title": "RapDev SNMP Device Inventory DEMO",
  "widgets": [
    {
      "definition": {
        "type": "query_table",
        "requests": [
          {
            "q": "avg:snmp.sysUpTimeInstance{$Datacenter,$Manufacturer,$IP,$SystemName,$ModelName} by {snmp_device,sysname,manufacturer,chassisversion,softwareversion,serialnumber,modelname,host}",
            "alias": "Uptime",
            "limit": 100,
            "order": "desc",
            "aggregator": "avg"
          }
        ],
        "title_align": "left",
        "title_size": "16",
        "title": "SNMP Device Inventory"
      },
      "layout": {
        "y": 32,
        "x": -4,
        "height": 89,
        "width": 104
      },
      "id": 752631267578176
    },
    {
      "definition": {
        "url": "https://hlassets.paessler.com/common/files/blog/2017/snmp-1-fb.png",
        "sizing": "cover",
        "type": "image"
      },
      "layout": {
        "y": 0,
        "x": 31,
        "height": 15,
        "width": 30
      },
      "id": 834240140891402
    },
    {
      "definition": {
        "url": "https://files.rapdev.io/images/rapdev-dash-logo.png",
        "sizing": "fit",
        "type": "image"
      },
      "layout": {
        "y": 0,
        "x": 0,
        "height": 15,
        "width": 30
      },
      "id": 2191146690107730
    },
    {
      "definition": {
        "autoscale": true,
        "title": "Total Monitored SNMP Devices",
        "title_align": "left",
        "precision": 2,
        "title_size": "16",
        "requests": [
          {
            "formulas": [
              {
                "formula": "count_not_null(query1)"
              }
            ],
            "response_format": "scalar",
            "queries": [
              {
                "query": "sum:snmp.sysUpTimeInstance{$IP,$Datacenter,$Manufacturer,$SystemName,$ModelName,$host} by {snmp_device,host,sysname,manufacturer,modelname,chassisversion,softwareversion,serialnumber}",
                "data_source": "metrics",
                "name": "query1",
                "aggregator": "sum"
              }
            ]
          }
        ],
        "type": "query_value"
      },
      "layout": {
        "y": 24,
        "x": 0,
        "height": 7,
        "width": 22
      },
      "id": 8207258904979290
    },
    {
      "definition": {
        "title_size": "16",
        "legend_columns": [
          "avg",
          "min",
          "max",
          "value",
          "sum"
        ],
        "yaxis": {
          "include_zero": true,
          "max": "auto",
          "scale": "linear",
          "min": "auto",
          "label": ""
        },
        "title_align": "left",
        "markers": [],
        "legend_layout": "auto",
        "show_legend": true,
        "title": "SNMP CPU Utilization (%)",
        "requests": [
          {
            "formulas": [
              {
                "formula": "query1"
              }
            ],
            "style": {
              "line_width": "normal",
              "palette": "dog_classic",
              "line_type": "solid"
            },
            "response_format": "timeseries",
            "on_right_yaxis": false,
            "display_type": "line",
            "queries": [
              {
                "query": "avg:snmp.CPU.Utilization{$Manufacturer,$Datacenter,$SystemName,$ModelName,$IP,$host} by {chassisversion,host,manufacturer,sysname,modelname,serialnumber,snmp_device,softwareversion}",
                "data_source": "metrics",
                "name": "query1"
              }
            ]
          }
        ],
        "type": "timeseries"
      },
      "layout": {
        "y": 43,
        "x": 136,
        "height": 26,
        "width": 64
      },
      "id": 119815079483398
    },
    {
      "definition": {
        "title_size": "16",
        "legend_columns": [
          "avg",
          "min",
          "max",
          "value",
          "sum"
        ],
        "yaxis": {
          "include_zero": true,
          "max": "auto",
          "scale": "linear",
          "min": "auto",
          "label": ""
        },
        "title_align": "left",
        "markers": [],
        "legend_layout": "auto",
        "show_legend": true,
        "title": "SNMP Memory Utilization",
        "requests": [
          {
            "formulas": [
              {
                "formula": "query1"
              }
            ],
            "style": {
              "line_width": "normal",
              "palette": "dog_classic",
              "line_type": "solid"
            },
            "response_format": "timeseries",
            "on_right_yaxis": false,
            "display_type": "line",
            "queries": [
              {
                "query": "avg:snmp.Memory.Utilization{$Manufacturer,$Datacenter,$SystemName,$ModelName,$IP,$host} by {chassisversion,host,manufacturer,sysname,modelname,serialnumber,snmp_device,softwareversion}",
                "data_source": "metrics",
                "name": "query1"
              }
            ]
          }
        ],
        "type": "timeseries"
      },
      "layout": {
        "y": 70,
        "x": 136,
        "height": 25,
        "width": 64
      },
      "id": 8034638086078744
    },
    {
      "definition": {
        "type": "toplist",
        "requests": [
          {
            "formulas": [
              {
                "formula": "query1",
                "limit": {
                  "count": 10,
                  "order": "desc"
                }
              }
            ],
            "response_format": "scalar",
            "queries": [
              {
                "query": "sum:snmp.Interface.InErrors{$Datacenter,$Manufacturer,$SystemName,$ModelName,$IP,$host} by {snmp_device}.as_count()",
                "data_source": "metrics",
                "name": "query1",
                "aggregator": "last"
              }
            ]
          }
        ],
        "title_align": "left",
        "title_size": "16",
        "title": "Interface With Most Inbound Errors"
      },
      "layout": {
        "y": 16,
        "x": 141,
        "height": 15,
        "width": 29
      },
      "id": 2043060274230902
    },
    {
      "definition": {
        "title_size": "16",
        "title": "Averaged Device Temperature",
        "title_align": "left",
        "custom_unit": "\u00b0F",
        "precision": 2,
        "time": {},
        "autoscale": true,
        "requests": [
          {
            "formulas": [
              {
                "formula": "query1"
              }
            ],
            "response_format": "scalar",
            "queries": [
              {
                "query": "avg:snmp.Temperature{$Datacenter,$Manufacturer,$SystemName,$ModelName,$IP}",
                "data_source": "metrics",
                "name": "query1",
                "aggregator": "avg"
              }
            ]
          }
        ],
        "type": "query_value"
      },
      "layout": {
        "y": 16,
        "x": 23,
        "height": 15,
        "width": 24
      },
      "id": 2992181131317820
    },
    {
      "definition": {
        "title_size": "16",
        "legend_columns": [
          "avg",
          "min",
          "max",
          "value",
          "sum"
        ],
        "yaxis": {
          "include_zero": true,
          "max": "auto",
          "scale": "linear",
          "min": "auto",
          "label": ""
        },
        "title_align": "left",
        "markers": [],
        "legend_layout": "auto",
        "show_legend": true,
        "title": "SNMP Disk Utilization",
        "requests": [
          {
            "formulas": [
              {
                "formula": "query1"
              }
            ],
            "style": {
              "line_width": "normal",
              "palette": "dog_classic",
              "line_type": "solid"
            },
            "response_format": "timeseries",
            "on_right_yaxis": false,
            "display_type": "line",
            "queries": [
              {
                "query": "avg:snmp.Disk.Utilization{$Manufacturer,$Datacenter,$SystemName,$ModelName,$IP,$host} by {chassisversion,host,manufacturer,sysname,modelname,serialnumber,snmp_device,softwareversion}",
                "data_source": "metrics",
                "name": "query1"
              }
            ]
          }
        ],
        "type": "timeseries"
      },
      "layout": {
        "y": 96,
        "x": 136,
        "height": 25,
        "width": 64
      },
      "id": 1524484727220464
    },
    {
      "definition": {
        "autoscale": true,
        "title": "Active Hosts with Devices",
        "title_align": "left",
        "precision": 2,
        "title_size": "16",
        "requests": [
          {
            "formulas": [
              {
                "formula": "count_not_null(query1)"
              }
            ],
            "conditional_formats": [
              {
                "palette": "white_on_red",
                "value": 7,
                "comparator": ">"
              },
              {
                "palette": "white_on_green",
                "value": 7,
                "comparator": ">="
              }
            ],
            "response_format": "scalar",
            "queries": [
              {
                "query": "sum:snmp.sysUpTimeInstance{$IP,$Datacenter,$Manufacturer,$SystemName,$ModelName,$host} by {host}",
                "data_source": "metrics",
                "name": "query1",
                "aggregator": "sum"
              }
            ]
          }
        ],
        "type": "query_value"
      },
      "layout": {
        "y": 16,
        "x": 0,
        "height": 7,
        "width": 22
      },
      "id": 4404629381495382
    },
    {
      "definition": {
        "title_size": "16",
        "legend_columns": [
          "avg",
          "min",
          "max",
          "value",
          "sum"
        ],
        "yaxis": {
          "include_zero": true,
          "max": "auto",
          "scale": "linear",
          "min": "auto",
          "label": ""
        },
        "title_align": "left",
        "markers": [],
        "legend_layout": "auto",
        "show_legend": true,
        "title": "Estimated Current Bandwidth",
        "requests": [
          {
            "formulas": [
              {
                "formula": "query"
              }
            ],
            "style": {
              "line_width": "normal",
              "palette": "dog_classic",
              "line_type": "solid"
            },
            "display_type": "line",
            "response_format": "timeseries",
            "queries": [
              {
                "query": "avg:snmp.Interface.Speed{$Datacenter,$Manufacturer,$SystemName,$ModelName,$IP,$host} by {snmp_device}",
                "data_source": "metrics",
                "name": "query"
              }
            ]
          }
        ],
        "type": "timeseries"
      },
      "layout": {
        "y": 16,
        "x": 90,
        "height": 15,
        "width": 50
      },
      "id": 3183593990949884
    },
    {
      "definition": {
        "type": "toplist",
        "requests": [
          {
            "formulas": [
              {
                "formula": "query1",
                "limit": {
                  "count": 10,
                  "order": "desc"
                }
              }
            ],
            "response_format": "scalar",
            "queries": [
              {
                "query": "avg:snmp.CPU.Utilization{$Datacenter,$Manufacturer,$SystemName,$ModelName,$IP,$host} by {snmp_device}",
                "data_source": "metrics",
                "name": "query1",
                "aggregator": "avg"
              }
            ]
          }
        ],
        "title_align": "left",
        "title_size": "16",
        "title": "Device's with Highest CPU Utilization (%)"
      },
      "layout": {
        "y": 43,
        "x": 105,
        "height": 26,
        "width": 30
      },
      "id": 2381603099594320
    },
    {
      "definition": {
        "type": "toplist",
        "requests": [
          {
            "formulas": [
              {
                "formula": "query1",
                "limit": {
                  "count": 10,
                  "order": "desc"
                }
              }
            ],
            "response_format": "scalar",
            "queries": [
              {
                "query": "avg:snmp.Memory.Utilization{$Datacenter,$Manufacturer,$SystemName,$ModelName,$IP,$host} by {snmp_device}",
                "data_source": "metrics",
                "name": "query1",
                "aggregator": "avg"
              }
            ]
          }
        ],
        "title_align": "left",
        "title_size": "16",
        "title": "Devices with HIghest Memory Utilization (%)"
      },
      "layout": {
        "y": 70,
        "x": 105,
        "height": 25,
        "width": 30
      },
      "id": 4114079656317826
    },
    {
      "definition": {
        "type": "toplist",
        "requests": [
          {
            "formulas": [
              {
                "formula": "query1",
                "limit": {
                  "count": 10,
                  "order": "desc"
                }
              }
            ],
            "response_format": "scalar",
            "queries": [
              {
                "query": "sum:snmp.Interface.OutErrors{$Datacenter,$Manufacturer,$SystemName,$ModelName,$IP,$host} by {snmp_device}.as_count()",
                "data_source": "metrics",
                "name": "query1",
                "aggregator": "avg"
              }
            ]
          }
        ],
        "title_align": "left",
        "title_size": "16",
        "title": "Interface With Most Outbound Errors"
      },
      "layout": {
        "y": 16,
        "x": 171,
        "height": 15,
        "width": 29
      },
      "id": 2038307895263418
    },
    {
      "definition": {
        "type": "toplist",
        "requests": [
          {
            "formulas": [
              {
                "formula": "query1",
                "limit": {
                  "count": 10,
                  "order": "desc"
                }
              }
            ],
            "response_format": "scalar",
            "queries": [
              {
                "query": "avg:snmp.Interface.Speed{$Datacenter,$Manufacturer,$SystemName,$ModelName,$IP,$host} by {snmp_device}",
                "data_source": "metrics",
                "name": "query1",
                "aggregator": "avg"
              }
            ]
          }
        ],
        "title_align": "left",
        "title_size": "16",
        "title": "Top Bandwidth by Device"
      },
      "layout": {
        "y": 16,
        "x": 48,
        "height": 15,
        "width": 28
      },
      "id": 8082968316666774
    },
    {
      "definition": {
        "tick_pos": "50%",
        "font_size": "16",
        "type": "note",
        "tick_edge": "right",
        "text_align": "center",
        "content": "Bandwith overview",
        "vertical_align": "center",
        "has_padding": true,
        "show_tick": true,
        "background_color": "purple"
      },
      "layout": {
        "y": 16,
        "x": 77,
        "height": 15,
        "width": 12
      },
      "id": 3491204856552094
    },
    {
      "definition": {
        "type": "toplist",
        "requests": [
          {
            "formulas": [
              {
                "formula": "query1",
                "limit": {
                  "count": 10,
                  "order": "desc"
                }
              }
            ],
            "response_format": "scalar",
            "queries": [
              {
                "query": "avg:snmp.Disk.Utilization{$Datacenter,$Manufacturer,$SystemName,$ModelName,$IP,$host} by {snmp_device}",
                "data_source": "metrics",
                "name": "query1",
                "aggregator": "avg"
              }
            ]
          }
        ],
        "title_align": "left",
        "title_size": "16",
        "title": "Devices with HIghest Disk Utilization (%)"
      },
      "layout": {
        "y": 96,
        "x": 105,
        "height": 25,
        "width": 30
      },
      "id": 2148915849333694
    },
    {
      "definition": {
        "tick_pos": "50%",
        "font_size": "24",
        "type": "note",
        "tick_edge": "bottom",
        "text_align": "center",
        "content": "Device Health",
        "vertical_align": "center",
        "has_padding": true,
        "show_tick": true,
        "background_color": "blue"
      },
      "layout": {
        "y": 32,
        "x": 105,
        "height": 10,
        "width": 95
      },
      "id": 4142784344891314
    },
    {
      "definition": {
        "title_size": "16",
        "legend_columns": [
          "avg",
          "min",
          "max",
          "value",
          "sum"
        ],
        "yaxis": {
          "include_zero": true,
          "max": "auto",
          "scale": "linear",
          "min": "auto",
          "label": ""
        },
        "title_align": "left",
        "markers": [],
        "legend_layout": "auto",
        "show_legend": true,
        "time": {},
        "title": "Bandwidth Utilization NEED INPUT FOR NUMBER OF SEC IN DELTA",
        "requests": [
          {
            "formulas": [
              {
                "formula": "(diff(query) + diff(query1)) * 8 * 100"
              }
            ],
            "style": {
              "line_width": "normal",
              "palette": "dog_classic",
              "line_type": "solid"
            },
            "display_type": "line",
            "response_format": "timeseries",
            "queries": [
              {
                "query": "avg:snmp.Interface.InOctets{$Datacenter,$Manufacturer,$SystemName,$ModelName,$IP,$host} by {snmp_device}.as_count()",
                "data_source": "metrics",
                "name": "query"
              },
              {
                "query": "avg:snmp.Interface.OutOctets{$Datacenter,$Manufacturer,$SystemName,$ModelName,$IP,$host} by {snmp_device}.as_count()",
                "data_source": "metrics",
                "name": "query1"
              },
              {
                "query": "avg:snmp.Interface.Speed{$Datacenter,$Manufacturer,$SystemName,$ModelName,$IP,$host} by {snmp_device}",
                "data_source": "metrics",
                "name": "query2"
              }
            ]
          }
        ],
        "type": "timeseries"
      },
      "layout": {
        "y": 0,
        "x": 90,
        "height": 15,
        "width": 80
      },
      "id": 720465817287666
    }
  ],
  "layout_type": "free"
}