{
  "notify_list": [],
  "description": "",
  "restricted_roles": [],
  "template_variables": [
    {
      "default": "*",
      "prefix": "interfacedescription",
      "name": "InterfaceDescription"
    },
    {
      "default": "*",
      "prefix": "interface",
      "name": "Interface"
    },
    {
      "default": "*",
      "prefix": "host",
      "name": "Host"
    },
    {
      "default": "*",
      "prefix": "snmp_profile",
      "name": "SNMP_Profile"
    },
    {
      "default": "*",
      "prefix": "snmp_device",
      "name": "IP"
    },
    {
      "default": "*",
      "prefix": "callvolpeer",
      "name": "CallPeer"
    }
  ],
  "is_read_only": false,
  "title": "RapDev Cisco Cube Dashboard",
  "widgets": [
    {
      "definition": {
        "custom_links": [],
        "title_size": "16",
        "title": "System Up Time",
        "title_align": "left",
        "custom_unit": "Days",
        "precision": 2,
        "requests": [
          {
            "q": "avg:snmp.sysUpTimeInstance{$Host,$SNMP_Profile,$IP}/8640000",
            "aggregator": "avg"
          }
        ],
        "type": "query_value"
      },
      "layout": {
        "y": 0,
        "x": 39,
        "height": 15,
        "width": 41
      },
      "id": 1653432602520160
    },
    {
      "definition": {
        "custom_links": [],
        "title_size": "16",
        "title": "CPU Usage",
        "title_align": "left",
        "custom_unit": "%",
        "precision": 2,
        "requests": [
          {
            "q": "avg:snmp.CPU.Utilization{$Host,$SNMP_Profile,$IP}",
            "aggregator": "avg",
            "conditional_formats": [
              {
                "palette": "white_on_green",
                "value": 70,
                "comparator": "<="
              },
              {
                "palette": "white_on_yellow",
                "value": 80,
                "comparator": "<="
              },
              {
                "palette": "white_on_red",
                "value": 81,
                "comparator": ">="
              }
            ]
          }
        ],
        "type": "query_value"
      },
      "layout": {
        "y": 0,
        "x": 0,
        "height": 15,
        "width": 38
      },
      "id": 4812011963878828
    },
    {
      "definition": {
        "custom_links": [],
        "title_size": "16",
        "title": "Peer Call Volume (In & Out)",
        "title_align": "left",
        "precision": 0,
        "requests": [
          {
            "q": "avg:snmp.cv.CallVolPeer.Calls.Incoming{$Host,$SNMP_Profile,$IP} by {snmp_device}+avg:snmp.cv.CallVolPeer.Calls.Outgoing{$Host,$SNMP_Profile,$IP} by {snmp_device}",
            "aggregator": "avg"
          }
        ],
        "type": "query_value"
      },
      "layout": {
        "y": 0,
        "x": 81,
        "height": 15,
        "width": 36
      },
      "id": 3412935568569630
    },
    {
      "definition": {
        "custom_links": [],
        "title_size": "16",
        "title": "Media Call Volume (In & Out)",
        "title_align": "left",
        "precision": 0,
        "requests": [
          {
            "q": "avg:snmp.cv.CallVolMedia.Calls.Out{$Host,$SNMP_Profile,$IP} by {snmp_device}+avg:snmp.cv.CallVolMedia.Calls.In{$Host,$SNMP_Profile,$IP} by {snmp_device}",
            "aggregator": "avg"
          }
        ],
        "type": "query_value"
      },
      "layout": {
        "y": 16,
        "x": 0,
        "height": 15,
        "width": 38
      },
      "id": 2141181604321314
    },
    {
      "definition": {
        "custom_links": [],
        "title_size": "16",
        "title": "Call Volume Peer (In & Out)",
        "title_align": "left",
        "requests": [
          {
            "q": "avg:snmp.cv.CallVolPeer.Calls.In{$Host,$SNMP_Profile,$IP,$InterfaceDescription,$Interface} by {callvolpeer}",
            "style": {
              "line_width": "normal",
              "palette": "dog_classic",
              "line_type": "solid"
            },
            "display_type": "line"
          },
          {
            "q": "avg:snmp.cv.CallVolPeer.Calls.Out{$Host,$SNMP_Profile,$IP,$InterfaceDescription,$Interface} by {callvolpeer}",
            "style": {
              "line_width": "normal",
              "palette": "dog_classic",
              "line_type": "solid"
            },
            "display_type": "line"
          }
        ],
        "type": "timeseries"
      },
      "layout": {
        "y": 39,
        "x": 0,
        "height": 15,
        "width": 38
      },
      "id": 199376907394560
    },
    {
      "definition": {
        "custom_links": [],
        "title_size": "16",
        "title": "Call Volume Media (In & Out)",
        "title_align": "left",
        "requests": [
          {
            "q": "avg:snmp.cv.CallVolMedia.Calls.In{$Host,$SNMP_Profile,$IP,$InterfaceDescription,$Interface} by {callvolpeer}",
            "style": {
              "line_width": "normal",
              "palette": "dog_classic",
              "line_type": "solid"
            },
            "display_type": "line"
          },
          {
            "q": "avg:snmp.cv.CallVolMedia.Calls.Out{$Host,$SNMP_Profile,$IP,$InterfaceDescription,$Interface} by {callvolpeer}",
            "style": {
              "line_width": "normal",
              "palette": "dog_classic",
              "line_type": "solid"
            },
            "display_type": "line"
          }
        ],
        "type": "timeseries"
      },
      "layout": {
        "y": 39,
        "x": 39,
        "height": 15,
        "width": 39
      },
      "id": 5537814605919490
    },
    {
      "definition": {
        "custom_links": [],
        "title_size": "16",
        "title": "SIP Clients Bad Events (In & Out)",
        "title_align": "left",
        "requests": [
          {
            "q": "avg:snmp.cSipStats.Client.BadEvent.In{$Host,$IP,$SNMP_Profile} by {snmp_device}",
            "style": {
              "line_width": "normal",
              "palette": "dog_classic",
              "line_type": "solid"
            },
            "display_type": "line"
          },
          {
            "q": "avg:snmp.cSipStats.Client.BadEvent.Out{$Host,$IP,$SNMP_Profile} by {snmp_device}",
            "style": {
              "line_width": "normal",
              "palette": "dog_classic",
              "line_type": "solid"
            },
            "display_type": "line"
          }
        ],
        "type": "timeseries"
      },
      "layout": {
        "y": 62,
        "x": 0,
        "height": 15,
        "width": 38
      },
      "id": 2609364566362404
    },
    {
      "definition": {
        "custom_links": [],
        "title_size": "16",
        "title": "SIP Bad Requests (In & Out)",
        "title_align": "left",
        "requests": [
          {
            "q": "avg:snmp.cSipStats.Client.BadRequest.In{$Host,$SNMP_Profile,$IP} by {snmp_device}",
            "style": {
              "line_width": "normal",
              "palette": "dog_classic",
              "line_type": "solid"
            },
            "display_type": "line"
          },
          {
            "q": "avg:snmp.cSipStats.Client.BadRequest.Out{$Host,$SNMP_Profile,$IP} by {snmp_device}",
            "style": {
              "line_width": "normal",
              "palette": "dog_classic",
              "line_type": "solid"
            },
            "display_type": "line"
          }
        ],
        "type": "timeseries"
      },
      "layout": {
        "y": 62,
        "x": 39,
        "height": 15,
        "width": 39
      },
      "id": 7103889789556189
    },
    {
      "definition": {
        "custom_links": [],
        "title_size": "16",
        "title": "Client Not Found (In & Out)",
        "title_align": "left",
        "requests": [
          {
            "q": "avg:snmp.cSipStats.Client.NotFound.In{$Host,$SNMP_Profile,$IP} by {snmp_device}",
            "style": {
              "line_width": "normal",
              "palette": "dog_classic",
              "line_type": "solid"
            },
            "display_type": "area"
          },
          {
            "q": "avg:snmp.cSipStats.Client.NotFound.Out{$Host,$SNMP_Profile,$IP} by {snmp_device}",
            "style": {
              "line_width": "normal",
              "palette": "dog_classic",
              "line_type": "solid"
            },
            "display_type": "line"
          }
        ],
        "type": "timeseries"
      },
      "layout": {
        "y": 62,
        "x": 79,
        "height": 15,
        "width": 38
      },
      "id": 652311200089010
    },
    {
      "definition": {
        "custom_links": [],
        "title_size": "16",
        "title": "Client Req Too Large (In & Out)",
        "title_align": "left",
        "requests": [
          {
            "q": "avg:snmp.cSipStats.Client.ReqEntTooLarge.In{$Host,$SNMP_Profile,$IP} by {snmp_device}",
            "style": {
              "line_width": "normal",
              "palette": "dog_classic",
              "line_type": "solid"
            },
            "display_type": "area"
          },
          {
            "q": "avg:snmp.cSipStats.Client.ReqEntTooLarge.Out{$Host,$SNMP_Profile,$IP} by {snmp_device}",
            "style": {
              "line_width": "normal",
              "palette": "dog_classic",
              "line_type": "solid"
            },
            "display_type": "line"
          }
        ],
        "type": "timeseries"
      },
      "layout": {
        "y": 78,
        "x": 0,
        "height": 15,
        "width": 38
      },
      "id": 3483166436990117
    },
    {
      "definition": {
        "custom_links": [],
        "title_size": "16",
        "title": "Client Req URI Too Large (In & Out)",
        "title_align": "left",
        "requests": [
          {
            "q": "avg:snmp.cSipStats.Client.ReqURITooLarge.In{$Host,$SNMP_Profile,$IP} by {snmp_device}",
            "style": {
              "line_width": "normal",
              "palette": "dog_classic",
              "line_type": "solid"
            },
            "display_type": "area"
          },
          {
            "q": "avg:snmp.cSipStats.Client.ReqURITooLarge.Out{$Host,$SNMP_Profile,$IP} by {snmp_device}",
            "style": {
              "line_width": "normal",
              "palette": "dog_classic",
              "line_type": "solid"
            },
            "display_type": "line"
          }
        ],
        "type": "timeseries"
      },
      "layout": {
        "y": 78,
        "x": 39,
        "height": 15,
        "width": 39
      },
      "id": 1001606842481982
    },
    {
      "definition": {
        "custom_links": [],
        "title_size": "16",
        "title": "Client Unauthorized (In & Out)",
        "title_align": "left",
        "requests": [
          {
            "q": "avg:snmp.cSipStats.Client.Unauthorized.In{$Host,$SNMP_Profile,$IP} by {snmp_device}",
            "style": {
              "line_width": "normal",
              "palette": "dog_classic",
              "line_type": "solid"
            },
            "display_type": "area"
          },
          {
            "q": "avg:snmp.cSipStats.Client.Unauthorized.Out{$Host,$SNMP_Profile,$IP} by {snmp_device}",
            "style": {
              "line_width": "normal",
              "palette": "dog_classic",
              "line_type": "solid"
            },
            "display_type": "line"
          }
        ],
        "type": "timeseries"
      },
      "layout": {
        "y": 78,
        "x": 79,
        "height": 15,
        "width": 38
      },
      "id": 8702484706079437
    },
    {
      "definition": {
        "custom_links": [],
        "title_size": "16",
        "title": "TCP Inactive & Failures",
        "title_align": "left",
        "requests": [
          {
            "q": "avg:snmp.cSipStats.Conn.TCP.InactiveTimeout{$Host,$SNMP_Profile,$IP} by {snmp_device}",
            "style": {
              "line_width": "normal",
              "palette": "dog_classic",
              "line_type": "solid"
            },
            "display_type": "area"
          },
          {
            "q": "avg:snmp.cSipStats.Conn.TCP.SendFailure{$Host,$SNMP_Profile,$IP} by {snmp_device}",
            "style": {
              "line_width": "normal",
              "palette": "dog_classic",
              "line_type": "solid"
            },
            "display_type": "line"
          }
        ],
        "type": "timeseries"
      },
      "layout": {
        "y": 94,
        "x": 0,
        "height": 15,
        "width": 38
      },
      "id": 7382789202622081
    },
    {
      "definition": {
        "custom_links": [],
        "title_size": "16",
        "title": "UDP Inactive & Failures",
        "title_align": "left",
        "requests": [
          {
            "q": "avg:snmp.cSipStats.Conn.UDP.InactiveTimeout{$Host,$SNMP_Profile,$IP} by {snmp_device}",
            "style": {
              "line_width": "normal",
              "palette": "dog_classic",
              "line_type": "solid"
            },
            "display_type": "area"
          },
          {
            "q": "avg:snmp.cSipStats.Conn.UDP.SendFailure{$Host,$SNMP_Profile,$IP} by {snmp_device}",
            "style": {
              "line_width": "normal",
              "palette": "dog_classic",
              "line_type": "solid"
            },
            "display_type": "line"
          }
        ],
        "type": "timeseries"
      },
      "layout": {
        "y": 94,
        "x": 39,
        "height": 15,
        "width": 39
      },
      "id": 5071818466124749
    },
    {
      "definition": {
        "custom_links": [],
        "title_size": "16",
        "title": "Global Decline & Not Anywheres (In & Out)",
        "title_align": "left",
        "requests": [
          {
            "q": "avg:snmp.cSipStats.Global.Decline.In{$Host,$SNMP_Profile,$IP} by {snmp_device}",
            "style": {
              "line_width": "normal",
              "palette": "dog_classic",
              "line_type": "solid"
            },
            "display_type": "area"
          },
          {
            "q": "avg:snmp.cSipStats.Global.Decline.Out{$Host,$SNMP_Profile,$IP} by {snmp_device}",
            "style": {
              "line_width": "normal",
              "palette": "dog_classic",
              "line_type": "solid"
            },
            "display_type": "line"
          },
          {
            "q": "avg:snmp.cSipStats.Global.NotAnywhere.In{$Host,$SNMP_Profile,$IP} by {snmp_device}",
            "style": {
              "line_width": "normal",
              "palette": "dog_classic",
              "line_type": "solid"
            },
            "display_type": "line"
          },
          {
            "q": "avg:snmp.cSipStats.Global.NotAnywhere.Out{$Host,$SNMP_Profile,$IP} by {snmp_device}",
            "style": {
              "line_width": "normal",
              "palette": "dog_classic",
              "line_type": "solid"
            },
            "display_type": "line"
          }
        ],
        "type": "timeseries"
      },
      "layout": {
        "y": 94,
        "x": 79,
        "height": 15,
        "width": 38
      },
      "id": 6111660415072156
    },
    {
      "definition": {
        "custom_links": [],
        "title_size": "16",
        "title": "Bad SIP Versions (In & Out)",
        "title_align": "left",
        "requests": [
          {
            "q": "avg:snmp.cSipStats.Server.BadSipVersion.In{$Host,$SNMP_Profile,$IP} by {snmp_device}",
            "style": {
              "line_width": "normal",
              "palette": "dog_classic",
              "line_type": "solid"
            },
            "display_type": "area"
          },
          {
            "q": "avg:snmp.cSipStats.Server.BadSipVersion.Out{$Host,$SNMP_Profile,$IP} by {snmp_device}",
            "style": {
              "line_width": "normal",
              "palette": "dog_classic",
              "line_type": "solid"
            },
            "display_type": "line"
          }
        ],
        "type": "timeseries"
      },
      "layout": {
        "y": 110,
        "x": 0,
        "height": 15,
        "width": 38
      },
      "id": 3249753984254453
    },
    {
      "definition": {
        "custom_links": [],
        "title_size": "16",
        "title": "Admin Status",
        "title_align": "left",
        "precision": 0,
        "requests": [
          {
            "q": "max:snmp.Interface.AdminStatus{$Host,$SNMP_Profile,$IP,$InterfaceDescription,$Interface}",
            "aggregator": "last",
            "conditional_formats": [
              {
                "palette": "white_on_red",
                "value": 2,
                "comparator": ">="
              },
              {
                "palette": "white_on_green",
                "value": 1,
                "comparator": ">="
              }
            ]
          }
        ],
        "type": "query_value"
      },
      "layout": {
        "y": 133,
        "x": 0,
        "height": 15,
        "width": 16
      },
      "id": 5289707955110707
    },
    {
      "definition": {
        "custom_links": [],
        "title_size": "16",
        "title": "In & Out Broadcasts",
        "title_align": "left",
        "yaxis": {
          "max": "auto",
          "include_zero": true,
          "scale": "linear",
          "min": "auto",
          "label": ""
        },
        "show_legend": false,
        "requests": [
          {
            "q": "avg:snmp.Interface.InBroadcastPkts{$Host,$SNMP_Profile,$InterfaceDescription,$Interface,$IP} by {interface}",
            "style": {
              "line_width": "normal",
              "palette": "dog_classic",
              "line_type": "solid"
            },
            "display_type": "line"
          },
          {
            "q": "avg:snmp.Interface.OutBroadcastPkts{$Host,$SNMP_Profile,$InterfaceDescription,$Interface,$IP} by {interface}",
            "style": {
              "line_width": "normal",
              "palette": "dog_classic",
              "line_type": "solid"
            },
            "display_type": "line"
          }
        ],
        "type": "timeseries"
      },
      "layout": {
        "y": 133,
        "x": 85,
        "height": 15,
        "width": 32
      },
      "id": 7576376465407962
    },
    {
      "definition": {
        "custom_links": [],
        "title_size": "16",
        "title": "In & Out Unicast Packets",
        "title_align": "left",
        "yaxis": {
          "max": "auto",
          "include_zero": true,
          "scale": "linear",
          "min": "auto",
          "label": ""
        },
        "show_legend": false,
        "requests": [
          {
            "q": "avg:snmp.Interface.InUnicastPkts{$Host,$SNMP_Profile,$IP,$InterfaceDescription,$Interface} by {interface}",
            "style": {
              "line_width": "normal",
              "palette": "dog_classic",
              "line_type": "solid"
            },
            "display_type": "line"
          },
          {
            "q": "avg:snmp.Interface.OutUnicastPkts{$Host,$SNMP_Profile,$IP,$InterfaceDescription,$Interface} by {interface}",
            "style": {
              "line_width": "normal",
              "palette": "dog_classic",
              "line_type": "solid"
            },
            "display_type": "line"
          }
        ],
        "type": "timeseries"
      },
      "layout": {
        "y": 165,
        "x": 85,
        "height": 15,
        "width": 32
      },
      "id": 8501003832696975
    },
    {
      "definition": {
        "custom_links": [],
        "title_size": "16",
        "title": "In & Out MultiCastPkts",
        "title_align": "left",
        "yaxis": {
          "max": "auto",
          "include_zero": true,
          "scale": "linear",
          "min": "auto",
          "label": ""
        },
        "show_legend": false,
        "requests": [
          {
            "q": "avg:snmp.Interface.InMulticastPkts{$Host,$SNMP_Profile,$IP,$InterfaceDescription,$Interface} by {interface}",
            "style": {
              "line_width": "normal",
              "palette": "dog_classic",
              "line_type": "solid"
            },
            "display_type": "line"
          },
          {
            "q": "avg:snmp.Interface.OutMulticastPkts{$Host,$SNMP_Profile,$IP,$InterfaceDescription,$Interface} by {interface}",
            "style": {
              "line_width": "normal",
              "palette": "dog_classic",
              "line_type": "solid"
            },
            "display_type": "line"
          }
        ],
        "type": "timeseries"
      },
      "layout": {
        "y": 149,
        "x": 48,
        "height": 15,
        "width": 36
      },
      "id": 7369588810455413
    },
    {
      "definition": {
        "custom_links": [],
        "title_size": "16",
        "title": "In & Out Errors",
        "title_align": "left",
        "yaxis": {
          "max": "auto",
          "include_zero": true,
          "scale": "linear",
          "min": "auto",
          "label": ""
        },
        "show_legend": false,
        "requests": [
          {
            "q": "avg:snmp.Interface.InErrors{$InterfaceDescription,$Interface,$Host,$SNMP_Profile,$IP} by {interface}",
            "style": {
              "line_width": "normal",
              "palette": "dog_classic",
              "line_type": "solid"
            },
            "display_type": "area"
          },
          {
            "q": "avg:snmp.Interface.OutErrors{$InterfaceDescription,$Interface,$Host,$SNMP_Profile,$IP} by {interface}",
            "style": {
              "line_width": "normal",
              "palette": "dog_classic",
              "line_type": "solid"
            },
            "display_type": "line"
          }
        ],
        "type": "timeseries"
      },
      "layout": {
        "y": 149,
        "x": 85,
        "height": 15,
        "width": 32
      },
      "id": 4107821788112824
    },
    {
      "definition": {
        "title_size": "16",
        "title": "Operation Status",
        "title_align": "left",
        "precision": 0,
        "time": {},
        "requests": [
          {
            "q": "max:snmp.Interface.OperStatus{$Host,$SNMP_Profile,$InterfaceDescription,$IP,$Interface}",
            "aggregator": "last",
            "conditional_formats": [
              {
                "palette": "white_on_red",
                "value": 2,
                "comparator": ">="
              },
              {
                "palette": "white_on_green",
                "value": 1,
                "comparator": ">="
              }
            ]
          }
        ],
        "type": "query_value"
      },
      "layout": {
        "y": 133,
        "x": 17,
        "height": 15,
        "width": 15
      },
      "id": 8035457538584654
    },
    {
      "definition": {
        "custom_links": [],
        "title_size": "16",
        "title": "Interface Speed",
        "title_align": "left",
        "custom_unit": "b/s",
        "precision": 0,
        "requests": [
          {
            "q": "avg:snmp.Interface.Speed{$InterfaceDescription,$Interface,$Host,$SNMP_Profile,$IP}",
            "aggregator": "last"
          }
        ],
        "type": "query_value"
      },
      "layout": {
        "y": 133,
        "x": 33,
        "height": 15,
        "width": 14
      },
      "id": 8839600570954013
    },
    {
      "definition": {
        "custom_links": [],
        "title_size": "16",
        "title": "Local Interfaces",
        "title_align": "left",
        "requests": [
          {
            "q": "avg:snmp.Interface.AdminStatus{$Host,$SNMP_Profile,$IP} by {interface}",
            "aggregator": "last",
            "alias": "Admin Status"
          },
          {
            "q": "avg:snmp.Interface.OperStatus{$Host,$SNMP_Profile,$IP} by {interface}",
            "aggregator": "last",
            "limit": 100,
            "order": "asc",
            "alias": "Oper Status"
          },
          {
            "q": "avg:snmp.Interface.Speed{$Host,$SNMP_Profile,$IP} by {interface}",
            "aggregator": "last",
            "alias": "Int Speed"
          }
        ],
        "type": "query_table"
      },
      "layout": {
        "y": 165,
        "x": 48,
        "height": 15,
        "width": 36
      },
      "id": 6006556623324802
    },
    {
      "definition": {
        "custom_links": [],
        "title_size": "16",
        "title": "CPU Utilization",
        "title_align": "left",
        "yaxis": {
          "max": "auto",
          "include_zero": true,
          "scale": "linear",
          "min": "auto",
          "label": ""
        },
        "show_legend": false,
        "requests": [
          {
            "q": "avg:snmp.CPU.Utilization{$SNMP_Profile,$IP,$Host} by {snmp_device}",
            "style": {
              "line_width": "normal",
              "palette": "dog_classic",
              "line_type": "solid"
            },
            "display_type": "line"
          }
        ],
        "type": "timeseries"
      },
      "layout": {
        "y": 188,
        "x": 0,
        "height": 15,
        "width": 47
      },
      "id": 6734258135626295
    },
    {
      "definition": {
        "custom_links": [],
        "title_size": "16",
        "title": "CPU Utilization",
        "title_align": "left",
        "custom_unit": "%",
        "precision": 2,
        "requests": [
          {
            "q": "avg:snmp.CPU.Utilization{$Host,$SNMP_Profile,$IP}",
            "aggregator": "avg"
          }
        ],
        "type": "query_value"
      },
      "layout": {
        "y": 188,
        "x": 48,
        "height": 15,
        "width": 36
      },
      "id": 5449578049498993
    },
    {
      "definition": {
        "tick_pos": "50%",
        "show_tick": true,
        "type": "note",
        "tick_edge": "bottom",
        "text_align": "center",
        "content": "System Resources",
        "font_size": "24",
        "background_color": "white"
      },
      "layout": {
        "y": 181,
        "x": 0,
        "height": 6,
        "width": 117
      },
      "id": 3646472415544636
    },
    {
      "definition": {
        "tick_pos": "50%",
        "show_tick": true,
        "type": "note",
        "tick_edge": "bottom",
        "text_align": "center",
        "content": "Interfaces",
        "font_size": "24",
        "background_color": "white"
      },
      "layout": {
        "y": 126,
        "x": 0,
        "height": 6,
        "width": 117
      },
      "id": 6739531664958380
    },
    {
      "definition": {
        "tick_pos": "50%",
        "show_tick": true,
        "type": "note",
        "tick_edge": "bottom",
        "text_align": "center",
        "content": "SIP Trunk Stats",
        "font_size": "24",
        "background_color": "white"
      },
      "layout": {
        "y": 55,
        "x": 0,
        "height": 6,
        "width": 117
      },
      "id": 6075368796078881
    },
    {
      "definition": {
        "tick_pos": "50%",
        "show_tick": true,
        "type": "note",
        "tick_edge": "bottom",
        "text_align": "center",
        "content": "Call Volume Stats",
        "font_size": "24",
        "background_color": "white"
      },
      "layout": {
        "y": 32,
        "x": 0,
        "height": 6,
        "width": 117
      },
      "id": 2528446868024345
    },
    {
      "definition": {
        "custom_links": [],
        "title_size": "16",
        "title": "% Utilization In",
        "title_align": "left",
        "custom_unit": "%",
        "precision": 3,
        "autoscale": false,
        "requests": [
          {
            "q": "avg:snmp.Interface.InOctets.rate{$InterfaceDescription,$Interface,$Host,$SNMP_Profile,$IP}/avg:snmp.Interface.Speed{$InterfaceDescription,$Interface,$Host,$SNMP_Profile,$IP}/10000",
            "aggregator": "avg"
          }
        ],
        "type": "query_value"
      },
      "layout": {
        "y": 149,
        "x": 0,
        "height": 15,
        "width": 23
      },
      "id": 1115937569730768
    },
    {
      "definition": {
        "custom_links": [],
        "title_size": "16",
        "title": "% Utilization Out",
        "title_align": "left",
        "custom_unit": "%",
        "precision": 3,
        "autoscale": false,
        "requests": [
          {
            "q": "avg:snmp.Interface.OutOctets.rate{$InterfaceDescription,$Interface,$Host,$SNMP_Profile,$IP}/avg:snmp.Interface.Speed{$InterfaceDescription,$Interface,$Host,$SNMP_Profile,$IP}/10000",
            "aggregator": "avg"
          }
        ],
        "type": "query_value"
      },
      "layout": {
        "y": 149,
        "x": 24,
        "height": 15,
        "width": 23
      },
      "id": 1212240361225036
    },
    {
      "definition": {
        "custom_links": [],
        "title_size": "16",
        "title": "Interface Utilization (%)",
        "title_align": "left",
        "yaxis": {
          "max": "auto",
          "include_zero": true,
          "scale": "linear",
          "min": "auto",
          "label": ""
        },
        "show_legend": false,
        "requests": [
          {
            "q": "avg:snmp.Interface.InOctets.rate{$InterfaceDescription,$Interface,$Host,$SNMP_Profile,$IP} by {interface}/avg:snmp.Interface.Speed{$InterfaceDescription,$Interface,$Host,$SNMP_Profile,$IP} by {interface}/10000",
            "style": {
              "line_width": "normal",
              "palette": "dog_classic",
              "line_type": "solid"
            },
            "display_type": "line"
          },
          {
            "q": "avg:snmp.Interface.OutOctets.rate{$InterfaceDescription,$Interface,$Host,$SNMP_Profile,$IP} by {interface}/avg:snmp.Interface.Speed{$InterfaceDescription,$Interface,$Host,$SNMP_Profile,$IP} by {interface}/10000",
            "style": {
              "line_width": "normal",
              "palette": "dog_classic",
              "line_type": "solid"
            },
            "display_type": "line"
          }
        ],
        "type": "timeseries"
      },
      "layout": {
        "y": 165,
        "x": 0,
        "height": 15,
        "width": 47
      },
      "id": 2931435457113688
    },
    {
      "definition": {
        "custom_links": [],
        "title_size": "16",
        "title": "Bytes In & Bytes Out",
        "title_align": "left",
        "yaxis": {
          "max": "auto",
          "include_zero": true,
          "scale": "linear",
          "min": "auto",
          "label": ""
        },
        "show_legend": false,
        "requests": [
          {
            "q": "avg:snmp.Interface.InOctets.rate{$Host,$SNMP_Profile,$IP,$InterfaceDescription,$Interface} by {interface}",
            "style": {
              "line_width": "normal",
              "palette": "dog_classic",
              "line_type": "solid"
            },
            "display_type": "line"
          },
          {
            "q": "avg:snmp.Interface.OutOctets.rate{$Host,$SNMP_Profile,$IP,$InterfaceDescription,$Interface} by {interface}",
            "style": {
              "line_width": "normal",
              "palette": "dog_classic",
              "line_type": "solid"
            },
            "display_type": "line"
          }
        ],
        "type": "timeseries"
      },
      "layout": {
        "y": 133,
        "x": 48,
        "height": 15,
        "width": 36
      },
      "id": 7435372221432500
    }
  ],
  "layout_type": "free"
}