{
  "notify_list": [],
  "description": "## Title\n\nDescribe this dashboard. Add links to other dashboards, monitors, wikis,  and docs to help your teammates. Markdown is supported.\n\n- [This might link to a dashboard](#)\n- [This might link to a wiki](#)\n\ndatadog_demo_keep:true",
  "restricted_roles": [],
  "template_variable_presets": [
    {
      "template_variables": [
        {
          "name": "team",
          "value": "monitor-app"
        },
        {
          "name": "service",
          "value": "elasticsearch-monitors"
        }
      ],
      "name": "Cost Optimizer by elasticsearch-monitors"
    }
  ],
  "template_variables": [
    {
      "default": "*",
      "prefix": "instance-type",
      "name": "instance-type"
    },
    {
      "default": "*",
      "prefix": "offer_instance-type",
      "name": "offer-instance-type"
    },
    {
      "default": "*",
      "prefix": "offer_region",
      "name": "offer_region"
    },
    {
      "default": "*",
      "prefix": "offer_operating_system",
      "name": "offer_operating_system"
    },
    {
      "default": "*",
      "prefix": "offer_pricing_model",
      "name": "offer_pricing_model"
    },
    {
      "default": "*",
      "prefix": "offer_lease_contract",
      "name": "offer_lease_contract"
    }
  ],
  "is_read_only": false,
  "title": "EC2 Cost Optimizer [Demo] v1sb",
  "widgets": [
    {
      "definition": {
        "tick_pos": "50%",
        "show_tick": false,
        "type": "note",
        "tick_edge": "left",
        "text_align": "center",
        "content": "Instances ($instance-type.value)",
        "font_size": "18",
        "background_color": "blue"
      },
      "layout": {
        "y": 0,
        "x": 0,
        "height": 7,
        "width": 47
      },
      "id": 0
    },
    {
      "definition": {
        "tick_pos": "50%",
        "show_tick": false,
        "type": "note",
        "tick_edge": "left",
        "text_align": "center",
        "content": "Spend",
        "font_size": "18",
        "background_color": "orange"
      },
      "layout": {
        "y": 0,
        "x": 48,
        "height": 7,
        "width": 47
      },
      "id": 1
    },
    {
      "definition": {
        "tick_pos": "50%",
        "show_tick": false,
        "type": "note",
        "tick_edge": "left",
        "text_align": "center",
        "content": "Potential Optimization",
        "font_size": "18",
        "background_color": "green"
      },
      "layout": {
        "y": 0,
        "x": 96,
        "height": 7,
        "width": 47
      },
      "id": 2
    },
    {
      "definition": {
        "autoscale": false,
        "title": "Total Running Instances",
        "title_align": "left",
        "precision": 0,
        "title_size": "16",
        "requests": [
          {
            "q": "sum:aws.ec2.host_ok{$instance-type}",
            "aggregator": "avg"
          }
        ],
        "type": "query_value"
      },
      "layout": {
        "y": 8,
        "x": 0,
        "height": 15,
        "width": 23
      },
      "id": 3
    },
    {
      "definition": {
        "type": "toplist",
        "requests": [
          {
            "q": "top(sum:aws.ec2.host_ok{$instance-type} by {instance-type}, 10, 'last', 'desc')"
          }
        ],
        "title_align": "left",
        "title_size": "16",
        "title": "Count of Hosts by Instance Type"
      },
      "layout": {
        "y": 24,
        "x": 0,
        "height": 15,
        "width": 47
      },
      "id": 4
    },
    {
      "definition": {
        "title_size": "16",
        "title": "Cost / Hour - Total Running Instances",
        "title_align": "left",
        "markers": [],
        "yaxis": {
          "include_zero": true,
          "max": "auto",
          "scale": "linear",
          "min": "auto",
          "label": ""
        },
        "show_legend": false,
        "legend_size": "0",
        "type": "timeseries",
        "requests": [
          {
            "q": "sum:aws.ec2.host_ok{$instance-type} by {instance-type}*avg:datadog.demo.aws.ec2.pricing.current{$instance-type} by {instance-type}",
            "style": {
              "line_width": "normal",
              "palette": "warm",
              "line_type": "solid"
            },
            "display_type": "area"
          }
        ]
      },
      "layout": {
        "y": 40,
        "x": 48,
        "height": 15,
        "width": 47
      },
      "id": 5
    },
    {
      "definition": {
        "autoscale": true,
        "title": "Total Compute Spend (Monthly)",
        "title_align": "left",
        "custom_unit": "USD",
        "precision": 0,
        "title_size": "16",
        "requests": [
          {
            "q": "sum:aws.ec2.host_ok{$instance-type}*avg:datadog.demo.aws.ec2.pricing.current{$instance-type}*720",
            "aggregator": "last"
          }
        ],
        "type": "query_value"
      },
      "layout": {
        "y": 8,
        "x": 48,
        "height": 15,
        "width": 23
      },
      "id": 6
    },
    {
      "definition": {
        "autoscale": true,
        "title": "Maximum Optimization (Monthly)",
        "title_align": "left",
        "custom_unit": "USD",
        "precision": 0,
        "title_size": "16",
        "requests": [
          {
            "q": "((sum:aws.ec2.host_ok{$instance-type}*avg:datadog.demo.aws.ec2.pricing.current{$instance-type})-(sum:aws.ec2.host_ok{$instance-type}*avg:datadog.demo.aws.ec2.pricing.offers{$offer-instance-type,$offer_region,$offer_operating_system,$offer_pricing_model,$offer_lease_contract}))*720",
            "aggregator": "last"
          }
        ],
        "type": "query_value"
      },
      "layout": {
        "y": 8,
        "x": 96,
        "height": 15,
        "width": 23
      },
      "id": 7
    },
    {
      "definition": {
        "type": "toplist",
        "requests": [
          {
            "q": "top(sum:aws.ec2.host_ok{$instance-type} by {instance-type}*avg:datadog.demo.aws.ec2.pricing.current{$instance-type} by {instance-type},10,'mean','desc')",
            "conditional_formats": [
              {
                "palette": "white_on_red",
                "value": 0,
                "comparator": ">"
              }
            ]
          }
        ],
        "title_align": "left",
        "title_size": "16",
        "title": "Cost ($) by Instance Type (hourly)"
      },
      "layout": {
        "y": 24,
        "x": 48,
        "height": 15,
        "width": 47
      },
      "id": 8
    },
    {
      "definition": {
        "type": "toplist",
        "requests": [
          {
            "q": "top((sum:aws.ec2.host_ok{$instance-type} by {instance-type}*avg:datadog.demo.aws.ec2.pricing.current{$instance-type} by {instance-type})-(sum:aws.ec2.host_ok{$instance-type} by {instance-type}*avg:datadog.demo.aws.ec2.pricing.offers{$offer-instance-type,$offer_region,$offer_operating_system,$offer_pricing_model,$offer_lease_contract}),50,'mean','desc')",
            "conditional_formats": [
              {
                "palette": "white_on_green",
                "value": 0,
                "comparator": ">"
              },
              {
                "palette": "white_on_red",
                "value": 0,
                "comparator": "<"
              }
            ]
          }
        ],
        "title_align": "left",
        "title_size": "16",
        "title": "Potential Optimization ($) by Instance Type (hourly)"
      },
      "layout": {
        "y": 24,
        "x": 96,
        "height": 15,
        "width": 47
      },
      "id": 9
    },
    {
      "definition": {
        "title_size": "16",
        "title": "Least Utilized Instances (CPU)",
        "title_align": "left",
        "markers": [
          {
            "display_type": "ok solid",
            "value": "60 < y < 100"
          },
          {
            "display_type": "warning solid",
            "value": "40 < y < 60"
          },
          {
            "display_type": "error solid",
            "value": "0 < y < 40"
          }
        ],
        "yaxis": {
          "include_zero": false,
          "scale": "log"
        },
        "show_legend": false,
        "legend_size": "0",
        "type": "timeseries",
        "requests": [
          {
            "q": "top(max:aws.ec2.cpuutilization.maximum{$instance-type} by {host,instance-type}, 200, 'max', 'asc')",
            "style": {
              "line_width": "normal",
              "palette": "dog_classic",
              "line_type": "solid"
            },
            "display_type": "line"
          }
        ]
      },
      "layout": {
        "y": 40,
        "x": 0,
        "height": 15,
        "width": 47
      },
      "id": 10
    },
    {
      "definition": {
        "title_size": "16",
        "title": "Potential Optimization (hourly)",
        "title_align": "left",
        "markers": [],
        "yaxis": {
          "include_zero": true,
          "max": "auto",
          "scale": "linear",
          "min": "auto",
          "label": ""
        },
        "show_legend": false,
        "legend_size": "0",
        "type": "timeseries",
        "requests": [
          {
            "q": "(sum:aws.ec2.host_ok{$instance-type} by {instance-type}*avg:datadog.demo.aws.ec2.pricing.current{$instance-type} by {instance-type})-(sum:aws.ec2.host_ok{$instance-type} by {instance-type}*avg:datadog.demo.aws.ec2.pricing.offers{$offer-instance-type,$offer_region,$offer_operating_system,$offer_pricing_model,$offer_lease_contract})",
            "style": {
              "line_width": "normal",
              "palette": "cool",
              "line_type": "solid"
            },
            "display_type": "area",
            "metadata": [
              {
                "alias_name": "optimization",
                "expression": "(sum:aws.ec2.host_ok{$instance-type,$team,$app,$service} by {instance-type}*avg:datadog.demo.aws.ec2.pricing.current{$instance-type} by {instance-type})-(sum:aws.ec2.host_ok{$instance-type,$team,$app,$service} by {instance-type}*avg:datadog.demo.aws.ec2.pricing.offers{$offer-instance-type,$offer_region,$offer_operating_system,$offer_pricing_model,$offer_lease_contract})"
              }
            ]
          }
        ]
      },
      "layout": {
        "y": 40,
        "x": 96,
        "height": 15,
        "width": 47
      },
      "id": 11
    },
    {
      "definition": {
        "title_size": "16",
        "title": "Running Instances by Team",
        "title_align": "left",
        "markers": [],
        "yaxis": {
          "include_zero": true,
          "max": "auto",
          "scale": "linear",
          "min": "auto",
          "label": ""
        },
        "show_legend": false,
        "legend_size": "0",
        "type": "timeseries",
        "requests": [
          {
            "q": "top(sum:aws.ec2.host_ok{$instance-type} by {team}.rollup(max, 3600), 50, 'max', 'desc')",
            "style": {
              "line_width": "normal",
              "palette": "dog_classic",
              "line_type": "solid"
            },
            "display_type": "bars"
          }
        ]
      },
      "layout": {
        "y": 56,
        "x": 0,
        "height": 15,
        "width": 47
      },
      "id": 12
    },
    {
      "definition": {
        "title_size": "16",
        "yaxis": {
          "include_zero": true,
          "max": "auto",
          "scale": "linear",
          "min": "auto",
          "label": ""
        },
        "title_align": "left",
        "markers": [],
        "show_legend": false,
        "time": {},
        "title": "Underutilized Instances by Team",
        "legend_size": "0",
        "type": "timeseries",
        "requests": [
          {
            "q": "top(sum:datadog.demo.underutilized.combined.hosts.count{$instance-type}.rollup(max, 3600), 25, 'max', 'desc')",
            "style": {
              "line_width": "normal",
              "palette": "warm",
              "line_type": "solid"
            },
            "display_type": "bars"
          }
        ]
      },
      "layout": {
        "y": 56,
        "x": 48,
        "height": 15,
        "width": 47
      },
      "id": 13
    },
    {
      "definition": {
        "custom_links": [],
        "title_size": "16",
        "title": "Potential Hourly Optimization by Team",
        "title_align": "left",
        "yaxis": {
          "include_zero": true,
          "max": "auto",
          "scale": "linear",
          "min": "auto",
          "label": ""
        },
        "show_legend": false,
        "legend_size": "0",
        "type": "timeseries",
        "requests": [
          {
            "q": "top((sum:datadog.demo.underutilized.combined.hosts.count{$instance-type} by {team}.rollup(max, 3600)*avg:datadog.demo.aws.ec2.pricing.current{$instance-type})-(sum:datadog.demo.underutilized.combined.hosts.count{$instance-type} by {team}.rollup(max, 3600)*avg:datadog.demo.aws.ec2.pricing.offers{$offer-instance-type,$offer_region,$offer_operating_system,$offer_pricing_model,$offer_lease_contract}),50,'mean','desc')",
            "style": {
              "line_width": "normal",
              "palette": "cool",
              "line_type": "solid"
            },
            "display_type": "bars"
          }
        ]
      },
      "layout": {
        "y": 56,
        "x": 96,
        "height": 15,
        "width": 47
      },
      "id": 14
    },
    {
      "definition": {
        "title_size": "16",
        "title": "Running Instances by Service",
        "title_align": "left",
        "markers": [],
        "yaxis": {
          "include_zero": true,
          "max": "auto",
          "scale": "linear",
          "min": "auto",
          "label": ""
        },
        "show_legend": false,
        "legend_size": "0",
        "type": "timeseries",
        "requests": [
          {
            "q": "top(sum:aws.ec2.host_ok{$instance-type} by {service}.rollup(max, 3600), 50, 'max', 'desc')",
            "style": {
              "line_width": "normal",
              "palette": "dog_classic",
              "line_type": "solid"
            },
            "display_type": "bars"
          }
        ]
      },
      "layout": {
        "y": 72,
        "x": 0,
        "height": 15,
        "width": 47
      },
      "id": 15
    },
    {
      "definition": {
        "title_size": "16",
        "title": "Running Instances by App",
        "title_align": "left",
        "markers": [],
        "yaxis": {
          "include_zero": true,
          "max": "auto",
          "scale": "linear",
          "min": "auto",
          "label": ""
        },
        "show_legend": false,
        "legend_size": "0",
        "type": "timeseries",
        "requests": [
          {
            "q": "top(sum:aws.ec2.host_ok{$instance-type} by {app}.rollup(max, 3600), 50, 'max', 'desc')",
            "style": {
              "line_width": "normal",
              "palette": "dog_classic",
              "line_type": "solid"
            },
            "display_type": "bars"
          }
        ]
      },
      "layout": {
        "y": 88,
        "x": 0,
        "height": 15,
        "width": 47
      },
      "id": 16
    },
    {
      "definition": {
        "custom_links": [],
        "title_size": "16",
        "title": "Underutilized Instances by Service",
        "title_align": "left",
        "yaxis": {
          "include_zero": true,
          "max": "auto",
          "scale": "linear",
          "min": "auto",
          "label": ""
        },
        "show_legend": false,
        "legend_size": "0",
        "type": "timeseries",
        "requests": [
          {
            "q": "top(sum:datadog.demo.underutilized.combined.hosts.count{$instance-type} by {service}.rollup(max, 3600), 25, 'max', 'desc')",
            "style": {
              "line_width": "normal",
              "palette": "warm",
              "line_type": "solid"
            },
            "display_type": "bars"
          }
        ]
      },
      "layout": {
        "y": 72,
        "x": 48,
        "height": 15,
        "width": 47
      },
      "id": 17
    },
    {
      "definition": {
        "custom_links": [],
        "title_size": "16",
        "title": "Underutilized Instances by App",
        "title_align": "left",
        "yaxis": {
          "include_zero": true,
          "max": "auto",
          "scale": "linear",
          "min": "auto",
          "label": ""
        },
        "show_legend": false,
        "legend_size": "0",
        "type": "timeseries",
        "requests": [
          {
            "q": "top(sum:datadog.demo.underutilized.combined.hosts.count{$instance-type} by {app}.rollup(max, 3600), 25, 'max', 'desc')",
            "style": {
              "line_width": "normal",
              "palette": "warm",
              "line_type": "solid"
            },
            "display_type": "bars"
          }
        ]
      },
      "layout": {
        "y": 88,
        "x": 48,
        "height": 15,
        "width": 47
      },
      "id": 18
    },
    {
      "definition": {
        "custom_links": [],
        "title_size": "16",
        "title": "Potential Hourly Optimization by Service",
        "title_align": "left",
        "yaxis": {
          "include_zero": true,
          "max": "auto",
          "scale": "linear",
          "min": "auto",
          "label": ""
        },
        "show_legend": false,
        "legend_size": "0",
        "type": "timeseries",
        "requests": [
          {
            "q": "top((sum:datadog.demo.underutilized.combined.hosts.count{$instance-type} by {service}.rollup(max, 3600)*avg:datadog.demo.aws.ec2.pricing.current{$instance-type})-(sum:datadog.demo.underutilized.combined.hosts.count{$instance-type} by {service}.rollup(max, 3600)*avg:datadog.demo.aws.ec2.pricing.offers{$offer-instance-type,$offer_region,$offer_operating_system,$offer_pricing_model,$offer_lease_contract}),50,'mean','desc')",
            "style": {
              "line_width": "normal",
              "palette": "cool",
              "line_type": "solid"
            },
            "display_type": "bars"
          }
        ]
      },
      "layout": {
        "y": 72,
        "x": 96,
        "height": 15,
        "width": 47
      },
      "id": 19
    },
    {
      "definition": {
        "custom_links": [],
        "title_size": "16",
        "title": "Potential Hourly Optimization by App",
        "title_align": "left",
        "yaxis": {
          "include_zero": true,
          "max": "auto",
          "scale": "linear",
          "min": "auto",
          "label": ""
        },
        "show_legend": false,
        "legend_size": "0",
        "type": "timeseries",
        "requests": [
          {
            "q": "top((sum:datadog.demo.underutilized.combined.hosts.count{$instance-type} by {app}.rollup(max, 3600)*avg:datadog.demo.aws.ec2.pricing.current{$instance-type})-(sum:datadog.demo.underutilized.combined.hosts.count{$instance-type} by {app}.rollup(max, 3600)*avg:datadog.demo.aws.ec2.pricing.offers{$offer-instance-type,$offer_region,$offer_operating_system,$offer_pricing_model,$offer_lease_contract}),50,'mean','desc')",
            "style": {
              "line_width": "normal",
              "palette": "cool",
              "line_type": "solid"
            },
            "display_type": "bars"
          }
        ]
      },
      "layout": {
        "y": 88,
        "x": 96,
        "height": 15,
        "width": 47
      },
      "id": 20
    },
    {
      "definition": {
        "custom_links": [],
        "autoscale": false,
        "title": "Underutilized Instances",
        "title_align": "left",
        "precision": 0,
        "title_size": "16",
        "requests": [
          {
            "q": "sum:datadog.demo.underutilized.combined.hosts.count{$instance-type}",
            "aggregator": "avg",
            "conditional_formats": [
              {
                "palette": "red_on_white",
                "value": 0,
                "comparator": ">"
              }
            ]
          }
        ],
        "type": "query_value"
      },
      "layout": {
        "y": 8,
        "x": 24,
        "height": 15,
        "width": 23
      },
      "id": 21
    },
    {
      "definition": {
        "custom_links": [],
        "autoscale": true,
        "title": "Underutilized Compute Spend (Monthly)",
        "title_align": "left",
        "custom_unit": "USD",
        "precision": 0,
        "title_size": "16",
        "requests": [
          {
            "q": "sum:datadog.demo.underutilized.combined.hosts.count{$instance-type}*avg:datadog.demo.aws.ec2.pricing.current{$instance-type}*720",
            "aggregator": "last",
            "conditional_formats": [
              {
                "palette": "red_on_white",
                "value": 0,
                "comparator": ">"
              }
            ]
          }
        ],
        "type": "query_value"
      },
      "layout": {
        "y": 8,
        "x": 72,
        "height": 15,
        "width": 23
      },
      "id": 22
    },
    {
      "definition": {
        "custom_links": [],
        "autoscale": true,
        "title": "Potential Optimization (Monthly)",
        "title_align": "left",
        "custom_unit": "USD",
        "precision": 0,
        "title_size": "16",
        "requests": [
          {
            "q": "((sum:datadog.demo.underutilized.combined.hosts.count{$instance-type}*avg:datadog.demo.aws.ec2.pricing.current{$instance-type})-(sum:datadog.demo.underutilized.combined.hosts.count{$instance-type}*avg:datadog.demo.aws.ec2.pricing.offers{$offer-instance-type,$offer_region,$offer_operating_system,$offer_pricing_model,$offer_lease_contract}))*720",
            "aggregator": "last",
            "conditional_formats": [
              {
                "palette": "green_on_white",
                "value": 0,
                "comparator": ">"
              }
            ]
          }
        ],
        "type": "query_value"
      },
      "layout": {
        "y": 8,
        "x": 120,
        "height": 15,
        "width": 23
      },
      "id": 23
    },
    {
      "definition": {
        "tick_pos": "50%",
        "show_tick": false,
        "type": "note",
        "tick_edge": "left",
        "text_align": "left",
        "content": "**Note:**\n\nAccelerated Compute instances (P2, P3, G2, G3, G4, F1, Inf1) are not included in underutilization metrics. GPU instances (P2, P3, G2, G3, G4) require additional plugins via [AWS CloudWatch](https://aws.amazon.com/blogs/machine-learning/monitoring-gpu-utilization-with-amazon-cloudwatch/) or [Datadog NVML](https://github.com/ngi644/datadog_nvml).\n\nPricing metrics to not account for CPU Credits as applied to burstable (t2, t3, t3a) instances.",
        "font_size": "14",
        "background_color": "white"
      },
      "layout": {
        "y": 0,
        "x": 144,
        "height": 23,
        "width": 39
      },
      "id": 24
    }
  ],
  "layout_type": "free"
}