{
  "notify_list": [],
  "description": "",
  "restricted_roles": [],
  "template_variables": [
    {
      "default": "*",
      "prefix": "dbname",
      "name": "DBName"
    },
    {
      "default": "*",
      "prefix": "host",
      "name": "Host"
    }
  ],
  "is_read_only": false,
  "title": "Oracle TimesTen",
  "widgets": [
    {
      "definition": {
        "custom_links": [],
        "title_size": "16",
        "title": "Command Cache Hits",
        "title_align": "center",
        "precision": 2,
        "autoscale": true,
        "requests": [
          {
            "q": "avg:rapdev.oracle_timesten.CommandCacheHitPerc{$DBName,$Host}",
            "aggregator": "avg",
            "conditional_formats": [
              {
                "palette": "white_on_red",
                "value": 90,
                "comparator": "<"
              },
              {
                "palette": "white_on_yellow",
                "value": 99.9999999,
                "comparator": "<="
              },
              {
                "palette": "white_on_green",
                "value": 99.9999999,
                "comparator": ">"
              }
            ]
          }
        ],
        "type": "query_value"
      },
      "layout": {
        "y": 21,
        "x": -1,
        "height": 11,
        "width": 20
      },
      "id": 0
    },
    {
      "definition": {
        "tick_pos": "50%",
        "show_tick": true,
        "type": "note",
        "tick_edge": "bottom",
        "text_align": "center",
        "content": "Efficiency Metrics",
        "font_size": "18",
        "background_color": "white"
      },
      "layout": {
        "y": 14,
        "x": 0,
        "height": 5,
        "width": 42
      },
      "id": 1
    },
    {
      "definition": {
        "title_size": "16",
        "title": "TimesTen Connection Status",
        "title_align": "center",
        "group_by": [],
        "type": "check_status",
        "check": "oracle_timesten",
        "tags": [
          "*"
        ],
        "grouping": "cluster"
      },
      "layout": {
        "y": 0,
        "x": 22,
        "height": 12,
        "width": 20
      },
      "id": 2
    },
    {
      "definition": {
        "custom_links": [],
        "title_size": "16",
        "title": "Lock Hits",
        "title_align": "center",
        "precision": 2,
        "autoscale": true,
        "requests": [
          {
            "q": "avg:rapdev.oracle_timesten.LockHitPerc{$DBName,$Host}",
            "aggregator": "avg",
            "conditional_formats": [
              {
                "palette": "white_on_red",
                "value": 90,
                "comparator": "<"
              },
              {
                "palette": "white_on_yellow",
                "value": 99.99999999,
                "comparator": "<="
              },
              {
                "palette": "white_on_green",
                "value": 99.99999999,
                "comparator": ">"
              }
            ]
          }
        ],
        "type": "query_value"
      },
      "layout": {
        "y": 21,
        "x": 22,
        "height": 11,
        "width": 20
      },
      "id": 3
    },
    {
      "definition": {
        "custom_links": [],
        "title_size": "16",
        "title": "Non-Parse Executions",
        "title_align": "left",
        "precision": 2,
        "autoscale": true,
        "requests": [
          {
            "q": "avg:rapdev.oracle_timesten.Non_ParseExecsPerc{$DBName,$Host}",
            "aggregator": "avg",
            "conditional_formats": [
              {
                "palette": "white_on_red",
                "value": 90,
                "comparator": "<"
              },
              {
                "palette": "white_on_yellow",
                "value": 99.9999999,
                "comparator": "<="
              },
              {
                "palette": "white_on_green",
                "value": 99.9999999,
                "comparator": ">"
              }
            ]
          }
        ],
        "type": "query_value"
      },
      "layout": {
        "y": 34,
        "x": 0,
        "height": 11,
        "width": 20
      },
      "id": 4
    },
    {
      "definition": {
        "custom_links": [],
        "title_size": "16",
        "title": "No Wait Log Buffer",
        "title_align": "center",
        "precision": 2,
        "autoscale": true,
        "requests": [
          {
            "q": "avg:rapdev.oracle_timesten.LogBufferNoWaitPerc{$DBName,$Host}",
            "aggregator": "avg",
            "conditional_formats": [
              {
                "palette": "white_on_red",
                "value": 90,
                "comparator": "<"
              },
              {
                "palette": "white_on_yellow",
                "value": 99.9999999,
                "comparator": "<="
              },
              {
                "palette": "white_on_green",
                "value": 99.9999999,
                "comparator": ">"
              }
            ]
          }
        ],
        "type": "query_value"
      },
      "layout": {
        "y": 34,
        "x": 22,
        "height": 11,
        "width": 20
      },
      "id": 5
    },
    {
      "definition": {
        "custom_links": [],
        "title_size": "16",
        "title": "Max SQL Sort by Executions",
        "title_align": "left",
        "requests": [
          {
            "q": "top(max:rapdev.oracle_timesten.SQL_Sort_by_Executions{$DBName,$Host} by {cmdtext}, 10, 'max', 'desc')"
          }
        ],
        "type": "toplist"
      },
      "layout": {
        "y": 161,
        "x": 67,
        "height": 18,
        "width": 64
      },
      "id": 6
    },
    {
      "definition": {
        "tick_pos": "50%",
        "show_tick": true,
        "type": "note",
        "tick_edge": "bottom",
        "text_align": "center",
        "content": "SQL Statistics",
        "font_size": "16",
        "background_color": "white"
      },
      "layout": {
        "y": 134,
        "x": 67,
        "height": 6,
        "width": 64
      },
      "id": 7
    },
    {
      "definition": {
        "custom_links": [],
        "title_size": "16",
        "title": "Max SQL Sort by Preparations",
        "title_align": "left",
        "requests": [
          {
            "q": "top(max:rapdev.oracle_timesten.SQL_Sort_by_Preparations{$DBName,$Host} by {cmdtext}, 10, 'max', 'desc')"
          }
        ],
        "type": "toplist"
      },
      "layout": {
        "y": 141,
        "x": 67,
        "height": 18,
        "width": 64
      },
      "id": 8
    },
    {
      "definition": {
        "tick_pos": "50%",
        "show_tick": true,
        "type": "note",
        "tick_edge": "bottom",
        "text_align": "center",
        "content": "Memory",
        "font_size": "18",
        "background_color": "white"
      },
      "layout": {
        "y": 153,
        "x": 0,
        "height": 6,
        "width": 64
      },
      "id": 9
    },
    {
      "definition": {
        "custom_links": [],
        "title_size": "16",
        "title": "Average Temp Memory Used vs Allocated (bytes)",
        "title_align": "left",
        "yaxis": {
          "max": "auto",
          "include_zero": true,
          "scale": "linear",
          "min": "auto",
          "label": ""
        },
        "show_legend": false,
        "requests": [
          {
            "q": "avg:rapdev.oracle_timesten.memory.db.size.temp_in_use.kb{$DBName,$Host}",
            "style": {
              "line_width": "normal",
              "palette": "warm",
              "line_type": "solid"
            },
            "display_type": "line"
          },
          {
            "q": "avg:rapdev.oracle_timesten.memory.db.size.temp_allocated.kb{$DBName,$Host}",
            "style": {
              "line_width": "normal",
              "palette": "warm",
              "line_type": "solid"
            },
            "display_type": "line"
          }
        ],
        "type": "timeseries"
      },
      "layout": {
        "y": 161,
        "x": 0,
        "height": 18,
        "width": 31
      },
      "id": 10
    },
    {
      "definition": {
        "custom_links": [],
        "title_size": "16",
        "title": "Average Perm Memory Used vs Allocated (bytes)",
        "title_align": "left",
        "yaxis": {
          "max": "auto",
          "include_zero": true,
          "scale": "linear",
          "min": "auto",
          "label": ""
        },
        "show_legend": false,
        "requests": [
          {
            "q": "avg:rapdev.oracle_timesten.memory.db.size.perm_in_use.kb{$DBName,$Host}",
            "style": {
              "line_width": "normal",
              "palette": "warm",
              "line_type": "solid"
            },
            "display_type": "line"
          },
          {
            "q": "avg:rapdev.oracle_timesten.memory.db.size.perm_allocated.kb{$DBName,$Host}",
            "style": {
              "line_width": "normal",
              "palette": "warm",
              "line_type": "solid"
            },
            "display_type": "line"
          }
        ],
        "type": "timeseries"
      },
      "layout": {
        "y": 161,
        "x": 33,
        "height": 18,
        "width": 31
      },
      "id": 11
    },
    {
      "definition": {
        "url": "https://www.i-programmer.info/images/stories/News/2012/JAN/B/oracletimeten.jpg",
        "sizing": "zoom",
        "type": "image"
      },
      "layout": {
        "y": 0,
        "x": 0,
        "height": 12,
        "width": 20
      },
      "id": 12
    },
    {
      "definition": {
        "custom_links": [],
        "title_size": "16",
        "title": "Log Replication",
        "title_align": "left",
        "requests": [
          {
            "aggregator": "avg",
            "conditional_formats": [
              {
                "palette": "white_on_red",
                "value": 0,
                "comparator": "<"
              },
              {
                "palette": "white_on_green",
                "value": 0,
                "comparator": ">="
              }
            ],
            "q": "avg:rapdev.oracle_timesten.Log_Behind_B{$DBName,$Host} by {peer}",
            "alias": "Logs Behind (B)",
            "limit": 10,
            "order": "desc"
          },
          {
            "q": "avg:rapdev.oracle_timesten.Log_Behind_E{$DBName,$Host} by {peer}",
            "aggregator": "avg",
            "conditional_formats": [
              {
                "palette": "white_on_red",
                "value": 0,
                "comparator": "<"
              },
              {
                "palette": "white_on_green",
                "value": 0,
                "comparator": ">="
              }
            ],
            "alias": "Logs Behind (E)"
          }
        ],
        "type": "query_table"
      },
      "layout": {
        "y": 53,
        "x": 0,
        "height": 15,
        "width": 39
      },
      "id": 13
    },
    {
      "definition": {
        "custom_links": [],
        "title_size": "16",
        "title": "RPS Replication",
        "title_align": "left",
        "requests": [
          {
            "aggregator": "last",
            "conditional_formats": [
              {
                "palette": "white_on_red",
                "value": 0,
                "comparator": "<"
              },
              {
                "palette": "white_on_green",
                "value": 0,
                "comparator": ">="
              }
            ],
            "q": "avg:rapdev.oracle_timesten.RPS_B{$DBName,$Host} by {peer}",
            "alias": "RPS (B)",
            "limit": 10,
            "order": "desc"
          },
          {
            "q": "avg:rapdev.oracle_timesten.RPS_E{$DBName,$Host} by {peer}",
            "aggregator": "last",
            "conditional_formats": [
              {
                "palette": "white_on_red",
                "value": 0,
                "comparator": "<"
              },
              {
                "palette": "white_on_green",
                "value": 0,
                "comparator": ">="
              }
            ],
            "alias": "RPS (E)"
          }
        ],
        "type": "query_table"
      },
      "layout": {
        "y": 53,
        "x": 42,
        "height": 15,
        "width": 39
      },
      "id": 14
    },
    {
      "definition": {
        "custom_links": [],
        "title_size": "16",
        "title": "TPS Replication",
        "title_align": "left",
        "requests": [
          {
            "aggregator": "last",
            "conditional_formats": [
              {
                "palette": "white_on_red",
                "value": 0,
                "comparator": "<"
              },
              {
                "palette": "white_on_green",
                "value": 0,
                "comparator": ">="
              }
            ],
            "q": "avg:rapdev.oracle_timesten.TPS_B{$DBName,$Host} by {peer}",
            "alias": "TPS (B)",
            "limit": 50,
            "order": "desc"
          },
          {
            "q": "avg:rapdev.oracle_timesten.TPS_E{$DBName,$Host} by {peer}",
            "aggregator": "last",
            "conditional_formats": [
              {
                "palette": "white_on_red",
                "value": 0,
                "comparator": "<"
              },
              {
                "palette": "white_on_green",
                "value": 0,
                "comparator": ">="
              }
            ],
            "alias": "TPS (E)"
          }
        ],
        "type": "query_table"
      },
      "layout": {
        "y": 70,
        "x": 0,
        "height": 15,
        "width": 39
      },
      "id": 15
    },
    {
      "definition": {
        "custom_links": [],
        "title_size": "16",
        "title": "Replication Latency",
        "title_align": "left",
        "requests": [
          {
            "aggregator": "last",
            "conditional_formats": [
              {
                "palette": "white_on_red",
                "value": 0,
                "comparator": "<"
              },
              {
                "palette": "white_on_green",
                "value": 0,
                "comparator": ">="
              }
            ],
            "q": "avg:rapdev.oracle_timesten.Latency_B{$DBName,$Host} by {peer}",
            "alias": "Latency (B)",
            "limit": 50,
            "order": "desc"
          },
          {
            "q": "avg:rapdev.oracle_timesten.Latency_E{$DBName,$Host} by {peer}",
            "aggregator": "last",
            "conditional_formats": [
              {
                "palette": "white_on_red",
                "value": 0,
                "comparator": "<"
              },
              {
                "palette": "white_on_green",
                "value": 0,
                "comparator": ">="
              }
            ],
            "alias": "Latency (E)"
          }
        ],
        "type": "query_table"
      },
      "layout": {
        "y": 70,
        "x": 42,
        "height": 15,
        "width": 39
      },
      "id": 16
    },
    {
      "definition": {
        "tick_pos": "50%",
        "show_tick": true,
        "type": "note",
        "tick_edge": "bottom",
        "text_align": "center",
        "content": "Replication",
        "font_size": "18",
        "background_color": "white"
      },
      "layout": {
        "y": 46,
        "x": 0,
        "height": 5,
        "width": 81
      },
      "id": 17
    },
    {
      "definition": {
        "tick_pos": "50%",
        "show_tick": true,
        "type": "note",
        "tick_edge": "bottom",
        "text_align": "center",
        "content": "Statement Statistics",
        "font_size": "18",
        "background_color": "white"
      },
      "layout": {
        "y": 46,
        "x": 84,
        "height": 5,
        "width": 47
      },
      "id": 18
    },
    {
      "definition": {
        "custom_links": [],
        "title_size": "16",
        "title": "Statement Execution (rate/s)",
        "title_align": "left",
        "yaxis": {
          "max": "auto",
          "include_zero": true,
          "scale": "linear",
          "min": "auto",
          "label": ""
        },
        "show_legend": false,
        "requests": [
          {
            "q": "per_second(avg:rapdev.oracle_timesten.stmt.executes.drops{$DBName,$Host}), per_second(avg:rapdev.oracle_timesten.stmt.executes.alters{$DBName,$Host}), per_second(avg:rapdev.oracle_timesten.stmt.executes.selects{$DBName,$Host}), per_second(avg:rapdev.oracle_timesten.stmt.executes.updates{$DBName,$Host}), per_second(avg:rapdev.oracle_timesten.stmt.executes.inserts{$DBName,$Host})",
            "style": {
              "line_width": "normal",
              "palette": "dog_classic",
              "line_type": "solid"
            },
            "display_type": "line"
          }
        ],
        "type": "timeseries"
      },
      "layout": {
        "y": 53,
        "x": 84,
        "height": 32,
        "width": 47
      },
      "id": 19
    },
    {
      "definition": {
        "style": {
          "palette": "green_to_orange",
          "palette_flip": false
        },
        "custom_links": [],
        "title_size": "16",
        "title": "TimesTen Database Hosts",
        "title_align": "left",
        "node_type": "host",
        "no_metric_hosts": false,
        "group": [],
        "requests": {
          "size": {
            "q": "avg:system.cpu.idle{oracle_timesten,$DBName,$Host} by {host}"
          },
          "fill": {
            "q": "max:rapdev.oracle_timesten.CommandCacheHitPerc{oracle_timesten,$DBName,$Host} by {host}"
          }
        },
        "no_group_hosts": false,
        "type": "hostmap",
        "scope": [
          "oracle_timesten"
        ]
      },
      "layout": {
        "y": 87,
        "x": 0,
        "height": 18,
        "width": 39
      },
      "id": 20
    },
    {
      "definition": {
        "custom_links": [],
        "title_size": "16",
        "title": "Database Connections Rates (rate/s)",
        "title_align": "left",
        "yaxis": {
          "max": "auto",
          "include_zero": true,
          "scale": "linear",
          "min": "auto",
          "label": ""
        },
        "show_legend": false,
        "requests": [
          {
            "q": "per_second(max:rapdev.oracle_timesten.memory.connections.disconnected{$DBName,$Host} by {dbname})",
            "style": {
              "line_width": "normal",
              "palette": "dog_classic",
              "line_type": "solid"
            },
            "display_type": "line"
          },
          {
            "q": "per_second(max:rapdev.oracle_timesten.memory.connections.established.direct{$DBName,$Host} by {dbname})",
            "style": {
              "line_width": "normal",
              "palette": "warm",
              "line_type": "solid"
            },
            "display_type": "line"
          },
          {
            "q": "per_second(max:rapdev.oracle_timesten.memory.connections.established.threshold_exceeded{$DBName,$Host} by {dbname})",
            "style": {
              "line_width": "normal",
              "palette": "dog_classic",
              "line_type": "solid"
            },
            "display_type": "bars"
          }
        ],
        "type": "timeseries"
      },
      "layout": {
        "y": 87,
        "x": 42,
        "height": 18,
        "width": 39
      },
      "id": 21
    },
    {
      "definition": {
        "custom_links": [],
        "title_size": "16",
        "title": "Command Cache Miss",
        "title_align": "left",
        "yaxis": {
          "max": "auto",
          "include_zero": true,
          "scale": "linear",
          "min": "auto",
          "label": ""
        },
        "show_legend": false,
        "requests": [
          {
            "q": "max:rapdev.oracle_timesten.stmt.prepares.command_cache_miss{$DBName,$Host}",
            "style": {
              "line_width": "normal",
              "palette": "warm",
              "line_type": "solid"
            },
            "display_type": "bars"
          }
        ],
        "type": "timeseries"
      },
      "layout": {
        "y": 86,
        "x": 84,
        "height": 19,
        "width": 47
      },
      "id": 22
    },
    {
      "definition": {
        "custom_links": [],
        "title_size": "16",
        "title": "Log Hold (MB)",
        "title_align": "left",
        "precision": 2,
        "autoscale": true,
        "requests": [
          {
            "q": "max:rapdev.oracle_timesten.total_hold{$DBName,$Host}",
            "aggregator": "last",
            "conditional_formats": [
              {
                "palette": "white_on_green",
                "value": 99,
                "comparator": "<"
              },
              {
                "palette": "white_on_yellow",
                "value": 99,
                "comparator": ">="
              },
              {
                "palette": "white_on_red",
                "value": 500,
                "comparator": ">"
              }
            ]
          }
        ],
        "type": "query_value"
      },
      "layout": {
        "y": 0,
        "x": 96,
        "height": 19,
        "width": 35
      },
      "id": 23
    },
    {
      "definition": {
        "tick_pos": "50%",
        "show_tick": true,
        "type": "note",
        "tick_edge": "bottom",
        "text_align": "center",
        "content": "Locks",
        "font_size": "18",
        "background_color": "white"
      },
      "layout": {
        "y": 107,
        "x": 0,
        "height": 6,
        "width": 64
      },
      "id": 24
    },
    {
      "definition": {
        "custom_links": [],
        "title_size": "16",
        "title": "Average Lock Timeouts",
        "title_align": "left",
        "yaxis": {
          "max": "auto",
          "include_zero": true,
          "scale": "linear",
          "min": "auto",
          "label": ""
        },
        "show_legend": false,
        "requests": [
          {
            "q": "avg:rapdev.oracle_timesten.lock.timeouts{$DBName,$Host} by {dbname}",
            "style": {
              "line_width": "normal",
              "palette": "dog_classic",
              "line_type": "solid"
            },
            "display_type": "line"
          }
        ],
        "type": "timeseries"
      },
      "layout": {
        "y": 134,
        "x": 0,
        "height": 18,
        "width": 64
      },
      "id": 25
    },
    {
      "definition": {
        "custom_links": [],
        "title_size": "16",
        "title": "Average Immediate Lock Grants",
        "title_align": "left",
        "yaxis": {
          "max": "auto",
          "include_zero": true,
          "scale": "linear",
          "min": "auto",
          "label": ""
        },
        "show_legend": false,
        "requests": [
          {
            "q": "avg:rapdev.oracle_timesten.lock.locks_granted.immediate{$DBName,$Host} by {dbname}",
            "style": {
              "line_width": "normal",
              "palette": "cool",
              "line_type": "solid"
            },
            "display_type": "area"
          }
        ],
        "type": "timeseries"
      },
      "layout": {
        "y": 115,
        "x": 0,
        "height": 18,
        "width": 31
      },
      "id": 26
    },
    {
      "definition": {
        "custom_links": [],
        "title_size": "16",
        "title": "Average Locks Granted after Waiting",
        "title_align": "left",
        "yaxis": {
          "max": "auto",
          "include_zero": true,
          "scale": "linear",
          "min": "auto",
          "label": ""
        },
        "show_legend": false,
        "requests": [
          {
            "q": "avg:rapdev.oracle_timesten.lock.locks_granted.wait{$DBName,$Host} by {dbname}",
            "style": {
              "line_width": "normal",
              "palette": "cool",
              "line_type": "solid"
            },
            "display_type": "area"
          }
        ],
        "type": "timeseries"
      },
      "layout": {
        "y": 115,
        "x": 33,
        "height": 18,
        "width": 31
      },
      "id": 27
    },
    {
      "definition": {
        "custom_links": [],
        "title_size": "16",
        "title": "Average Checkpoint Holds",
        "title_align": "left",
        "yaxis": {
          "max": "auto",
          "include_zero": true,
          "scale": "linear",
          "min": "auto",
          "label": ""
        },
        "show_legend": false,
        "requests": [
          {
            "q": "avg:rapdev.oracle_timesten.hold.checkpoint{$DBName,$Host} by {dbdescription}",
            "style": {
              "line_width": "normal",
              "palette": "cool",
              "line_type": "solid"
            },
            "display_type": "bars"
          }
        ],
        "type": "timeseries"
      },
      "layout": {
        "y": 115,
        "x": 67,
        "height": 18,
        "width": 31
      },
      "id": 28
    },
    {
      "definition": {
        "custom_links": [],
        "title_size": "16",
        "title": "Average Replication Holds",
        "title_align": "left",
        "yaxis": {
          "max": "auto",
          "include_zero": true,
          "scale": "linear",
          "min": "auto",
          "label": ""
        },
        "show_legend": false,
        "requests": [
          {
            "q": "avg:rapdev.oracle_timesten.hold.replication{$DBName,$Host} by {dbdescription}",
            "style": {
              "line_width": "normal",
              "palette": "dog_classic",
              "line_type": "solid"
            },
            "display_type": "bars"
          }
        ],
        "type": "timeseries"
      },
      "layout": {
        "y": 115,
        "x": 100,
        "height": 18,
        "width": 31
      },
      "id": 29
    },
    {
      "definition": {
        "tick_pos": "50%",
        "show_tick": true,
        "type": "note",
        "tick_edge": "bottom",
        "text_align": "center",
        "content": "Holds",
        "font_size": "18",
        "background_color": "white"
      },
      "layout": {
        "y": 107,
        "x": 67,
        "height": 6,
        "width": 64
      },
      "id": 30
    },
    {
      "definition": {
        "custom_links": [],
        "title_size": "16",
        "title": "Total Hold (logfilesize)",
        "title_align": "left",
        "yaxis": {
          "max": "auto",
          "include_zero": true,
          "scale": "linear",
          "min": "auto",
          "label": ""
        },
        "show_legend": false,
        "requests": [
          {
            "q": "avg:rapdev.oracle_timesten.total_hold{$DBName,$Host} by {dbname}",
            "style": {
              "line_width": "normal",
              "palette": "dog_classic",
              "line_type": "solid"
            },
            "display_type": "line"
          }
        ],
        "type": "timeseries"
      },
      "layout": {
        "y": 21,
        "x": 96,
        "height": 24,
        "width": 35
      },
      "id": 31
    },
    {
      "definition": {
        "custom_links": [],
        "title_size": "16",
        "title": "Replication State",
        "title_align": "left",
        "requests": [
          {
            "aggregator": "avg",
            "conditional_formats": [
              {
                "palette": "white_on_green",
                "value": 0,
                "comparator": ">"
              }
            ],
            "q": "avg:rapdev.oracle_timesten.replication_state.ACTIVE{$DBName,$Host} by {dbname}",
            "alias": "Active",
            "limit": 50,
            "order": "desc"
          },
          {
            "q": "avg:rapdev.oracle_timesten.replication_state.STANDBY{$DBName,$Host} by {dbname}",
            "aggregator": "avg",
            "conditional_formats": [
              {
                "palette": "white_on_green",
                "value": 0,
                "comparator": ">"
              }
            ],
            "alias": "Standby"
          },
          {
            "q": "avg:rapdev.oracle_timesten.replication_state.FAILED{$DBName,$Host} by {dbname}",
            "aggregator": "avg",
            "conditional_formats": [
              {
                "palette": "white_on_red",
                "value": 0,
                "comparator": ">"
              }
            ],
            "alias": "Failed"
          },
          {
            "q": "avg:rapdev.oracle_timesten.replication_state.IDLE{$DBName,$Host} by {dbname}",
            "aggregator": "avg",
            "conditional_formats": [
              {
                "palette": "white_on_gray",
                "value": 0,
                "comparator": ">"
              }
            ],
            "alias": "Idle"
          },
          {
            "q": "avg:rapdev.oracle_timesten.replication_state.RECOVERING{$DBName,$Host} by {dbname}",
            "aggregator": "avg",
            "conditional_formats": [
              {
                "palette": "white_on_yellow",
                "value": 0,
                "comparator": ">"
              }
            ],
            "alias": "Recovering"
          }
        ],
        "type": "query_table"
      },
      "layout": {
        "y": 0,
        "x": 44,
        "height": 19,
        "width": 50
      },
      "id": 32
    },
    {
      "definition": {
        "custom_links": [],
        "title_size": "16",
        "yaxis": {
          "max": "auto",
          "include_zero": true,
          "scale": "linear",
          "min": "auto",
          "label": ""
        },
        "title_align": "left",
        "markers": [
          {
            "display_type": "ok dashed",
            "value": "y = 1",
            "label": "\u00a0Active\u00a0"
          },
          {
            "display_type": "info dashed",
            "value": "y = 2",
            "label": "\u00a0Standby\u00a0"
          },
          {
            "display_type": "error dashed",
            "value": "y = 3",
            "label": "\u00a0Failed\u00a0"
          },
          {
            "display_type": "info dashed",
            "value": "y = 4",
            "label": "\u00a0Idle\u00a0"
          },
          {
            "display_type": "warning dashed",
            "value": "y = 5",
            "label": "\u00a0Recovering\u00a0"
          }
        ],
        "show_legend": false,
        "title": "Replication State",
        "requests": [
          {
            "q": "avg:rapdev.oracle_timesten.replication_state{$DBName,$Host} by {dbname}",
            "style": {
              "line_width": "normal",
              "palette": "dog_classic",
              "line_type": "solid"
            },
            "display_type": "line"
          }
        ],
        "type": "timeseries"
      },
      "layout": {
        "y": 21,
        "x": 44,
        "height": 24,
        "width": 50
      },
      "id": 33
    }
  ],
  "layout_type": "free"
}