{
  "notify_list": [],
  "description": "",
  "restricted_roles": [],
  "template_variables": [
    {
      "default": "*",
      "prefix": "ifalias",
      "name": "ifAlias"
    },
    {
      "default": "*",
      "prefix": "ifname",
      "name": "ifName"
    },
    {
      "default": "*",
      "prefix": "host",
      "name": "Host"
    },
    {
      "default": "asa",
      "prefix": "hardware",
      "name": "Hardware"
    },
    {
      "default": "*",
      "prefix": "snmp_device",
      "name": "IP"
    }
  ],
  "is_read_only": false,
  "title": "Cisco ASA Dashboard",
  "widgets": [
    {
      "definition": {
        "autoscale": true,
        "requests": [
          {
            "q": "max:snmp.cisco.asa.activeVpnsLan_to_lan{$Host,$Hardware,$IP}",
            "aggregator": "last"
          }
        ],
        "type": "query_value",
        "precision": 2,
        "title": "Active VPN LAN-to-LAN"
      },
      "id": 8659510649268430
    },
    {
      "definition": {
        "autoscale": true,
        "requests": [
          {
            "q": "max:snmp.cisco.asa.activeSslVpnsRemoteaccess{$Hardware,$IP}",
            "aggregator": "last"
          }
        ],
        "type": "query_value",
        "precision": 2,
        "title": "Active SSL VPN Sessions"
      },
      "id": 8652916003796682
    },
    {
      "definition": {
        "autoscale": true,
        "requests": [
          {
            "q": "max:snmp.cisco.asa.activeSslVpnsRemoteaccess{$Hardware,$IP}",
            "aggregator": "last"
          }
        ],
        "type": "query_value",
        "precision": 2,
        "title": "SSL VPN Remote Access"
      },
      "id": 7797329553152334
    },
    {
      "definition": {
        "autoscale": true,
        "title": "CPU Usage (%)",
        "custom_unit": "%",
        "precision": 2,
        "requests": [
          {
            "q": "max:snmp.cisco.asa.cpuUtilizationAvgLast5Sec{$Host,$Hardware,$IP}",
            "aggregator": "last"
          }
        ],
        "type": "query_value"
      },
      "id": 4437439668990610
    },
    {
      "definition": {
        "requests": [
          {
            "q": "avg:snmp.cisco.asa.memoryFree{$Host,$Hardware,$IP}",
            "style": {
              "line_width": "normal",
              "palette": "dog_classic",
              "line_type": "solid"
            },
            "display_type": "line"
          },
          {
            "q": "avg:snmp.cisco.asa.memoryUsed{$Host,$Hardware,$IP}",
            "style": {
              "line_width": "normal",
              "palette": "dog_classic",
              "line_type": "solid"
            },
            "display_type": "line"
          },
          {
            "q": "avg:snmp.cisco.asa.memoryPoolLargestFree{$Host,$Hardware,$IP}",
            "style": {
              "line_width": "normal",
              "palette": "dog_classic",
              "line_type": "solid"
            },
            "display_type": "line"
          }
        ],
        "type": "timeseries",
        "legend_size": "0",
        "show_legend": false,
        "title": "Memory Consumption"
      },
      "id": 2486605484554162
    },
    {
      "definition": {
        "requests": [
          {
            "q": "avg:snmp.cisco.asa.totalConnectionsInUse{$Host,$Hardware,$IP}",
            "style": {
              "line_width": "normal",
              "palette": "dog_classic",
              "line_type": "solid"
            },
            "display_type": "line"
          },
          {
            "q": "avg:snmp.cisco.asa.activeSslVpnsRemoteaccess{$Host,$Hardware,$IP}",
            "style": {
              "line_width": "normal",
              "palette": "dog_classic",
              "line_type": "solid"
            },
            "display_type": "line"
          },
          {
            "q": "avg:snmp.cisco.asa.activeIpsecVpnsRemoteaccess{$Host,$Hardware,$IP}",
            "style": {
              "line_width": "normal",
              "palette": "dog_classic",
              "line_type": "solid"
            },
            "display_type": "line"
          }
        ],
        "type": "timeseries",
        "legend_size": "0",
        "show_legend": false,
        "title": "Total Active Sessions/Connections"
      },
      "id": 4844026025824150
    },
    {
      "definition": {
        "requests": [
          {
            "q": "avg:snmp.cisco.asa.cpuUtilizationAvgLast1Min{$Host,$Hardware,$IP}",
            "style": {
              "line_width": "normal",
              "palette": "dog_classic",
              "line_type": "solid"
            },
            "display_type": "line"
          },
          {
            "q": "avg:snmp.cisco.asa.cpuUtilizationAvgLast5Min{$Host,$Hardware,$IP}",
            "style": {
              "line_width": "normal",
              "palette": "dog_classic",
              "line_type": "solid"
            },
            "display_type": "line"
          },
          {
            "q": "avg:snmp.cisco.asa.cpuUtilizationAvgLast5Sec{$Host,$Hardware,$IP}",
            "style": {
              "line_width": "normal",
              "palette": "dog_classic",
              "line_type": "solid"
            },
            "display_type": "line"
          }
        ],
        "type": "timeseries",
        "legend_size": "0",
        "show_legend": false,
        "title": "CPU Consumption"
      },
      "id": 7835022334468784
    },
    {
      "definition": {
        "widgets": [
          {
            "definition": {
              "autoscale": true,
              "requests": [
                {
                  "q": "max:snmp.cisco.asa.ifspeed{$ifAlias,$ifName,$Host,$Hardware,$IP} by {ifdesc}",
                  "aggregator": "last"
                }
              ],
              "type": "query_value",
              "precision": 2,
              "title": "Interface Speed"
            },
            "id": 7869833615866544
          },
          {
            "definition": {
              "autoscale": true,
              "requests": [
                {
                  "q": "max:snmp.cisco.asa.adminstatus{$ifAlias,$ifName,$Host,$Hardware,$IP}",
                  "aggregator": "last",
                  "conditional_formats": [
                    {
                      "palette": "white_on_red",
                      "value": 2,
                      "comparator": ">="
                    },
                    {
                      "palette": "white_on_green",
                      "value": 1,
                      "comparator": ">="
                    }
                  ]
                }
              ],
              "type": "query_value",
              "precision": 2,
              "title": "Interface Admin Status"
            },
            "id": 8228101060752768
          },
          {
            "definition": {
              "autoscale": true,
              "requests": [
                {
                  "q": "max:snmp.cisco.asa.operstatus{$ifAlias,$ifName,$Host,$Hardware,$IP}",
                  "aggregator": "last",
                  "conditional_formats": [
                    {
                      "palette": "white_on_red",
                      "value": 2,
                      "comparator": ">="
                    },
                    {
                      "palette": "white_on_green",
                      "value": 1,
                      "comparator": ">="
                    }
                  ]
                }
              ],
              "type": "query_value",
              "precision": 2,
              "title": "Operation Status"
            },
            "id": 5277357443264852
          },
          {
            "definition": {
              "autoscale": true,
              "title": "Utilization In",
              "custom_unit": "%",
              "precision": 2,
              "requests": [
                {
                  "q": "max:snmp.cisco.asa.inoctets{$ifName,$Host,$Hardware,$IP,$ifAlias}/max:snmp.cisco.asa.ifspeed{$ifName,$Host,$Hardware,$IP,$ifAlias}*10000",
                  "aggregator": "last"
                }
              ],
              "type": "query_value"
            },
            "id": 4163518175689924
          },
          {
            "definition": {
              "autoscale": true,
              "title": "Utilization Out",
              "custom_unit": "%",
              "precision": 2,
              "requests": [
                {
                  "q": "max:snmp.cisco.asa.outoctets{$ifName,$Host,$Hardware,$IP,$ifAlias}/max:snmp.cisco.asa.ifspeed{$ifName,$Host,$Hardware,$IP,$ifAlias}*10000",
                  "aggregator": "last"
                }
              ],
              "type": "query_value"
            },
            "id": 7478314728776494
          },
          {
            "definition": {
              "requests": [
                {
                  "q": "avg:snmp.cisco.asa.inoctets{$ifName,$Host,$Hardware,$IP,$ifAlias} by {ifalias,ifname}/avg:snmp.cisco.asa.ifspeed{$ifName,$Host,$Hardware,$IP,$ifAlias} by {ifalias,ifname}*10000",
                  "style": {
                    "line_width": "normal",
                    "palette": "dog_classic",
                    "line_type": "solid"
                  },
                  "display_type": "line"
                },
                {
                  "q": "avg:snmp.cisco.asa.outoctets{$ifName,$Host,$Hardware,$IP,$ifAlias} by {ifalias,ifname}/avg:snmp.cisco.asa.ifspeed{$ifName,$Host,$Hardware,$IP,$ifAlias} by {ifalias,ifname}*10000",
                  "style": {
                    "line_width": "normal",
                    "palette": "dog_classic",
                    "line_type": "solid"
                  },
                  "display_type": "line"
                }
              ],
              "type": "timeseries",
              "legend_size": "0",
              "show_legend": false,
              "title": "Interface Utilization (%)"
            },
            "id": 953628360409078
          },
          {
            "definition": {
              "requests": [
                {
                  "q": "avg:snmp.cisco.asa.inoctets{$ifAlias,$ifName,$Host,$Hardware,$IP} by {ifdesc}",
                  "style": {
                    "line_width": "normal",
                    "palette": "dog_classic",
                    "line_type": "solid"
                  },
                  "display_type": "line"
                },
                {
                  "q": "avg:snmp.cisco.asa.outoctets{$ifAlias,$ifName,$Host,$Hardware,$IP} by {ifdesc}",
                  "style": {
                    "line_width": "normal",
                    "palette": "dog_classic",
                    "line_type": "solid"
                  },
                  "display_type": "line"
                }
              ],
              "type": "timeseries",
              "legend_size": "0",
              "show_legend": false,
              "title": "In & Out Octets"
            },
            "id": 3241249341655874
          },
          {
            "definition": {
              "requests": [
                {
                  "q": "avg:snmp.cisco.asa.inucastpkts{$ifAlias,$ifName,$Host,$Hardware,$IP} by {ifdesc}",
                  "style": {
                    "line_width": "normal",
                    "palette": "dog_classic",
                    "line_type": "solid"
                  },
                  "display_type": "line"
                },
                {
                  "q": "avg:snmp.cisco.asa.outucastpkts{$ifAlias,$ifName,$Host,$Hardware,$IP} by {ifdesc}",
                  "style": {
                    "line_width": "normal",
                    "palette": "dog_classic",
                    "line_type": "solid"
                  },
                  "display_type": "line"
                }
              ],
              "type": "timeseries",
              "legend_size": "0",
              "show_legend": false,
              "title": "In & Out Unicast Packets"
            },
            "id": 8994788594587116
          },
          {
            "definition": {
              "requests": [
                {
                  "q": "avg:snmp.cisco.asa.inmulticastpkts{$ifAlias,$ifName,$Host,$Hardware,$IP} by {ifdesc}",
                  "style": {
                    "line_width": "normal",
                    "palette": "dog_classic",
                    "line_type": "solid"
                  },
                  "display_type": "area"
                },
                {
                  "q": "avg:snmp.cisco.asa.outmulticastpkts{$ifAlias,$ifName,$Host,$Hardware,$IP} by {ifdesc}",
                  "style": {
                    "line_width": "normal",
                    "palette": "dog_classic",
                    "line_type": "solid"
                  },
                  "display_type": "line"
                }
              ],
              "type": "timeseries",
              "legend_size": "0",
              "show_legend": false,
              "title": "In & Out Multicast"
            },
            "id": 7728734310452210
          },
          {
            "definition": {
              "requests": [
                {
                  "q": "avg:snmp.cisco.asa.inerrors{$ifAlias,$ifName,$Host,$Hardware,$IP} by {ifdesc}",
                  "style": {
                    "line_width": "normal",
                    "palette": "dog_classic",
                    "line_type": "solid"
                  },
                  "display_type": "line"
                },
                {
                  "q": "avg:snmp.cisco.asa.outerrors{$ifAlias,$ifName,$Host,$Hardware,$IP} by {ifdesc}",
                  "style": {
                    "line_width": "normal",
                    "palette": "dog_classic",
                    "line_type": "solid"
                  },
                  "display_type": "line"
                }
              ],
              "type": "timeseries",
              "legend_size": "0",
              "show_legend": false,
              "title": "In & Out Errors"
            },
            "id": 6525892531899182
          },
          {
            "definition": {
              "requests": [
                {
                  "q": "avg:snmp.cisco.asa.inbroadcastpkts{$ifAlias,$ifName,$Host,$Hardware,$IP} by {ifdesc}",
                  "style": {
                    "line_width": "normal",
                    "palette": "dog_classic",
                    "line_type": "solid"
                  },
                  "display_type": "line"
                },
                {
                  "q": "avg:snmp.cisco.asa.outbroadcastpkts{$ifAlias,$ifName,$Host,$Hardware,$IP} by {ifdesc}",
                  "style": {
                    "line_width": "normal",
                    "palette": "dog_classic",
                    "line_type": "solid"
                  },
                  "display_type": "line"
                }
              ],
              "type": "timeseries",
              "legend_size": "0",
              "show_legend": false,
              "title": "In & Out Broadcasts"
            },
            "id": 3933634139277678
          },
          {
            "definition": {
              "requests": [
                {
                  "q": "avg:snmp.cisco.asa.ifspeed{$ifAlias,$ifName,$Host,$Hardware,$IP} by {ifdesc}",
                  "style": {
                    "line_width": "normal",
                    "palette": "dog_classic",
                    "line_type": "solid"
                  },
                  "display_type": "line"
                }
              ],
              "type": "timeseries",
              "legend_size": "0",
              "show_legend": false,
              "title": "Interface Speed"
            },
            "id": 7605637116744072
          }
        ],
        "layout_type": "ordered",
        "type": "group",
        "title": "Interfaces"
      },
      "id": 2674780032520102
    }
  ],
  "layout_type": "ordered"
}