{
  "notify_list": [],
  "description": "![Alt text](https://encrypted-tbn0.gstatic.com/images?q=tbn:ANd9GcRLPy41pc0XgaPdru5uZ5t27kmwZYHJDnCG7MVWVRKOtRHfOFbBviF_992z1mFpqmzGQb8&usqp=CAU \"I learned markdown for this dumb joke.\")",
  "restricted_roles": [],
  "template_variables": [
    {
      "default": "*",
      "prefix": null,
      "name": "var",
      "available_values": []
    }
  ],
  "is_read_only": false,
  "title": "SQL SP_WhoIsActive Agent Check Overview",
  "reflow_type": "fixed",
  "widgets": [
    {
      "definition": {
        "widgets": [
          {
            "definition": {
              "title_size": "16",
              "legend_columns": [
                "avg",
                "min",
                "max",
                "value",
                "sum"
              ],
              "yaxis": {
                "include_zero": true,
                "max": "auto",
                "scale": "linear",
                "min": "auto",
                "label": ""
              },
              "title_align": "left",
              "markers": [],
              "legend_layout": "auto",
              "show_legend": false,
              "title": "Time Elapsed",
              "requests": [
                {
                  "formulas": [
                    {
                      "formula": "query1"
                    }
                  ],
                  "style": {
                    "line_width": "normal",
                    "palette": "dog_classic",
                    "line_type": "solid"
                  },
                  "display_type": "line",
                  "response_format": "timeseries",
                  "queries": [
                    {
                      "query": "avg:sp_whoisactive.time_elapsed{*}",
                      "data_source": "metrics",
                      "name": "query1"
                    }
                  ]
                }
              ],
              "type": "timeseries"
            },
            "layout": {
              "y": 0,
              "x": 0,
              "height": 2,
              "width": 3
            },
            "id": 2853366612141880
          },
          {
            "definition": {
              "title_size": "16",
              "legend_columns": [
                "avg",
                "min",
                "max",
                "value",
                "sum"
              ],
              "yaxis": {
                "include_zero": true,
                "max": "auto",
                "scale": "linear",
                "min": "auto",
                "label": ""
              },
              "title_align": "left",
              "markers": [],
              "legend_layout": "auto",
              "show_legend": false,
              "title": "Wait Length",
              "requests": [
                {
                  "formulas": [
                    {
                      "formula": "query1"
                    }
                  ],
                  "style": {
                    "line_width": "normal",
                    "palette": "cool",
                    "line_type": "solid"
                  },
                  "response_format": "timeseries",
                  "on_right_yaxis": false,
                  "display_type": "line",
                  "queries": [
                    {
                      "query": "avg:sp_whoisactive.wait_length{*}",
                      "data_source": "metrics",
                      "name": "query1"
                    }
                  ]
                }
              ],
              "type": "timeseries"
            },
            "layout": {
              "y": 0,
              "x": 3,
              "height": 2,
              "width": 3
            },
            "id": 5252917863403338
          },
          {
            "definition": {
              "title_size": "16",
              "legend_columns": [
                "avg",
                "min",
                "max",
                "value",
                "sum"
              ],
              "yaxis": {
                "include_zero": true,
                "max": "auto",
                "scale": "linear",
                "min": "auto",
                "label": ""
              },
              "title_align": "left",
              "markers": [],
              "legend_layout": "auto",
              "show_legend": true,
              "title": "CPU",
              "requests": [
                {
                  "formulas": [
                    {
                      "formula": "query1"
                    }
                  ],
                  "style": {
                    "line_width": "normal",
                    "palette": "purple",
                    "line_type": "solid"
                  },
                  "response_format": "timeseries",
                  "on_right_yaxis": false,
                  "display_type": "line",
                  "queries": [
                    {
                      "query": "avg:sp_whoisactive.cpu{*}",
                      "data_source": "metrics",
                      "name": "query1"
                    }
                  ]
                }
              ],
              "type": "timeseries"
            },
            "layout": {
              "y": 0,
              "x": 6,
              "height": 2,
              "width": 3
            },
            "id": 8736838068031472
          },
          {
            "definition": {
              "title_size": "16",
              "legend_columns": [
                "avg",
                "min",
                "max",
                "value",
                "sum"
              ],
              "yaxis": {
                "include_zero": true,
                "max": "auto",
                "scale": "linear",
                "min": "auto",
                "label": ""
              },
              "title_align": "left",
              "markers": [],
              "legend_layout": "auto",
              "show_legend": true,
              "title": "Transaction Count",
              "requests": [
                {
                  "formulas": [
                    {
                      "formula": "query1"
                    }
                  ],
                  "style": {
                    "line_width": "normal",
                    "palette": "purple",
                    "line_type": "solid"
                  },
                  "response_format": "timeseries",
                  "on_right_yaxis": false,
                  "display_type": "line",
                  "queries": [
                    {
                      "query": "avg:sp_whoisactive.open_transaction_count{*}",
                      "data_source": "metrics",
                      "name": "query1"
                    }
                  ]
                }
              ],
              "type": "timeseries"
            },
            "layout": {
              "y": 0,
              "x": 9,
              "height": 2,
              "width": 3
            },
            "id": 8939303759435124
          },
          {
            "definition": {
              "title_size": "16",
              "legend_columns": [
                "avg",
                "min",
                "max",
                "value",
                "sum"
              ],
              "yaxis": {
                "include_zero": true,
                "max": "auto",
                "scale": "linear",
                "min": "auto",
                "label": ""
              },
              "title_align": "left",
              "markers": [],
              "legend_layout": "auto",
              "show_legend": true,
              "title": "Transaction Log Writes By Database",
              "requests": [
                {
                  "formulas": [
                    {
                      "formula": "query1"
                    }
                  ],
                  "style": {
                    "line_width": "normal",
                    "palette": "dog_classic",
                    "line_type": "solid"
                  },
                  "display_type": "line",
                  "response_format": "timeseries",
                  "queries": [
                    {
                      "query": "avg:sp_whoisactive.transaction_log_writes{*} by {transaction_log_writes_db}",
                      "data_source": "metrics",
                      "name": "query1"
                    }
                  ]
                }
              ],
              "type": "timeseries"
            },
            "layout": {
              "y": 2,
              "x": 0,
              "height": 2,
              "width": 3
            },
            "id": 1388460209282016
          },
          {
            "definition": {
              "title_size": "16",
              "legend_columns": [
                "avg",
                "min",
                "max",
                "value",
                "sum"
              ],
              "yaxis": {
                "include_zero": true,
                "max": "auto",
                "scale": "linear",
                "min": "auto",
                "label": ""
              },
              "title_align": "left",
              "markers": [],
              "legend_layout": "auto",
              "show_legend": true,
              "title": "Writes",
              "requests": [
                {
                  "formulas": [
                    {
                      "formula": "query1"
                    }
                  ],
                  "style": {
                    "line_width": "normal",
                    "palette": "dog_classic",
                    "line_type": "solid"
                  },
                  "display_type": "line",
                  "response_format": "timeseries",
                  "queries": [
                    {
                      "query": "avg:sp_whoisactive.writes{*}",
                      "data_source": "metrics",
                      "name": "query1"
                    }
                  ]
                }
              ],
              "type": "timeseries"
            },
            "layout": {
              "y": 2,
              "x": 3,
              "height": 2,
              "width": 3
            },
            "id": 5219980140309926
          },
          {
            "definition": {
              "title_size": "16",
              "legend_columns": [
                "avg",
                "min",
                "max",
                "value",
                "sum"
              ],
              "yaxis": {
                "include_zero": true,
                "max": "auto",
                "scale": "linear",
                "min": "auto",
                "label": ""
              },
              "title_align": "left",
              "markers": [],
              "legend_layout": "auto",
              "show_legend": true,
              "title": "Reads",
              "requests": [
                {
                  "formulas": [
                    {
                      "formula": "query1"
                    }
                  ],
                  "style": {
                    "line_width": "normal",
                    "palette": "warm",
                    "line_type": "solid"
                  },
                  "response_format": "timeseries",
                  "on_right_yaxis": false,
                  "display_type": "line",
                  "queries": [
                    {
                      "query": "avg:sp_whoisactive.reads{*}",
                      "data_source": "metrics",
                      "name": "query1"
                    }
                  ]
                }
              ],
              "type": "timeseries"
            },
            "layout": {
              "y": 2,
              "x": 6,
              "height": 2,
              "width": 3
            },
            "id": 2726959820850492
          },
          {
            "definition": {
              "title_size": "16",
              "legend_columns": [
                "avg",
                "min",
                "max",
                "value",
                "sum"
              ],
              "yaxis": {
                "include_zero": true,
                "max": "auto",
                "scale": "linear",
                "min": "auto",
                "label": ""
              },
              "title_align": "left",
              "markers": [],
              "legend_layout": "auto",
              "show_legend": true,
              "title": "Physical Reads",
              "requests": [
                {
                  "formulas": [
                    {
                      "formula": "query1"
                    }
                  ],
                  "style": {
                    "line_width": "normal",
                    "palette": "dog_classic",
                    "line_type": "solid"
                  },
                  "display_type": "line",
                  "response_format": "timeseries",
                  "queries": [
                    {
                      "query": "avg:sp_whoisactive.physical_reads{*}",
                      "data_source": "metrics",
                      "name": "query1"
                    }
                  ]
                }
              ],
              "type": "timeseries"
            },
            "layout": {
              "y": 2,
              "x": 9,
              "height": 2,
              "width": 3
            },
            "id": 3038363731271012
          }
        ],
        "layout_type": "ordered",
        "type": "group",
        "show_title": true,
        "title": "Metric Overview"
      },
      "layout": {
        "y": 0,
        "x": 0,
        "height": 5,
        "width": 12
      },
      "id": 518326928229058
    },
    {
      "definition": {
        "widgets": [
          {
            "definition": {
              "title_size": "16",
              "title": "Shows All Tag Values",
              "title_align": "left",
              "has_search_bar": "auto",
              "requests": [
                {
                  "formulas": [
                    {
                      "formula": "query1",
                      "conditional_formats": [],
                      "limit": {
                        "count": 500,
                        "order": "desc"
                      },
                      "cell_display_mode": "bar"
                    }
                  ],
                  "response_format": "scalar",
                  "queries": [
                    {
                      "query": "avg:sp_whoisactive.cpu{*} by {host,blocking_session_id,database_name,session_id,sql_text,status,transaction_log_writes_db,wait_text,program_name,login_name}",
                      "data_source": "metrics",
                      "name": "query1",
                      "aggregator": "avg"
                    }
                  ]
                }
              ],
              "type": "query_table"
            },
            "layout": {
              "y": 0,
              "x": 0,
              "height": 4,
              "width": 5
            },
            "id": 2589448799449792
          }
        ],
        "layout_type": "ordered",
        "type": "group",
        "show_title": true,
        "title": "Tag Chart"
      },
      "layout": {
        "y": 0,
        "x": 0,
        "is_column_break": true,
        "height": 5,
        "width": 6
      },
      "id": 3972186551350266
    },
    {
      "definition": {
        "widgets": [
          {
            "definition": {
              "sort": {
                "column": "time",
                "order": "desc"
              },
              "show_date_column": true,
              "title_size": "16",
              "title": "",
              "title_align": "left",
              "message_display": "expanded-md",
              "indexes": [],
              "show_message_column": true,
              "query": "source:sqlserver_alex",
              "type": "log_stream",
              "columns": [
                "host",
                "service"
              ]
            },
            "layout": {
              "y": 0,
              "x": 0,
              "height": 4,
              "width": 6
            },
            "id": 4605001697811846
          }
        ],
        "layout_type": "ordered",
        "type": "group",
        "show_title": true,
        "title": "Log Tail"
      },
      "layout": {
        "y": 0,
        "x": 6,
        "height": 5,
        "width": 6
      },
      "id": 1014047081856716
    }
  ],
  "layout_type": "ordered"
}