{
  "notify_list": [],
  "description": "## Title\n\nDescribe this dashboard. Add links to other dashboards, monitors, wikis,  and docs to help your teammates. Markdown is supported.\n\n- [This might link to a dashboard](#)\n- [This might link to a wiki](#)",
  "restricted_roles": [],
  "template_variables": [
    {
      "default": "*",
      "prefix": "agent_name",
      "name": "agent_name",
      "available_values": []
    },
    {
      "default": "*",
      "prefix": "pool_name",
      "name": "pool_name",
      "available_values": []
    }
  ],
  "is_read_only": false,
  "title": "Azure Devops Dashboard",
  "reflow_type": "fixed",
  "widgets": [
    {
      "definition": {
        "title_size": "16",
        "legend_columns": [
          "avg",
          "min",
          "max",
          "value",
          "sum"
        ],
        "title": "Pool Size",
        "title_align": "left",
        "legend_layout": "auto",
        "show_legend": false,
        "time": {},
        "requests": [
          {
            "formulas": [
              {
                "formula": "query1"
              }
            ],
            "style": {
              "line_width": "normal",
              "palette": "dog_classic",
              "line_type": "solid"
            },
            "display_type": "line",
            "response_format": "timeseries",
            "queries": [
              {
                "query": "max:azure.devops_pools.size{$agent_name,$pool_name} by {pool_name}",
                "data_source": "metrics",
                "name": "query1"
              }
            ]
          }
        ],
        "type": "timeseries"
      },
      "layout": {
        "y": 0,
        "x": 0,
        "height": 3,
        "width": 6
      },
      "id": 5322785624550856
    },
    {
      "definition": {
        "title_size": "16",
        "legend_columns": [
          "avg",
          "min",
          "max",
          "value",
          "sum"
        ],
        "title": "Agent Status",
        "title_align": "left",
        "legend_layout": "auto",
        "show_legend": true,
        "time": {},
        "requests": [
          {
            "formulas": [
              {
                "formula": "query1"
              }
            ],
            "style": {
              "line_width": "normal",
              "palette": "dog_classic",
              "line_type": "solid"
            },
            "display_type": "line",
            "response_format": "timeseries",
            "queries": [
              {
                "query": "avg:azure.devops_agent.status{$agent_name,$pool_name} by {agent_name}",
                "data_source": "metrics",
                "name": "query1"
              }
            ]
          }
        ],
        "type": "timeseries"
      },
      "layout": {
        "y": 0,
        "x": 6,
        "height": 3,
        "width": 6
      },
      "id": 4116925375907052
    }
  ],
  "layout_type": "ordered"
}