{
  "notify_list": [],
  "description": "## Title\n\nDescribe this dashboard. Add links to other dashboards, monitors, wikis,  and docs to help your teammates. Markdown is supported.\n\n- [This might link to a dashboard](#)\n- [This might link to a wiki](#)\n\nResilience",
  "restricted_roles": [],
  "template_variables": [
    {
      "default": "*",
      "prefix": "@event_type",
      "name": "Event_Type"
    },
    {
      "default": "*",
      "prefix": "@user_email",
      "name": "User"
    },
    {
      "default": "*",
      "prefix": "@additional_details.shield_alert.priority",
      "name": "Shield_Alert_Priority"
    }
  ],
  "is_read_only": false,
  "title": "RapDev Box Dashboard",
  "widgets": [
    {
      "definition": {
        "url": "https://upload.wikimedia.org/wikipedia/commons/thumb/5/57/Box%2C_Inc._logo.svg/800px-Box%2C_Inc._logo.svg.png",
        "sizing": "scale-down",
        "type": "image"
      },
      "layout": {
        "y": 0,
        "x": 0,
        "height": 15,
        "width": 24
      },
      "id": 1497231084203758
    },
    {
      "definition": {
        "type": "toplist",
        "requests": [
          {
            "formulas": [
              {
                "formula": "query1",
                "limit": {
                  "count": 10,
                  "order": "desc"
                }
              }
            ],
            "response_format": "scalar",
            "queries": [
              {
                "search": {
                  "query": "@event_id:* $User"
                },
                "data_source": "logs",
                "compute": {
                  "aggregation": "count"
                },
                "name": "query1",
                "indexes": [
                  "*"
                ],
                "group_by": [
                  {
                    "facet": "@event_type",
                    "sort": {
                      "aggregation": "count",
                      "order": "desc"
                    },
                    "limit": 10
                  }
                ]
              }
            ]
          }
        ],
        "title_align": "center",
        "title_size": "16",
        "title": "Top Event Types"
      },
      "layout": {
        "y": 57,
        "x": 0,
        "height": 21,
        "width": 35
      },
      "id": 1934321619820834
    },
    {
      "definition": {
        "type": "toplist",
        "requests": [
          {
            "formulas": [
              {
                "formula": "query1",
                "limit": {
                  "count": 10,
                  "order": "desc"
                }
              }
            ],
            "response_format": "scalar",
            "queries": [
              {
                "search": {
                  "query": "source:box $User $Event_Type"
                },
                "data_source": "logs",
                "compute": {
                  "aggregation": "count"
                },
                "name": "query1",
                "indexes": [
                  "*"
                ],
                "group_by": [
                  {
                    "facet": "@additional_details.service_name",
                    "sort": {
                      "aggregation": "count",
                      "order": "desc"
                    },
                    "limit": 10
                  }
                ]
              }
            ]
          }
        ],
        "title_align": "center",
        "title_size": "16",
        "title": "Top Application Services"
      },
      "layout": {
        "y": 38,
        "x": 36,
        "height": 18,
        "width": 30
      },
      "id": 3681252629113646
    },
    {
      "definition": {
        "autoscale": true,
        "title": "Medium Priority % of Alerts",
        "title_align": "center",
        "custom_unit": "%",
        "precision": 2,
        "title_size": "16",
        "requests": [
          {
            "formulas": [
              {
                "formula": "(query1 / query2) * 100"
              }
            ],
            "conditional_formats": [
              {
                "palette": "white_on_yellow",
                "value": 0,
                "comparator": ">"
              },
              {
                "palette": "black_on_light_green",
                "value": 0,
                "comparator": "<="
              }
            ],
            "response_format": "scalar",
            "queries": [
              {
                "search": {
                  "query": "source:box @additional_details.shield_alert.priority:medium $User"
                },
                "data_source": "logs",
                "compute": {
                  "aggregation": "count"
                },
                "name": "query1",
                "indexes": [
                  "*"
                ],
                "group_by": []
              },
              {
                "search": {
                  "query": "source:box @additional_details.shield_alert.priority:* $User"
                },
                "data_source": "logs",
                "compute": {
                  "aggregation": "count"
                },
                "name": "query2",
                "indexes": [
                  "*"
                ],
                "group_by": []
              }
            ]
          }
        ],
        "type": "query_value"
      },
      "layout": {
        "y": 0,
        "x": 88,
        "height": 7,
        "width": 20
      },
      "id": 8279096202984780
    },
    {
      "definition": {
        "autoscale": true,
        "title": "High Priority % of Alerts",
        "title_align": "center",
        "custom_unit": "%",
        "precision": 2,
        "title_size": "16",
        "requests": [
          {
            "formulas": [
              {
                "formula": "(query1 / query2) * 100"
              }
            ],
            "conditional_formats": [
              {
                "palette": "white_on_red",
                "value": 0,
                "comparator": ">"
              },
              {
                "palette": "black_on_light_green",
                "value": 0,
                "comparator": "<="
              }
            ],
            "response_format": "scalar",
            "queries": [
              {
                "search": {
                  "query": "source:box @additional_details.shield_alert.priority:high $User"
                },
                "data_source": "logs",
                "compute": {
                  "aggregation": "count"
                },
                "name": "query1",
                "indexes": [
                  "*"
                ],
                "group_by": []
              },
              {
                "search": {
                  "query": "source:box @additional_details.shield_alert.priority:* $User"
                },
                "data_source": "logs",
                "compute": {
                  "aggregation": "count"
                },
                "name": "query2",
                "indexes": [
                  "*"
                ],
                "group_by": []
              }
            ]
          }
        ],
        "type": "query_value"
      },
      "layout": {
        "y": 0,
        "x": 67,
        "height": 7,
        "width": 20
      },
      "id": 2768180760985346
    },
    {
      "definition": {
        "autoscale": true,
        "title": "Low Priority Alerts % of Alerts",
        "title_align": "center",
        "custom_unit": "%",
        "precision": 2,
        "title_size": "16",
        "requests": [
          {
            "formulas": [
              {
                "formula": "(query2 / query1) * 100"
              }
            ],
            "conditional_formats": [
              {
                "palette": "white_on_green",
                "value": 0,
                "comparator": ">"
              },
              {
                "palette": "black_on_light_green",
                "value": 0,
                "comparator": "<="
              }
            ],
            "response_format": "scalar",
            "queries": [
              {
                "search": {
                  "query": "source:box @additional_details.shield_alert.priority:low $User"
                },
                "data_source": "logs",
                "compute": {
                  "aggregation": "count"
                },
                "name": "query2",
                "indexes": [
                  "*"
                ],
                "group_by": []
              },
              {
                "search": {
                  "query": "source:box @additional_details.shield_alert.priority:* $User"
                },
                "data_source": "logs",
                "compute": {
                  "aggregation": "count"
                },
                "name": "query1",
                "indexes": [
                  "*"
                ],
                "group_by": []
              }
            ]
          }
        ],
        "type": "query_value"
      },
      "layout": {
        "y": 0,
        "x": 109,
        "height": 7,
        "width": 20
      },
      "id": 3518761430230466
    },
    {
      "definition": {
        "autoscale": true,
        "title": "Total Shield Alerts",
        "title_align": "center",
        "precision": 2,
        "title_size": "16",
        "requests": [
          {
            "formulas": [
              {
                "formula": "query1"
              }
            ],
            "conditional_formats": [
              {
                "palette": "white_on_red",
                "value": 0,
                "comparator": ">"
              },
              {
                "palette": "black_on_light_green",
                "value": 0,
                "comparator": "<="
              }
            ],
            "response_format": "scalar",
            "queries": [
              {
                "search": {
                  "query": "@additional_details.shield_alert.priority:* source:box $User $Shield_Alert_Priority"
                },
                "data_source": "logs",
                "compute": {
                  "aggregation": "count"
                },
                "name": "query1",
                "indexes": [
                  "*"
                ],
                "group_by": []
              }
            ]
          }
        ],
        "type": "query_value"
      },
      "layout": {
        "y": 0,
        "x": 25,
        "height": 15,
        "width": 20
      },
      "id": 4554856976493176
    },
    {
      "definition": {
        "type": "toplist",
        "requests": [
          {
            "formulas": [
              {
                "formula": "query1",
                "limit": {
                  "count": 25,
                  "order": "desc"
                }
              }
            ],
            "response_format": "scalar",
            "queries": [
              {
                "search": {
                  "query": "source:box $Shield_Alert_Priority $User"
                },
                "data_source": "logs",
                "compute": {
                  "aggregation": "count"
                },
                "name": "query1",
                "indexes": [
                  "*"
                ],
                "group_by": [
                  {
                    "facet": "@shield_alert_event_type",
                    "sort": {
                      "aggregation": "count",
                      "order": "desc"
                    },
                    "limit": 10
                  }
                ]
              }
            ]
          }
        ],
        "title_align": "center",
        "title_size": "16",
        "title": "Top Shield Alert Types"
      },
      "layout": {
        "y": 16,
        "x": 0,
        "height": 21,
        "width": 35
      },
      "id": 5378158985626552
    },
    {
      "definition": {
        "style": {
          "palette": "hostmap_blues",
          "palette_flip": false
        },
        "title_size": "16",
        "title": "Cardinality of User IP addresses",
        "title_align": "center",
        "requests": [
          {
            "formulas": [
              {
                "formula": "query1",
                "limit": {
                  "count": 50,
                  "order": "desc"
                }
              }
            ],
            "response_format": "scalar",
            "queries": [
              {
                "search": {
                  "query": "source:box $Event_Type $User"
                },
                "data_source": "logs",
                "compute": {
                  "metric": "@geoip.ipAddress",
                  "aggregation": "cardinality"
                },
                "name": "query1",
                "indexes": [
                  "*"
                ],
                "group_by": [
                  {
                    "facet": "@geoip.country.iso_code",
                    "sort": {
                      "metric": "@geoip.ipAddress",
                      "aggregation": "cardinality",
                      "order": "desc"
                    },
                    "limit": 100
                  }
                ]
              }
            ]
          }
        ],
        "type": "geomap",
        "view": {
          "focus": "WORLD"
        }
      },
      "layout": {
        "y": 38,
        "x": 130,
        "height": 38,
        "width": 43
      },
      "id": 4645151999427226
    },
    {
      "definition": {
        "sort": {
          "column": "time",
          "order": "desc"
        },
        "show_date_column": true,
        "title_size": "16",
        "title": "Box Log Stream",
        "title_align": "center",
        "message_display": "inline",
        "indexes": [],
        "show_message_column": true,
        "query": "source:box  $Event_Type $User",
        "type": "log_stream",
        "columns": []
      },
      "layout": {
        "y": 79,
        "x": 0,
        "height": 34,
        "width": 82
      },
      "id": 2782548843210646
    },
    {
      "definition": {
        "sort": {
          "column": "time",
          "order": "desc"
        },
        "show_date_column": true,
        "title_size": "16",
        "title": "Shield Alert Log Stream",
        "title_align": "center",
        "message_display": "inline",
        "indexes": [],
        "show_message_column": true,
        "query": "source:box @event_type:SHIELD_ALERT $Shield_Alert_Priority $User",
        "type": "log_stream",
        "columns": []
      },
      "layout": {
        "y": 79,
        "x": 83,
        "height": 34,
        "width": 93
      },
      "id": 6710699718921456
    },
    {
      "definition": {
        "style": {
          "palette": "green_to_orange",
          "palette_flip": false
        },
        "title_size": "16",
        "title": "Cardinality of Alert IP Addresses",
        "title_align": "center",
        "requests": [
          {
            "formulas": [
              {
                "formula": "query1",
                "limit": {
                  "count": 50,
                  "order": "desc"
                }
              }
            ],
            "response_format": "scalar",
            "queries": [
              {
                "search": {
                  "query": "source:box $Shield_Alert_Priority $User @event_type:SHIELD_ALERT"
                },
                "data_source": "logs",
                "compute": {
                  "metric": "@geoip.ipAddress",
                  "aggregation": "cardinality"
                },
                "name": "query1",
                "indexes": [
                  "*"
                ],
                "group_by": [
                  {
                    "facet": "@geoip.country.iso_code",
                    "sort": {
                      "metric": "@geoip.ipAddress",
                      "aggregation": "cardinality",
                      "order": "desc"
                    },
                    "limit": 100
                  }
                ]
              }
            ]
          }
        ],
        "type": "geomap",
        "view": {
          "focus": "WORLD"
        }
      },
      "layout": {
        "y": 0,
        "x": 130,
        "height": 35,
        "width": 43
      },
      "id": 7036135263648528
    },
    {
      "definition": {
        "title_size": "16",
        "legend_columns": [
          "avg",
          "min",
          "max",
          "value",
          "sum"
        ],
        "yaxis": {
          "max": "100",
          "scale": "linear"
        },
        "title_align": "center",
        "markers": [],
        "legend_layout": "auto",
        "show_legend": true,
        "title": "Event ",
        "requests": [
          {
            "formulas": [
              {
                "formula": "(query / query1) * 100",
                "alias": "DELETE"
              },
              {
                "formula": "(query2 / query1) * 100",
                "alias": "UPLOAD"
              },
              {
                "formula": "(query3 / query1) * 100",
                "alias": "COPY"
              },
              {
                "formula": "(query4 / query1) * 100",
                "alias": "CONTENT ACCESS"
              },
              {
                "formula": "(query5 / query1) * 100",
                "alias": "EDIT"
              },
              {
                "formula": "(query7 / query1) * 100",
                "alias": "ITEM OPEN"
              },
              {
                "formula": "(query8 / query1) * 100",
                "alias": "PREVIEW"
              },
              {
                "formula": "(query9 / query1) * 100",
                "alias": "LOGIN"
              },
              {
                "formula": "(query6 / query1) * 100",
                "alias": "DOWNLOAD"
              }
            ],
            "style": {
              "line_width": "normal",
              "palette": "dog_classic",
              "line_type": "solid"
            },
            "response_format": "timeseries",
            "on_right_yaxis": false,
            "display_type": "line",
            "queries": [
              {
                "search": {
                  "query": "source:box @event_type:DELETE $User"
                },
                "data_source": "logs",
                "compute": {
                  "interval": 30000,
                  "aggregation": "count"
                },
                "name": "query",
                "indexes": [
                  "*"
                ],
                "group_by": []
              },
              {
                "search": {
                  "query": "source:box @event_type:* $User"
                },
                "data_source": "logs",
                "compute": {
                  "interval": 30000,
                  "aggregation": "count"
                },
                "name": "query1",
                "indexes": [
                  "*"
                ],
                "group_by": []
              },
              {
                "search": {
                  "query": "source:box @event_type:UPLOAD $User"
                },
                "data_source": "logs",
                "compute": {
                  "interval": 30000,
                  "aggregation": "count"
                },
                "name": "query2",
                "indexes": [
                  "*"
                ],
                "group_by": []
              },
              {
                "search": {
                  "query": "source:box @event_type:COPY $User"
                },
                "data_source": "logs",
                "compute": {
                  "interval": 30000,
                  "aggregation": "count"
                },
                "name": "query3",
                "indexes": [
                  "*"
                ],
                "group_by": []
              },
              {
                "search": {
                  "query": "source:box @event_type:CONTENT_ACCESS $User"
                },
                "data_source": "logs",
                "compute": {
                  "interval": 30000,
                  "aggregation": "count"
                },
                "name": "query4",
                "indexes": [
                  "*"
                ],
                "group_by": []
              },
              {
                "search": {
                  "query": "source:box @event_type:EDIT $User"
                },
                "data_source": "logs",
                "compute": {
                  "interval": 30000,
                  "aggregation": "count"
                },
                "name": "query5",
                "indexes": [
                  "*"
                ],
                "group_by": []
              },
              {
                "search": {
                  "query": "source:box @event_type:\"ITEM OPEN\" $User"
                },
                "data_source": "logs",
                "compute": {
                  "interval": 30000,
                  "aggregation": "count"
                },
                "name": "query7",
                "indexes": [
                  "*"
                ],
                "group_by": []
              },
              {
                "search": {
                  "query": "source:box @event_type:PREVIEW $User"
                },
                "data_source": "logs",
                "compute": {
                  "interval": 30000,
                  "aggregation": "count"
                },
                "name": "query8",
                "indexes": [
                  "*"
                ],
                "group_by": []
              },
              {
                "search": {
                  "query": "source:box @event_type:LOGIN $User"
                },
                "data_source": "logs",
                "compute": {
                  "interval": 30000,
                  "aggregation": "count"
                },
                "name": "query9",
                "indexes": [
                  "*"
                ],
                "group_by": []
              },
              {
                "search": {
                  "query": "source:box @event_type:DOWNLOAD $User"
                },
                "data_source": "logs",
                "compute": {
                  "interval": 30000,
                  "aggregation": "count"
                },
                "name": "query6",
                "indexes": [
                  "*"
                ],
                "group_by": []
              }
            ]
          }
        ],
        "type": "timeseries"
      },
      "layout": {
        "y": 57,
        "x": 83,
        "height": 21,
        "width": 46
      },
      "id": 3645017115616376
    },
    {
      "definition": {
        "autoscale": true,
        "title": "Shield Alert % of Total",
        "title_align": "center",
        "custom_unit": "%",
        "precision": 2,
        "title_size": "16",
        "requests": [
          {
            "formulas": [
              {
                "formula": "(query1 / query2) * 100"
              }
            ],
            "conditional_formats": [
              {
                "palette": "green_on_white",
                "value": 0,
                "comparator": ">="
              }
            ],
            "response_format": "scalar",
            "queries": [
              {
                "search": {
                  "query": "@additional_details.shield_alert.priority:* source:box $User $Shield_Alert_Priority"
                },
                "data_source": "logs",
                "compute": {
                  "aggregation": "count"
                },
                "name": "query1",
                "indexes": [
                  "*"
                ],
                "group_by": []
              },
              {
                "search": {
                  "query": "source:box @event_id:* $User"
                },
                "data_source": "logs",
                "compute": {
                  "aggregation": "count"
                },
                "name": "query2",
                "indexes": [
                  "*"
                ],
                "group_by": []
              }
            ]
          }
        ],
        "type": "query_value"
      },
      "layout": {
        "y": 0,
        "x": 46,
        "height": 15,
        "width": 20
      },
      "id": 342569910435814
    },
    {
      "definition": {
        "title_size": "16",
        "legend_columns": [
          "avg",
          "min",
          "max",
          "value",
          "sum"
        ],
        "yaxis": {
          "include_zero": true,
          "max": "auto",
          "scale": "linear",
          "min": "auto",
          "label": ""
        },
        "title_align": "center",
        "markers": [],
        "legend_layout": "auto",
        "show_legend": true,
        "title": "Box Events",
        "requests": [
          {
            "formulas": [
              {
                "formula": "query"
              }
            ],
            "style": {
              "line_width": "normal",
              "palette": "dog_classic",
              "line_type": "solid"
            },
            "response_format": "timeseries",
            "on_right_yaxis": false,
            "display_type": "bars",
            "queries": [
              {
                "search": {
                  "query": "source:box $Event_Type $User"
                },
                "data_source": "logs",
                "compute": {
                  "interval": 30000,
                  "aggregation": "count"
                },
                "name": "query",
                "indexes": [
                  "*"
                ],
                "group_by": [
                  {
                    "facet": "@event_type",
                    "sort": {
                      "aggregation": "count",
                      "order": "desc"
                    },
                    "limit": 10
                  }
                ]
              }
            ]
          }
        ],
        "type": "timeseries"
      },
      "layout": {
        "y": 57,
        "x": 36,
        "height": 21,
        "width": 46
      },
      "id": 2638431679388146
    },
    {
      "definition": {
        "title_size": "16",
        "legend_columns": [
          "avg",
          "min",
          "max",
          "value",
          "sum"
        ],
        "yaxis": {
          "include_zero": true,
          "max": "auto",
          "scale": "linear",
          "min": "auto",
          "label": ""
        },
        "title_align": "center",
        "markers": [],
        "legend_layout": "auto",
        "show_legend": true,
        "title": "Shield Alert Events",
        "requests": [
          {
            "formulas": [
              {
                "formula": "query"
              }
            ],
            "style": {
              "line_width": "normal",
              "palette": "dog_classic",
              "line_type": "solid"
            },
            "response_format": "timeseries",
            "on_right_yaxis": false,
            "display_type": "bars",
            "queries": [
              {
                "search": {
                  "query": "source:box $Shield_Alert_Priority $User"
                },
                "data_source": "logs",
                "compute": {
                  "interval": 30000,
                  "aggregation": "count"
                },
                "name": "query",
                "indexes": [
                  "*"
                ],
                "group_by": [
                  {
                    "facet": "@shield_alert_event_type",
                    "sort": {
                      "aggregation": "count",
                      "order": "desc"
                    },
                    "limit": 10
                  }
                ]
              }
            ]
          }
        ],
        "type": "timeseries"
      },
      "layout": {
        "y": 16,
        "x": 36,
        "height": 21,
        "width": 46
      },
      "id": 5280315331126488
    },
    {
      "definition": {
        "title_size": "16",
        "legend_columns": [
          "avg",
          "min",
          "max",
          "value",
          "sum"
        ],
        "yaxis": {
          "max": "100",
          "scale": "linear"
        },
        "title_align": "center",
        "markers": [],
        "legend_layout": "auto",
        "show_legend": true,
        "title": "Shield Alert Event %",
        "requests": [
          {
            "formulas": [
              {
                "formula": "(query / query6) * 100",
                "alias": "Login"
              },
              {
                "formula": "(query1 / query6) * 100",
                "alias": "Content Access"
              },
              {
                "formula": "(query2 / query6) * 100",
                "alias": "Download"
              },
              {
                "formula": "(query3 / query6) * 100",
                "alias": "Previewed"
              },
              {
                "formula": "(query4 / query6) * 100",
                "alias": "Item Shared"
              },
              {
                "formula": "(query5 / query6) * 100",
                "alias": "Moved"
              }
            ],
            "style": {
              "line_width": "normal",
              "palette": "dog_classic",
              "line_type": "solid"
            },
            "response_format": "timeseries",
            "on_right_yaxis": false,
            "display_type": "bars",
            "queries": [
              {
                "search": {
                  "query": "source:box @shield_alert_event_type:Login $Shield_Alert_Priority $User"
                },
                "data_source": "logs",
                "compute": {
                  "interval": 30000,
                  "aggregation": "count"
                },
                "name": "query",
                "indexes": [
                  "*"
                ],
                "group_by": []
              },
              {
                "search": {
                  "query": "source:box @shield_alert_event_type:* $Shield_Alert_Priority $User"
                },
                "data_source": "logs",
                "compute": {
                  "interval": 30000,
                  "aggregation": "count"
                },
                "name": "query6",
                "indexes": [
                  "*"
                ],
                "group_by": []
              },
              {
                "search": {
                  "query": "source:box @shield_alert_event_type:\"Content Access\" $Shield_Alert_Priority $User"
                },
                "data_source": "logs",
                "compute": {
                  "interval": 30000,
                  "aggregation": "count"
                },
                "name": "query1",
                "indexes": [
                  "*"
                ],
                "group_by": []
              },
              {
                "search": {
                  "query": "source:box @shield_alert_event_type:Download $Shield_Alert_Priority $User"
                },
                "data_source": "logs",
                "compute": {
                  "interval": 30000,
                  "aggregation": "count"
                },
                "name": "query2",
                "indexes": [
                  "*"
                ],
                "group_by": []
              },
              {
                "search": {
                  "query": "source:box @shield_alert_event_type:Previewed $Shield_Alert_Priority $User"
                },
                "data_source": "logs",
                "compute": {
                  "interval": 30000,
                  "aggregation": "count"
                },
                "name": "query3",
                "indexes": [
                  "*"
                ],
                "group_by": []
              },
              {
                "search": {
                  "query": "source:box @shield_alert_event_type:\"Item Shared\" $Shield_Alert_Priority $User"
                },
                "data_source": "logs",
                "compute": {
                  "interval": 30000,
                  "aggregation": "count"
                },
                "name": "query4",
                "indexes": [
                  "*"
                ],
                "group_by": []
              },
              {
                "search": {
                  "query": "source:box @shield_alert_event_type:Moved $Shield_Alert_Priority $User"
                },
                "data_source": "logs",
                "compute": {
                  "interval": 30000,
                  "aggregation": "count"
                },
                "name": "query5",
                "indexes": [
                  "*"
                ],
                "group_by": []
              }
            ]
          }
        ],
        "type": "timeseries"
      },
      "layout": {
        "y": 16,
        "x": 83,
        "height": 21,
        "width": 46
      },
      "id": 3335792069715792
    },
    {
      "definition": {
        "autoscale": true,
        "title": "Upload",
        "title_align": "left",
        "custom_unit": "%",
        "precision": 2,
        "title_size": "16",
        "requests": [
          {
            "formulas": [
              {
                "formula": "(query1 / query2) * 100"
              }
            ],
            "conditional_formats": [
              {
                "palette": "black_on_light_green",
                "value": 0,
                "comparator": ">="
              }
            ],
            "response_format": "scalar",
            "queries": [
              {
                "search": {
                  "query": "source:box @event_type:UPLOAD"
                },
                "data_source": "logs",
                "compute": {
                  "aggregation": "count"
                },
                "name": "query1",
                "indexes": [
                  "*"
                ],
                "group_by": []
              },
              {
                "search": {
                  "query": "source:box @event_type:*"
                },
                "data_source": "logs",
                "compute": {
                  "aggregation": "count"
                },
                "name": "query2",
                "indexes": [
                  "*"
                ],
                "group_by": []
              }
            ]
          }
        ],
        "type": "query_value"
      },
      "layout": {
        "y": 38,
        "x": 0,
        "height": 9,
        "width": 17
      },
      "id": 7166878752392462
    },
    {
      "definition": {
        "autoscale": true,
        "title": "Delete",
        "title_align": "left",
        "custom_unit": "%",
        "precision": 2,
        "title_size": "16",
        "requests": [
          {
            "formulas": [
              {
                "formula": "(query1 / query2) * 100"
              }
            ],
            "conditional_formats": [
              {
                "palette": "black_on_light_green",
                "value": 0,
                "comparator": ">="
              }
            ],
            "response_format": "scalar",
            "queries": [
              {
                "search": {
                  "query": "source:box @event_type:DELETE"
                },
                "data_source": "logs",
                "compute": {
                  "aggregation": "count"
                },
                "name": "query1",
                "indexes": [
                  "*"
                ],
                "group_by": []
              },
              {
                "search": {
                  "query": "source:box @event_type:* $User"
                },
                "data_source": "logs",
                "compute": {
                  "aggregation": "count"
                },
                "name": "query2",
                "indexes": [
                  "*"
                ],
                "group_by": []
              }
            ]
          }
        ],
        "type": "query_value"
      },
      "layout": {
        "y": 38,
        "x": 18,
        "height": 9,
        "width": 17
      },
      "id": 5448073699706950
    },
    {
      "definition": {
        "autoscale": true,
        "title": "Copy",
        "title_align": "left",
        "custom_unit": "%",
        "precision": 2,
        "title_size": "16",
        "requests": [
          {
            "formulas": [
              {
                "formula": "(query1 / query2) * 100"
              }
            ],
            "conditional_formats": [
              {
                "palette": "black_on_light_green",
                "value": 0,
                "comparator": ">="
              }
            ],
            "response_format": "scalar",
            "queries": [
              {
                "search": {
                  "query": "source:box @event_type:COPY"
                },
                "data_source": "logs",
                "compute": {
                  "aggregation": "count"
                },
                "name": "query1",
                "indexes": [
                  "*"
                ],
                "group_by": []
              },
              {
                "search": {
                  "query": "source:box @event_type:*"
                },
                "data_source": "logs",
                "compute": {
                  "aggregation": "count"
                },
                "name": "query2",
                "indexes": [
                  "*"
                ],
                "group_by": []
              }
            ]
          }
        ],
        "type": "query_value"
      },
      "layout": {
        "y": 48,
        "x": 18,
        "height": 8,
        "width": 17
      },
      "id": 2420409685029364
    },
    {
      "definition": {
        "type": "toplist",
        "requests": [
          {
            "formulas": [
              {
                "formula": "query1",
                "limit": {
                  "count": 10,
                  "order": "desc"
                }
              }
            ],
            "response_format": "scalar",
            "queries": [
              {
                "search": {
                  "query": "source:box $Event_Type"
                },
                "data_source": "logs",
                "compute": {
                  "aggregation": "count"
                },
                "name": "query1",
                "indexes": [
                  "*"
                ],
                "group_by": [
                  {
                    "facet": "@user_email",
                    "sort": {
                      "aggregation": "count",
                      "order": "desc"
                    },
                    "limit": 10
                  }
                ]
              }
            ]
          }
        ],
        "title_align": "center",
        "title_size": "16",
        "title": "Top Users"
      },
      "layout": {
        "y": 38,
        "x": 99,
        "height": 18,
        "width": 30
      },
      "id": 6418642439074868
    },
    {
      "definition": {
        "autoscale": true,
        "title": "Content Access",
        "title_align": "left",
        "custom_unit": "%",
        "precision": 2,
        "title_size": "16",
        "requests": [
          {
            "formulas": [
              {
                "formula": "(query1 / query2) * 100"
              }
            ],
            "conditional_formats": [
              {
                "palette": "black_on_light_green",
                "value": 0,
                "comparator": ">="
              }
            ],
            "response_format": "scalar",
            "queries": [
              {
                "search": {
                  "query": "source:box @event_type:CONTENT_ACCESS"
                },
                "data_source": "logs",
                "compute": {
                  "aggregation": "count"
                },
                "name": "query1",
                "indexes": [
                  "*"
                ],
                "group_by": []
              },
              {
                "search": {
                  "query": "source:box @event_type:*"
                },
                "data_source": "logs",
                "compute": {
                  "aggregation": "count"
                },
                "name": "query2",
                "indexes": [
                  "*"
                ],
                "group_by": []
              }
            ]
          }
        ],
        "type": "query_value"
      },
      "layout": {
        "y": 48,
        "x": 0,
        "height": 8,
        "width": 17
      },
      "id": 1829234621606432
    },
    {
      "definition": {
        "type": "toplist",
        "requests": [
          {
            "formulas": [
              {
                "formula": "query1",
                "limit": {
                  "count": 10,
                  "order": "desc"
                }
              }
            ],
            "response_format": "scalar",
            "queries": [
              {
                "search": {
                  "query": "source:box @event_type:SHIELD_ALERT $Shield_Alert_Priority"
                },
                "data_source": "logs",
                "compute": {
                  "aggregation": "count"
                },
                "name": "query1",
                "indexes": [
                  "*"
                ],
                "group_by": [
                  {
                    "facet": "@user_email",
                    "sort": {
                      "aggregation": "count",
                      "order": "desc"
                    },
                    "limit": 10
                  }
                ]
              }
            ]
          }
        ],
        "title_align": "center",
        "title_size": "16",
        "title": "Top Shield Alert Users"
      },
      "layout": {
        "y": 38,
        "x": 67,
        "height": 18,
        "width": 31
      },
      "id": 4715560216840188
    },
    {
      "definition": {
        "autoscale": true,
        "title": "High Priority Alerts",
        "title_align": "center",
        "precision": 2,
        "title_size": "16",
        "requests": [
          {
            "formulas": [
              {
                "formula": "query1"
              }
            ],
            "conditional_formats": [
              {
                "palette": "white_on_red",
                "value": 0,
                "comparator": ">"
              },
              {
                "palette": "black_on_light_green",
                "value": 0,
                "comparator": "<="
              }
            ],
            "response_format": "scalar",
            "queries": [
              {
                "search": {
                  "query": "source:box @additional_details.shield_alert.priority:high $User"
                },
                "data_source": "logs",
                "compute": {
                  "aggregation": "count"
                },
                "name": "query1",
                "indexes": [
                  "*"
                ],
                "group_by": []
              },
              {
                "search": {
                  "query": "source:box @additional_details.shield_alert.priority:* $User"
                },
                "data_source": "logs",
                "compute": {
                  "aggregation": "count"
                },
                "name": "query2",
                "indexes": [
                  "*"
                ],
                "group_by": []
              }
            ]
          }
        ],
        "type": "query_value"
      },
      "layout": {
        "y": 8,
        "x": 67,
        "height": 7,
        "width": 20
      },
      "id": 6388212593733638
    },
    {
      "definition": {
        "autoscale": true,
        "title": "Medium Priority Alerts",
        "title_align": "center",
        "precision": 2,
        "title_size": "16",
        "requests": [
          {
            "formulas": [
              {
                "formula": "query1"
              }
            ],
            "conditional_formats": [
              {
                "palette": "white_on_yellow",
                "value": 0,
                "comparator": ">"
              },
              {
                "palette": "black_on_light_green",
                "value": 0,
                "comparator": "<="
              }
            ],
            "response_format": "scalar",
            "queries": [
              {
                "search": {
                  "query": "source:box @additional_details.shield_alert.priority:medium $User"
                },
                "data_source": "logs",
                "compute": {
                  "aggregation": "count"
                },
                "name": "query1",
                "indexes": [
                  "*"
                ],
                "group_by": []
              },
              {
                "search": {
                  "query": "source:box @additional_details.shield_alert.priority:* $User"
                },
                "data_source": "logs",
                "compute": {
                  "aggregation": "count"
                },
                "name": "query2",
                "indexes": [
                  "*"
                ],
                "group_by": []
              }
            ]
          }
        ],
        "type": "query_value"
      },
      "layout": {
        "y": 8,
        "x": 88,
        "height": 7,
        "width": 20
      },
      "id": 1563149851454820
    },
    {
      "definition": {
        "autoscale": true,
        "title": "Low Priority Alerts",
        "title_align": "center",
        "precision": 2,
        "title_size": "16",
        "requests": [
          {
            "formulas": [
              {
                "formula": "query2"
              }
            ],
            "conditional_formats": [
              {
                "palette": "white_on_green",
                "value": 0,
                "comparator": ">"
              },
              {
                "palette": "black_on_light_green",
                "value": 0,
                "comparator": "<="
              }
            ],
            "response_format": "scalar",
            "queries": [
              {
                "search": {
                  "query": "source:box @additional_details.shield_alert.priority:low $User"
                },
                "data_source": "logs",
                "compute": {
                  "aggregation": "count"
                },
                "name": "query2",
                "indexes": [
                  "*"
                ],
                "group_by": []
              },
              {
                "search": {
                  "query": "source:box @additional_details.shield_alert.priority:* $User"
                },
                "data_source": "logs",
                "compute": {
                  "aggregation": "count"
                },
                "name": "query1",
                "indexes": [
                  "*"
                ],
                "group_by": []
              }
            ]
          }
        ],
        "type": "query_value"
      },
      "layout": {
        "y": 8,
        "x": 109,
        "height": 7,
        "width": 20
      },
      "id": 3539795157223916
    },
    {
      "definition": {
        "style": {
          "palette": "hostmap_blues",
          "palette_flip": false
        },
        "title_size": "16",
        "title": "",
        "title_align": "left",
        "requests": [
          {
            "formulas": [
              {
                "formula": "query1"
              }
            ],
            "response_format": "scalar",
            "queries": [
              {
                "search": {
                  "query": ""
                },
                "data_source": "logs",
                "compute": {
                  "aggregation": "count"
                },
                "name": "query1",
                "indexes": [
                  "*"
                ],
                "group_by": [
                  {
                    "facet": "@network.client.geoip.country.iso_code",
                    "sort": {
                      "order": "desc",
                      "aggregation": "count"
                    },
                    "limit": 100
                  }
                ]
              }
            ]
          }
        ],
        "type": "geomap",
        "view": {
          "focus": "WORLD"
        }
      },
      "layout": {
        "y": 1,
        "x": 174,
        "height": 30,
        "width": 47
      },
      "id": 7829520204371834
    }
  ],
  "layout_type": "free"
}