{
  "notify_list": [],
  "description": "",
  "restricted_roles": [],
  "template_variables": [
    {
      "default": "*",
      "prefix": "ifalias",
      "name": "ifAlias"
    },
    {
      "default": "*",
      "prefix": "ifname",
      "name": "ifName"
    },
    {
      "default": "*",
      "prefix": "host",
      "name": "Host"
    },
    {
      "default": "cube",
      "prefix": "hardware",
      "name": "Hardware"
    },
    {
      "default": "*",
      "prefix": "snmp_device",
      "name": "IP"
    },
    {
      "default": "*",
      "prefix": "callvolpeer",
      "name": "CallPeer"
    }
  ],
  "is_read_only": false,
  "title": "Cisco CUBE Dashboard",
  "widgets": [
    {
      "definition": {
        "custom_links": [],
        "title_size": "16",
        "title": "System Up Time",
        "title_align": "left",
        "custom_unit": "Days",
        "precision": 2,
        "autoscale": false,
        "requests": [
          {
            "q": "avg:snmp.cisco.cube.sysuptimeinstance{$Host,$Hardware,$IP}/8640000",
            "aggregator": "avg"
          }
        ],
        "type": "query_value"
      },
      "layout": {
        "y": 0,
        "x": 0,
        "height": 15,
        "width": 47
      },
      "id": 6487960752020025
    },
    {
      "definition": {
        "custom_links": [],
        "title_size": "16",
        "title": "CPU Utilization",
        "title_align": "left",
        "custom_unit": "%",
        "precision": 2,
        "autoscale": true,
        "requests": [
          {
            "q": "avg:snmp.cisco.cube.cpuutilizationavglast5sec{$Host,$Hardware,$IP}",
            "aggregator": "avg",
            "conditional_formats": [
              {
                "palette": "white_on_green",
                "value": 70,
                "comparator": "<="
              },
              {
                "palette": "white_on_yellow",
                "value": 80,
                "comparator": "<="
              },
              {
                "palette": "white_on_red",
                "value": 81,
                "comparator": ">="
              }
            ]
          }
        ],
        "type": "query_value"
      },
      "layout": {
        "y": 0,
        "x": 48,
        "height": 15,
        "width": 47
      },
      "id": 4237703963424072
    },
    {
      "definition": {
        "custom_links": [],
        "title_size": "16",
        "title": "Peer Call Volume (In & Out)",
        "title_align": "left",
        "precision": 2,
        "autoscale": true,
        "requests": [
          {
            "q": "avg:snmp.cisco.cube.cvcallvolpeerincomingcalls{$Host,$Hardware,$IP} by {snmp_device}+avg:snmp.cisco.cube.cvcallvolpeeroutgoingcalls{$Host,$Hardware,$IP} by {snmp_device}",
            "aggregator": "avg"
          }
        ],
        "type": "query_value"
      },
      "layout": {
        "y": 0,
        "x": 96,
        "height": 15,
        "width": 47
      },
      "id": 4977546237616345
    },
    {
      "definition": {
        "custom_links": [],
        "title_size": "16",
        "title": "Media Call Volume (In & Out)",
        "title_align": "left",
        "precision": 2,
        "autoscale": true,
        "requests": [
          {
            "q": "avg:snmp.cisco.cube.cvcallvolmediaoutgoingcalls{$Host,$Hardware,$IP} by {snmp_device}+avg:snmp.cisco.cube.cvcallvolmediaincomingcalls{$Host,$Hardware,$IP} by {snmp_device}",
            "aggregator": "avg"
          }
        ],
        "type": "query_value"
      },
      "layout": {
        "y": 16,
        "x": 0,
        "height": 15,
        "width": 47
      },
      "id": 3160227715399570
    },
    {
      "definition": {
        "custom_links": [],
        "title_size": "16",
        "title": "Call Volume Peer (In & Out)",
        "title_align": "left",
        "requests": [
          {
            "q": "avg:snmp.cisco.cube.cvcallvolpeerincomingcalls{$Host,$Hardware,$IP,$ifAlias,$ifName} by {callvolpeer}",
            "style": {
              "line_width": "normal",
              "palette": "dog_classic",
              "line_type": "solid"
            },
            "display_type": "line"
          },
          {
            "q": "avg:snmp.cisco.cube.cvcallvolpeeroutgoingcalls{$Host,$Hardware,$IP,$ifAlias,$ifName} by {callvolpeer}",
            "style": {
              "line_width": "normal",
              "palette": "dog_classic",
              "line_type": "solid"
            },
            "display_type": "line"
          }
        ],
        "type": "timeseries"
      },
      "layout": {
        "y": 41,
        "x": 0,
        "height": 15,
        "width": 47
      },
      "id": 3529184298150416
    },
    {
      "definition": {
        "custom_links": [],
        "title_size": "16",
        "title": "Call Volume Media (In & Out)",
        "title_align": "left",
        "requests": [
          {
            "q": "avg:snmp.cisco.cube.cvcallvolmediaincomingcalls{$Host,$Hardware,$IP,$ifAlias,$ifName} by {callvolpeer}",
            "style": {
              "line_width": "normal",
              "palette": "dog_classic",
              "line_type": "solid"
            },
            "display_type": "line"
          },
          {
            "q": "avg:snmp.cisco.cube.cvcallvolmediaoutgoingcalls{$Host,$Hardware,$IP,$ifAlias,$ifName} by {callvolpeer}",
            "style": {
              "line_width": "normal",
              "palette": "dog_classic",
              "line_type": "solid"
            },
            "display_type": "line"
          }
        ],
        "type": "timeseries"
      },
      "layout": {
        "y": 41,
        "x": 48,
        "height": 15,
        "width": 47
      },
      "id": 7752893013225058
    },
    {
      "definition": {
        "custom_links": [],
        "title_size": "16",
        "title": "SIP Clients Bad Events (In & Out)",
        "title_align": "left",
        "requests": [
          {
            "q": "avg:snmp.cisco.cube.csipstatsclientbadeventins{$Host,$IP,$Hardware} by {snmp_device}",
            "style": {
              "line_width": "normal",
              "palette": "dog_classic",
              "line_type": "solid"
            },
            "display_type": "line"
          },
          {
            "q": "avg:snmp.cisco.cube.csipstatsclientbadeventouts{$Host,$IP,$Hardware} by {snmp_device}",
            "style": {
              "line_width": "normal",
              "palette": "dog_classic",
              "line_type": "solid"
            },
            "display_type": "line"
          }
        ],
        "type": "timeseries"
      },
      "layout": {
        "y": 66,
        "x": 0,
        "height": 15,
        "width": 47
      },
      "id": 8712390858702349
    },
    {
      "definition": {
        "custom_links": [],
        "title_size": "16",
        "title": "SIP Bad Requests (In & Out)",
        "title_align": "left",
        "requests": [
          {
            "q": "avg:snmp.cisco.cube.csipstatsclientbadrequestins{$Host,$Hardware,$IP} by {snmp_device}",
            "style": {
              "line_width": "normal",
              "palette": "dog_classic",
              "line_type": "solid"
            },
            "display_type": "line"
          },
          {
            "q": "avg:snmp.cisco.cube.csipstatsclientbadrequestouts{$Host,$Hardware,$IP} by {snmp_device}",
            "style": {
              "line_width": "normal",
              "palette": "dog_classic",
              "line_type": "solid"
            },
            "display_type": "line"
          }
        ],
        "type": "timeseries"
      },
      "layout": {
        "y": 66,
        "x": 48,
        "height": 15,
        "width": 47
      },
      "id": 3911970034434809
    },
    {
      "definition": {
        "custom_links": [],
        "title_size": "16",
        "title": "Client Not Found (In & Out)",
        "title_align": "left",
        "requests": [
          {
            "q": "avg:snmp.cisco.cube.csipstatsclientnotfoundins{$Host,$Hardware,$IP} by {snmp_device}",
            "style": {
              "line_width": "normal",
              "palette": "dog_classic",
              "line_type": "solid"
            },
            "display_type": "area"
          },
          {
            "q": "avg:snmp.cisco.cube.csipstatsclientnotfoundouts{$Host,$Hardware,$IP} by {snmp_device}",
            "style": {
              "line_width": "normal",
              "palette": "dog_classic",
              "line_type": "solid"
            },
            "display_type": "line"
          }
        ],
        "type": "timeseries"
      },
      "layout": {
        "y": 66,
        "x": 96,
        "height": 15,
        "width": 47
      },
      "id": 1133842315461990
    },
    {
      "definition": {
        "custom_links": [],
        "title_size": "16",
        "title": "Client Req Too Large (In & Out)",
        "title_align": "left",
        "requests": [
          {
            "q": "avg:snmp.cisco.cube.csipstatsclientreqenttoolargeins{$Host,$Hardware,$IP} by {snmp_device}",
            "style": {
              "line_width": "normal",
              "palette": "dog_classic",
              "line_type": "solid"
            },
            "display_type": "area"
          },
          {
            "q": "avg:snmp.cisco.cube.csipstatsclientreqenttoolargeouts{$Host,$Hardware,$IP} by {snmp_device}",
            "style": {
              "line_width": "normal",
              "palette": "dog_classic",
              "line_type": "solid"
            },
            "display_type": "line"
          }
        ],
        "type": "timeseries"
      },
      "layout": {
        "y": 82,
        "x": 0,
        "height": 15,
        "width": 47
      },
      "id": 889586563123590
    },
    {
      "definition": {
        "custom_links": [],
        "title_size": "16",
        "title": "Client Req URI Too Large (In & Out)",
        "title_align": "left",
        "requests": [
          {
            "q": "avg:snmp.cisco.cube.csipstatsclientrequritoolargeins{$Host,$Hardware,$IP} by {snmp_device}",
            "style": {
              "line_width": "normal",
              "palette": "dog_classic",
              "line_type": "solid"
            },
            "display_type": "area"
          },
          {
            "q": "avg:snmp.cisco.cube.csipstatsclientrequritoolargeouts{$Host,$Hardware,$IP} by {snmp_device}",
            "style": {
              "line_width": "normal",
              "palette": "dog_classic",
              "line_type": "solid"
            },
            "display_type": "line"
          }
        ],
        "type": "timeseries"
      },
      "layout": {
        "y": 82,
        "x": 48,
        "height": 15,
        "width": 47
      },
      "id": 5276503518508847
    },
    {
      "definition": {
        "custom_links": [],
        "title_size": "16",
        "title": "Client Unauthorized (In & Out)",
        "title_align": "left",
        "requests": [
          {
            "q": "avg:snmp.cisco.cube.csipstatsclientunauthorizedins{$Host,$Hardware,$IP} by {snmp_device}",
            "style": {
              "line_width": "normal",
              "palette": "dog_classic",
              "line_type": "solid"
            },
            "display_type": "area"
          },
          {
            "q": "avg:snmp.cisco.cube.csipstatsclientunauthorizedouts{$Host,$Hardware,$IP} by {snmp_device}",
            "style": {
              "line_width": "normal",
              "palette": "dog_classic",
              "line_type": "solid"
            },
            "display_type": "line"
          }
        ],
        "type": "timeseries"
      },
      "layout": {
        "y": 82,
        "x": 96,
        "height": 15,
        "width": 47
      },
      "id": 8741060287764696
    },
    {
      "definition": {
        "custom_links": [],
        "title_size": "16",
        "title": "TCP Inactive & Failures",
        "title_align": "left",
        "requests": [
          {
            "q": "avg:snmp.cisco.cube.csipstatsconntcpinactivetimeouts{$Host,$Hardware,$IP} by {snmp_device}",
            "style": {
              "line_width": "normal",
              "palette": "dog_classic",
              "line_type": "solid"
            },
            "display_type": "area"
          },
          {
            "q": "avg:snmp.cisco.cube.csipstatsconntcpsendfailures{$Host,$Hardware,$IP} by {snmp_device}",
            "style": {
              "line_width": "normal",
              "palette": "dog_classic",
              "line_type": "solid"
            },
            "display_type": "line"
          }
        ],
        "type": "timeseries"
      },
      "layout": {
        "y": 98,
        "x": 0,
        "height": 15,
        "width": 47
      },
      "id": 3411359507236136
    },
    {
      "definition": {
        "custom_links": [],
        "title_size": "16",
        "title": "UDP Inactive & Failures",
        "title_align": "left",
        "requests": [
          {
            "q": "avg:snmp.cisco.cube.csipstatsconnudpinactivetimeouts{$Host,$Hardware,$IP} by {snmp_device}",
            "style": {
              "line_width": "normal",
              "palette": "dog_classic",
              "line_type": "solid"
            },
            "display_type": "area"
          },
          {
            "q": "avg:snmp.cisco.cube.csipstatsconnudpsendfailures{$Host,$Hardware,$IP} by {snmp_device}",
            "style": {
              "line_width": "normal",
              "palette": "dog_classic",
              "line_type": "solid"
            },
            "display_type": "line"
          }
        ],
        "type": "timeseries"
      },
      "layout": {
        "y": 98,
        "x": 48,
        "height": 15,
        "width": 47
      },
      "id": 355714963339903
    },
    {
      "definition": {
        "custom_links": [],
        "title_size": "16",
        "title": "Global Decline & Not Anywheres (In & Out)",
        "title_align": "left",
        "requests": [
          {
            "q": "avg:snmp.cisco.cube.csipstatsglobaldeclineins{$Host,$Hardware,$IP} by {snmp_device}",
            "style": {
              "line_width": "normal",
              "palette": "dog_classic",
              "line_type": "solid"
            },
            "display_type": "area"
          },
          {
            "q": "avg:snmp.cisco.cube.csipstatsglobaldeclineouts{$Host,$Hardware,$IP} by {snmp_device}",
            "style": {
              "line_width": "normal",
              "palette": "dog_classic",
              "line_type": "solid"
            },
            "display_type": "line"
          },
          {
            "q": "avg:snmp.cisco.cube.csipstatsglobalnotanywhereins{$Host,$Hardware,$IP} by {snmp_device}",
            "style": {
              "line_width": "normal",
              "palette": "dog_classic",
              "line_type": "solid"
            },
            "display_type": "line"
          },
          {
            "q": "avg:snmp.cisco.cube.csipstatsglobalnotanywhereouts{$Host,$Hardware,$IP} by {snmp_device}",
            "style": {
              "line_width": "normal",
              "palette": "dog_classic",
              "line_type": "solid"
            },
            "display_type": "line"
          }
        ],
        "type": "timeseries"
      },
      "layout": {
        "y": 98,
        "x": 96,
        "height": 15,
        "width": 47
      },
      "id": 4824371725534322
    },
    {
      "definition": {
        "custom_links": [],
        "title_size": "16",
        "title": "Bad SIP Versions (In & Out)",
        "title_align": "left",
        "requests": [
          {
            "q": "avg:snmp.cisco.cube.csipstatsserverbadsipversionins{$Host,$Hardware,$IP} by {snmp_device}",
            "style": {
              "line_width": "normal",
              "palette": "dog_classic",
              "line_type": "solid"
            },
            "display_type": "area"
          },
          {
            "q": "avg:snmp.cisco.cube.csipstatsserverbadsipversionouts{$Host,$Hardware,$IP} by {snmp_device}",
            "style": {
              "line_width": "normal",
              "palette": "dog_classic",
              "line_type": "solid"
            },
            "display_type": "line"
          }
        ],
        "type": "timeseries"
      },
      "layout": {
        "y": 114,
        "x": 0,
        "height": 15,
        "width": 47
      },
      "id": 3746218382057193
    },
    {
      "definition": {
        "custom_links": [],
        "title_size": "16",
        "title": "Interface Admin Status",
        "title_align": "left",
        "precision": 2,
        "autoscale": true,
        "requests": [
          {
            "q": "avg:snmp.cisco.cube.adminstatus{$Host,$Hardware,$IP,$ifAlias,$ifName}",
            "aggregator": "avg",
            "conditional_formats": [
              {
                "palette": "white_on_red",
                "value": 2,
                "comparator": ">="
              },
              {
                "palette": "white_on_green",
                "value": 1,
                "comparator": ">="
              }
            ]
          }
        ],
        "type": "query_value"
      },
      "layout": {
        "y": 139,
        "x": 0,
        "height": 15,
        "width": 47
      },
      "id": 6599304538968769
    },
    {
      "definition": {
        "custom_links": [],
        "title_size": "16",
        "title": "Bytes In & Bytes Out",
        "title_align": "left",
        "requests": [
          {
            "q": "avg:snmp.cisco.cube.inoctets{$Host,$Hardware,$IP,$ifAlias,$ifName}",
            "style": {
              "line_width": "normal",
              "palette": "dog_classic",
              "line_type": "solid"
            },
            "display_type": "line"
          },
          {
            "q": "avg:snmp.cisco.cube.outoctets{$Host,$Hardware,$IP,$ifAlias,$ifName}",
            "style": {
              "line_width": "normal",
              "palette": "dog_classic",
              "line_type": "solid"
            },
            "display_type": "line"
          }
        ],
        "type": "timeseries"
      },
      "layout": {
        "y": 139,
        "x": 48,
        "height": 15,
        "width": 47
      },
      "id": 6971453406475782
    },
    {
      "definition": {
        "custom_links": [],
        "title_size": "16",
        "title": "In & Out Broadcasts",
        "title_align": "left",
        "requests": [
          {
            "q": "avg:snmp.cisco.cube.inbroadcastpkts{$Host,$Hardware,$ifAlias,$ifName,$IP}",
            "style": {
              "line_width": "normal",
              "palette": "dog_classic",
              "line_type": "solid"
            },
            "display_type": "line"
          },
          {
            "q": "avg:snmp.cisco.cube.outbroadcastpkts{$Host,$Hardware,$ifAlias,$ifName,$IP}",
            "style": {
              "line_width": "normal",
              "palette": "dog_classic",
              "line_type": "solid"
            },
            "display_type": "line"
          }
        ],
        "type": "timeseries"
      },
      "layout": {
        "y": 139,
        "x": 96,
        "height": 15,
        "width": 47
      },
      "id": 2307917142205886
    },
    {
      "definition": {
        "custom_links": [],
        "title_size": "16",
        "title": "In & Out Unicast Packets",
        "title_align": "left",
        "requests": [
          {
            "q": "avg:snmp.cisco.cube.inucastpkts{$Host,$Hardware,$IP,$ifAlias,$ifName}",
            "style": {
              "line_width": "normal",
              "palette": "dog_classic",
              "line_type": "solid"
            },
            "display_type": "line"
          },
          {
            "q": "avg:snmp.cisco.cube.outucastpkts{$Host,$Hardware,$IP,$ifAlias,$ifName}",
            "style": {
              "line_width": "normal",
              "palette": "dog_classic",
              "line_type": "solid"
            },
            "display_type": "line"
          }
        ],
        "type": "timeseries"
      },
      "layout": {
        "y": 155,
        "x": 0,
        "height": 15,
        "width": 47
      },
      "id": 7116690215744512
    },
    {
      "definition": {
        "custom_links": [],
        "title_size": "16",
        "title": "In & Out MultiCastPkts",
        "title_align": "left",
        "requests": [
          {
            "q": "avg:snmp.cisco.cube.inmulticastpkts{$Host,$Hardware,$IP,$ifAlias,$ifName}",
            "style": {
              "line_width": "normal",
              "palette": "dog_classic",
              "line_type": "solid"
            },
            "display_type": "line"
          },
          {
            "q": "avg:snmp.cisco.cube.outmulticastpkts{$Host,$Hardware,$IP,$ifAlias,$ifName}",
            "style": {
              "line_width": "normal",
              "palette": "dog_classic",
              "line_type": "solid"
            },
            "display_type": "line"
          }
        ],
        "type": "timeseries"
      },
      "layout": {
        "y": 155,
        "x": 48,
        "height": 15,
        "width": 47
      },
      "id": 5767137276002126
    },
    {
      "definition": {
        "custom_links": [],
        "title_size": "16",
        "title": "In & Out Errors",
        "title_align": "left",
        "requests": [
          {
            "q": "avg:snmp.cisco.cube.inerrors{$ifAlias,$ifName,$Host,$Hardware,$IP} by {ifdesc}",
            "style": {
              "line_width": "normal",
              "palette": "dog_classic",
              "line_type": "solid"
            },
            "display_type": "area"
          },
          {
            "q": "avg:snmp.cisco.cube.outerrors{$ifAlias,$ifName,$Host,$Hardware,$IP} by {ifdesc}",
            "style": {
              "line_width": "normal",
              "palette": "dog_classic",
              "line_type": "solid"
            },
            "display_type": "line"
          }
        ],
        "type": "timeseries"
      },
      "layout": {
        "y": 155,
        "x": 96,
        "height": 15,
        "width": 47
      },
      "id": 2642240931951550
    },
    {
      "definition": {
        "custom_links": [],
        "title_size": "16",
        "title": "Interface Operation Status",
        "title_align": "left",
        "precision": 2,
        "autoscale": true,
        "requests": [
          {
            "q": "avg:snmp.cisco.cube.operstatus{$Host,$Hardware,$ifAlias,$IP,$ifName}",
            "aggregator": "avg",
            "conditional_formats": [
              {
                "palette": "white_on_red",
                "value": 2,
                "comparator": ">="
              },
              {
                "palette": "white_on_green",
                "value": 1,
                "comparator": ">="
              }
            ]
          }
        ],
        "type": "query_value"
      },
      "layout": {
        "y": 171,
        "x": 0,
        "height": 15,
        "width": 47
      },
      "id": 2896535384945360
    },
    {
      "definition": {
        "custom_links": [],
        "title_size": "16",
        "title": "Interface Speed",
        "title_align": "left",
        "custom_unit": "b/s",
        "precision": 2,
        "autoscale": true,
        "requests": [
          {
            "q": "avg:snmp.cisco.cube.ifspeed{$ifAlias,$ifName,$Host,$Hardware,$IP}",
            "aggregator": "avg"
          }
        ],
        "type": "query_value"
      },
      "layout": {
        "y": 171,
        "x": 48,
        "height": 15,
        "width": 47
      },
      "id": 4403927226292409
    },
    {
      "definition": {
        "custom_links": [],
        "title_size": "16",
        "title": "Local Interfaces",
        "title_align": "left",
        "requests": [
          {
            "q": "avg:snmp.cisco.cube.adminstatus{$Host,$Hardware,$IP} by {ifname}",
            "aggregator": "last",
            "alias": "Admin Status"
          },
          {
            "q": "avg:snmp.cisco.cube.operstatus{$Host,$Hardware,$IP} by {ifname}",
            "aggregator": "last",
            "limit": 100,
            "order": "asc",
            "alias": "Oper Status"
          },
          {
            "q": "avg:snmp.cisco.cube.ifspeed{$Host,$Hardware,$IP} by {ifname}",
            "aggregator": "last",
            "alias": "Int Speed"
          }
        ],
        "type": "query_table"
      },
      "layout": {
        "y": 171,
        "x": 96,
        "height": 15,
        "width": 47
      },
      "id": 1731175506347162
    },
    {
      "definition": {
        "custom_links": [],
        "title_size": "16",
        "title": "CPU Utilization",
        "title_align": "left",
        "requests": [
          {
            "q": "avg:snmp.cisco.cube.cpuutilizationavglast5sec{$Hardware,$IP,$Host}",
            "style": {
              "line_width": "normal",
              "palette": "dog_classic",
              "line_type": "solid"
            },
            "display_type": "line"
          },
          {
            "q": "avg:snmp.cisco.cube.cpuutilizationavglast1min{$Hardware,$IP,$Host}",
            "style": {
              "line_width": "normal",
              "palette": "dog_classic",
              "line_type": "solid"
            },
            "display_type": "line"
          },
          {
            "q": "avg:snmp.cisco.cube.cpuutilizationavglast5min{$Hardware,$IP,$Host}",
            "style": {
              "line_width": "normal",
              "palette": "dog_classic",
              "line_type": "solid"
            },
            "display_type": "line"
          }
        ],
        "type": "timeseries"
      },
      "layout": {
        "y": 196,
        "x": 0,
        "height": 15,
        "width": 47
      },
      "id": 7958953603394448
    },
    {
      "definition": {
        "custom_links": [],
        "title_size": "16",
        "title": "CPU Utilization",
        "title_align": "left",
        "custom_unit": "%",
        "precision": 2,
        "autoscale": true,
        "requests": [
          {
            "q": "avg:snmp.cisco.cube.cpuutilizationavglast5sec{$Host,$Hardware,$IP}",
            "aggregator": "avg"
          }
        ],
        "type": "query_value"
      },
      "layout": {
        "y": 196,
        "x": 48,
        "height": 15,
        "width": 47
      },
      "id": 1299116456644375
    },
    {
      "definition": {
        "tick_pos": "50%",
        "show_tick": true,
        "type": "note",
        "tick_edge": "bottom",
        "text_align": "center",
        "content": "CPU",
        "font_size": "24",
        "background_color": "white"
      },
      "layout": {
        "y": 188,
        "x": 12,
        "height": 6,
        "width": 120
      },
      "id": 6498953853489912
    },
    {
      "definition": {
        "tick_pos": "50%",
        "show_tick": true,
        "type": "note",
        "tick_edge": "bottom",
        "text_align": "center",
        "content": "Interfaces",
        "font_size": "24",
        "background_color": "white"
      },
      "layout": {
        "y": 131,
        "x": 12,
        "height": 6,
        "width": 120
      },
      "id": 670444605013918
    },
    {
      "definition": {
        "tick_pos": "50%",
        "show_tick": true,
        "type": "note",
        "tick_edge": "bottom",
        "text_align": "center",
        "content": "SIP Trunk Stats",
        "font_size": "24",
        "background_color": "white"
      },
      "layout": {
        "y": 58,
        "x": 11,
        "height": 6,
        "width": 120
      },
      "id": 2907318280687072
    },
    {
      "definition": {
        "tick_pos": "50%",
        "show_tick": true,
        "type": "note",
        "tick_edge": "bottom",
        "text_align": "center",
        "content": "Call Volume Stats",
        "font_size": "24",
        "background_color": "white"
      },
      "layout": {
        "y": 33,
        "x": 11,
        "height": 6,
        "width": 120
      },
      "id": 370785442567056
    }
  ],
  "layout_type": "free"
}