{
  "notify_list": [],
  "description": "",
  "restricted_roles": [],
  "template_variables": [
    {
      "default": "*",
      "prefix": "node",
      "name": "Node"
    },
    {
      "default": "*",
      "prefix": "pool",
      "name": "Pool"
    },
    {
      "default": "*",
      "prefix": "virtualserver",
      "name": "Virtual_Server"
    },
    {
      "default": "*",
      "prefix": "ifdesc",
      "name": "Interface"
    },
    {
      "default": "*",
      "prefix": "snmp_device",
      "name": "IPAddress"
    },
    {
      "default": "big-ip",
      "prefix": "model",
      "name": "Model"
    },
    {
      "default": "*",
      "prefix": "snmp_host",
      "name": "Sysname"
    }
  ],
  "is_read_only": false,
  "title": "F5 BigIP Dashboard",
  "widgets": [
    {
      "definition": {
        "title": "Client Connections",
        "yaxis": {
          "max": "auto",
          "include_zero": true,
          "scale": "linear",
          "min": "auto",
          "label": ""
        },
        "show_legend": false,
        "time": {},
        "requests": [
          {
            "q": "avg:snmp.Client.Connections{$IPAddress,$Model}",
            "style": {
              "line_width": "normal",
              "palette": "dog_classic",
              "line_type": "solid"
            },
            "display_type": "area"
          }
        ],
        "type": "timeseries",
        "legend_size": "0"
      },
      "id": 8821182498798772
    },
    {
      "definition": {
        "title": "SSL Client Connections",
        "yaxis": {
          "max": "auto",
          "include_zero": true,
          "scale": "linear",
          "min": "auto",
          "label": ""
        },
        "show_legend": false,
        "time": {},
        "requests": [
          {
            "q": "avg:snmp.SSL.Client.Connections{$IPAddress,$Model}",
            "style": {
              "line_width": "normal",
              "palette": "dog_classic",
              "line_type": "solid"
            },
            "display_type": "line"
          }
        ],
        "type": "timeseries"
      },
      "id": 1682683648939322
    },
    {
      "definition": {
        "autoscale": true,
        "title": "Requests per Second",
        "custom_unit": "RPS",
        "precision": 2,
        "time": {},
        "requests": [
          {
            "q": "avg:snmp.HTTP.Requests.Per.Second{$IPAddress,$Model}",
            "aggregator": "avg"
          }
        ],
        "type": "query_value"
      },
      "id": 4197764361884050
    },
    {
      "definition": {
        "requests": [
          {
            "q": "top(max:snmp.Current.Connections{$IPAddress,$Model} by {virtualserver}, 10, 'mean', 'desc')"
          }
        ],
        "time": {},
        "type": "toplist",
        "title": "VIP Top-Talkers (connections)"
      },
      "id": 3126688256046278
    },
    {
      "definition": {
        "requests": [
          {
            "q": "top(avg:snmp.Current.Connections{$IPAddress,$Model} by {pool}, 10, 'mean', 'desc')"
          }
        ],
        "time": {},
        "type": "toplist",
        "title": "Pool Top Talkers (connections)"
      },
      "id": 1714241388774470
    },
    {
      "definition": {
        "requests": [
          {
            "q": "top(avg:snmp.Current.Connections{$Model,$IPAddress} by {node}, 10, 'mean', 'desc')"
          }
        ],
        "time": {},
        "type": "toplist",
        "title": "Node Top Talkers (connections)"
      },
      "id": 6927975724302122
    },
    {
      "definition": {
        "widgets": [
          {
            "definition": {
              "autoscale": true,
              "title": "Failover State",
              "precision": 2,
              "time": {},
              "requests": [
                {
                  "q": "avg:snmp.Failover.Status{$IPAddress,$Model}",
                  "aggregator": "last",
                  "conditional_formats": [
                    {
                      "palette": "white_on_green",
                      "value": 4,
                      "comparator": ">="
                    },
                    {
                      "palette": "white_on_green",
                      "value": 3,
                      "comparator": ">="
                    },
                    {
                      "palette": "white_on_yellow",
                      "value": 2,
                      "comparator": ">="
                    },
                    {
                      "palette": "white_on_red",
                      "value": 1,
                      "comparator": ">="
                    }
                  ]
                }
              ],
              "type": "query_value"
            },
            "id": 8801472694754286
          },
          {
            "definition": {
              "autoscale": true,
              "title": "Pools Enabled",
              "precision": 2,
              "time": {},
              "requests": [
                {
                  "q": "sum:snmp.Pool.Enabled{$IPAddress,$Model}",
                  "aggregator": "avg"
                }
              ],
              "type": "query_value"
            },
            "id": 4454644858194648
          },
          {
            "definition": {
              "title": "Client Bytes In/Out",
              "yaxis": {
                "max": "auto",
                "include_zero": true,
                "scale": "linear",
                "min": "auto",
                "label": ""
              },
              "show_legend": false,
              "time": {},
              "requests": [
                {
                  "q": "avg:snmp.Client.Bytes.In{$IPAddress,$Model} by {snmp_device}",
                  "style": {
                    "line_width": "normal",
                    "palette": "dog_classic",
                    "line_type": "solid"
                  },
                  "display_type": "line"
                },
                {
                  "q": "avg:snmp.Client.Bytes.Out{$IPAddress,$Model} by {snmp_device}",
                  "style": {
                    "line_width": "normal",
                    "palette": "dog_classic",
                    "line_type": "solid"
                  },
                  "display_type": "line"
                }
              ],
              "type": "timeseries",
              "legend_size": "0"
            },
            "id": 1954915094329454
          },
          {
            "definition": {
              "autoscale": true,
              "title": "Sync Status",
              "precision": 2,
              "time": {},
              "requests": [
                {
                  "q": "avg:snmp.Sync.Status{$IPAddress,$Model}",
                  "aggregator": "avg",
                  "conditional_formats": [
                    {
                      "palette": "white_on_green",
                      "value": 6,
                      "comparator": ">="
                    },
                    {
                      "palette": "white_on_green",
                      "value": 3,
                      "comparator": ">="
                    },
                    {
                      "palette": "white_on_red",
                      "value": 4,
                      "comparator": ">="
                    },
                    {
                      "palette": "white_on_yellow",
                      "value": 5,
                      "comparator": ">="
                    },
                    {
                      "palette": "white_on_yellow",
                      "value": 7,
                      "comparator": ">="
                    },
                    {
                      "palette": "white_on_red",
                      "value": 8,
                      "comparator": ">"
                    }
                  ]
                }
              ],
              "type": "query_value"
            },
            "id": 2537459057308692
          },
          {
            "definition": {
              "autoscale": true,
              "title": "Total Nodes Defined",
              "precision": 2,
              "time": {},
              "requests": [
                {
                  "q": "sum:snmp.Node.State{$Model,$IPAddress}",
                  "aggregator": "avg"
                }
              ],
              "type": "query_value"
            },
            "id": 5480954919527256
          },
          {
            "definition": {
              "title": "Total SSL Connections",
              "yaxis": {
                "max": "auto",
                "include_zero": true,
                "scale": "linear",
                "min": "auto",
                "label": ""
              },
              "show_legend": false,
              "time": {},
              "requests": [
                {
                  "q": "sum:snmp.Server.SSL.Connections{$IPAddress} by {host}",
                  "style": {
                    "line_width": "normal",
                    "palette": "dog_classic",
                    "line_type": "solid"
                  },
                  "display_type": "line"
                }
              ],
              "type": "timeseries",
              "legend_size": "0"
            },
            "id": 5634895438305234
          },
          {
            "definition": {
              "title": "CPU Usage (%)",
              "yaxis": {
                "max": "auto",
                "include_zero": true,
                "scale": "linear",
                "min": "auto",
                "label": ""
              },
              "show_legend": false,
              "time": {},
              "requests": [
                {
                  "q": "avg:snmp.CPUIdleTime{$Model,$IPAddress} by {snmp_device}, 100-avg:snmp.CPUIdleTime{$Model,$IPAddress} by {snmp_device}",
                  "style": {
                    "line_width": "normal",
                    "palette": "dog_classic",
                    "line_type": "solid"
                  },
                  "display_type": "area"
                }
              ],
              "type": "timeseries",
              "legend_size": "0"
            },
            "id": 1483059685636050
          },
          {
            "definition": {
              "title": "Used Memory",
              "yaxis": {
                "max": "auto",
                "include_zero": true,
                "scale": "linear",
                "min": "auto",
                "label": ""
              },
              "show_legend": false,
              "time": {},
              "requests": [
                {
                  "q": "avg:snmp.Memory.Used{$Model,$IPAddress} by {snmp_device}",
                  "style": {
                    "line_width": "normal",
                    "palette": "dog_classic",
                    "line_type": "solid"
                  },
                  "display_type": "line"
                }
              ],
              "type": "timeseries",
              "legend_size": "0"
            },
            "id": 8869903006079092
          }
        ],
        "layout_type": "ordered",
        "type": "group",
        "title": "System Overall Health"
      },
      "id": 6628394589110770
    },
    {
      "definition": {
        "widgets": [
          {
            "definition": {
              "title": "Incoming & Outgoing Bytes",
              "yaxis": {
                "max": "auto",
                "include_zero": true,
                "scale": "linear",
                "min": "auto",
                "label": ""
              },
              "show_legend": false,
              "time": {},
              "requests": [
                {
                  "q": "avg:snmp.Incoming.Bytes{$Virtual_Server,$IPAddress,$Model} by {virtualserver}",
                  "style": {
                    "line_width": "normal",
                    "palette": "dog_classic",
                    "line_type": "solid"
                  },
                  "display_type": "line"
                },
                {
                  "q": "avg:snmp.Outgoing.Bytes{$IPAddress,$Virtual_Server,$Model} by {virtualserver}",
                  "style": {
                    "line_width": "normal",
                    "palette": "dog_classic",
                    "line_type": "solid"
                  },
                  "display_type": "line"
                }
              ],
              "type": "timeseries",
              "legend_size": "0"
            },
            "id": 3589424622187960
          },
          {
            "definition": {
              "title": "Virtual Servers Enabled",
              "yaxis": {
                "max": "auto",
                "include_zero": true,
                "scale": "linear",
                "min": "auto",
                "label": ""
              },
              "show_legend": false,
              "time": {},
              "requests": [
                {
                  "q": "avg:snmp.Virtual.Server.Enabled{$IPAddress,$Model,$Virtual_Server} by {virtualserver}",
                  "style": {
                    "line_width": "normal",
                    "palette": "dog_classic",
                    "line_type": "solid"
                  },
                  "display_type": "line"
                }
              ],
              "type": "timeseries",
              "legend_size": "0"
            },
            "id": 5501294299402884
          },
          {
            "definition": {
              "title": "Virtual Server Availability",
              "yaxis": {
                "max": "auto",
                "include_zero": true,
                "scale": "linear",
                "min": "auto",
                "label": ""
              },
              "show_legend": false,
              "time": {},
              "requests": [
                {
                  "q": "avg:snmp.Virtual.Server.Availability{$IPAddress,$Virtual_Server,$Model} by {virtualserver}",
                  "style": {
                    "line_width": "normal",
                    "palette": "dog_classic",
                    "line_type": "solid"
                  },
                  "display_type": "line"
                }
              ],
              "type": "timeseries",
              "legend_size": "0"
            },
            "id": 1741485395436280
          },
          {
            "definition": {
              "autoscale": true,
              "title": "Current Connections",
              "custom_unit": "Conn",
              "precision": 2,
              "time": {},
              "requests": [
                {
                  "q": "avg:snmp.Current.Connections{$IPAddress,$Virtual_Server,$Model}",
                  "aggregator": "last"
                }
              ],
              "type": "query_value"
            },
            "id": 8822389104830730
          },
          {
            "definition": {
              "autoscale": true,
              "title": "Connections per Second",
              "custom_unit": "CPS",
              "precision": 2,
              "time": {},
              "requests": [
                {
                  "q": "avg:snmp.Current.Connections.rate{$Virtual_Server,$IPAddress,$Model}",
                  "aggregator": "last"
                }
              ],
              "type": "query_value"
            },
            "id": 2523712370874420
          }
        ],
        "layout_type": "ordered",
        "type": "group",
        "title": "Virtual Servers"
      },
      "id": 1318976594776910
    },
    {
      "definition": {
        "widgets": [
          {
            "definition": {
              "title": "Incoming & Outgoing Bytes",
              "yaxis": {
                "max": "auto",
                "include_zero": true,
                "scale": "linear",
                "min": "auto",
                "label": ""
              },
              "show_legend": false,
              "time": {},
              "requests": [
                {
                  "q": "avg:snmp.Incoming.Bytes{$Pool,$IPAddress,$Model} by {pool}",
                  "style": {
                    "line_width": "normal",
                    "palette": "dog_classic",
                    "line_type": "solid"
                  },
                  "display_type": "area"
                },
                {
                  "q": "avg:snmp.Outgoing.Bytes{$Pool,$IPAddress,$Model} by {pool}",
                  "style": {
                    "line_width": "normal",
                    "palette": "dog_classic",
                    "line_type": "solid"
                  },
                  "display_type": "line"
                }
              ],
              "type": "timeseries",
              "legend_size": "0"
            },
            "id": 1804864976834140
          },
          {
            "definition": {
              "title": "Sessions & Connections",
              "yaxis": {
                "max": "auto",
                "include_zero": true,
                "scale": "linear",
                "min": "auto",
                "label": ""
              },
              "show_legend": false,
              "time": {},
              "requests": [
                {
                  "q": "avg:snmp.Current.Sessions{$Pool,$IPAddress,$Model} by {pool}",
                  "style": {
                    "line_width": "normal",
                    "palette": "dog_classic",
                    "line_type": "solid"
                  },
                  "display_type": "area"
                },
                {
                  "q": "avg:snmp.Current.Connections{$IPAddress,$Pool,$Model} by {pool}",
                  "style": {
                    "line_width": "normal",
                    "palette": "dog_classic",
                    "line_type": "solid"
                  },
                  "display_type": "line"
                }
              ],
              "type": "timeseries",
              "legend_size": "0"
            },
            "id": 789230605101778
          },
          {
            "definition": {
              "title": "Pools Enabled",
              "yaxis": {
                "max": "auto",
                "include_zero": true,
                "scale": "linear",
                "min": "auto",
                "label": ""
              },
              "show_legend": false,
              "time": {},
              "requests": [
                {
                  "q": "avg:snmp.Pool.Enabled{$IPAddress,$Model,$Pool} by {pool}",
                  "style": {
                    "line_width": "normal",
                    "palette": "dog_classic",
                    "line_type": "solid"
                  },
                  "display_type": "line"
                }
              ],
              "type": "timeseries",
              "legend_size": "0"
            },
            "id": 3093328317965258
          },
          {
            "definition": {
              "title": "Pools Available",
              "yaxis": {
                "max": "auto",
                "include_zero": true,
                "scale": "linear",
                "min": "auto",
                "label": ""
              },
              "show_legend": false,
              "time": {},
              "requests": [
                {
                  "q": "avg:snmp.Pool.Available{$IPAddress,$Model,$Pool} by {pool}",
                  "style": {
                    "line_width": "normal",
                    "palette": "dog_classic",
                    "line_type": "solid"
                  },
                  "display_type": "line"
                }
              ],
              "type": "timeseries",
              "legend_size": "0"
            },
            "id": 6905400178374028
          },
          {
            "definition": {
              "autoscale": true,
              "title": "Pools Current Connections",
              "custom_unit": "Conn",
              "precision": 2,
              "time": {},
              "requests": [
                {
                  "q": "sum:snmp.Current.Connections{$Pool,$IPAddress,$Model}",
                  "aggregator": "avg"
                }
              ],
              "type": "query_value"
            },
            "id": 2407864130590144
          },
          {
            "definition": {
              "autoscale": true,
              "title": "Current Sessions",
              "custom_unit": "Sess",
              "precision": 2,
              "time": {},
              "requests": [
                {
                  "q": "avg:snmp.Current.Sessions{$Pool,$IPAddress,$Model}",
                  "aggregator": "avg"
                }
              ],
              "type": "query_value"
            },
            "id": 6866345523906096
          }
        ],
        "layout_type": "ordered",
        "type": "group",
        "title": "Pools"
      },
      "id": 6254839881937550
    },
    {
      "definition": {
        "widgets": [
          {
            "definition": {
              "title": "Incoming & Outgoing Bytes",
              "yaxis": {
                "max": "auto",
                "include_zero": true,
                "scale": "linear",
                "min": "auto",
                "label": ""
              },
              "show_legend": false,
              "time": {},
              "requests": [
                {
                  "q": "avg:snmp.Incoming.Bytes{$Node,$IPAddress,$Model} by {node}",
                  "style": {
                    "line_width": "normal",
                    "palette": "dog_classic",
                    "line_type": "solid"
                  },
                  "display_type": "area"
                },
                {
                  "q": "avg:snmp.Outgoing.Bytes{$Node,$IPAddress,$Model} by {node}",
                  "style": {
                    "line_width": "normal",
                    "palette": "dog_classic",
                    "line_type": "solid"
                  },
                  "display_type": "area"
                }
              ],
              "type": "timeseries",
              "legend_size": "0"
            },
            "id": 7269869494713194
          },
          {
            "definition": {
              "title": "Node Connections & Sessions",
              "yaxis": {
                "max": "auto",
                "include_zero": true,
                "scale": "linear",
                "min": "auto",
                "label": ""
              },
              "show_legend": false,
              "time": {},
              "requests": [
                {
                  "q": "avg:snmp.Current.Connections{$Node,$IPAddress,$Model} by {node}",
                  "style": {
                    "line_width": "normal",
                    "palette": "dog_classic",
                    "line_type": "solid"
                  },
                  "display_type": "area"
                },
                {
                  "q": "avg:snmp.Current.Sessions{$Node,$IPAddress,$Model} by {node}",
                  "style": {
                    "line_width": "normal",
                    "palette": "dog_classic",
                    "line_type": "solid"
                  },
                  "display_type": "area"
                }
              ],
              "type": "timeseries",
              "legend_size": "0"
            },
            "id": 4792281761943048
          },
          {
            "definition": {
              "title": "Node Available",
              "yaxis": {
                "max": "auto",
                "include_zero": true,
                "scale": "linear",
                "min": "auto",
                "label": ""
              },
              "show_legend": false,
              "time": {},
              "requests": [
                {
                  "q": "avg:snmp.Node.Available{$Node,$Model,$IPAddress} by {node}",
                  "style": {
                    "line_width": "normal",
                    "palette": "dog_classic",
                    "line_type": "solid"
                  },
                  "display_type": "line"
                }
              ],
              "type": "timeseries",
              "legend_size": "0"
            },
            "id": 3713996688109312
          },
          {
            "definition": {
              "title": "Node State",
              "yaxis": {
                "max": "auto",
                "include_zero": true,
                "scale": "linear",
                "min": "auto",
                "label": ""
              },
              "show_legend": false,
              "time": {},
              "requests": [
                {
                  "q": "avg:snmp.Node.State{$Node,$Model,$IPAddress} by {node}",
                  "style": {
                    "line_width": "normal",
                    "palette": "dog_classic",
                    "line_type": "solid"
                  },
                  "display_type": "line"
                }
              ],
              "type": "timeseries",
              "legend_size": "0"
            },
            "id": 1381476725782166
          },
          {
            "definition": {
              "autoscale": true,
              "title": "Current Connections",
              "custom_unit": "",
              "precision": 2,
              "time": {},
              "requests": [
                {
                  "q": "avg:snmp.Current.Connections{$Node,$IPAddress,$Model}",
                  "aggregator": "avg"
                }
              ],
              "type": "query_value"
            },
            "id": 850075006352206
          }
        ],
        "layout_type": "ordered",
        "type": "group",
        "title": "Nodes"
      },
      "id": 5538269124514044
    },
    {
      "definition": {
        "widgets": [
          {
            "definition": {
              "title": "Interface Throughput (Bytes)",
              "yaxis": {
                "max": "auto",
                "include_zero": true,
                "scale": "linear",
                "min": "auto",
                "label": ""
              },
              "show_legend": false,
              "time": {},
              "requests": [
                {
                  "q": "avg:snmp.ifHCInOctets{$Interface,$IPAddress,$Model} by {interface}/1000000",
                  "style": {
                    "line_width": "normal",
                    "palette": "dog_classic",
                    "line_type": "solid"
                  },
                  "display_type": "area"
                },
                {
                  "q": "avg:snmp.ifHCOutOctets{$Interface,$IPAddress,$Model} by {interface}/1000000",
                  "style": {
                    "line_width": "normal",
                    "palette": "dog_classic",
                    "line_type": "solid"
                  },
                  "display_type": "area"
                }
              ],
              "type": "timeseries",
              "legend_size": "0"
            },
            "id": 3662162800051954
          },
          {
            "definition": {
              "title": "Interface Status",
              "yaxis": {
                "max": "auto",
                "include_zero": true,
                "scale": "linear",
                "min": "auto",
                "label": ""
              },
              "show_legend": false,
              "time": {},
              "requests": [
                {
                  "q": "avg:snmp.Interface.Status{$Interface,$Model,$IPAddress}",
                  "style": {
                    "line_width": "normal",
                    "palette": "dog_classic",
                    "line_type": "solid"
                  },
                  "display_type": "area"
                }
              ],
              "type": "timeseries",
              "legend_size": "0"
            },
            "id": 3535943767062800
          },
          {
            "definition": {
              "autoscale": false,
              "title": "Interface Speed",
              "custom_unit": "MB",
              "precision": 0,
              "time": {},
              "requests": [
                {
                  "q": "avg:snmp.ifHighSpeed{$Interface,$IPAddress,$Model}",
                  "aggregator": "avg"
                }
              ],
              "type": "query_value"
            },
            "id": 5024104710159410
          }
        ],
        "layout_type": "ordered",
        "type": "group",
        "title": "Interfaces"
      },
      "id": 5892252872363804
    }
  ],
  "layout_type": "ordered"
}