{
  "notify_list": [],
  "description": "",
  "restricted_roles": [],
  "template_variables": [
    {
      "default": "*",
      "prefix": "ucsbladeportrx",
      "name": "UCSBladePortRX"
    },
    {
      "default": "*",
      "prefix": "ucsbladeporttx",
      "name": "UCSBladePortTX"
    },
    {
      "default": "*",
      "prefix": "host",
      "name": "Host"
    },
    {
      "default": "ucs",
      "prefix": "hardware",
      "name": "Hardware"
    },
    {
      "default": "*",
      "prefix": "snmp_device",
      "name": "IP"
    },
    {
      "default": "*",
      "prefix": "ucsbladeslot",
      "name": "UCSBladeSlot"
    },
    {
      "default": "*",
      "prefix": "ucsbladedesc",
      "name": "UCSBladeDescription"
    },
    {
      "default": "*",
      "prefix": "ucsbladepsu",
      "name": "UCSPSU"
    },
    {
      "default": "*",
      "prefix": "ucsbladetemp",
      "name": "UCSTemp"
    },
    {
      "default": "*",
      "prefix": "ucsbladeslot",
      "name": "UCSSPartitionName"
    },
    {
      "default": "*",
      "prefix": "ucsdiskname",
      "name": "UCSDiskName"
    }
  ],
  "is_read_only": false,
  "title": "Cisco UCS Dashboard",
  "widgets": [
    {
      "definition": {
        "custom_links": [],
        "title_size": "16",
        "title": "CPU Usage (%)",
        "title_align": "left",
        "custom_unit": "%",
        "precision": 2,
        "autoscale": true,
        "requests": [
          {
            "q": "avg:snmp.cisco.ucs.cpuUtilization{$Host,$Hardware,$IP}",
            "aggregator": "avg",
            "conditional_formats": [
              {
                "palette": "white_on_green",
                "value": 70,
                "comparator": "<="
              },
              {
                "palette": "white_on_yellow",
                "value": 85,
                "comparator": "<="
              },
              {
                "palette": "white_on_red",
                "value": 85,
                "comparator": ">"
              }
            ]
          }
        ],
        "type": "query_value"
      },
      "layout": {
        "y": 0,
        "x": 0,
        "height": 15,
        "width": 47
      },
      "id": 4282387413017936
    },
    {
      "definition": {
        "custom_links": [],
        "title_size": "16",
        "title": "Memory Usage (%)",
        "title_align": "left",
        "custom_unit": "%",
        "precision": 2,
        "autoscale": true,
        "requests": [
          {
            "q": "avg:snmp.cisco.ucs.memoryUtilization{$Host,$IP,$Hardware}",
            "aggregator": "max",
            "conditional_formats": [
              {
                "palette": "white_on_green",
                "value": 70,
                "comparator": "<="
              },
              {
                "palette": "white_on_yellow",
                "value": 85,
                "comparator": "<="
              },
              {
                "palette": "white_on_red",
                "value": 85,
                "comparator": ">"
              }
            ]
          }
        ],
        "type": "query_value"
      },
      "layout": {
        "y": 0,
        "x": 48,
        "height": 15,
        "width": 47
      },
      "id": 8023218250397648
    },
    {
      "definition": {
        "custom_links": [],
        "title_size": "16",
        "title": "System Up Time",
        "title_align": "left",
        "custom_unit": "Days",
        "precision": 2,
        "autoscale": false,
        "requests": [
          {
            "q": "avg:snmp.cisco.ucs.systemUptime{$Host,$Hardware,$IP}/8640000",
            "aggregator": "avg"
          }
        ],
        "type": "query_value"
      },
      "layout": {
        "y": 0,
        "x": 96,
        "height": 15,
        "width": 47
      },
      "id": 5645713579195260
    },
    {
      "definition": {
        "custom_links": [],
        "title_size": "16",
        "title": "Blade Inventory",
        "title_align": "left",
        "requests": [
          {
            "q": "avg:snmp.cisco.ucs.adminState{$Host,$Hardware,$IP} by {bladedesc,bladeslot}",
            "aggregator": "avg",
            "limit": 100,
            "order": "desc",
            "alias": "Admin State"
          }
        ],
        "type": "query_table"
      },
      "layout": {
        "y": 16,
        "x": 0,
        "height": 15,
        "width": 47
      },
      "id": 1342038238516360
    },
    {
      "definition": {
        "custom_links": [],
        "title_size": "16",
        "title": "Blade Admin Status",
        "title_align": "left",
        "precision": 2,
        "autoscale": true,
        "requests": [
          {
            "q": "avg:snmp.cisco.ucs.adminState{$Host,$Hardware,$IP,$UCSBladeSlot,$UCSBladeDescription}",
            "aggregator": "avg",
            "conditional_formats": [
              {
                "palette": "white_on_red",
                "value": 1.01,
                "comparator": ">="
              },
              {
                "palette": "white_on_green",
                "value": 1,
                "comparator": ">="
              }
            ]
          }
        ],
        "type": "query_value"
      },
      "layout": {
        "y": 42,
        "x": 0,
        "height": 15,
        "width": 47
      },
      "id": 2745607975190615
    },
    {
      "definition": {
        "custom_links": [],
        "title_size": "16",
        "title": "Blade Available Memory",
        "title_align": "left",
        "requests": [
          {
            "q": "avg:snmp.cisco.ucs.availableMemory{$Host,$Hardware,$IP,$UCSBladeSlot} by {ucsbladeslot}",
            "style": {
              "line_width": "normal",
              "palette": "dog_classic",
              "line_type": "solid"
            },
            "display_type": "line"
          },
          {
            "q": "avg:snmp.cisco.ucs.memorySpeed{$Host,$Hardware,$IP,$UCSBladeSlot} by {ucsbladeslot}",
            "style": {
              "line_width": "normal",
              "palette": "dog_classic",
              "line_type": "solid"
            },
            "display_type": "line"
          }
        ],
        "type": "timeseries"
      },
      "layout": {
        "y": 42,
        "x": 48,
        "height": 15,
        "width": 47
      },
      "id": 2522174923362116
    },
    {
      "definition": {
        "custom_links": [],
        "title_size": "16",
        "title": "Selected Blade Slot ID",
        "title_align": "left",
        "precision": 2,
        "autoscale": true,
        "requests": [
          {
            "q": "max:snmp.cisco.ucs.slotId{$Host,$Hardware,$IP,$UCSBladeSlot,$UCSBladeDescription}",
            "aggregator": "last"
          }
        ],
        "type": "query_value"
      },
      "layout": {
        "y": 42,
        "x": 96,
        "height": 15,
        "width": 47
      },
      "id": 7363353310035366
    },
    {
      "definition": {
        "custom_links": [],
        "title_size": "16",
        "title": "Blade Inventory",
        "title_align": "left",
        "requests": [
          {
            "q": "avg:snmp.cisco.ucs.adminState{$Host,$Hardware,$IP} by {bladedesc,bladeslot,systemdescription}",
            "aggregator": "avg",
            "limit": 100,
            "order": "desc",
            "alias": "Admin State"
          }
        ],
        "type": "query_table"
      },
      "layout": {
        "y": 58,
        "x": 0,
        "height": 15,
        "width": 47
      },
      "id": 5892914026386808
    },
    {
      "definition": {
        "custom_links": [],
        "title_size": "16",
        "title": "Blade Number of Cores",
        "title_align": "left",
        "requests": [
          {
            "q": "avg:snmp.cisco.ucs.bladeNumOfCores{$Host,$Hardware,$IP,$UCSBladeSlot,$UCSBladeDescription} by {ucsbladeslot}",
            "style": {
              "line_width": "normal",
              "palette": "dog_classic",
              "line_type": "solid"
            },
            "display_type": "line"
          }
        ],
        "type": "timeseries"
      },
      "layout": {
        "y": 84,
        "x": 0,
        "height": 15,
        "width": 47
      },
      "id": 1607792987170749
    },
    {
      "definition": {
        "custom_links": [],
        "title_size": "16",
        "title": "Blade Number of Threads",
        "title_align": "left",
        "requests": [
          {
            "q": "avg:snmp.cisco.ucs.bladeNumOfThreads{$Host,$Hardware,$IP,$UCSBladeSlot,$UCSBladeDescription} by {ucsbladeslot}",
            "style": {
              "line_width": "normal",
              "palette": "dog_classic",
              "line_type": "solid"
            },
            "display_type": "line"
          }
        ],
        "type": "timeseries"
      },
      "layout": {
        "y": 84,
        "x": 48,
        "height": 15,
        "width": 47
      },
      "id": 1212500895703138
    },
    {
      "definition": {
        "custom_links": [],
        "title_size": "16",
        "title": "Blade Number of CPU's",
        "title_align": "left",
        "requests": [
          {
            "q": "avg:snmp.cisco.ucs.bladeNumOfCpus{$Host,$Hardware,$IP,$UCSBladeSlot,$UCSBladeDescription} by {ucsbladeslot}",
            "style": {
              "line_width": "normal",
              "palette": "dog_classic",
              "line_type": "solid"
            },
            "display_type": "line"
          }
        ],
        "type": "timeseries"
      },
      "layout": {
        "y": 84,
        "x": 96,
        "height": 15,
        "width": 47
      },
      "id": 235614787376650
    },
    {
      "definition": {
        "custom_links": [],
        "title_size": "16",
        "title": "CPU Count by Blade",
        "title_align": "left",
        "requests": [
          {
            "q": "avg:snmp.cisco.ucs.bladeNumOfCpus{*} by {ucsbladedesc, ucsbladeslot}",
            "aggregator": "avg",
            "limit": 50,
            "order": "desc",
            "alias": "CPU Count"
          },
          {
            "q": "avg:snmp.cisco.ucs.bladeNumOfCores{*} by {ucsbladedesc,ucsbladeslot}",
            "aggregator": "avg",
            "alias": "Core Count"
          }
        ],
        "type": "query_table"
      },
      "layout": {
        "y": 100,
        "x": 0,
        "height": 15,
        "width": 47
      },
      "id": 2690867900064483
    },
    {
      "definition": {
        "custom_links": [],
        "title_size": "16",
        "title": "UCS Broadcast Packets",
        "title_align": "left",
        "requests": [
          {
            "q": "avg:snmp.cisco.ucs.rxBroadcastPackets{$Host,$Hardware,$IP,$UCSBladePortRX,$UCSBladePortTX} by {ucsbladeportrx,ucsbladeporttx}",
            "style": {
              "line_width": "normal",
              "palette": "dog_classic",
              "line_type": "solid"
            },
            "display_type": "line"
          },
          {
            "q": "avg:snmp.cisco.ucs.txBroadcastPackets{$Host,$Hardware,$IP,$UCSBladePortRX,$UCSBladePortTX} by {ucsbladeportrx,ucsbladeporttx}",
            "style": {
              "line_width": "normal",
              "palette": "dog_classic",
              "line_type": "solid"
            },
            "display_type": "line"
          }
        ],
        "type": "timeseries"
      },
      "layout": {
        "y": 126,
        "x": 0,
        "height": 15,
        "width": 47
      },
      "id": 1899822287578353
    },
    {
      "definition": {
        "custom_links": [],
        "title_size": "16",
        "title": "UCS Multicast Packets",
        "title_align": "left",
        "requests": [
          {
            "q": "avg:snmp.cisco.ucs.rxMulticastPackets{$Host,$Hardware,$IP,$UCSBladePortRX,$UCSBladePortTX} by {ucsbladeportrx,ucsbladeporttx}",
            "style": {
              "line_width": "normal",
              "palette": "dog_classic",
              "line_type": "solid"
            },
            "display_type": "line"
          },
          {
            "q": "avg:snmp.cisco.ucs.txMulticastPackets{$Host,$Hardware,$IP,$UCSBladePortRX,$UCSBladePortTX} by {ucsbladeportrx,ucsbladeporttx}",
            "style": {
              "line_width": "normal",
              "palette": "dog_classic",
              "line_type": "solid"
            },
            "display_type": "line"
          }
        ],
        "type": "timeseries"
      },
      "layout": {
        "y": 126,
        "x": 48,
        "height": 15,
        "width": 47
      },
      "id": 8442733964760165
    },
    {
      "definition": {
        "custom_links": [],
        "title_size": "16",
        "title": "UCS Jumbo Packets",
        "title_align": "left",
        "requests": [
          {
            "q": "avg:snmp.cisco.ucs.rxJumboPackets{$Host,$Hardware,$IP,$UCSBladePortRX,$UCSBladePortTX} by {ucsbladeportrx,ucsbladeporttx}",
            "style": {
              "line_width": "normal",
              "palette": "dog_classic",
              "line_type": "solid"
            },
            "display_type": "line"
          },
          {
            "q": "avg:snmp.cisco.ucs.txJumboPackets{$Host,$Hardware,$IP,$UCSBladePortRX,$UCSBladePortTX} by {ucsbladeportrx,ucsbladeporttx}",
            "style": {
              "line_width": "normal",
              "palette": "dog_classic",
              "line_type": "solid"
            },
            "display_type": "line"
          }
        ],
        "type": "timeseries"
      },
      "layout": {
        "y": 126,
        "x": 96,
        "height": 15,
        "width": 47
      },
      "id": 5519881451037223
    },
    {
      "definition": {
        "custom_links": [],
        "title_size": "16",
        "title": "UCS Unicast Packets",
        "title_align": "left",
        "requests": [
          {
            "q": "avg:snmp.cisco.ucs.rxUnicastPackets{$Host,$Hardware,$IP,$UCSBladePortRX,$UCSBladePortTX} by {ucsbladeportrx,ucsbladeporttx}",
            "style": {
              "line_width": "normal",
              "palette": "dog_classic",
              "line_type": "solid"
            },
            "display_type": "line"
          },
          {
            "q": "avg:snmp.cisco.ucs.txUnicastPackets{$Host,$Hardware,$IP,$UCSBladePortRX,$UCSBladePortTX} by {ucsbladeportrx,ucsbladeporttx}",
            "style": {
              "line_width": "normal",
              "palette": "dog_classic",
              "line_type": "solid"
            },
            "display_type": "line"
          }
        ],
        "type": "timeseries"
      },
      "layout": {
        "y": 142,
        "x": 0,
        "height": 15,
        "width": 47
      },
      "id": 1350714149847533
    },
    {
      "definition": {
        "custom_links": [],
        "title_size": "16",
        "title": "UCS Total Bytes",
        "title_align": "left",
        "requests": [
          {
            "q": "avg:snmp.cisco.ucs.txTotalBytes{$Host,$Hardware,$IP,$UCSBladePortRX,$UCSBladePortTX} by {ucsbladeportrx,ucsbladeporttx}",
            "style": {
              "line_width": "normal",
              "palette": "dog_classic",
              "line_type": "solid"
            },
            "display_type": "line"
          },
          {
            "q": "avg:snmp.cisco.ucs.rxTotalBytes{$Host,$Hardware,$IP,$UCSBladePortRX,$UCSBladePortTX} by {ucsbladeportrx,ucsbladeporttx}",
            "style": {
              "line_width": "normal",
              "palette": "dog_classic",
              "line_type": "solid"
            },
            "display_type": "line"
          }
        ],
        "type": "timeseries"
      },
      "layout": {
        "y": 142,
        "x": 48,
        "height": 15,
        "width": 47
      },
      "id": 1280262522297467
    },
    {
      "definition": {
        "custom_links": [],
        "title_size": "16",
        "title": "Top 10 Ports (RX)",
        "title_align": "left",
        "requests": [
          {
            "q": "top(avg:snmp.cisco.ucs.rxTotalBytes{$UCSBladePortRX} by {ucsbladeporttx}, 10, 'mean', 'desc')",
            "style": {
              "palette": "dog_classic"
            }
          }
        ],
        "type": "toplist"
      },
      "layout": {
        "y": 142,
        "x": 96,
        "height": 15,
        "width": 47
      },
      "id": 1638769706987719
    },
    {
      "definition": {
        "custom_links": [],
        "title_size": "16",
        "title": "Top 10 Ports (TX)",
        "title_align": "left",
        "requests": [
          {
            "q": "top(avg:snmp.cisco.ucs.txTotalBytes{$UCSBladePortTX} by {ucsbladeportrx}, 10, 'mean', 'desc')",
            "style": {
              "palette": "dog_classic"
            }
          }
        ],
        "type": "toplist"
      },
      "layout": {
        "y": 159,
        "x": 0,
        "height": 15,
        "width": 47
      },
      "id": 6629658946196878
    },
    {
      "definition": {
        "custom_links": [],
        "title_size": "16",
        "title": "Local Interfaces",
        "title_align": "left",
        "requests": [
          {
            "q": "avg:snmp.cisco.ucs.rxTotalBytes{$Host,$Hardware,$IP} by {ucsbladeporttx}",
            "aggregator": "avg",
            "limit": 100,
            "order": "desc",
            "alias": "RX Total Byles"
          }
        ],
        "type": "query_table"
      },
      "layout": {
        "y": 159,
        "x": 48,
        "height": 15,
        "width": 47
      },
      "id": 5931492467363579
    },
    {
      "definition": {
        "custom_links": [],
        "title_size": "16",
        "title": "Blade Power Supply Status",
        "title_align": "left",
        "requests": [
          {
            "q": "avg:snmp.cisco.ucs.psuOperationState{$Host,$Hardware,$IP} by {ucspsu,ucspsuserial}",
            "style": {
              "line_width": "normal",
              "palette": "dog_classic",
              "line_type": "solid"
            },
            "display_type": "line"
          }
        ],
        "type": "timeseries"
      },
      "layout": {
        "y": 185,
        "x": 0,
        "height": 15,
        "width": 47
      },
      "id": 4373979753949679
    },
    {
      "definition": {
        "custom_links": [],
        "title_size": "16",
        "title": "UCS Power Supply Thermal",
        "title_align": "left",
        "requests": [
          {
            "q": "avg:snmp.cisco.ucs.psuThermal{$Host,$Hardware,$IP,$UCSPSU} by {ucspsu,ucspsuserial}",
            "style": {
              "line_width": "normal",
              "palette": "dog_classic",
              "line_type": "solid"
            },
            "display_type": "line"
          }
        ],
        "type": "timeseries"
      },
      "layout": {
        "y": 185,
        "x": 48,
        "height": 15,
        "width": 47
      },
      "id": 7496172486852251
    },
    {
      "definition": {
        "custom_links": [],
        "title_size": "16",
        "title": "Local Storage",
        "title_align": "left",
        "requests": [
          {
            "q": "avg:snmp.cisco.ucs.storageSize{$Host,$Hardware,$IP,$UCSSPartitionName} by {ucslocalstoragename}",
            "style": {
              "line_width": "normal",
              "palette": "dog_classic",
              "line_type": "solid"
            },
            "display_type": "area"
          },
          {
            "q": "avg:snmp.cisco.ucs.storageUsed{$Host,$Hardware,$IP,$UCSSPartitionName} by {ucslocalstoragename}",
            "style": {
              "line_width": "normal",
              "palette": "dog_classic",
              "line_type": "solid"
            },
            "display_type": "line"
          }
        ],
        "type": "timeseries"
      },
      "layout": {
        "y": 211,
        "x": -1,
        "height": 15,
        "width": 47
      },
      "id": 2226436933169752
    },
    {
      "definition": {
        "custom_links": [],
        "title_size": "16",
        "title": "Disk States",
        "title_align": "left",
        "markers": [
          {
            "display_type": "ok dashed",
            "value": "y = 1",
            "label": "\u00a0Online\u00a0"
          },
          {
            "display_type": "error dashed",
            "value": "y = 0",
            "label": "\u00a0Offline\u00a0"
          },
          {
            "display_type": "ok dashed",
            "value": "y = 10",
            "label": "\u00a0Present\u00a0"
          },
          {
            "display_type": "error dashed",
            "value": "y = 11",
            "label": "\u00a0Not Present\u00a0"
          }
        ],
        "requests": [
          {
            "q": "avg:snmp.cisco.ucs.diskOperstate{$Host,$Hardware,$IP,$UCSDiskName} by {ucsdiskname}",
            "style": {
              "line_width": "normal",
              "palette": "dog_classic",
              "line_type": "solid"
            },
            "display_type": "line"
          },
          {
            "q": "avg:snmp.cisco.ucs.diskPresence{$Host,$Hardware,$IP,$UCSDiskName} by {ucsdiskname}",
            "style": {
              "line_width": "normal",
              "palette": "dog_classic",
              "line_type": "solid"
            },
            "display_type": "line"
          }
        ],
        "type": "timeseries"
      },
      "layout": {
        "y": 211,
        "x": 48,
        "height": 15,
        "width": 47
      },
      "id": 2481530151685638
    },
    {
      "definition": {
        "custom_links": [],
        "title_size": "16",
        "title": "Storage vSAN Members",
        "title_align": "left",
        "requests": [
          {
            "q": "avg:snmp.cisco.ucs.vsanMemberstatus{$Host,$Hardware,$IP} by {ucsvsan}",
            "style": {
              "line_width": "normal",
              "palette": "dog_classic",
              "line_type": "solid"
            },
            "display_type": "line"
          }
        ],
        "type": "timeseries"
      },
      "layout": {
        "y": 211,
        "x": 96,
        "height": 15,
        "width": 47
      },
      "id": 1769685737149882
    },
    {
      "definition": {
        "custom_links": [],
        "title_size": "16",
        "title": "Storage Usage",
        "title_align": "left",
        "requests": [
          {
            "q": "avg:snmp.cisco.ucs.storageUsed{*} by {ucslocalstoragename}",
            "aggregator": "avg",
            "limit": 10,
            "order": "desc",
            "alias": "Storage Usage"
          }
        ],
        "type": "query_table"
      },
      "layout": {
        "y": 227,
        "x": 0,
        "height": 15,
        "width": 47
      },
      "id": 8399736271112513
    },
    {
      "definition": {
        "custom_links": [],
        "title_size": "16",
        "title": "vSAN Members",
        "title_align": "left",
        "requests": [
          {
            "q": "avg:snmp.cisco.ucs.vsanMemberstatus{$Host,$Hardware,$IP} by {ucsvsan}",
            "aggregator": "avg",
            "limit": 50,
            "order": "desc",
            "alias": "vSAN Members"
          }
        ],
        "type": "query_table"
      },
      "layout": {
        "y": 227,
        "x": 48,
        "height": 15,
        "width": 47
      },
      "id": 8983450959511269
    },
    {
      "definition": {
        "custom_links": [],
        "title_size": "16",
        "title": "UCS Temp Sensors (Front)",
        "title_align": "left",
        "requests": [
          {
            "q": "avg:snmp.cisco.ucs.tempStatsAvg{$Hardware,$IP,$Host,$UCSTemp} by {ucsbladetemp}",
            "style": {
              "line_width": "normal",
              "palette": "dog_classic",
              "line_type": "solid"
            },
            "display_type": "line"
          }
        ],
        "type": "timeseries"
      },
      "layout": {
        "y": 253,
        "x": -1,
        "height": 15,
        "width": 47
      },
      "id": 5066711421487114
    },
    {
      "definition": {
        "custom_links": [],
        "title_size": "16",
        "title": "UCS Temp Sensors (Rear)",
        "title_align": "left",
        "requests": [
          {
            "q": "avg:snmp.cisco.ucs.tempStatsRearAvg{$IP,$Hardware,$Host,$UCSTemp} by {ucsbladetemp}",
            "style": {
              "line_width": "normal",
              "palette": "dog_classic",
              "line_type": "solid"
            },
            "display_type": "line"
          }
        ],
        "type": "timeseries"
      },
      "layout": {
        "y": 253,
        "x": 48,
        "height": 15,
        "width": 47
      },
      "id": 7793449394396921
    },
    {
      "definition": {
        "tick_pos": "50%",
        "show_tick": true,
        "type": "note",
        "tick_edge": "bottom",
        "text_align": "center",
        "content": "Temp Sensors",
        "font_size": "24",
        "background_color": "white"
      },
      "layout": {
        "y": 244,
        "x": 13,
        "height": 7,
        "width": 120
      },
      "id": 2826442001839522
    },
    {
      "definition": {
        "tick_pos": "50%",
        "show_tick": true,
        "type": "note",
        "tick_edge": "bottom",
        "text_align": "center",
        "content": "Local Storage",
        "font_size": "24",
        "background_color": "white"
      },
      "layout": {
        "y": 202,
        "x": 13,
        "height": 7,
        "width": 120
      },
      "id": 1449750727002888
    },
    {
      "definition": {
        "tick_pos": "50%",
        "show_tick": true,
        "type": "note",
        "tick_edge": "bottom",
        "text_align": "center",
        "content": "Chassis Power Supply",
        "font_size": "24",
        "background_color": "white"
      },
      "layout": {
        "y": 176,
        "x": 13,
        "height": 7,
        "width": 120
      },
      "id": 619688335951746
    },
    {
      "definition": {
        "tick_pos": "50%",
        "show_tick": true,
        "type": "note",
        "tick_edge": "bottom",
        "text_align": "center",
        "content": "Chassis Network",
        "font_size": "24",
        "background_color": "white"
      },
      "layout": {
        "y": 117,
        "x": 13,
        "height": 7,
        "width": 120
      },
      "id": 4252514549623268
    },
    {
      "definition": {
        "tick_pos": "50%",
        "show_tick": true,
        "type": "note",
        "tick_edge": "bottom",
        "text_align": "center",
        "content": "Blade CPUs",
        "font_size": "24",
        "background_color": "white"
      },
      "layout": {
        "y": 75,
        "x": 13,
        "height": 7,
        "width": 120
      },
      "id": 5950346175506328
    },
    {
      "definition": {
        "tick_pos": "50%",
        "show_tick": true,
        "type": "note",
        "tick_edge": "bottom",
        "text_align": "center",
        "content": "Blades",
        "font_size": "24",
        "background_color": "white"
      },
      "layout": {
        "y": 33,
        "x": 13,
        "height": 7,
        "width": 120
      },
      "id": 3670868777229488
    }
  ],
  "layout_type": "free"
}