{
  "notify_list": [],
  "description": "",
  "restricted_roles": [],
  "template_variables": [
    {
      "default": "*",
      "prefix": "interface",
      "name": "interface"
    },
    {
      "default": "*",
      "prefix": "host",
      "name": "Host"
    },
    {
      "default": "*",
      "prefix": "snmp_profile",
      "name": "SNMP_Profile"
    },
    {
      "default": "*",
      "prefix": "snmp_device",
      "name": "IP"
    },
    {
      "default": "*",
      "prefix": "interfacedescription",
      "name": "InterfaceDescription"
    },
    {
      "default": "*",
      "prefix": "snmp_host",
      "name": "Sysname"
    }
  ],
  "is_read_only": false,
  "title": "Fortinet Fortigate Dashboard",
  "widgets": [
    {
      "definition": {
        "custom_links": [],
        "title_size": "16",
        "title": "CPU Usage (%)",
        "title_align": "left",
        "custom_unit": "%",
        "precision": 2,
        "autoscale": true,
        "requests": [
          {
            "q": "max:snmp.CPU.Utilization{$Host,$SNMP_Profile,$IP}",
            "aggregator": "last",
            "conditional_formats": [
              {
                "palette": "white_on_green",
                "value": 70,
                "comparator": "<="
              },
              {
                "palette": "white_on_yellow",
                "value": 80,
                "comparator": "<="
              },
              {
                "palette": "white_on_red",
                "value": 80,
                "comparator": ">"
              }
            ]
          }
        ],
        "type": "query_value"
      },
      "layout": {
        "y": 0,
        "x": 0,
        "height": 15,
        "width": 47
      },
      "id": 5392235651865727
    },
    {
      "definition": {
        "custom_links": [],
        "title_size": "16",
        "title": "Maximum Memory Usage (%)",
        "title_align": "left",
        "custom_unit": "%",
        "precision": 2,
        "autoscale": true,
        "requests": [
          {
            "q": "max:snmp.Memory.Utilization{$Host,$SNMP_Profile,$IP}",
            "aggregator": "last",
            "conditional_formats": [
              {
                "palette": "white_on_green",
                "value": 70,
                "comparator": "<="
              },
              {
                "palette": "white_on_yellow",
                "value": 85,
                "comparator": "<="
              },
              {
                "palette": "white_on_red",
                "value": 85,
                "comparator": ">"
              }
            ]
          }
        ],
        "type": "query_value"
      },
      "layout": {
        "y": 0,
        "x": 48,
        "height": 15,
        "width": 47
      },
      "id": 7955855085326777
    },
    {
      "definition": {
        "custom_links": [],
        "title_size": "16",
        "title": "Kernel Memory Usage (%)",
        "title_align": "left",
        "custom_unit": "%",
        "precision": 2,
        "autoscale": true,
        "requests": [
          {
            "q": "max:snmp.Memory.Kernel{$Host,$SNMP_Profile,$IP}",
            "aggregator": "last",
            "conditional_formats": [
              {
                "palette": "white_on_green",
                "value": 70,
                "comparator": "<="
              },
              {
                "palette": "white_on_yellow",
                "value": 80,
                "comparator": "<="
              },
              {
                "palette": "white_on_red",
                "value": 85,
                "comparator": ">"
              }
            ]
          }
        ],
        "type": "query_value"
      },
      "layout": {
        "y": -1,
        "x": 96,
        "height": 15,
        "width": 47
      },
      "id": 5636987291699824
    },
    {
      "definition": {
        "custom_links": [],
        "title_size": "16",
        "title": "Average Number of Sessions",
        "title_align": "left",
        "custom_unit": "",
        "precision": 2,
        "autoscale": true,
        "requests": [
          {
            "q": "max:snmp.Session.Count{$Host,$SNMP_Profile,$IP}",
            "aggregator": "last"
          }
        ],
        "type": "query_value"
      },
      "layout": {
        "y": 16,
        "x": 48,
        "height": 15,
        "width": 47
      },
      "id": 5983389547402941
    },
    {
      "definition": {
        "custom_links": [],
        "title_size": "16",
        "title": "HTTP and HTTPS Requests Blocked",
        "title_align": "left",
        "yaxis": {
          "max": "auto",
          "include_zero": true,
          "scale": "linear",
          "min": "auto",
          "label": ""
        },
        "show_legend": false,
        "requests": [
          {
            "q": "avg:snmp.Http.Requests.Blocked{$Host,$SNMP_Profile,$IP}",
            "style": {
              "line_width": "normal",
              "palette": "dog_classic",
              "line_type": "solid"
            },
            "display_type": "line"
          },
          {
            "q": "avg:snmp.Https.Requests.Blocked{$Host,$SNMP_Profile,$IP}",
            "style": {
              "line_width": "normal",
              "palette": "dog_classic",
              "line_type": "solid"
            },
            "display_type": "line"
          }
        ],
        "type": "timeseries"
      },
      "layout": {
        "y": 41,
        "x": 0,
        "height": 15,
        "width": 47
      },
      "id": 8112479755376638
    },
    {
      "definition": {
        "custom_links": [],
        "title_size": "16",
        "title": "HTTP and HTTPS Sessions Blocked",
        "title_align": "left",
        "yaxis": {
          "max": "auto",
          "include_zero": true,
          "scale": "linear",
          "min": "auto",
          "label": ""
        },
        "show_legend": false,
        "requests": [
          {
            "q": "avg:snmp.Http.Sessions.Blocked{$Host,$SNMP_Profile,$IP}",
            "style": {
              "line_width": "normal",
              "palette": "dog_classic",
              "line_type": "solid"
            },
            "display_type": "line"
          },
          {
            "q": "avg:snmp.Https.Sessions.Blocked{$Host,$SNMP_Profile,$IP}",
            "style": {
              "line_width": "normal",
              "palette": "dog_classic",
              "line_type": "solid"
            },
            "display_type": "line"
          }
        ],
        "type": "timeseries"
      },
      "layout": {
        "y": 41,
        "x": 48,
        "height": 15,
        "width": 47
      },
      "id": 6565147213322571
    },
    {
      "definition": {
        "custom_links": [],
        "title_size": "16",
        "title": "HTTP and HTTPS Urls Blocked",
        "title_align": "left",
        "yaxis": {
          "max": "auto",
          "include_zero": true,
          "scale": "linear",
          "min": "auto",
          "label": ""
        },
        "show_legend": false,
        "requests": [
          {
            "q": "avg:snmp.Http.Url.Blocked{$Host,$SNMP_Profile,$IP}",
            "style": {
              "line_width": "normal",
              "palette": "dog_classic",
              "line_type": "solid"
            },
            "display_type": "line"
          },
          {
            "q": "avg:snmp.Https.Url.Blocked{$Host,$SNMP_Profile,$IP}",
            "style": {
              "line_width": "normal",
              "palette": "dog_classic",
              "line_type": "solid"
            },
            "display_type": "line"
          }
        ],
        "type": "timeseries"
      },
      "layout": {
        "y": 41,
        "x": 96,
        "height": 15,
        "width": 47
      },
      "id": 2041765633287330
    },
    {
      "definition": {
        "custom_links": [],
        "title_size": "16",
        "title": "Blocked and Detected Intrusions",
        "title_align": "left",
        "yaxis": {
          "max": "auto",
          "include_zero": true,
          "scale": "linear",
          "min": "auto",
          "label": ""
        },
        "show_legend": false,
        "requests": [
          {
            "q": "avg:snmp.Intrusions.Blocked{$Host,$SNMP_Profile,$IP}",
            "style": {
              "line_width": "normal",
              "palette": "dog_classic",
              "line_type": "solid"
            },
            "display_type": "line"
          },
          {
            "q": "avg:snmp.Intrusions.Detected{$Host,$SNMP_Profile,$IP}",
            "style": {
              "line_width": "normal",
              "palette": "dog_classic",
              "line_type": "solid"
            },
            "display_type": "line"
          }
        ],
        "type": "timeseries"
      },
      "layout": {
        "y": 66,
        "x": 0,
        "height": 15,
        "width": 47
      },
      "id": 4577395073284649
    },
    {
      "definition": {
        "custom_links": [],
        "title_size": "16",
        "title": "Blocked and Detected Oversize",
        "title_align": "left",
        "yaxis": {
          "max": "auto",
          "include_zero": true,
          "scale": "linear",
          "min": "auto",
          "label": ""
        },
        "show_legend": false,
        "requests": [
          {
            "q": "avg:snmp.Oversize.Blocked{$Host,$SNMP_Profile,$IP}",
            "style": {
              "line_width": "normal",
              "palette": "dog_classic",
              "line_type": "solid"
            },
            "display_type": "line"
          },
          {
            "q": "avg:snmp.Oversize.Detected{$Host,$SNMP_Profile,$IP}",
            "style": {
              "line_width": "normal",
              "palette": "dog_classic",
              "line_type": "solid"
            },
            "display_type": "line"
          }
        ],
        "type": "timeseries"
      },
      "layout": {
        "y": 66,
        "x": 48,
        "height": 15,
        "width": 47
      },
      "id": 8342407016168709
    },
    {
      "definition": {
        "title_size": "16",
        "title": "Blocked and Detected Viruses",
        "title_align": "left",
        "yaxis": {
          "max": "auto",
          "include_zero": true,
          "scale": "linear",
          "min": "auto",
          "label": ""
        },
        "show_legend": false,
        "time": {},
        "requests": [
          {
            "q": "avg:snmp.Virus.Blocked{$SNMP_Profile,$Host,$IP}",
            "style": {
              "line_width": "normal",
              "palette": "dog_classic",
              "line_type": "solid"
            },
            "display_type": "line"
          },
          {
            "q": "avg:snmp.Virus.Detected{$SNMP_Profile,$Host,$IP}",
            "style": {
              "line_width": "normal",
              "palette": "dog_classic",
              "line_type": "solid"
            },
            "display_type": "line"
          }
        ],
        "type": "timeseries"
      },
      "layout": {
        "y": 66,
        "x": 96,
        "height": 15,
        "width": 47
      },
      "id": 175505741304059
    },
    {
      "definition": {
        "custom_links": [],
        "title_size": "16",
        "title": "Memory Percentage",
        "title_align": "left",
        "custom_unit": "%",
        "precision": 2,
        "autoscale": true,
        "requests": [
          {
            "q": "max:snmp.Module.Memory.Utilization{$Host,$SNMP_Profile,$IP}",
            "aggregator": "last",
            "conditional_formats": [
              {
                "palette": "white_on_green",
                "value": 70,
                "comparator": "<="
              },
              {
                "palette": "white_on_yellow",
                "value": 80,
                "comparator": "<="
              },
              {
                "palette": "white_on_red",
                "value": 85,
                "comparator": ">"
              }
            ]
          }
        ],
        "type": "query_value"
      },
      "layout": {
        "y": 91,
        "x": -2,
        "height": 15,
        "width": 47
      },
      "id": 5233321760158259
    },
    {
      "definition": {
        "title_size": "16",
        "title": "Sessions",
        "title_align": "left",
        "precision": 2,
        "time": {},
        "autoscale": true,
        "requests": [
          {
            "q": "max:snmp.Module.Sessions{$Host,$SNMP_Profile,$IP}",
            "aggregator": "last"
          }
        ],
        "type": "query_value"
      },
      "layout": {
        "y": 91,
        "x": 48,
        "height": 15,
        "width": 47
      },
      "id": 1216689966437674
    },
    {
      "definition": {
        "custom_links": [],
        "title_size": "16",
        "title": "Sessions",
        "title_align": "left",
        "yaxis": {
          "max": "auto",
          "include_zero": true,
          "scale": "linear",
          "min": "auto",
          "label": ""
        },
        "show_legend": false,
        "requests": [
          {
            "q": "avg:snmp.Module.Sessions{*} by {module}",
            "style": {
              "line_width": "normal",
              "palette": "dog_classic",
              "line_type": "solid"
            },
            "display_type": "line"
          }
        ],
        "type": "timeseries"
      },
      "layout": {
        "y": 91,
        "x": 96,
        "height": 15,
        "width": 47
      },
      "id": 8780595705476478
    },
    {
      "definition": {
        "custom_links": [],
        "title_size": "16",
        "title": "Security Associations",
        "title_align": "left",
        "precision": 2,
        "autoscale": true,
        "requests": [
          {
            "q": "max:snmp.Module.SecurityAssociations{$Host,$SNMP_Profile,$IP}",
            "aggregator": "last"
          }
        ],
        "type": "query_value"
      },
      "layout": {
        "y": 107,
        "x": 0,
        "height": 15,
        "width": 47
      },
      "id": 4473938650245247
    },
    {
      "definition": {
        "custom_links": [],
        "title_size": "16",
        "title": "Interface Admin Status",
        "title_align": "left",
        "precision": 2,
        "autoscale": true,
        "requests": [
          {
            "q": "max:snmp.ifAdminStatus{$Host,$SNMP_Profile,$IP,$interface,$InterfaceDescription}",
            "aggregator": "last",
            "conditional_formats": [
              {
                "palette": "white_on_red",
                "value": 2,
                "comparator": ">="
              },
              {
                "palette": "white_on_green",
                "value": 1,
                "comparator": ">="
              }
            ]
          }
        ],
        "type": "query_value"
      },
      "layout": {
        "y": 132,
        "x": 0,
        "height": 15,
        "width": 47
      },
      "id": 1764748484033744
    },
    {
      "definition": {
        "custom_links": [],
        "title_size": "16",
        "title": "Bytes In & Bytes Out",
        "title_align": "left",
        "yaxis": {
          "max": "auto",
          "include_zero": true,
          "scale": "linear",
          "min": "auto",
          "label": ""
        },
        "show_legend": false,
        "requests": [
          {
            "q": "avg:snmp.ifHCInOctets{$Host,$SNMP_Profile,$IP,$interface,$InterfaceDescription}.as_count()",
            "style": {
              "line_width": "normal",
              "palette": "dog_classic",
              "line_type": "solid"
            },
            "display_type": "line"
          },
          {
            "q": "avg:snmp.ifHCOutOctets{$Host,$SNMP_Profile,$IP,$interface,$InterfaceDescription}.as_count()",
            "style": {
              "line_width": "normal",
              "palette": "dog_classic",
              "line_type": "solid"
            },
            "display_type": "line"
          }
        ],
        "type": "timeseries"
      },
      "layout": {
        "y": 132,
        "x": 48,
        "height": 15,
        "width": 47
      },
      "id": 1659615915632827
    },
    {
      "definition": {
        "custom_links": [],
        "title_size": "16",
        "title": "In & Out Broadcast Packets",
        "title_align": "left",
        "yaxis": {
          "max": "auto",
          "include_zero": true,
          "scale": "linear",
          "min": "auto",
          "label": ""
        },
        "show_legend": false,
        "requests": [
          {
            "q": "avg:snmp.ifHCInBroadcastPkts{$Host,$SNMP_Profile,$IP,$interface,$InterfaceDescription}.as_count()",
            "style": {
              "line_width": "normal",
              "palette": "dog_classic",
              "line_type": "solid"
            },
            "display_type": "line"
          },
          {
            "q": "avg:snmp.ifHCOutBroadcastPkts{$Host,$SNMP_Profile,$IP,$interface,$InterfaceDescription}.as_count()",
            "style": {
              "line_width": "normal",
              "palette": "dog_classic",
              "line_type": "solid"
            },
            "display_type": "line"
          }
        ],
        "type": "timeseries"
      },
      "layout": {
        "y": 132,
        "x": 96,
        "height": 15,
        "width": 47
      },
      "id": 3482828433625687
    },
    {
      "definition": {
        "custom_links": [],
        "title_size": "16",
        "title": "In & Out Unicast Packets",
        "title_align": "left",
        "yaxis": {
          "max": "auto",
          "include_zero": true,
          "scale": "linear",
          "min": "auto",
          "label": ""
        },
        "show_legend": false,
        "requests": [
          {
            "q": "avg:snmp.ifHCInUcastPkts{$Host,$SNMP_Profile,$interface,$IP,$InterfaceDescription}.as_count()",
            "style": {
              "line_width": "normal",
              "palette": "dog_classic",
              "line_type": "solid"
            },
            "display_type": "line"
          },
          {
            "q": "avg:snmp.Interface.OutUnicastPkts{$Host,$SNMP_Profile,$interface,$IP,$InterfaceDescription}.as_count()",
            "style": {
              "line_width": "normal",
              "palette": "dog_classic",
              "line_type": "solid"
            },
            "display_type": "line"
          }
        ],
        "type": "timeseries"
      },
      "layout": {
        "y": 148,
        "x": 0,
        "height": 15,
        "width": 47
      },
      "id": 6610324937463402
    },
    {
      "definition": {
        "custom_links": [],
        "title_size": "16",
        "title": "In & Out MultiCastPkts",
        "title_align": "left",
        "yaxis": {
          "max": "auto",
          "include_zero": true,
          "scale": "linear",
          "min": "auto",
          "label": ""
        },
        "show_legend": false,
        "requests": [
          {
            "q": "avg:snmp.ifHCInMulticastPkts{$Host,$SNMP_Profile,$IP,$interface,$InterfaceDescription}.as_count()",
            "style": {
              "line_width": "normal",
              "palette": "dog_classic",
              "line_type": "solid"
            },
            "display_type": "line"
          },
          {
            "q": "avg:snmp.ifHCOutMulticastPkts{$Host,$SNMP_Profile,$IP,$interface,$InterfaceDescription}.as_count()",
            "style": {
              "line_width": "normal",
              "palette": "dog_classic",
              "line_type": "solid"
            },
            "display_type": "line"
          }
        ],
        "type": "timeseries"
      },
      "layout": {
        "y": 148,
        "x": 48,
        "height": 15,
        "width": 47
      },
      "id": 105499982071899
    },
    {
      "definition": {
        "custom_links": [],
        "title_size": "16",
        "title": "In & Out Errors",
        "title_align": "left",
        "yaxis": {
          "max": "auto",
          "include_zero": true,
          "scale": "linear",
          "min": "auto",
          "label": ""
        },
        "show_legend": false,
        "requests": [
          {
            "q": "avg:snmp.ifInErrors{$interface,$Host,$SNMP_Profile,$IP,$InterfaceDescription} by {interface}.as_count()",
            "style": {
              "line_width": "normal",
              "palette": "dog_classic",
              "line_type": "solid"
            },
            "display_type": "area"
          },
          {
            "q": "avg:snmp.ifOutErrors{$interface,$Host,$SNMP_Profile,$IP,$InterfaceDescription} by {interface}.as_count()",
            "style": {
              "line_width": "normal",
              "palette": "dog_classic",
              "line_type": "solid"
            },
            "display_type": "line"
          }
        ],
        "type": "timeseries"
      },
      "layout": {
        "y": 148,
        "x": 96,
        "height": 15,
        "width": 47
      },
      "id": 1963632511072836
    },
    {
      "definition": {
        "custom_links": [],
        "title_size": "16",
        "title": "Interface Operation Status",
        "title_align": "left",
        "precision": 2,
        "autoscale": true,
        "requests": [
          {
            "q": "max:snmp.ifOperStatus{$Host,$SNMP_Profile,$IP,$interface,$InterfaceDescription}",
            "aggregator": "last",
            "conditional_formats": [
              {
                "palette": "white_on_red",
                "value": 2,
                "comparator": ">="
              },
              {
                "palette": "white_on_green",
                "value": 1,
                "comparator": ">="
              }
            ]
          }
        ],
        "type": "query_value"
      },
      "layout": {
        "y": 164,
        "x": 0,
        "height": 15,
        "width": 47
      },
      "id": 6289967516282875
    },
    {
      "definition": {
        "custom_links": [],
        "title_size": "16",
        "title": "Interface Speed",
        "title_align": "left",
        "custom_unit": "b/s",
        "precision": 2,
        "autoscale": true,
        "requests": [
          {
            "q": "max:snmp.ifHighSpeed{$interface,$Host,$SNMP_Profile,$IP,$InterfaceDescription}",
            "aggregator": "last"
          }
        ],
        "type": "query_value"
      },
      "layout": {
        "y": 164,
        "x": 48,
        "height": 15,
        "width": 47
      },
      "id": 1470891164607628
    },
    {
      "definition": {
        "custom_links": [],
        "title_size": "16",
        "title": "Local Interfaces",
        "title_align": "left",
        "requests": [
          {
            "q": "avg:snmp.ifAdminStatus{$Host,$SNMP_Profile,$IP} by {interface}",
            "aggregator": "last",
            "limit": 10,
            "order": "desc",
            "alias": "Admin Status"
          },
          {
            "q": "avg:snmp.ifOperStatus{$Host,$SNMP_Profile,$IP} by {interface}",
            "aggregator": "last",
            "alias": "Operation Status"
          },
          {
            "q": "avg:snmp.ifHighSpeed{$Host,$SNMP_Profile,$IP} by {interface}",
            "aggregator": "last",
            "alias": "Speed"
          }
        ],
        "type": "query_table"
      },
      "layout": {
        "y": 164,
        "x": 96,
        "height": 15,
        "width": 47
      },
      "id": 3007526439269853
    },
    {
      "definition": {
        "title_size": "16",
        "title": "CPU Utilization",
        "title_align": "left",
        "yaxis": {
          "max": "auto",
          "include_zero": true,
          "scale": "linear",
          "min": "auto",
          "label": ""
        },
        "show_legend": false,
        "time": {},
        "requests": [
          {
            "q": "avg:snmp.CPU.Utilization{$Host,$SNMP_Profile,$IP}",
            "style": {
              "line_width": "normal",
              "palette": "dog_classic",
              "line_type": "solid"
            },
            "display_type": "line"
          }
        ],
        "type": "timeseries"
      },
      "layout": {
        "y": 190,
        "x": -3,
        "height": 15,
        "width": 47
      },
      "id": 8894630516049878
    },
    {
      "definition": {
        "custom_links": [],
        "title_size": "16",
        "title": "Memory Usage (%)",
        "title_align": "left",
        "yaxis": {
          "max": "auto",
          "include_zero": true,
          "scale": "linear",
          "min": "auto",
          "label": ""
        },
        "show_legend": false,
        "requests": [
          {
            "q": "avg:snmp.Memory.Utilization{$Host,$SNMP_Profile,$IP}",
            "style": {
              "line_width": "normal",
              "palette": "dog_classic",
              "line_type": "solid"
            },
            "display_type": "line"
          }
        ],
        "type": "timeseries"
      },
      "layout": {
        "y": 190,
        "x": 48,
        "height": 15,
        "width": 47
      },
      "id": 218909934952352
    },
    {
      "definition": {
        "tick_pos": "50%",
        "show_tick": true,
        "type": "note",
        "tick_edge": "bottom",
        "text_align": "center",
        "content": "CPU & Memory",
        "font_size": "24",
        "background_color": "white"
      },
      "layout": {
        "y": 181,
        "x": 10,
        "height": 6,
        "width": 120
      },
      "id": 1880037059311694
    },
    {
      "definition": {
        "tick_pos": "50%",
        "show_tick": true,
        "type": "note",
        "tick_edge": "bottom",
        "text_align": "center",
        "content": "Interfaces",
        "font_size": "24",
        "background_color": "white"
      },
      "layout": {
        "y": 124,
        "x": 10,
        "height": 6,
        "width": 120
      },
      "id": 3119706005919496
    },
    {
      "definition": {
        "tick_pos": "50%",
        "show_tick": true,
        "type": "note",
        "tick_edge": "bottom",
        "text_align": "center",
        "content": "Modules",
        "font_size": "24",
        "background_color": "white"
      },
      "layout": {
        "y": 83,
        "x": 10,
        "height": 6,
        "width": 120
      },
      "id": 8750296631578396
    },
    {
      "definition": {
        "tick_pos": "50%",
        "show_tick": true,
        "type": "note",
        "tick_edge": "bottom",
        "text_align": "center",
        "content": "UTM",
        "font_size": "24",
        "background_color": "white"
      },
      "layout": {
        "y": 58,
        "x": 10,
        "height": 6,
        "width": 120
      },
      "id": 7647380777107572
    },
    {
      "definition": {
        "tick_pos": "50%",
        "show_tick": true,
        "type": "note",
        "tick_edge": "bottom",
        "text_align": "center",
        "content": "Web Filter",
        "font_size": "24",
        "background_color": "white"
      },
      "layout": {
        "y": 33,
        "x": 10,
        "height": 6,
        "width": 120
      },
      "id": 4471900026636934
    }
  ],
  "layout_type": "free"
}