{
  "notify_list": [],
  "description": "",
  "restricted_roles": [
    "98e01fcc-2a12-11e9-a54b-03f391a16a77"
  ],
  "template_variables": [
    {
      "default": "*",
      "prefix": "interfacedescription",
      "name": "InterfaceDescription"
    },
    {
      "default": "*",
      "prefix": "interface",
      "name": "Interface"
    },
    {
      "default": "*",
      "prefix": "host",
      "name": "Host"
    },
    {
      "default": "rd-paloalto-ngf",
      "prefix": "snmp_profile",
      "name": "SNMP_Profile"
    },
    {
      "default": "*",
      "prefix": "snmp_device",
      "name": "IP"
    },
    {
      "default": "*",
      "prefix": "disk",
      "name": "Disk"
    }
  ],
  "is_read_only": true,
  "title": "RapDev Palo Alto NextGen Firewall Dashboard",
  "widgets": [
    {
      "definition": {
        "custom_links": [],
        "title_size": "16",
        "title": "Total Active Sessions",
        "title_align": "left",
        "precision": 2,
        "requests": [
          {
            "q": "avg:snmp.Sessions.Total.Active{$Host,$SNMP_Profile,$IP}",
            "aggregator": "avg"
          }
        ],
        "type": "query_value"
      },
      "layout": {
        "y": 16,
        "x": 0,
        "height": 15,
        "width": 38
      },
      "id": 0
    },
    {
      "definition": {
        "custom_links": [],
        "title_size": "16",
        "title": "Disk Utilization",
        "title_align": "left",
        "custom_unit": "%",
        "precision": 2,
        "requests": [
          {
            "q": "avg:snmp.Disk.Used{$Host,$IP,$SNMP_Profile}.as_count()/avg:snmp.Disk.Size{$Host,$IP,$SNMP_Profile}.as_count()*100",
            "aggregator": "avg",
            "conditional_formats": [
              {
                "palette": "white_on_green",
                "value": 70,
                "comparator": "<"
              },
              {
                "palette": "white_on_yellow",
                "value": 85,
                "comparator": "<"
              },
              {
                "palette": "white_on_red",
                "value": 85,
                "comparator": ">="
              }
            ]
          }
        ],
        "type": "query_value"
      },
      "layout": {
        "y": 0,
        "x": 39,
        "height": 15,
        "width": 36
      },
      "id": 1
    },
    {
      "definition": {
        "custom_links": [],
        "title_size": "16",
        "title": "CPU Usage (%)",
        "title_align": "left",
        "custom_unit": "%",
        "precision": 2,
        "requests": [
          {
            "q": "avg:snmp.CPU.Mgmt.Utilization{$Host,$SNMP_Profile,$IP}",
            "aggregator": "avg",
            "conditional_formats": [
              {
                "palette": "white_on_green",
                "value": 70,
                "comparator": "<"
              },
              {
                "palette": "white_on_yellow",
                "value": 80,
                "comparator": "<"
              },
              {
                "palette": "white_on_red",
                "value": 80,
                "comparator": ">="
              }
            ]
          }
        ],
        "type": "query_value"
      },
      "layout": {
        "y": 0,
        "x": 0,
        "height": 15,
        "width": 38
      },
      "id": 2
    },
    {
      "definition": {
        "custom_links": [],
        "title_size": "16",
        "title": "System Up Time",
        "title_align": "left",
        "custom_unit": "Days",
        "precision": 2,
        "requests": [
          {
            "q": "avg:snmp.sysUpTimeInstance{$Host,$SNMP_Profile,$IP}/8640000",
            "aggregator": "avg"
          }
        ],
        "type": "query_value"
      },
      "layout": {
        "y": 0,
        "x": 76,
        "height": 15,
        "width": 41
      },
      "id": 3
    },
    {
      "definition": {
        "custom_links": [],
        "title_size": "16",
        "title": "Global Protect Sessions",
        "title_align": "left",
        "yaxis": {
          "max": "auto",
          "scale": "linear",
          "min": "auto",
          "label": ""
        },
        "show_legend": false,
        "requests": [
          {
            "q": "avg:snmp.Sessions.Tcp.Active{$Host,$SNMP_Profile,$IP} by {snmp_device}",
            "style": {
              "line_width": "normal",
              "palette": "dog_classic",
              "line_type": "solid"
            },
            "display_type": "line"
          },
          {
            "q": "avg:snmp.Sessions.Udp.Active{$Host,$SNMP_Profile,$IP} by {snmp_device}",
            "style": {
              "line_width": "normal",
              "palette": "dog_classic",
              "line_type": "solid"
            },
            "display_type": "line"
          },
          {
            "q": "avg:snmp.Sessions.Total.Active{$Host,$SNMP_Profile,$IP} by {snmp_device}",
            "style": {
              "line_width": "normal",
              "palette": "dog_classic",
              "line_type": "solid"
            },
            "display_type": "line"
          },
          {
            "q": "avg:snmp.Sessions.Icmp.Active{$Host,$SNMP_Profile,$IP} by {snmp_device}",
            "style": {
              "line_width": "normal",
              "palette": "dog_classic",
              "line_type": "solid"
            },
            "display_type": "line"
          }
        ],
        "type": "timeseries"
      },
      "layout": {
        "y": 39,
        "x": 0,
        "height": 15,
        "width": 38
      },
      "id": 4
    },
    {
      "definition": {
        "custom_links": [],
        "title_size": "16",
        "title": "GlobalProtect Gateway Utilization (%)",
        "title_align": "left",
        "yaxis": {
          "max": "auto",
          "scale": "linear",
          "min": "auto",
          "label": ""
        },
        "show_legend": true,
        "requests": [
          {
            "q": "avg:snmp.GPGateway.Utilization{$SNMP_Profile,$IP,$Host} by {snmp_device}",
            "style": {
              "line_width": "normal",
              "palette": "dog_classic",
              "line_type": "solid"
            },
            "display_type": "line"
          }
        ],
        "type": "timeseries"
      },
      "layout": {
        "y": 39,
        "x": 39,
        "height": 15,
        "width": 36
      },
      "id": 5
    },
    {
      "definition": {
        "custom_links": [],
        "title_size": "16",
        "title": "GlobalProtect Tunnel Stats",
        "title_align": "left",
        "yaxis": {
          "max": "auto",
          "scale": "linear",
          "min": "auto",
          "label": ""
        },
        "show_legend": false,
        "requests": [
          {
            "q": "avg:snmp.GPGateway.Utilization.MaxTunnels{$Host,$SNMP_Profile,$IP} by {snmp_device}",
            "style": {
              "line_width": "normal",
              "palette": "dog_classic",
              "line_type": "solid"
            },
            "display_type": "line"
          },
          {
            "q": "avg:snmp.GPGateway.Utilization.ActiveTunnels{$Host,$SNMP_Profile,$IP} by {snmp_device}",
            "style": {
              "line_width": "normal",
              "palette": "dog_classic",
              "line_type": "solid"
            },
            "display_type": "line"
          }
        ],
        "type": "timeseries"
      },
      "layout": {
        "y": 39,
        "x": 76,
        "height": 15,
        "width": 41
      },
      "id": 6
    },
    {
      "definition": {
        "custom_links": [],
        "title_size": "16",
        "title": "Tunnel Utilization %",
        "title_align": "left",
        "custom_unit": "%",
        "precision": 2,
        "requests": [
          {
            "q": "avg:snmp.GPGateway.Utilization.ActiveTunnels{$Host,$SNMP_Profile,$IP}/avg:snmp.GPGateway.Utilization.MaxTunnels{$Host,$SNMP_Profile,$IP}*100",
            "aggregator": "avg"
          }
        ],
        "type": "query_value"
      },
      "layout": {
        "y": 55,
        "x": 0,
        "height": 15,
        "width": 38
      },
      "id": 7
    },
    {
      "definition": {
        "custom_links": [],
        "title_size": "16",
        "title": "GlobalProtect Session Utilization",
        "title_align": "left",
        "yaxis": {
          "max": "auto",
          "scale": "linear",
          "min": "auto",
          "label": ""
        },
        "show_legend": false,
        "requests": [
          {
            "q": "avg:snmp.Session.Utilization{$Host,$SNMP_Profile,$IP} by {snmp_device}",
            "style": {
              "line_width": "normal",
              "palette": "dog_classic",
              "line_type": "solid"
            },
            "display_type": "line"
          }
        ],
        "type": "timeseries"
      },
      "layout": {
        "y": 55,
        "x": 39,
        "height": 15,
        "width": 36
      },
      "id": 8
    },
    {
      "definition": {
        "custom_links": [],
        "title_size": "16",
        "title": "Admin Status",
        "title_align": "left",
        "precision": 0,
        "requests": [
          {
            "q": "max:snmp.Interface.AdminStatus{$Host,$SNMP_Profile,$IP,$InterfaceDescription,$Interface}",
            "aggregator": "last",
            "conditional_formats": [
              {
                "palette": "white_on_red",
                "value": 2,
                "comparator": ">="
              },
              {
                "palette": "white_on_green",
                "value": 1,
                "comparator": ">="
              }
            ]
          }
        ],
        "type": "query_value"
      },
      "layout": {
        "y": 78,
        "x": 0,
        "height": 15,
        "width": 16
      },
      "id": 9
    },
    {
      "definition": {
        "custom_links": [],
        "title_size": "16",
        "title": "Bytes In & Bytes Out",
        "title_align": "left",
        "yaxis": {
          "include_zero": true,
          "max": "auto",
          "scale": "linear",
          "min": "auto",
          "label": ""
        },
        "show_legend": false,
        "requests": [
          {
            "q": "avg:snmp.Interface.InOctets.rate{$Host,$SNMP_Profile,$IP,$InterfaceDescription,$Interface} by {interface}",
            "style": {
              "line_width": "normal",
              "palette": "dog_classic",
              "line_type": "solid"
            },
            "display_type": "line"
          },
          {
            "q": "avg:snmp.Interface.OutOctets.rate{$Host,$SNMP_Profile,$IP,$InterfaceDescription,$Interface} by {interface}",
            "style": {
              "line_width": "normal",
              "palette": "dog_classic",
              "line_type": "solid"
            },
            "display_type": "line"
          }
        ],
        "type": "timeseries"
      },
      "layout": {
        "y": 78,
        "x": 48,
        "height": 15,
        "width": 36
      },
      "id": 10
    },
    {
      "definition": {
        "custom_links": [],
        "title_size": "16",
        "title": "In & Out Broadcasts",
        "title_align": "left",
        "yaxis": {
          "max": "auto",
          "scale": "linear",
          "min": "auto",
          "label": ""
        },
        "show_legend": false,
        "requests": [
          {
            "q": "avg:snmp.Interface.InBroadcastPkts{$Host,$SNMP_Profile,$InterfaceDescription,$Interface,$IP} by {interface}.as_count()",
            "style": {
              "line_width": "normal",
              "palette": "dog_classic",
              "line_type": "solid"
            },
            "display_type": "line"
          },
          {
            "q": "avg:snmp.Interface.OutBroadcastPkts{$Host,$SNMP_Profile,$InterfaceDescription,$Interface,$IP} by {interface}.as_count()",
            "style": {
              "line_width": "normal",
              "palette": "dog_classic",
              "line_type": "solid"
            },
            "display_type": "line"
          }
        ],
        "type": "timeseries"
      },
      "layout": {
        "y": 78,
        "x": 85,
        "height": 15,
        "width": 32
      },
      "id": 11
    },
    {
      "definition": {
        "custom_links": [],
        "title_size": "16",
        "title": "In & Out Unicast Packets",
        "title_align": "left",
        "yaxis": {
          "max": "auto",
          "scale": "linear",
          "min": "auto",
          "label": ""
        },
        "show_legend": false,
        "requests": [
          {
            "q": "avg:snmp.Interface.InUnicastPkts{$Host,$SNMP_Profile,$IP,$InterfaceDescription,$Interface} by {interface}.as_count()",
            "style": {
              "line_width": "normal",
              "palette": "dog_classic",
              "line_type": "solid"
            },
            "display_type": "line"
          },
          {
            "q": "avg:snmp.Interface.OutUnicastPkts{$Host,$SNMP_Profile,$IP,$InterfaceDescription,$Interface} by {interface}.as_count()",
            "style": {
              "line_width": "normal",
              "palette": "dog_classic",
              "line_type": "solid"
            },
            "display_type": "line"
          }
        ],
        "type": "timeseries"
      },
      "layout": {
        "y": 110,
        "x": 85,
        "height": 15,
        "width": 32
      },
      "id": 12
    },
    {
      "definition": {
        "custom_links": [],
        "title_size": "16",
        "title": "In & Out MultiCastPkts",
        "title_align": "left",
        "yaxis": {
          "max": "auto",
          "scale": "linear",
          "min": "auto",
          "label": ""
        },
        "show_legend": false,
        "requests": [
          {
            "q": "avg:snmp.Interface.InMulticastPkts{$Host,$SNMP_Profile,$IP,$InterfaceDescription,$Interface} by {interface}.as_count()",
            "style": {
              "line_width": "normal",
              "palette": "dog_classic",
              "line_type": "solid"
            },
            "display_type": "line"
          },
          {
            "q": "avg:snmp.Interface.OutMulticastPkts{$Host,$SNMP_Profile,$IP,$InterfaceDescription,$Interface} by {interface}.as_count()",
            "style": {
              "line_width": "normal",
              "palette": "dog_classic",
              "line_type": "solid"
            },
            "display_type": "line"
          }
        ],
        "type": "timeseries"
      },
      "layout": {
        "y": 94,
        "x": 48,
        "height": 15,
        "width": 36
      },
      "id": 13
    },
    {
      "definition": {
        "custom_links": [],
        "title_size": "16",
        "title": "In & Out Errors",
        "title_align": "left",
        "yaxis": {
          "max": "auto",
          "scale": "linear",
          "min": "auto",
          "label": ""
        },
        "show_legend": false,
        "requests": [
          {
            "q": "avg:snmp.Interface.InErrors{$InterfaceDescription,$Interface,$Host,$SNMP_Profile,$IP} by {interface}.as_count()",
            "style": {
              "line_width": "normal",
              "palette": "dog_classic",
              "line_type": "solid"
            },
            "display_type": "area"
          },
          {
            "q": "avg:snmp.Interface.OutErrors{$InterfaceDescription,$Interface,$Host,$SNMP_Profile,$IP} by {interface}.as_count()",
            "style": {
              "line_width": "normal",
              "palette": "dog_classic",
              "line_type": "solid"
            },
            "display_type": "line"
          }
        ],
        "type": "timeseries"
      },
      "layout": {
        "y": 94,
        "x": 85,
        "height": 15,
        "width": 32
      },
      "id": 14
    },
    {
      "definition": {
        "custom_links": [],
        "title_size": "16",
        "title": "Operation Status",
        "title_align": "left",
        "precision": 0,
        "requests": [
          {
            "q": "max:snmp.Interface.OperStatus{$Host,$SNMP_Profile,$InterfaceDescription,$IP,$Interface}",
            "aggregator": "last",
            "conditional_formats": [
              {
                "palette": "white_on_red",
                "value": 2,
                "comparator": ">="
              },
              {
                "palette": "white_on_green",
                "value": 1,
                "comparator": ">="
              }
            ]
          }
        ],
        "type": "query_value"
      },
      "layout": {
        "y": 78,
        "x": 17,
        "height": 15,
        "width": 15
      },
      "id": 15
    },
    {
      "definition": {
        "custom_links": [],
        "title_size": "16",
        "title": "Interface Speed",
        "title_align": "left",
        "custom_unit": "b/s",
        "precision": 2,
        "requests": [
          {
            "q": "max:snmp.Interface.Speed{$InterfaceDescription,$Interface,$Host,$SNMP_Profile,$IP}",
            "aggregator": "last"
          }
        ],
        "type": "query_value"
      },
      "layout": {
        "y": 78,
        "x": 33,
        "height": 15,
        "width": 14
      },
      "id": 16
    },
    {
      "definition": {
        "custom_links": [],
        "title_size": "16",
        "title": "Local Interfaces",
        "title_align": "left",
        "requests": [
          {
            "q": "avg:snmp.Interface.AdminStatus{$SNMP_Profile,$Host,$IP} by {interface,interfacedescription}",
            "aggregator": "last",
            "alias": "Admin Status"
          },
          {
            "q": "avg:snmp.Interface.OperStatus{$SNMP_Profile,$Host,$IP} by {interface,interfacedescription}",
            "aggregator": "last",
            "limit": 100,
            "order": "asc",
            "alias": "Oper Status"
          },
          {
            "q": "avg:snmp.Interface.Speed{$SNMP_Profile,$Host,$IP} by {interface,interfacedescription}",
            "aggregator": "last",
            "alias": "Speed"
          }
        ],
        "type": "query_table"
      },
      "layout": {
        "y": 110,
        "x": 48,
        "height": 15,
        "width": 36
      },
      "id": 17
    },
    {
      "definition": {
        "title_size": "16",
        "title": "% Utilization In",
        "title_align": "left",
        "custom_unit": "%",
        "precision": 2,
        "requests": [
          {
            "q": "avg:snmp.Interface.InOctets.rate{$InterfaceDescription,$Interface,$Host,$SNMP_Profile,$IP}/avg:snmp.Interface.Speed{$InterfaceDescription,$Interface,$Host,$SNMP_Profile,$IP}/10000",
            "aggregator": "avg"
          }
        ],
        "type": "query_value"
      },
      "layout": {
        "y": 94,
        "x": 0,
        "height": 15,
        "width": 23
      },
      "id": 18
    },
    {
      "definition": {
        "title_size": "16",
        "title": "% Utilization Out",
        "title_align": "left",
        "custom_unit": "%",
        "precision": 2,
        "requests": [
          {
            "q": "avg:snmp.Interface.OutOctets.rate{$InterfaceDescription,$Interface,$Host,$SNMP_Profile,$IP}/avg:snmp.Interface.Speed{$InterfaceDescription,$Interface,$Host,$SNMP_Profile,$IP}/10000",
            "aggregator": "avg"
          }
        ],
        "type": "query_value"
      },
      "layout": {
        "y": 94,
        "x": 24,
        "height": 15,
        "width": 23
      },
      "id": 19
    },
    {
      "definition": {
        "custom_links": [],
        "title_size": "16",
        "title": "Interface Utilization (%)",
        "title_align": "left",
        "yaxis": {
          "include_zero": true,
          "max": "auto",
          "scale": "linear",
          "min": "auto",
          "label": ""
        },
        "show_legend": false,
        "requests": [
          {
            "q": "avg:snmp.Interface.InOctets.rate{$InterfaceDescription,$Interface,$Host,$SNMP_Profile,$IP} by {interface}/avg:snmp.Interface.Speed{$InterfaceDescription,$Interface,$Host,$SNMP_Profile,$IP} by {interface}/10000",
            "style": {
              "line_width": "normal",
              "palette": "dog_classic",
              "line_type": "solid"
            },
            "display_type": "line"
          },
          {
            "q": "avg:snmp.Interface.OutOctets.rate{$InterfaceDescription,$Interface,$Host,$SNMP_Profile,$IP} by {interface}/avg:snmp.Interface.Speed{$InterfaceDescription,$Interface,$Host,$SNMP_Profile,$IP} by {interface}/10000",
            "style": {
              "line_width": "normal",
              "palette": "dog_classic",
              "line_type": "solid"
            },
            "display_type": "line"
          }
        ],
        "type": "timeseries"
      },
      "layout": {
        "y": 110,
        "x": 0,
        "height": 15,
        "width": 47
      },
      "id": 20
    },
    {
      "definition": {
        "custom_links": [],
        "title_size": "16",
        "title": "Mgmt CPU Utilization (%)",
        "title_align": "left",
        "yaxis": {
          "max": "auto",
          "scale": "linear",
          "min": "auto",
          "label": ""
        },
        "show_legend": true,
        "requests": [
          {
            "q": "avg:snmp.CPU.Mgmt.Utilization{$SNMP_Profile,$IP,$Host} by {snmp_device}",
            "style": {
              "line_width": "normal",
              "palette": "dog_classic",
              "line_type": "solid"
            },
            "display_type": "line"
          }
        ],
        "type": "timeseries"
      },
      "layout": {
        "y": 133,
        "x": 0,
        "height": 15,
        "width": 47
      },
      "id": 21
    },
    {
      "definition": {
        "custom_links": [],
        "title_size": "16",
        "title": "System CPU Utilization (%)",
        "title_align": "left",
        "custom_unit": "%",
        "precision": 2,
        "requests": [
          {
            "q": "avg:snmp.CPU.System.Utilization{$Host,$SNMP_Profile,$IP}",
            "aggregator": "avg"
          }
        ],
        "type": "query_value"
      },
      "layout": {
        "y": 133,
        "x": 48,
        "height": 15,
        "width": 36
      },
      "id": 22
    },
    {
      "definition": {
        "custom_links": [],
        "title_size": "16",
        "title": "Disk Usage",
        "title_align": "left",
        "yaxis": {
          "max": "auto",
          "scale": "linear",
          "min": "auto",
          "label": ""
        },
        "show_legend": false,
        "requests": [
          {
            "q": "avg:snmp.Disk.Size{$Host,$SNMP_Profile,$IP,$Disk} by {disk}.as_count()",
            "style": {
              "line_width": "normal",
              "palette": "dog_classic",
              "line_type": "solid"
            },
            "display_type": "line"
          },
          {
            "q": "avg:snmp.Disk.Used{$Host,$SNMP_Profile,$IP,$Disk} by {disk}.as_count()",
            "style": {
              "line_width": "normal",
              "palette": "dog_classic",
              "line_type": "solid"
            },
            "display_type": "line"
          }
        ],
        "type": "timeseries"
      },
      "layout": {
        "y": 149,
        "x": 0,
        "height": 15,
        "width": 47
      },
      "id": 23
    },
    {
      "definition": {
        "custom_links": [],
        "title_size": "16",
        "title": "Disk Utilization",
        "title_align": "left",
        "custom_unit": "%",
        "precision": 2,
        "requests": [
          {
            "q": "avg:snmp.Disk.Used{$Host,$SNMP_Profile,$IP,$Disk}.as_count()/avg:snmp.Disk.Size{$Host,$SNMP_Profile,$IP,$Disk}.as_count()*100",
            "aggregator": "avg"
          }
        ],
        "type": "query_value"
      },
      "layout": {
        "y": 133,
        "x": 85,
        "height": 15,
        "width": 32
      },
      "id": 24
    },
    {
      "definition": {
        "tick_pos": "50%",
        "show_tick": true,
        "type": "note",
        "tick_edge": "bottom",
        "text_align": "center",
        "content": "GlobalProtect Stats",
        "font_size": "24",
        "background_color": "white"
      },
      "layout": {
        "y": 32,
        "x": 0,
        "height": 6,
        "width": 117
      },
      "id": 25
    },
    {
      "definition": {
        "tick_pos": "50%",
        "show_tick": true,
        "type": "note",
        "tick_edge": "bottom",
        "text_align": "center",
        "content": "Interfaces",
        "font_size": "24",
        "background_color": "white"
      },
      "layout": {
        "y": 71,
        "x": 0,
        "height": 6,
        "width": 117
      },
      "id": 26
    },
    {
      "definition": {
        "tick_pos": "50%",
        "show_tick": true,
        "type": "note",
        "tick_edge": "bottom",
        "text_align": "center",
        "content": "System Resources",
        "font_size": "24",
        "background_color": "white"
      },
      "layout": {
        "y": 126,
        "x": 0,
        "height": 6,
        "width": 117
      },
      "id": 27
    },
    {
      "definition": {
        "autoscale": true,
        "title": "Sensor Oper Status",
        "title_align": "left",
        "precision": 0,
        "title_size": "16",
        "requests": [
          {
            "q": "avg:snmp.Sensor.OperStatus{$SNMP_Profile,$Host,$IP}",
            "aggregator": "avg",
            "conditional_formats": [
              {
                "palette": "white_on_green",
                "value": 2,
                "comparator": "<"
              },
              {
                "palette": "white_on_red",
                "value": 1,
                "comparator": ">"
              }
            ]
          }
        ],
        "type": "query_value"
      },
      "layout": {
        "y": 16,
        "x": 39,
        "height": 15,
        "width": 36
      },
      "id": 4805876020696194
    },
    {
      "definition": {
        "title_size": "16",
        "title": "Sensor Table ",
        "title_align": "left",
        "has_search_bar": "auto",
        "time": {},
        "requests": [
          {
            "aggregator": "avg",
            "cell_display_mode": [
              "bar"
            ],
            "q": "avg:snmp.Sensor.Value{$SNMP_Profile,$IP,$Host} by {sensor_description, sensor_index}",
            "alias": "Sensor Value",
            "limit": 50,
            "order": "desc"
          },
          {
            "q": "avg:snmp.Sensor.OperStatus{$SNMP_Profile,$IP,$Host} by {sensor_description, sensor_index}",
            "alias": "Oper Status",
            "cell_display_mode": [
              "bar"
            ],
            "aggregator": "avg"
          }
        ],
        "type": "query_table"
      },
      "layout": {
        "y": 149,
        "x": 48,
        "height": 15,
        "width": 36
      },
      "id": 7608182586609772
    },
    {
      "definition": {
        "title_size": "16",
        "yaxis": {
          "include_zero": true,
          "max": "auto",
          "scale": "linear",
          "min": "auto",
          "label": ""
        },
        "title_align": "left",
        "markers": [
          {
            "display_type": "ok bold",
            "value": "y = 1",
            "label": "\u00a0Up\u00a0"
          },
          {
            "display_type": "error bold",
            "value": "y = 2",
            "label": "\u00a0Down\u00a0"
          }
        ],
        "show_legend": false,
        "time": {},
        "title": "Sensor Oper Status Overview ",
        "requests": [
          {
            "q": "avg:snmp.Sensor.OperStatus{$Host,$SNMP_Profile,$IP} by {sensor_index,sensor_description}",
            "style": {
              "line_width": "normal",
              "palette": "dog_classic",
              "line_type": "solid"
            },
            "display_type": "line"
          }
        ],
        "type": "timeseries"
      },
      "layout": {
        "y": 165,
        "x": 0,
        "height": 15,
        "width": 47
      },
      "id": 4050851325631760
    },
    {
      "definition": {
        "title_size": "16",
        "title": "Sensor Oper Status",
        "title_align": "left",
        "precision": 0,
        "time": {},
        "autoscale": true,
        "requests": [
          {
            "q": "avg:snmp.Sensor.OperStatus{$SNMP_Profile,$Host,$IP}",
            "aggregator": "avg",
            "conditional_formats": [
              {
                "palette": "white_on_green",
                "value": 2,
                "comparator": "<"
              },
              {
                "palette": "white_on_red",
                "value": 1,
                "comparator": ">"
              }
            ]
          }
        ],
        "type": "query_value"
      },
      "layout": {
        "y": 149,
        "x": 85,
        "height": 15,
        "width": 32
      },
      "id": 2812466104821568
    }
  ],
  "layout_type": "free"
}