{
  "notify_list": null,
  "description": "\n",
  "restricted_roles": [],
  "template_variables": [
    {
      "default": "*",
      "prefix": null,
      "name": "scope",
      "available_values": []
    },
    {
      "default": "*",
      "prefix": "project_id",
      "name": "project",
      "available_values": []
    },
    {
      "default": "*",
      "prefix": "location",
      "name": "region",
      "available_values": []
    },
    {
      "default": "*",
      "prefix": "configuration_name",
      "name": "service",
      "available_values": []
    },
    {
      "default": "*",
      "prefix": "revision_name",
      "name": "revision",
      "available_values": []
    }
  ],
  "is_read_only": false,
  "title": "[TEMPLATE] - Cloud Run Overview - Rapdev",
  "reflow_type": "fixed",
  "widgets": [
    {
      "definition": {
        "font_size": "14",
        "background_color": "white",
        "type": "note",
        "tick_edge": "left",
        "text_align": "left",
        "content": "# Menu \n- [ Platform Overview](https://pwc-digital.datadoghq.com/dashboard/qea-ywa-3tc?tpl_var_scope=$scope.value&tpl_var_project=$project.value&live=true)\n- [ Pubsub Overview](https://pwc-digital.datadoghq.com/dashboard/hj5-fww-ptf?tpl_var_scope=$scope.value&tpl_var_project=$project.value&live=true)\n- [ Run Overview](https://pwc-digital.datadoghq.com/dashboard/7y3-iie-by5?tpl_var_scope=$scope.value&tpl_var_project=$project.value&live=true)\n- [ CloudSQL Overview](https://pwc-digital.datadoghq.com/dashboard/c85-w5i-tf9/template---cloudsql-overview---rapdev?tpl_var_scope=$scope.value&tpl_var_project=$project.value&live=true)\n- [ Compute Engine Overview](https://pwc-digital.datadoghq.com/dashboard/34q-a28-km3?tpl_var_scope=$scope.value&tpl_var_project=$project.value&live=true)\n- [ Cloud Functions Overview](https://pwc-digital.datadoghq.com/dashboard/p3k-7jb-8fe?tpl_var_scope=$scope.value&tpl_var_project=$project.value&live=true)\n\nNOTE: If the dashboard name is changed the urls in the list above must be updated to match the new ID and name. This can be done by replacing the content after `/dashboard/` and before `?tpl_var`. If the links are not updated they will default to the template dashboards. ",
        "vertical_align": "top",
        "has_padding": true,
        "show_tick": false,
        "tick_pos": "50%"
      },
      "layout": {
        "y": 0,
        "x": 0,
        "width": 3,
        "height": 5
      },
      "id": 5358665835443650
    },
    {
      "definition": {
        "title": "Overview",
        "background_color": "white",
        "title_align": "center",
        "show_title": true,
        "widgets": [
          {
            "definition": {
              "title_size": "16",
              "title": "Total Requests",
              "title_align": "left",
              "precision": 0,
              "autoscale": true,
              "requests": [
                {
                  "q": "sum:gcp.run.request_count{$region,$project,$revision,$service,$scope}",
                  "aggregator": "sum"
                }
              ],
              "type": "query_value"
            },
            "layout": {
              "y": 0,
              "x": 0,
              "width": 3,
              "height": 2
            },
            "id": 5776136895530062
          },
          {
            "definition": {
              "title_size": "16",
              "title": "Error Rate",
              "title_align": "left",
              "custom_unit": "%",
              "precision": 1,
              "autoscale": false,
              "requests": [
                {
                  "q": "sum:gcp.run.request_count{(response_code_class:4xx OR response_code_class:5xx) AND $region AND $project AND $revision AND $service AND $scope}.as_count().fill(null)*100/sum:gcp.run.request_count{$region,$project,$revision,$service,$scope}.as_count().fill(null)",
                  "aggregator": "sum",
                  "conditional_formats": [
                    {
                      "palette": "white_on_green",
                      "comparator": "<=",
                      "value": 5
                    },
                    {
                      "palette": "white_on_red",
                      "comparator": ">",
                      "value": 5
                    }
                  ]
                }
              ],
              "type": "query_value"
            },
            "layout": {
              "y": 0,
              "x": 3,
              "width": 3,
              "height": 2
            },
            "id": 4616737319186512
          },
          {
            "definition": {
              "title_size": "16",
              "requests": [
                {
                  "q": "top(avg:gcp.run.container.memory.utilizations.avg{$region,$project,$revision,$service,$scope} by {revision_name}, 5, 'mean', 'desc')",
                  "conditional_formats": [
                    {
                      "custom_bg_color": "#e4e4e4",
                      "palette": "custom_bg",
                      "value": 0,
                      "comparator": ">"
                    }
                  ]
                }
              ],
              "title_align": "left",
              "type": "toplist",
              "title": "Revisions Using Most Memory"
            },
            "layout": {
              "y": 0,
              "x": 6,
              "width": 3,
              "height": 2
            },
            "id": 3031673081446412
          },
          {
            "definition": {
              "title_size": "16",
              "title": "Avg Reqs/s",
              "title_align": "left",
              "custom_unit": "rq/s",
              "precision": 0,
              "autoscale": true,
              "requests": [
                {
                  "q": "sum:gcp.run.request_count{$region,$project,$revision,$service,$scope}/60",
                  "aggregator": "avg"
                }
              ],
              "type": "query_value"
            },
            "layout": {
              "y": 2,
              "x": 0,
              "width": 3,
              "height": 2
            },
            "id": 5866679442608460
          },
          {
            "definition": {
              "title_size": "16",
              "title": "Total Instances",
              "title_align": "left",
              "precision": 0,
              "autoscale": true,
              "requests": [
                {
                  "q": "sum:gcp.run.container.instance_count{$region,$project,$revision,$service,$scope}.as_count()",
                  "aggregator": "sum"
                }
              ],
              "type": "query_value"
            },
            "layout": {
              "y": 2,
              "x": 3,
              "width": 3,
              "height": 2
            },
            "id": 930848036321954
          },
          {
            "definition": {
              "title_size": "16",
              "requests": [
                {
                  "q": "top(avg:gcp.run.container.cpu.utilizations.avg{$region,$project,$revision,$service,$scope} by {revision_name}, 5, 'mean', 'desc')",
                  "conditional_formats": [
                    {
                      "custom_bg_color": "#e4e4e4",
                      "palette": "custom_bg",
                      "value": 0,
                      "comparator": ">"
                    }
                  ]
                }
              ],
              "title_align": "left",
              "type": "toplist",
              "title": "Revisions Using Most CPU"
            },
            "layout": {
              "y": 2,
              "x": 6,
              "width": 3,
              "height": 2
            },
            "id": 4397047765728468
          }
        ],
        "layout_type": "ordered",
        "type": "group"
      },
      "layout": {
        "y": 0,
        "x": 3,
        "width": 9,
        "height": 5
      },
      "id": 1
    },
    {
      "definition": {
        "title": "Requests",
        "type": "group",
        "title_align": "center",
        "widgets": [
          {
            "definition": {
              "title_size": "16",
              "legend_columns": [
                "avg",
                "min",
                "max",
                "value",
                "sum"
              ],
              "yaxis": {
                "include_zero": true,
                "label": "",
                "scale": "linear",
                "min": "auto",
                "max": "auto"
              },
              "title_align": "left",
              "markers": [],
              "legend_layout": "horizontal",
              "show_legend": true,
              "title": "Request Volume by Response Code",
              "legend_size": "auto",
              "type": "timeseries",
              "requests": [
                {
                  "q": "sum:gcp.run.request_count{response_code_class:2xx,$region,$project,$revision,$service,$scope}, avg:gcp.run.request_count{response_code_class:5xx,$region,$project,$revision,$service,$scope}, avg:gcp.run.request_count{response_code_class:4xx,$region,$project,$revision,$service,$scope}, avg:gcp.run.request_count{response_code_class:1xx,$region,$project,$revision,$service,$scope}, avg:gcp.run.request_count{response_code_class:3xx,$region,$project,$revision,$service,$scope}",
                  "on_right_yaxis": false,
                  "style": {
                    "line_width": "normal",
                    "palette": "dog_classic",
                    "line_type": "solid"
                  },
                  "display_type": "bars"
                }
              ]
            },
            "layout": {
              "y": 0,
              "x": 0,
              "width": 6,
              "height": 3
            },
            "id": 5428622615066588
          },
          {
            "definition": {
              "title_size": "16",
              "legend_columns": [
                "avg",
                "min",
                "max",
                "value",
                "sum"
              ],
              "yaxis": {
                "include_zero": true,
                "label": "",
                "scale": "linear",
                "min": "auto",
                "max": "auto"
              },
              "title_align": "left",
              "markers": [],
              "legend_layout": "horizontal",
              "show_legend": true,
              "title": "Request Volume by Service",
              "requests": [
                {
                  "q": "sum:gcp.run.request_count{$region,$project,$revision,$service,$scope} by {service_name}",
                  "on_right_yaxis": false,
                  "style": {
                    "line_width": "normal",
                    "palette": "cool",
                    "line_type": "solid"
                  },
                  "display_type": "area"
                }
              ],
              "type": "timeseries"
            },
            "layout": {
              "y": 0,
              "x": 6,
              "width": 6,
              "height": 3
            },
            "id": 5058526354592778
          },
          {
            "definition": {
              "title_size": "16",
              "requests": [
                {
                  "q": "top(sum:gcp.run.request_count{$region,$project,$revision,$service,$scope} by {service_name,revision_name}, 10, 'mean', 'desc')"
                }
              ],
              "title_align": "left",
              "type": "toplist",
              "title": "Revisions with Most Requests"
            },
            "layout": {
              "y": 3,
              "x": 0,
              "width": 6,
              "height": 3
            },
            "id": 5786673926807506
          },
          {
            "definition": {
              "title_size": "16",
              "legend_columns": [
                "avg",
                "min",
                "max",
                "value",
                "sum"
              ],
              "yaxis": {
                "include_zero": true,
                "label": "",
                "scale": "linear",
                "min": "auto",
                "max": "auto"
              },
              "title_align": "left",
              "markers": [],
              "legend_layout": "vertical",
              "show_legend": false,
              "title": "Requests / Second",
              "requests": [
                {
                  "q": "avg:gcp.run.request_count{$region,$project,$revision,$service,$scope} by {service_name}/60",
                  "on_right_yaxis": false,
                  "style": {
                    "line_width": "normal",
                    "palette": "cool",
                    "line_type": "solid"
                  },
                  "display_type": "line"
                }
              ],
              "type": "timeseries"
            },
            "layout": {
              "y": 3,
              "x": 6,
              "width": 6,
              "height": 3
            },
            "id": 179159419042714
          },
          {
            "definition": {
              "title_size": "16",
              "legend_columns": [
                "avg",
                "min",
                "max",
                "value",
                "sum"
              ],
              "yaxis": {
                "include_zero": true,
                "label": "",
                "scale": "linear",
                "min": "auto",
                "max": "auto"
              },
              "title_align": "left",
              "markers": [],
              "legend_layout": "vertical",
              "show_legend": false,
              "title": "Request Latency (p95)",
              "requests": [
                {
                  "formulas": [
                    {
                      "formula": "query1"
                    }
                  ],
                  "style": {
                    "line_width": "normal",
                    "palette": "cool",
                    "line_type": "solid"
                  },
                  "response_format": "timeseries",
                  "on_right_yaxis": false,
                  "display_type": "line",
                  "queries": [
                    {
                      "query": "avg:gcp.run.request_latencies.p95{$region,$project,$revision,$service,$scope} by {service_name}",
                      "data_source": "metrics",
                      "name": "query1"
                    }
                  ]
                }
              ],
              "type": "timeseries"
            },
            "layout": {
              "y": 6,
              "x": 0,
              "width": 6,
              "height": 3
            },
            "id": 7958323833393522
          },
          {
            "definition": {
              "title_size": "16",
              "requests": [
                {
                  "formulas": [
                    {
                      "formula": "query1",
                      "limit": {
                        "count": 10,
                        "order": "desc"
                      }
                    }
                  ],
                  "response_format": "scalar",
                  "queries": [
                    {
                      "query": "avg:gcp.run.request_latencies.p95{$region,$project,$revision,$service,$scope} by {service_name,revision_name}",
                      "data_source": "metrics",
                      "name": "query1",
                      "aggregator": "avg"
                    }
                  ]
                }
              ],
              "title_align": "left",
              "type": "toplist",
              "title": "Revisions with Most Latency (p95)"
            },
            "layout": {
              "y": 6,
              "x": 6,
              "width": 6,
              "height": 3
            },
            "id": 857401829105774
          }
        ],
        "layout_type": "ordered",
        "background_color": "vivid_blue"
      },
      "layout": {
        "y": 5,
        "x": 0,
        "width": 12,
        "height": 10
      },
      "id": 2
    },
    {
      "definition": {
        "title": "Container Performance",
        "type": "group",
        "title_align": "center",
        "widgets": [
          {
            "definition": {
              "title_size": "16",
              "legend_columns": [
                "avg",
                "min",
                "max",
                "value",
                "sum"
              ],
              "yaxis": {
                "include_zero": true,
                "label": "",
                "scale": "linear",
                "min": "auto",
                "max": "auto"
              },
              "title_align": "left",
              "markers": [],
              "legend_layout": "horizontal",
              "show_legend": true,
              "title": "CPU Allocation",
              "requests": [
                {
                  "q": "avg:gcp.run.container.cpu.allocation_time{$region,$project,$revision,$service,$scope} by {service_name}",
                  "on_right_yaxis": false,
                  "style": {
                    "line_width": "normal",
                    "palette": "cool",
                    "line_type": "solid"
                  },
                  "display_type": "line"
                }
              ],
              "type": "timeseries"
            },
            "layout": {
              "y": 0,
              "x": 0,
              "width": 3,
              "height": 3
            },
            "id": 8138386146193602
          },
          {
            "definition": {
              "title_size": "16",
              "legend_columns": [
                "avg",
                "min",
                "max",
                "value",
                "sum"
              ],
              "yaxis": {
                "include_zero": true,
                "label": "",
                "scale": "linear",
                "min": "auto",
                "max": "auto"
              },
              "title_align": "left",
              "markers": [],
              "legend_layout": "horizontal",
              "show_legend": true,
              "title": "CPU Utilization (by Revision)",
              "requests": [
                {
                  "q": "avg:gcp.run.container.cpu.utilizations.avg{$region,$project,$revision,$service,$scope} by {service_name,revision_name}",
                  "on_right_yaxis": false,
                  "style": {
                    "line_width": "normal",
                    "palette": "cool",
                    "line_type": "solid"
                  },
                  "display_type": "line"
                }
              ],
              "type": "timeseries"
            },
            "layout": {
              "y": 0,
              "x": 3,
              "width": 3,
              "height": 3
            },
            "id": 7546516309025464
          },
          {
            "definition": {
              "title_size": "16",
              "legend_columns": [
                "avg",
                "min",
                "max",
                "value",
                "sum"
              ],
              "yaxis": {
                "include_zero": true,
                "label": "",
                "scale": "linear",
                "min": "auto",
                "max": "auto"
              },
              "title_align": "left",
              "markers": [],
              "legend_layout": "horizontal",
              "show_legend": true,
              "title": "Memory Allocation",
              "requests": [
                {
                  "q": "avg:gcp.run.container.memory.allocation_time{$region,$project,$revision,$service,$scope} by {service_name}",
                  "on_right_yaxis": false,
                  "style": {
                    "line_width": "normal",
                    "palette": "cool",
                    "line_type": "solid"
                  },
                  "display_type": "line"
                }
              ],
              "type": "timeseries"
            },
            "layout": {
              "y": 3,
              "x": 0,
              "width": 3,
              "height": 3
            },
            "id": 7050256354942540
          },
          {
            "definition": {
              "title_size": "16",
              "legend_columns": [
                "avg",
                "min",
                "max",
                "value",
                "sum"
              ],
              "yaxis": {
                "include_zero": true,
                "label": "",
                "scale": "linear",
                "min": "auto",
                "max": "auto"
              },
              "title_align": "left",
              "markers": [],
              "legend_layout": "horizontal",
              "show_legend": true,
              "title": "Memory Utilization (by Revision)",
              "requests": [
                {
                  "q": "avg:gcp.run.container.memory.utilizations.avg{$region,$project,$revision,$service,$scope} by {service_name,revision_name}",
                  "on_right_yaxis": false,
                  "style": {
                    "line_width": "normal",
                    "palette": "cool",
                    "line_type": "solid"
                  },
                  "display_type": "line"
                }
              ],
              "type": "timeseries"
            },
            "layout": {
              "y": 3,
              "x": 3,
              "width": 3,
              "height": 3
            },
            "id": 7452392863765368
          },
          {
            "definition": {
              "title_size": "16",
              "title": "CPU and Memory Utilization Across Revisions",
              "title_align": "left",
              "has_search_bar": "auto",
              "requests": [
                {
                  "aggregator": "avg",
                  "cell_display_mode": [
                    "bar"
                  ],
                  "q": "avg:gcp.run.container.cpu.utilizations.avg{$region,$project,$revision,$service,$scope} by {revision_name}",
                  "alias": "CPU",
                  "limit": 50,
                  "order": "desc"
                },
                {
                  "q": "avg:gcp.run.container.memory.utilizations.avg{$region,$project,$revision,$service,$scope} by {revision_name}",
                  "alias": "Memory",
                  "cell_display_mode": [
                    "bar"
                  ],
                  "aggregator": "avg"
                }
              ],
              "type": "query_table"
            },
            "layout": {
              "y": 6,
              "x": 0,
              "width": 6,
              "height": 4
            },
            "id": 6835507678086804
          }
        ],
        "layout_type": "ordered",
        "background_color": "blue"
      },
      "layout": {
        "y": 0,
        "x": 0,
        "is_column_break": true,
        "width": 6,
        "height": 11
      },
      "id": 4
    },
    {
      "definition": {
        "title": "Errors",
        "background_color": "blue",
        "title_align": "center",
        "show_title": true,
        "widgets": [
          {
            "definition": {
              "title_size": "16",
              "title": "Errors Across Revisions",
              "title_align": "left",
              "has_search_bar": "auto",
              "requests": [
                {
                  "aggregator": "avg",
                  "conditional_formats": [
                    {
                      "palette": "black_on_light_red",
                      "comparator": ">",
                      "value": 0
                    }
                  ],
                  "q": "avg:gcp.run.request_count{$region AND (response_code_class:4xx OR response_code_class:5xx) AND $project AND $revision AND $service AND $scope} by {revision_name,service_name}.as_count()",
                  "alias": "Errors",
                  "limit": 50,
                  "cell_display_mode": [
                    "number"
                  ],
                  "order": "desc"
                }
              ],
              "type": "query_table"
            },
            "layout": {
              "y": 0,
              "x": 0,
              "width": 6,
              "height": 3
            },
            "id": 7220550107291088
          },
          {
            "definition": {
              "title_size": "16",
              "requests": [
                {
                  "q": "top(sum:gcp.run.request_count{$region AND (response_code_class:4xx OR response_code_class:5xx) AND $project AND $revision AND $service AND $scope} by {service_name}, 10, 'sum', 'desc')",
                  "conditional_formats": [
                    {
                      "palette": "white_on_red",
                      "comparator": ">",
                      "value": 0
                    }
                  ]
                }
              ],
              "title_align": "left",
              "type": "toplist",
              "title": "Services with Most Errors"
            },
            "layout": {
              "y": 3,
              "x": 0,
              "width": 6,
              "height": 2
            },
            "id": 7208167866435616
          },
          {
            "definition": {
              "title_size": "16",
              "title": "4xx Response Rate",
              "title_align": "left",
              "custom_unit": "%",
              "precision": 1,
              "requests": [
                {
                  "q": "sum:gcp.run.request_count{response_code_class:4xx,$region,$project,$revision,$service,$scope}.as_count().fill(null)*100/sum:gcp.run.request_count{$region,$project,$revision,$service,$scope}.as_count().fill(null)",
                  "aggregator": "sum",
                  "conditional_formats": [
                    {
                      "palette": "white_on_red",
                      "comparator": ">=",
                      "value": 5
                    },
                    {
                      "palette": "white_on_green",
                      "comparator": "<",
                      "value": 5
                    }
                  ]
                }
              ],
              "type": "query_value"
            },
            "layout": {
              "y": 5,
              "x": 0,
              "width": 3,
              "height": 2
            },
            "id": 2802224557801960
          },
          {
            "definition": {
              "title_size": "16",
              "title": "5xx Response Rate",
              "title_align": "left",
              "custom_unit": "%",
              "precision": 1,
              "requests": [
                {
                  "q": "sum:gcp.run.request_count{$region,response_code_class:5xx,$project,$revision,$service,$scope}*100/sum:gcp.run.request_count{$region,$project,$revision,$service,$scope}",
                  "aggregator": "avg",
                  "conditional_formats": [
                    {
                      "palette": "white_on_green",
                      "comparator": "<",
                      "value": 5
                    },
                    {
                      "palette": "white_on_red",
                      "comparator": ">=",
                      "value": 5
                    }
                  ]
                }
              ],
              "type": "query_value"
            },
            "layout": {
              "y": 5,
              "x": 3,
              "width": 3,
              "height": 2
            },
            "id": 2458046393504066
          },
          {
            "definition": {
              "title_size": "16",
              "legend_columns": [
                "avg",
                "min",
                "max",
                "value",
                "sum"
              ],
              "yaxis": {
                "include_zero": true,
                "label": "",
                "scale": "linear",
                "min": "auto",
                "max": "auto"
              },
              "title_align": "left",
              "markers": [],
              "legend_layout": "horizontal",
              "show_legend": true,
              "title": "Errors by Service",
              "requests": [
                {
                  "q": "sum:gcp.run.request_count{$region AND (response_code_class:5xx OR response_code_class:4xx) AND $project AND $revision AND $service AND $scope} by {service_name}",
                  "on_right_yaxis": false,
                  "style": {
                    "line_width": "normal",
                    "palette": "warm",
                    "line_type": "solid"
                  },
                  "display_type": "bars"
                }
              ],
              "type": "timeseries"
            },
            "layout": {
              "y": 7,
              "x": 0,
              "width": 6,
              "height": 3
            },
            "id": 5614855921508722
          }
        ],
        "layout_type": "ordered",
        "type": "group"
      },
      "layout": {
        "y": 0,
        "x": 6,
        "width": 6,
        "height": 11
      },
      "id": 5
    },
    {
      "definition": {
        "title": "Container Instances",
        "background_color": "blue",
        "title_align": "center",
        "show_title": true,
        "widgets": [
          {
            "definition": {
              "title_size": "16",
              "title": "Total Billable Instance Time",
              "title_align": "left",
              "custom_unit": "s",
              "precision": 3,
              "autoscale": true,
              "requests": [
                {
                  "q": "sum:gcp.run.container.billable_instance_time{$region,$project,$revision,$service,$scope}",
                  "aggregator": "sum"
                }
              ],
              "type": "query_value"
            },
            "layout": {
              "y": 0,
              "x": 0,
              "width": 2,
              "height": 3
            },
            "id": 3722947699731736
          },
          {
            "definition": {
              "requests": [
                {
                  "q": "top(max:gcp.run.container.instance_count{$region,$project,$revision,$service,$scope} by {service_name}, 10, 'max', 'desc')",
                  "alias": "Container Instances",
                  "limit": 50,
                  "order": "desc",
                  "aggregator": "max"
                },
                {
                  "q": "top(max:gcp.run.container.billable_instance_time{$region,$project,$revision,$service,$scope} by {service_name}, 10, 'max', 'desc')",
                  "alias": "Billable Instance Time",
                  "aggregator": "max"
                }
              ],
              "type": "query_table",
              "title": "Container Instances by Service"
            },
            "layout": {
              "y": 0,
              "x": 2,
              "width": 5,
              "height": 3
            },
            "id": 7075884025296564
          },
          {
            "definition": {
              "title_size": "16",
              "legend_columns": [
                "avg",
                "min",
                "max",
                "value",
                "sum"
              ],
              "yaxis": {
                "include_zero": true,
                "label": "",
                "scale": "linear",
                "min": "auto",
                "max": "auto"
              },
              "title_align": "left",
              "markers": [],
              "legend_layout": "vertical",
              "show_legend": false,
              "title": "Billable Instance Time",
              "requests": [
                {
                  "q": "avg:gcp.run.container.billable_instance_time{$region,$project,$revision,$service,$scope} by {service_name}",
                  "on_right_yaxis": false,
                  "style": {
                    "line_width": "normal",
                    "palette": "purple",
                    "line_type": "solid"
                  },
                  "display_type": "line"
                }
              ],
              "type": "timeseries"
            },
            "layout": {
              "y": 3,
              "x": 0,
              "width": 4,
              "height": 3
            },
            "id": 7890989011571564
          },
          {
            "definition": {
              "title_size": "16",
              "requests": [
                {
                  "q": "top(avg:gcp.run.container.billable_instance_time{$region,$project,$revision,$service,$scope} by {service_name}, 10, 'mean', 'desc')",
                  "conditional_formats": [
                    {
                      "custom_bg_color": "#e7dbff",
                      "palette": "custom_bg",
                      "value": 0,
                      "comparator": ">"
                    }
                  ]
                }
              ],
              "title_align": "left",
              "type": "toplist",
              "title": "Services with most Billable Instance Time"
            },
            "layout": {
              "y": 3,
              "x": 4,
              "width": 3,
              "height": 3
            },
            "id": 6519838963214596
          },
          {
            "definition": {
              "title_size": "16",
              "requests": [
                {
                  "q": "top(avg:gcp.run.container.instance_count{$region,state:idle,$project,$revision,$service,$scope} by {service_name}, 10, 'mean', 'desc')",
                  "conditional_formats": [
                    {
                      "custom_bg_color": "#e7dbff",
                      "palette": "custom_bg",
                      "value": 0,
                      "comparator": ">"
                    }
                  ]
                }
              ],
              "title_align": "left",
              "type": "toplist",
              "title": "Services with Most Idle Containers"
            },
            "layout": {
              "y": 6,
              "x": 0,
              "width": 4,
              "height": 3
            },
            "id": 2902630229552028
          },
          {
            "definition": {
              "title_size": "16",
              "title": "Idle Containers",
              "title_align": "left",
              "custom_unit": "%",
              "precision": 1,
              "requests": [
                {
                  "q": "sum:gcp.run.container.instance_count{$region,state:idle,$project,$revision,$service,$scope}*100/sum:gcp.run.container.instance_count{$region,$project,$revision,$service,$scope}",
                  "aggregator": "avg"
                }
              ],
              "type": "query_value"
            },
            "layout": {
              "y": 6,
              "x": 4,
              "width": 3,
              "height": 3
            },
            "id": 6923645607745514
          }
        ],
        "layout_type": "ordered",
        "type": "group"
      },
      "layout": {
        "y": 0,
        "x": 0,
        "width": 7,
        "height": 10
      },
      "id": 6
    },
    {
      "definition": {
        "title": "Top Endpoints and Logs",
        "background_color": "blue",
        "title_align": "center",
        "show_title": true,
        "widgets": [
          {
            "definition": {
              "title_size": "16",
              "requests": [
                {
                  "log_query": {
                    "index": "*",
                    "search": {
                      "query": "source:gcp.cloud.run.revision $region $project $revision $service $scope"
                    },
                    "group_by": [
                      {
                        "facet": "@http.url_details.path",
                        "sort": {
                          "order": "desc",
                          "aggregation": "count"
                        },
                        "limit": 10
                      },
                      {
                        "facet": "@http.method",
                        "sort": {
                          "order": "desc",
                          "aggregation": "count"
                        },
                        "limit": 10
                      },
                      {
                        "facet": "@http.status_code",
                        "sort": {
                          "order": "desc",
                          "aggregation": "count"
                        },
                        "limit": 10
                      }
                    ],
                    "compute": {
                      "aggregation": "count"
                    }
                  }
                }
              ],
              "title_align": "left",
              "type": "query_table",
              "title": "Top Endpoints"
            },
            "layout": {
              "y": 0,
              "x": 0,
              "width": 5,
              "height": 4
            },
            "id": 272343114931244
          },
          {
            "definition": {
              "sort": {
                "column": "service",
                "order": "desc"
              },
              "title_align": "left",
              "title_size": "16",
              "title": "Cloud Run Logs",
              "show_date_column": true,
              "message_display": "inline",
              "indexes": [],
              "show_message_column": true,
              "query": "source:gcp.cloud.run.revision $region $project $revision $service $scope",
              "type": "log_stream",
              "columns": [
                "service"
              ]
            },
            "layout": {
              "y": 4,
              "x": 0,
              "width": 5,
              "height": 5
            },
            "id": 7453337327221008
          }
        ],
        "layout_type": "ordered",
        "type": "group"
      },
      "layout": {
        "y": 0,
        "x": 7,
        "width": 5,
        "height": 10
      },
      "id": 7
    }
  ],
  "layout_type": "ordered"
}