{
  "notify_list": [],
  "description": "",
  "restricted_roles": [],
  "template_variables": [
    {
      "default": "*",
      "prefix": "interface",
      "name": "Interface"
    },
    {
      "default": "*",
      "prefix": "host",
      "name": "Host"
    },
    {
      "default": "rd-barracuda-cgf",
      "prefix": "snmp_profile",
      "name": "SNMP_Profile"
    },
    {
      "default": "*",
      "prefix": "snmp_device",
      "name": "IP"
    },
    {
      "default": "*",
      "prefix": "interfacedescription",
      "name": "InterfaceDescription"
    }
  ],
  "is_read_only": false,
  "title": "RapDev Barracuda CloudGen Firewall Dashboard",
  "widgets": [
    {
      "definition": {
        "custom_links": [],
        "title_size": "16",
        "title": "CPU Usage",
        "title_align": "left",
        "custom_unit": "%",
        "precision": 2,
        "requests": [
          {
            "q": "avg:snmp.CPU.Utilization{$Host,$IP,$SNMP_Profile}",
            "aggregator": "avg",
            "conditional_formats": [
              {
                "palette": "white_on_green",
                "value": 70,
                "comparator": "<"
              },
              {
                "palette": "white_on_yellow",
                "value": 90,
                "comparator": "<="
              },
              {
                "palette": "white_on_red",
                "value": 90,
                "comparator": ">"
              }
            ]
          }
        ],
        "type": "query_value"
      },
      "layout": {
        "y": 0,
        "x": 0,
        "height": 15,
        "width": 37
      },
      "id": 5909584356538650
    },
    {
      "definition": {
        "custom_links": [],
        "title_size": "16",
        "title": "Memory Usage",
        "title_align": "left",
        "custom_unit": "%",
        "precision": 2,
        "requests": [
          {
            "q": "(avg:snmp.Memory.Used{$Host,$SNMP_Profile,$IP}/avg:snmp.Memory.Total{$Host,$SNMP_Profile,$IP})*100",
            "aggregator": "avg",
            "conditional_formats": [
              {
                "palette": "white_on_green",
                "value": 80,
                "comparator": "<"
              },
              {
                "palette": "white_on_yellow",
                "value": 90,
                "comparator": "<="
              },
              {
                "palette": "white_on_red",
                "value": 90,
                "comparator": ">"
              }
            ]
          }
        ],
        "type": "query_value"
      },
      "layout": {
        "y": 0,
        "x": 38,
        "height": 15,
        "width": 38
      },
      "id": 7483567454399814
    },
    {
      "definition": {
        "custom_links": [],
        "title_size": "16",
        "title": "System Up Time",
        "title_align": "left",
        "custom_unit": "Days",
        "precision": 2,
        "requests": [
          {
            "q": "avg:snmp.sysUpTimeInstance{$Host,$SNMP_Profile,$IP}/8600000",
            "aggregator": "last"
          }
        ],
        "type": "query_value"
      },
      "layout": {
        "y": 0,
        "x": 77,
        "height": 15,
        "width": 40
      },
      "id": 5204329827695075
    },
    {
      "definition": {
        "custom_links": [],
        "title_size": "16",
        "title": "VPN Users Connected",
        "title_align": "left",
        "custom_unit": "user",
        "precision": 0,
        "requests": [
          {
            "q": "avg:snmp.User.Count{*}",
            "aggregator": "avg"
          }
        ],
        "type": "query_value"
      },
      "layout": {
        "y": 16,
        "x": 0,
        "height": 15,
        "width": 37
      },
      "id": 4751384446434497
    },
    {
      "definition": {
        "custom_links": [],
        "title_size": "16",
        "title": "Device Throughput",
        "title_align": "left",
        "yaxis": {
          "max": "auto",
          "scale": "linear",
          "min": "auto",
          "label": ""
        },
        "show_legend": false,
        "requests": [
          {
            "q": "avg:snmp.DataThroughput.Total{$Host,$SNMP_Profile,$IP} by {snmp_device}",
            "style": {
              "line_width": "normal",
              "palette": "dog_classic",
              "line_type": "solid"
            },
            "display_type": "area"
          }
        ],
        "type": "timeseries"
      },
      "layout": {
        "y": 16,
        "x": 38,
        "height": 15,
        "width": 38
      },
      "id": 5473884348036164
    },
    {
      "definition": {
        "custom_links": [],
        "title_size": "16",
        "title": "Service States",
        "title_align": "left",
        "requests": [
          {
            "q": "avg:snmp.Service.State{$Host,$IP,$SNMP_Profile} by {service}",
            "aggregator": "avg",
            "limit": 10,
            "order": "desc",
            "alias": "Service State (1 Running, 0 Stopped)"
          }
        ],
        "type": "query_table"
      },
      "layout": {
        "y": 16,
        "x": 77,
        "height": 15,
        "width": 40
      },
      "id": 1073688484602058
    },
    {
      "definition": {
        "custom_links": [],
        "title_size": "16",
        "title": "Admin Status",
        "title_align": "left",
        "precision": 0,
        "requests": [
          {
            "q": "max:snmp.Interface.AdminStatus{$Host,$SNMP_Profile,$IP,$Interface}",
            "aggregator": "last",
            "conditional_formats": [
              {
                "palette": "white_on_red",
                "value": 2,
                "comparator": ">="
              },
              {
                "palette": "white_on_green",
                "value": 1,
                "comparator": ">="
              }
            ]
          }
        ],
        "type": "query_value"
      },
      "layout": {
        "y": 40,
        "x": 0,
        "height": 15,
        "width": 16
      },
      "id": 4015131820457790
    },
    {
      "definition": {
        "custom_links": [],
        "title_size": "16",
        "title": "Bytes In & Bytes Out",
        "title_align": "left",
        "yaxis": {
          "max": "auto",
          "scale": "linear",
          "min": "auto",
          "label": ""
        },
        "show_legend": false,
        "requests": [
          {
            "q": "avg:snmp.Interface.InOctets.rate{$Host,$SNMP_Profile,$IP,$Interface,$InterfaceDescription} by {interface}",
            "style": {
              "line_width": "normal",
              "palette": "dog_classic",
              "line_type": "solid"
            },
            "display_type": "line"
          },
          {
            "q": "avg:snmp.Interface.OutOctets.rate{$Host,$SNMP_Profile,$IP,$Interface,$InterfaceDescription} by {interface}",
            "style": {
              "line_width": "normal",
              "palette": "dog_classic",
              "line_type": "solid"
            },
            "display_type": "line"
          }
        ],
        "type": "timeseries"
      },
      "layout": {
        "y": 40,
        "x": 48,
        "height": 15,
        "width": 36
      },
      "id": 1774898950498448
    },
    {
      "definition": {
        "custom_links": [],
        "title_size": "16",
        "title": "In & Out Broadcasts",
        "title_align": "left",
        "yaxis": {
          "max": "auto",
          "scale": "linear",
          "min": "auto",
          "label": ""
        },
        "show_legend": false,
        "requests": [
          {
            "q": "avg:snmp.Interface.InBroadcastPkts{$Host,$SNMP_Profile,$Interface,$IP,$InterfaceDescription} by {interface}.as_count()",
            "style": {
              "line_width": "normal",
              "palette": "dog_classic",
              "line_type": "solid"
            },
            "display_type": "line"
          },
          {
            "q": "avg:snmp.Interface.OutBroadcastPkts{$Host,$SNMP_Profile,$Interface,$IP,$InterfaceDescription} by {interface}.as_count()",
            "style": {
              "line_width": "normal",
              "palette": "dog_classic",
              "line_type": "solid"
            },
            "display_type": "line"
          }
        ],
        "type": "timeseries"
      },
      "layout": {
        "y": 40,
        "x": 85,
        "height": 15,
        "width": 32
      },
      "id": 2989875636257844
    },
    {
      "definition": {
        "custom_links": [],
        "title_size": "16",
        "title": "In & Out Unicast Packets",
        "title_align": "left",
        "yaxis": {
          "max": "auto",
          "scale": "linear",
          "min": "auto",
          "label": ""
        },
        "show_legend": false,
        "requests": [
          {
            "q": "avg:snmp.Interface.InUnicastPkts{$Host,$SNMP_Profile,$IP,$Interface,$InterfaceDescription} by {interface}.as_count()",
            "style": {
              "line_width": "normal",
              "palette": "dog_classic",
              "line_type": "solid"
            },
            "display_type": "line"
          },
          {
            "q": "avg:snmp.Interface.OutUnicastPkts{$Host,$SNMP_Profile,$IP,$Interface,$InterfaceDescription} by {interface}.as_count()",
            "style": {
              "line_width": "normal",
              "palette": "dog_classic",
              "line_type": "solid"
            },
            "display_type": "line"
          }
        ],
        "type": "timeseries"
      },
      "layout": {
        "y": 72,
        "x": 85,
        "height": 15,
        "width": 32
      },
      "id": 3929858303854648
    },
    {
      "definition": {
        "custom_links": [],
        "title_size": "16",
        "title": "In & Out MultiCastPkts",
        "title_align": "left",
        "yaxis": {
          "max": "auto",
          "scale": "linear",
          "min": "auto",
          "label": ""
        },
        "show_legend": false,
        "requests": [
          {
            "q": "avg:snmp.Interface.InMulticastPkts{$Host,$SNMP_Profile,$IP,$Interface,$InterfaceDescription} by {interface}.as_count()",
            "style": {
              "line_width": "normal",
              "palette": "dog_classic",
              "line_type": "solid"
            },
            "display_type": "line"
          },
          {
            "q": "avg:snmp.Interface.OutMulticastPkts{$Host,$SNMP_Profile,$IP,$Interface,$InterfaceDescription} by {interface}.as_count()",
            "style": {
              "line_width": "normal",
              "palette": "dog_classic",
              "line_type": "solid"
            },
            "display_type": "line"
          }
        ],
        "type": "timeseries"
      },
      "layout": {
        "y": 56,
        "x": 48,
        "height": 15,
        "width": 36
      },
      "id": 6941480568081448
    },
    {
      "definition": {
        "custom_links": [],
        "title_size": "16",
        "title": "In & Out Errors",
        "title_align": "left",
        "yaxis": {
          "max": "auto",
          "scale": "linear",
          "min": "auto",
          "label": ""
        },
        "show_legend": false,
        "requests": [
          {
            "q": "avg:snmp.Interface.InErrors{$Interface,$Host,$SNMP_Profile,$IP,$InterfaceDescription} by {interface}.as_count()",
            "style": {
              "line_width": "normal",
              "palette": "dog_classic",
              "line_type": "solid"
            },
            "display_type": "area"
          },
          {
            "q": "avg:snmp.Interface.OutErrors{$Interface,$Host,$SNMP_Profile,$IP,$InterfaceDescription} by {interface}.as_count()",
            "style": {
              "line_width": "normal",
              "palette": "dog_classic",
              "line_type": "solid"
            },
            "display_type": "line"
          }
        ],
        "type": "timeseries"
      },
      "layout": {
        "y": 56,
        "x": 85,
        "height": 15,
        "width": 32
      },
      "id": 3778715050998094
    },
    {
      "definition": {
        "custom_links": [],
        "title_size": "16",
        "title": "Operation Status",
        "title_align": "left",
        "precision": 0,
        "requests": [
          {
            "q": "max:snmp.Interface.OperStatus{$Host,$SNMP_Profile,$IP,$Interface}",
            "aggregator": "last",
            "conditional_formats": [
              {
                "palette": "white_on_red",
                "value": 2,
                "comparator": ">="
              },
              {
                "palette": "white_on_green",
                "value": 1,
                "comparator": ">="
              }
            ]
          }
        ],
        "type": "query_value"
      },
      "layout": {
        "y": 40,
        "x": 17,
        "height": 15,
        "width": 15
      },
      "id": 7097661065272732
    },
    {
      "definition": {
        "title_size": "16",
        "title": "Interface Speed",
        "title_align": "left",
        "custom_unit": "b/s",
        "precision": 0,
        "time": {},
        "requests": [
          {
            "q": "max:snmp.Interface.Speed{$Interface,$Host,$IP,$SNMP_Profile}",
            "aggregator": "last"
          }
        ],
        "type": "query_value"
      },
      "layout": {
        "y": 40,
        "x": 33,
        "height": 15,
        "width": 14
      },
      "id": 3682557567646412
    },
    {
      "definition": {
        "custom_links": [],
        "title_size": "16",
        "title": "Local Interfaces",
        "title_align": "left",
        "requests": [
          {
            "q": "avg:snmp.Interface.AdminStatus{$Host,$SNMP_Profile,$IP} by {interface,interfacedescription}",
            "aggregator": "avg",
            "alias": "Admin Status"
          },
          {
            "q": "avg:snmp.Interface.OperStatus{$Host,$SNMP_Profile,$IP} by {interface,interfacedescription}",
            "aggregator": "avg",
            "limit": 10,
            "order": "desc",
            "alias": "Oper Status"
          },
          {
            "q": "avg:snmp.Interface.Speed{$Host,$SNMP_Profile,$IP} by {interface,interfacedescription}",
            "aggregator": "avg",
            "alias": "Speed"
          }
        ],
        "type": "query_table"
      },
      "layout": {
        "y": 72,
        "x": 48,
        "height": 15,
        "width": 36
      },
      "id": 7533794096800349
    },
    {
      "definition": {
        "custom_links": [],
        "title_size": "16",
        "title": "CPU System Time",
        "title_align": "left",
        "custom_unit": "%",
        "precision": 2,
        "requests": [
          {
            "q": "avg:snmp.Cpu.System{$Host,$SNMP_Profile,$IP}",
            "aggregator": "avg"
          }
        ],
        "type": "query_value"
      },
      "layout": {
        "y": 96,
        "x": 0,
        "height": 15,
        "width": 47
      },
      "id": 2053559438668502
    },
    {
      "definition": {
        "custom_links": [],
        "title_size": "16",
        "title": "CPU User Time",
        "title_align": "left",
        "custom_unit": "%",
        "precision": 2,
        "requests": [
          {
            "q": "avg:snmp.Cpu.User{$Host,$SNMP_Profile,$IP}",
            "aggregator": "avg"
          }
        ],
        "type": "query_value"
      },
      "layout": {
        "y": 96,
        "x": 48,
        "height": 15,
        "width": 36
      },
      "id": 7166713934094798
    },
    {
      "definition": {
        "custom_links": [],
        "title_size": "16",
        "title": "CPU Idle",
        "title_align": "left",
        "custom_unit": "%",
        "precision": 2,
        "requests": [
          {
            "q": "avg:snmp.Cpu.Idle{$Host,$SNMP_Profile,$IP}",
            "aggregator": "avg"
          }
        ],
        "type": "query_value"
      },
      "layout": {
        "y": 96,
        "x": 85,
        "height": 15,
        "width": 32
      },
      "id": 609069291110916
    },
    {
      "definition": {
        "custom_links": [],
        "title_size": "16",
        "title": "Memory Usage (%)",
        "title_align": "left",
        "yaxis": {
          "max": "auto",
          "include_zero": true,
          "scale": "linear",
          "min": "auto",
          "label": ""
        },
        "show_legend": false,
        "requests": [
          {
            "q": "(avg:snmp.Memory.Used{$Host,$SNMP_Profile,$IP} by {snmp_device}/avg:snmp.Memory.Total{$Host,$SNMP_Profile,$IP} by {snmp_device})*100",
            "style": {
              "line_width": "normal",
              "palette": "dog_classic",
              "line_type": "solid"
            },
            "display_type": "line"
          }
        ],
        "type": "timeseries"
      },
      "layout": {
        "y": 112,
        "x": 0,
        "height": 15,
        "width": 47
      },
      "id": 8522240611482310
    },
    {
      "definition": {
        "custom_links": [],
        "title_size": "16",
        "title": "Memory Usage (%)",
        "title_align": "left",
        "custom_unit": "%",
        "precision": 2,
        "requests": [
          {
            "q": "(avg:snmp.Memory.Used{$Host,$SNMP_Profile,$IP}/avg:snmp.Memory.Total{$Host,$SNMP_Profile,$IP})*100",
            "aggregator": "avg"
          }
        ],
        "type": "query_value"
      },
      "layout": {
        "y": 112,
        "x": 48,
        "height": 15,
        "width": 47
      },
      "id": 2921228804507334
    },
    {
      "definition": {
        "tick_pos": "50%",
        "show_tick": true,
        "type": "note",
        "tick_edge": "bottom",
        "text_align": "center",
        "content": "System Resources",
        "font_size": "24",
        "background_color": "white"
      },
      "layout": {
        "y": 88,
        "x": 0,
        "height": 7,
        "width": 117
      },
      "id": 2730449964965571
    },
    {
      "definition": {
        "tick_pos": "50%",
        "show_tick": true,
        "type": "note",
        "tick_edge": "bottom",
        "text_align": "center",
        "content": "Interfaces",
        "font_size": "24",
        "background_color": "white"
      },
      "layout": {
        "y": 32,
        "x": 0,
        "height": 7,
        "width": 117
      },
      "id": 7524578711921219
    },
    {
      "definition": {
        "custom_links": [],
        "title_size": "16",
        "title": "% Utilization In",
        "title_align": "left",
        "custom_unit": "%",
        "precision": 3,
        "autoscale": false,
        "requests": [
          {
            "q": "avg:snmp.Interface.InOctets.rate{$Interface,$Host,$SNMP_Profile,$IP,$InterfaceDescription}/avg:snmp.Interface.Speed{$Interface,$Host,$SNMP_Profile,$IP,$InterfaceDescription}/10000",
            "aggregator": "last"
          }
        ],
        "type": "query_value"
      },
      "layout": {
        "y": 56,
        "x": 24,
        "height": 15,
        "width": 23
      },
      "id": 6881218276683412
    },
    {
      "definition": {
        "custom_links": [],
        "title_size": "16",
        "title": "% Utilization Out",
        "title_align": "left",
        "custom_unit": "%",
        "precision": 3,
        "autoscale": false,
        "requests": [
          {
            "q": "avg:snmp.Interface.OutOctets.rate{$Interface,$Host,$SNMP_Profile,$IP,$InterfaceDescription}/avg:snmp.Interface.Speed{$Interface,$Host,$SNMP_Profile,$IP,$InterfaceDescription}/10000",
            "aggregator": "last"
          }
        ],
        "type": "query_value"
      },
      "layout": {
        "y": 56,
        "x": 0,
        "height": 15,
        "width": 23
      },
      "id": 5696395313547022
    },
    {
      "definition": {
        "custom_links": [],
        "title_size": "16",
        "title": "Interface Utilization (%)",
        "title_align": "left",
        "yaxis": {
          "max": "auto",
          "include_zero": true,
          "scale": "linear",
          "min": "auto",
          "label": ""
        },
        "show_legend": false,
        "requests": [
          {
            "q": "avg:snmp.Interface.InOctets.rate{$Interface,$Host,$SNMP_Profile,$IP,$InterfaceDescription} by {interface}/avg:snmp.Interface.Speed{$Interface,$Host,$SNMP_Profile,$IP,$InterfaceDescription} by {interface}/10000",
            "style": {
              "line_width": "normal",
              "palette": "dog_classic",
              "line_type": "solid"
            },
            "display_type": "line"
          },
          {
            "q": "avg:snmp.Interface.OutOctets.rate{$Interface,$Host,$SNMP_Profile,$IP,$InterfaceDescription} by {interface}/avg:snmp.Interface.Speed{$Interface,$Host,$SNMP_Profile,$IP,$InterfaceDescription} by {interface}/10000",
            "style": {
              "line_width": "normal",
              "palette": "dog_classic",
              "line_type": "solid"
            },
            "display_type": "line"
          }
        ],
        "type": "timeseries"
      },
      "layout": {
        "y": 72,
        "x": 0,
        "height": 15,
        "width": 47
      },
      "id": 3859515198072266
    }
  ],
  "layout_type": "free"
}