{
  "notify_list": [],
  "description": "## Title\n\nDescribe this dashboard. Add links to other dashboards, monitors, wikis,  and docs to help your teammates. Markdown is supported.\n\n- [This might link to a dashboard](#)\n- [This might link to a wiki](#)",
  "restricted_roles": [],
  "template_variables": [
    {
      "default": "*",
      "prefix": "application_ownername",
      "name": "OwnerName",
      "available_values": []
    },
    {
      "default": "*",
      "prefix": "application_owneremail",
      "name": "OwnerEmail",
      "available_values": []
    },
    {
      "default": "*",
      "prefix": "service_principal_appid",
      "name": "ApplicationId",
      "available_values": []
    }
  ],
  "is_read_only": false,
  "title": "RapDev Azure AD Dashboard",
  "reflow_type": "fixed",
  "widgets": [
    {
      "definition": {
        "title_size": "16",
        "title": "Service Principal Key Credentials",
        "title_align": "left",
        "has_search_bar": "auto",
        "time": {},
        "requests": [
          {
            "formulas": [
              {
                "alias": "Til Expiration Days",
                "conditional_formats": [],
                "limit": {
                  "count": 500,
                  "order": "desc"
                },
                "cell_display_mode": "number",
                "formula": "query1"
              },
              {
                "alias": "Age Days",
                "conditional_formats": [],
                "cell_display_mode": "number",
                "formula": "query2"
              }
            ],
            "response_format": "scalar",
            "queries": [
              {
                "query": "max:rapdev.aad.service_principal.key_credentials.time_to_expire{$OwnerEmail,$ApplicationId} by {service_principal_name,key_name,application_owneremail,service_principal_appid}",
                "data_source": "metrics",
                "name": "query1",
                "aggregator": "last"
              },
              {
                "query": "max:rapdev.aad.service_principal.key_credentials.age{$OwnerEmail,$ApplicationId} by {service_principal_name,key_name,application_owneremail,service_principal_appid}",
                "data_source": "metrics",
                "name": "query2",
                "aggregator": "last"
              }
            ]
          }
        ],
        "type": "query_table"
      },
      "layout": {
        "y": 0,
        "x": 0,
        "height": 5,
        "width": 7
      },
      "id": 832341987270008
    },
    {
      "definition": {
        "title_size": "16",
        "title": "Password Credentials",
        "title_align": "left",
        "has_search_bar": "auto",
        "requests": [
          {
            "formulas": [
              {
                "alias": "Til Expiration Days",
                "conditional_formats": [
                  {
                    "palette": "white_on_red",
                    "value": 10,
                    "comparator": "<"
                  }
                ],
                "limit": {
                  "count": 500,
                  "order": "desc"
                },
                "cell_display_mode": "number",
                "formula": "query1"
              },
              {
                "alias": "Age Days",
                "conditional_formats": [],
                "cell_display_mode": "number",
                "formula": "query2"
              }
            ],
            "response_format": "scalar",
            "queries": [
              {
                "query": "max:rapdev.aad.service_principal.password_credentials.time_to_expire{$OwnerName,$OwnerEmail,$ApplicationId} by {service_principal_name,secret_name,application_ownername,application_owneremail,service_principal_appid}",
                "data_source": "metrics",
                "name": "query1",
                "aggregator": "last"
              },
              {
                "query": "max:rapdev.aad.service_principal.password_credentials.age{$OwnerName,$OwnerEmail,$ApplicationId} by {service_principal_name,secret_name,application_ownername,application_owneremail,service_principal_appid}",
                "data_source": "metrics",
                "name": "query2",
                "aggregator": "last"
              }
            ]
          }
        ],
        "type": "query_table"
      },
      "layout": {
        "y": 5,
        "x": 0,
        "height": 6,
        "width": 7
      },
      "id": 6781714996080484
    }
  ],
  "layout_type": "ordered"
}