{
  "notify_list": null,
  "description": "## Title\n\nDescribe this dashboard. Add links to other dashboards, monitors, wikis,  and docs to help your teammates. Markdown is supported.\n\n- [This might link to a dashboard](#)\n- [This might link to a wiki](#)",
  "restricted_roles": [],
  "template_variables": [
    {
      "default": "*",
      "prefix": null,
      "name": "scope",
      "available_values": []
    },
    {
      "default": "*",
      "prefix": "project",
      "name": "project",
      "available_values": []
    },
    {
      "default": "*",
      "prefix": "subscription_id",
      "name": "subscription",
      "available_values": []
    },
    {
      "default": "*",
      "prefix": "topic_id",
      "name": "topic",
      "available_values": []
    }
  ],
  "is_read_only": false,
  "title": "[TEMPLATE] - Google Cloud PubSub  - RapDev",
  "reflow_type": "fixed",
  "widgets": [
    {
      "definition": {
        "font_size": "14",
        "background_color": "white",
        "type": "note",
        "tick_edge": "left",
        "text_align": "left",
        "content": "# Menu \n- [ Platform Overview](https://pwc-digital.datadoghq.com/dashboard/qea-ywa-3tc?tpl_var_scope=$scope.value&tpl_var_project=$project.value&live=true)\n- [ Pubsub Overview](https://pwc-digital.datadoghq.com/dashboard/hj5-fww-ptf?tpl_var_scope=$scope.value&tpl_var_project=$project.value&live=true)\n- [ Run Overview](https://pwc-digital.datadoghq.com/dashboard/7y3-iie-by5?tpl_var_scope=$scope.value&tpl_var_project=$project.value&live=true)\n- [ CloudSQL Overview](https://pwc-digital.datadoghq.com/dashboard/c85-w5i-tf9/template---cloudsql-overview---rapdev?tpl_var_scope=$scope.value&tpl_var_project=$project.value&live=true)\n- [ Compute Engine Overview](https://pwc-digital.datadoghq.com/dashboard/34q-a28-km3?tpl_var_scope=$scope.value&tpl_var_project=$project.value&live=true)\n- [ Cloud Functions Overview](https://pwc-digital.datadoghq.com/dashboard/p3k-7jb-8fe?tpl_var_scope=$scope.value&tpl_var_project=$project.value&live=true)\n\nNOTE: If the dashboard name is changed the urls in the list above must be updated to match the new ID and name. This can be done by replacing the content after `/dashboard/` and before `?tpl_var`. If the links are not updated they will default to the template dashboards. ",
        "vertical_align": "top",
        "has_padding": true,
        "show_tick": false,
        "tick_pos": "50%"
      },
      "layout": {
        "y": 0,
        "x": 0,
        "width": 2,
        "height": 4
      },
      "id": 3130819224310000
    },
    {
      "definition": {
        "widgets": [
          {
            "definition": {
              "custom_links": [],
              "title_size": "16",
              "title": "Publish message operations by response code",
              "title_align": "left",
              "show_legend": false,
              "time": {
                "live_span": "4h"
              },
              "legend_size": "0",
              "type": "timeseries",
              "requests": [
                {
                  "q": "sum:gcp.pubsub.topic.send_message_operation_count{$scope,$project,$subscription,$topic} by {response_code}.as_count()",
                  "display_type": "bars"
                }
              ]
            },
            "layout": {
              "y": 0,
              "x": 0,
              "width": 5,
              "height": 2
            },
            "id": 5
          },
          {
            "definition": {
              "custom_links": [],
              "title_size": "16",
              "title": "Message send requests by response code",
              "title_align": "left",
              "show_legend": false,
              "time": {
                "live_span": "4h"
              },
              "legend_size": "0",
              "type": "timeseries",
              "requests": [
                {
                  "q": "sum:gcp.pubsub.topic.send_request_count{$scope,$project,$subscription,$topic} by {response_code}.as_count()",
                  "display_type": "bars"
                }
              ]
            },
            "layout": {
              "y": 2,
              "x": 0,
              "width": 5,
              "height": 2
            },
            "id": 6
          },
          {
            "definition": {
              "custom_links": [],
              "title_size": "16",
              "title": "Average message size",
              "title_align": "left",
              "show_legend": false,
              "time": {
                "live_span": "4h"
              },
              "legend_size": "0",
              "type": "timeseries",
              "requests": [
                {
                  "q": "avg:gcp.pubsub.topic.message_sizes.avg{$scope,$project,$subscription,$topic}",
                  "display_type": "line"
                }
              ]
            },
            "layout": {
              "y": 4,
              "x": 0,
              "width": 5,
              "height": 2
            },
            "id": 7
          },
          {
            "definition": {
              "title_size": "16",
              "title": "Configuration changes by operation type",
              "title_align": "left",
              "time": {
                "live_span": "4h"
              },
              "requests": [
                {
                  "formulas": [
                    {
                      "formula": "query1",
                      "limit": {
                        "count": 10,
                        "order": "desc"
                      }
                    }
                  ],
                  "response_format": "scalar",
                  "queries": [
                    {
                      "query": "sum:gcp.pubsub.topic.config_updates_count{$scope,$project,$subscription,$topic} by {operation_type}.as_count()",
                      "data_source": "metrics",
                      "name": "query1",
                      "aggregator": "avg"
                    }
                  ]
                }
              ],
              "type": "toplist"
            },
            "layout": {
              "y": 6,
              "x": 0,
              "width": 5,
              "height": 2
            },
            "id": 8
          }
        ],
        "layout_type": "ordered",
        "type": "group",
        "show_title": true,
        "title": "Subscription"
      },
      "layout": {
        "y": 0,
        "x": 2,
        "width": 5,
        "height": 9
      },
      "id": 2696953335712498
    },
    {
      "definition": {
        "widgets": [
          {
            "definition": {
              "custom_links": [],
              "title_size": "16",
              "title": "Number of unacknowledged messages",
              "title_align": "left",
              "precision": 2,
              "time": {
                "live_span": "1h"
              },
              "autoscale": true,
              "requests": [
                {
                  "q": "sum:gcp.pubsub.subscription.num_outstanding_messages{$scope,$project,$subscription,$topic}",
                  "aggregator": "sum"
                }
              ],
              "type": "query_value"
            },
            "layout": {
              "y": 0,
              "x": 0,
              "width": 5,
              "height": 1
            },
            "id": 9
          },
          {
            "definition": {
              "custom_links": [],
              "title_size": "16",
              "title": "Oldest unacknowledged message",
              "title_align": "left",
              "precision": 2,
              "time": {
                "live_span": "1h"
              },
              "autoscale": true,
              "requests": [
                {
                  "q": "max:gcp.pubsub.subscription.oldest_unacked_message_age{$scope,$project,$subscription,$topic}",
                  "aggregator": "max"
                }
              ],
              "type": "query_value"
            },
            "layout": {
              "y": 1,
              "x": 0,
              "width": 5,
              "height": 1
            },
            "id": 10
          },
          {
            "definition": {
              "custom_links": [],
              "title_size": "16",
              "title": "Undelivered messages by subscription",
              "title_align": "left",
              "show_legend": false,
              "legend_size": "0",
              "type": "timeseries",
              "requests": [
                {
                  "q": "sum:gcp.pubsub.subscription.num_undelivered_messages{$scope,$project,$subscription,$topic} by {subscription_id}",
                  "display_type": "bars"
                }
              ]
            },
            "layout": {
              "y": 2,
              "x": 0,
              "width": 5,
              "height": 2
            },
            "id": 13
          },
          {
            "definition": {
              "custom_links": [],
              "title_size": "16",
              "title": "Pull request count by response code",
              "title_align": "left",
              "show_legend": false,
              "time": {
                "live_span": "4h"
              },
              "legend_size": "0",
              "type": "timeseries",
              "requests": [
                {
                  "q": "sum:gcp.pubsub.subscription.pull_request_count{$scope,$project,$subscription,$topic} by {response_code}.as_count()",
                  "display_type": "bars"
                }
              ]
            },
            "layout": {
              "y": 4,
              "x": 0,
              "width": 5,
              "height": 2
            },
            "id": 11
          },
          {
            "definition": {
              "custom_links": [],
              "title_size": "16",
              "title": "Push request count by response class",
              "title_align": "left",
              "show_legend": false,
              "time": {
                "live_span": "4h"
              },
              "legend_size": "0",
              "type": "timeseries",
              "requests": [
                {
                  "q": "sum:gcp.pubsub.subscription.push_request_count{$scope,$project,$subscription,$topic} by {response_class}.as_count()",
                  "display_type": "bars"
                }
              ]
            },
            "layout": {
              "y": 6,
              "x": 0,
              "width": 5,
              "height": 2
            },
            "id": 12
          }
        ],
        "layout_type": "ordered",
        "type": "group",
        "show_title": true,
        "title": "Topic"
      },
      "layout": {
        "y": 0,
        "x": 7,
        "width": 5,
        "height": 9
      },
      "id": 981671208425792
    },
    {
      "definition": {
        "custom_links": [],
        "title_size": "16",
        "title": "Bytes used by subscriptions",
        "title_align": "left",
        "precision": 0,
        "time": {
          "live_span": "1h"
        },
        "autoscale": true,
        "requests": [
          {
            "q": "sum:gcp.pubsub.subscription.byte_cost{$scope,$project,$subscription,$topic}.as_count()",
            "aggregator": "sum"
          }
        ],
        "type": "query_value"
      },
      "layout": {
        "y": 4,
        "x": 0,
        "width": 2,
        "height": 2
      },
      "id": 1
    },
    {
      "definition": {
        "custom_links": [],
        "title_size": "16",
        "title": "Bytes used by topics",
        "title_align": "left",
        "precision": 2,
        "time": {
          "live_span": "1h"
        },
        "autoscale": true,
        "requests": [
          {
            "q": "sum:gcp.pubsub.topic.byte_cost{$scope,$project,$subscription,$topic}.as_count()",
            "aggregator": "sum"
          }
        ],
        "type": "query_value"
      },
      "layout": {
        "y": 6,
        "x": 0,
        "width": 2,
        "height": 2
      },
      "id": 2
    }
  ],
  "layout_type": "ordered"
}