{
  "notify_list": [],
  "description": "",
  "restricted_roles": [],
  "template_variables": [
    {
      "default": "*",
      "prefix": "validated_host",
      "name": "Host"
    },
    {
      "default": "*",
      "prefix": "tag_key",
      "name": "Key"
    },
    {
      "default": "*",
      "prefix": "tag_value",
      "name": "Value"
    },
    {
      "default": "*",
      "prefix": "org",
      "name": "Org"
    }
  ],
  "is_read_only": false,
  "title": "RapDev Validator Dashboard",
  "widgets": [
    {
      "definition": {
        "title_size": "16",
        "title": "Tag Key Compliance Summary",
        "title_align": "left",
        "has_search_bar": "auto",
        "time": {},
        "requests": [
          {
            "aggregator": "avg",
            "conditional_formats": [
              {
                "palette": "white_on_red",
                "value": 1,
                "comparator": ">="
              },
              {
                "palette": "white_on_green",
                "value": 1,
                "comparator": "<"
              }
            ],
            "order": "desc",
            "q": "avg:rapdev.validator.tag.missing_key{$Host,$Key,$Org} by {validated_host,tag_key}",
            "alias": "Key Compliance",
            "limit": 50,
            "cell_display_mode": [
              "number"
            ]
          }
        ],
        "type": "query_table"
      },
      "layout": {
        "y": 21,
        "x": 69,
        "height": 32,
        "width": 51
      },
      "id": 4926929220723516
    },
    {
      "definition": {
        "title_size": "16",
        "title": "Tag Value Compliance Summary",
        "title_align": "left",
        "has_search_bar": "auto",
        "time": {},
        "requests": [
          {
            "aggregator": "last",
            "conditional_formats": [
              {
                "palette": "white_on_red",
                "value": 1,
                "comparator": ">="
              },
              {
                "palette": "white_on_green",
                "value": 1,
                "comparator": "<"
              }
            ],
            "order": "desc",
            "q": "avg:rapdev.validator.tag.bad_value{$Host,$Key,$Value,$Org} by {validated_host,tag_key,tag_value}",
            "alias": "Value Compliance",
            "limit": 50,
            "cell_display_mode": [
              "number"
            ]
          }
        ],
        "type": "query_table"
      },
      "layout": {
        "y": 63,
        "x": 69,
        "height": 32,
        "width": 51
      },
      "id": 5385810209907484
    },
    {
      "definition": {
        "title_size": "16",
        "title": "Hosts w/ Non-Compliant Values",
        "title_align": "left",
        "custom_unit": "Host",
        "precision": 0,
        "time": {},
        "autoscale": false,
        "requests": [
          {
            "formulas": [
              {
                "formula": "query1"
              }
            ],
            "response_format": "scalar",
            "queries": [
              {
                "query": "sum:rapdev.validator.host.bad_value{$Org,$Host}",
                "data_source": "metrics",
                "name": "query1",
                "aggregator": "last"
              }
            ]
          }
        ],
        "type": "query_value"
      },
      "layout": {
        "y": 63,
        "x": 0,
        "height": 14,
        "width": 22
      },
      "id": 6166738574792742
    },
    {
      "definition": {
        "title_size": "16",
        "title": "% of Hosts with a Missing Key",
        "title_align": "left",
        "custom_unit": "%",
        "precision": 0,
        "time": {},
        "autoscale": false,
        "requests": [
          {
            "formulas": [
              {
                "formula": "(query1 / query2) * 100"
              }
            ],
            "response_format": "scalar",
            "queries": [
              {
                "query": "sum:rapdev.validator.host.missing_key{$Org,$Host}",
                "data_source": "metrics",
                "name": "query1",
                "aggregator": "last"
              },
              {
                "query": "sum:rapdev.validator.host.checked{$Org,$Host}",
                "data_source": "metrics",
                "name": "query2",
                "aggregator": "last"
              }
            ]
          }
        ],
        "type": "query_value"
      },
      "layout": {
        "y": 21,
        "x": 23,
        "height": 14,
        "width": 22
      },
      "id": 7192975506160674
    },
    {
      "definition": {
        "title_size": "16",
        "title": "% of Hosts w/ Non-Compliant Values",
        "title_align": "left",
        "custom_unit": "%",
        "precision": 0,
        "time": {},
        "autoscale": false,
        "requests": [
          {
            "formulas": [
              {
                "formula": "(query1 / query2) * 100"
              }
            ],
            "response_format": "scalar",
            "queries": [
              {
                "query": "sum:rapdev.validator.host.bad_value{$Org,$Host}",
                "data_source": "metrics",
                "name": "query1",
                "aggregator": "last"
              },
              {
                "query": "sum:rapdev.validator.host.bad_value_checked{$Org,$Host}",
                "data_source": "metrics",
                "name": "query2",
                "aggregator": "last"
              }
            ]
          }
        ],
        "type": "query_value"
      },
      "layout": {
        "y": 63,
        "x": 23,
        "height": 14,
        "width": 22
      },
      "id": 4337756586225662
    },
    {
      "definition": {
        "title_size": "16",
        "title": "Tag Key Compliance",
        "title_align": "center",
        "group_by": [],
        "type": "check_status",
        "check": "rapdev.validator.tag.key_validator",
        "tags": [
          "$Key",
          "$Org",
          "$Host"
        ],
        "grouping": "cluster"
      },
      "layout": {
        "y": 21,
        "x": 46,
        "height": 14,
        "width": 22
      },
      "id": 2357874681392010
    },
    {
      "definition": {
        "title_size": "16",
        "title": "Tag Value Compliance",
        "title_align": "center",
        "group_by": [],
        "type": "check_status",
        "check": "rapdev.validator.tag.value_validator",
        "tags": [
          "$Org",
          "$Key",
          "$Host",
          "$Value"
        ],
        "grouping": "cluster"
      },
      "layout": {
        "y": 63,
        "x": 46,
        "height": 14,
        "width": 22
      },
      "id": 2602184603332672
    },
    {
      "definition": {
        "title_size": "16",
        "legend_columns": [
          "avg",
          "min",
          "max",
          "value",
          "sum"
        ],
        "yaxis": {
          "include_zero": true,
          "max": "auto",
          "scale": "linear",
          "min": "auto",
          "label": ""
        },
        "title_align": "left",
        "markers": [],
        "legend_layout": "auto",
        "show_legend": false,
        "time": {},
        "title": "Missing Keys by Tag Key",
        "requests": [
          {
            "formulas": [
              {
                "formula": "query1"
              }
            ],
            "style": {
              "line_width": "normal",
              "palette": "dog_classic",
              "line_type": "solid"
            },
            "response_format": "timeseries",
            "on_right_yaxis": false,
            "display_type": "bars",
            "queries": [
              {
                "query": "sum:rapdev.validator.tag.missing_key{$Host,$Org,$Key} by {tag_key}",
                "data_source": "metrics",
                "name": "query1"
              }
            ]
          }
        ],
        "type": "timeseries"
      },
      "layout": {
        "y": 36,
        "x": 0,
        "height": 17,
        "width": 68
      },
      "id": 3455436266517960
    },
    {
      "definition": {
        "title_size": "16",
        "legend_columns": [
          "avg",
          "min",
          "max",
          "value",
          "sum"
        ],
        "yaxis": {
          "include_zero": true,
          "max": "auto",
          "scale": "linear",
          "min": "auto",
          "label": ""
        },
        "title_align": "left",
        "markers": [],
        "legend_layout": "auto",
        "show_legend": false,
        "time": {},
        "title": "Non-Compliance by Tag Key",
        "requests": [
          {
            "on_right_yaxis": false,
            "style": {
              "line_width": "normal",
              "palette": "dog_classic",
              "line_type": "solid"
            },
            "display_type": "bars",
            "response_format": "timeseries",
            "queries": [
              {
                "query": "sum:rapdev.validator.tag.bad_value{$Host,$Key,$Org,$Value} by {tag_key}",
                "data_source": "metrics",
                "name": "query1"
              }
            ]
          }
        ],
        "type": "timeseries"
      },
      "layout": {
        "y": 78,
        "x": 0,
        "height": 17,
        "width": 68
      },
      "id": 3617169022964846
    },
    {
      "definition": {
        "title_size": "16",
        "title": "Hosts Missing Tag Keys",
        "title_align": "left",
        "custom_unit": "Host",
        "precision": 0,
        "time": {},
        "requests": [
          {
            "formulas": [
              {
                "formula": "query1"
              }
            ],
            "response_format": "scalar",
            "queries": [
              {
                "query": "sum:rapdev.validator.host.missing_key{$Org,$Host}",
                "data_source": "metrics",
                "name": "query1",
                "aggregator": "last"
              }
            ]
          }
        ],
        "type": "query_value"
      },
      "layout": {
        "y": 21,
        "x": 0,
        "height": 14,
        "width": 22
      },
      "id": 369483642041052
    },
    {
      "definition": {
        "title_size": "16",
        "title": "Number of Agents Installed",
        "title_align": "left",
        "custom_unit": "Host",
        "precision": 0,
        "time": {},
        "autoscale": false,
        "requests": [
          {
            "formulas": [
              {
                "formula": "query1"
              }
            ],
            "response_format": "scalar",
            "queries": [
              {
                "query": "sum:rapdev.validator.agent.installed{$Org,$Host}",
                "data_source": "metrics",
                "name": "query1",
                "aggregator": "last"
              }
            ]
          }
        ],
        "type": "query_value"
      },
      "layout": {
        "y": 105,
        "x": 0,
        "height": 14,
        "width": 22
      },
      "id": 8423819888504092
    },
    {
      "definition": {
        "title_size": "16",
        "title": "% of Hosts with Agent Installed",
        "title_align": "left",
        "custom_unit": "%",
        "precision": 0,
        "time": {},
        "autoscale": false,
        "requests": [
          {
            "formulas": [
              {
                "formula": "(query1 / query2) * 100"
              }
            ],
            "response_format": "scalar",
            "queries": [
              {
                "query": "sum:rapdev.validator.agent.installed{$Org,$Host}",
                "data_source": "metrics",
                "name": "query1",
                "aggregator": "last"
              },
              {
                "query": "sum:rapdev.validator.host.checked{$Org,$Host}",
                "data_source": "metrics",
                "name": "query2",
                "aggregator": "last"
              }
            ]
          }
        ],
        "type": "query_value"
      },
      "layout": {
        "y": 105,
        "x": 23,
        "height": 14,
        "width": 22
      },
      "id": 6665178424932306
    },
    {
      "definition": {
        "title_size": "16",
        "title": "Agent Compliance",
        "title_align": "center",
        "group_by": [],
        "type": "check_status",
        "check": "rapdev.validator.agent.is_installed",
        "tags": [
          "$Org",
          "$Host"
        ],
        "grouping": "cluster"
      },
      "layout": {
        "y": 105,
        "x": 46,
        "height": 14,
        "width": 22
      },
      "id": 1437726547788660
    },
    {
      "definition": {
        "tick_pos": "50%",
        "show_tick": false,
        "type": "note",
        "tick_edge": "left",
        "text_align": "left",
        "content": "The RapDev Validator is a tool that is used to audit DataDog hosts for tag and agent compliance, making sure hosts follow tagging guidelines and have DataDog agents running on them.",
        "font_size": "16",
        "background_color": "white"
      },
      "layout": {
        "y": 0,
        "x": 23,
        "height": 12,
        "width": 60
      },
      "id": 8313081272697574
    },
    {
      "definition": {
        "url": "https://files.rapdev.io/images/rapdev-dash-logo.png",
        "sizing": "fit",
        "type": "image"
      },
      "layout": {
        "y": 0,
        "x": 0,
        "height": 12,
        "width": 22
      },
      "id": 3502238355125564
    },
    {
      "definition": {
        "tick_pos": "50%",
        "show_tick": true,
        "type": "note",
        "tick_edge": "bottom",
        "text_align": "center",
        "content": "Tag Key Compliance",
        "font_size": "24",
        "background_color": "white"
      },
      "layout": {
        "y": 13,
        "x": 0,
        "height": 7,
        "width": 120
      },
      "id": 3717231993470434
    },
    {
      "definition": {
        "tick_pos": "50%",
        "show_tick": true,
        "type": "note",
        "tick_edge": "bottom",
        "text_align": "center",
        "content": "Tag Value Compliance",
        "font_size": "24",
        "background_color": "white"
      },
      "layout": {
        "y": 55,
        "x": 0,
        "height": 7,
        "width": 120
      },
      "id": 6941520534444872
    },
    {
      "definition": {
        "tick_pos": "50%",
        "show_tick": true,
        "type": "note",
        "tick_edge": "bottom",
        "text_align": "center",
        "content": "Agent Inventory",
        "font_size": "24",
        "background_color": "white"
      },
      "layout": {
        "y": 97,
        "x": 0,
        "height": 7,
        "width": 120
      },
      "id": 335987030172920
    },
    {
      "definition": {
        "title_size": "16",
        "title": "Datadog Agent Inventory",
        "title_align": "left",
        "has_search_bar": "auto",
        "time": {},
        "requests": [
          {
            "aggregator": "last",
            "conditional_formats": [
              {
                "palette": "white_on_red",
                "value": 1,
                "comparator": "<"
              },
              {
                "palette": "white_on_green",
                "value": 1,
                "comparator": ">="
              }
            ],
            "order": "desc",
            "q": "avg:rapdev.validator.agent.installed{$Host,$Org} by {validated_host,agent_version}",
            "alias": "Agent Status",
            "limit": 50,
            "cell_display_mode": [
              "number"
            ]
          }
        ],
        "type": "query_table"
      },
      "layout": {
        "y": 105,
        "x": 69,
        "height": 32,
        "width": 51
      },
      "id": 345146869760626
    },
    {
      "definition": {
        "title_size": "16",
        "title": "Agents Installed by Version",
        "title_align": "left",
        "time": {},
        "requests": [
          {
            "formulas": [
              {
                "formula": "query1",
                "limit": {
                  "count": 10,
                  "order": "desc"
                }
              }
            ],
            "response_format": "scalar",
            "queries": [
              {
                "query": "sum:rapdev.validator.agent.installed{$Host,$Org} by {agent_version}",
                "data_source": "metrics",
                "name": "query1",
                "aggregator": "last"
              }
            ]
          }
        ],
        "type": "toplist"
      },
      "layout": {
        "y": 120,
        "x": 0,
        "height": 17,
        "width": 68
      },
      "id": 3170908297120882
    }
  ],
  "layout_type": "free"
}