{
  "notify_list": null,
  "description": "## Title\n\nDescribe this dashboard. Add links to other dashboards, monitors, wikis,  and docs to help your teammates. Markdown is supported.\n\n- [This might link to a dashboard](#)\n- [This might link to a wiki](#)",
  "restricted_roles": [],
  "template_variable_presets": [
    {
      "template_variables": [
        {
          "name": "resource_group",
          "value": "cs-udp-dev"
        }
      ],
      "name": "CS UDP DEV"
    },
    {
      "template_variables": [],
      "name": "STAGE002"
    },
    {
      "template_variables": [
        {
          "name": "resource_group",
          "value": "pzi-gxu2-n-rgp-mshtr-s005"
        }
      ],
      "name": "STAGE005"
    }
  ],
  "template_variables": [
    {
      "default": "pzi-gxu7-n-rgp-mshtr-s002",
      "prefix": "resource_group",
      "name": "resource_group",
      "available_values": [
        "pzi-gxu2-n-rgp-mshtr-s005",
        "pzi-gxu7-n-rgp-mshtr-s002",
        "cs-udp-dev"
      ]
    }
  ],
  "is_read_only": false,
  "title": "[TEMPLATE] - Azure Containers Registry",
  "reflow_type": "fixed",
  "widgets": [
    {
      "definition": {
        "font_size": "14",
        "background_color": "white",
        "type": "note",
        "tick_edge": "left",
        "text_align": "left",
        "content": "# CONNECTED SOLUTIONS \n- [ Azure Storage](https://pwc-digital.datadoghq.com/dashboard/rc5-yfx-b9u/connected-solutions---azure-storage?tpl_var_app=$app.value&tpl_var_resource_group=$resource_group.value&tpl_var_subscription_name=$subscription_name.value&live=true)\n- [ Azure Key Vault](https://pwc-digital.datadoghq.com/dashboard/qcn-8wa-kf3/connected-solutions---azure-key-vault?tpl_var_app=$app.value&tpl_var_resource_group=$resource_group.value&tpl_var_subscription_name=$subscription_name.value&live=true)\n- [ Azure App Gateway](https://pwc-digital.datadoghq.com/dashboard/2jj-s8s-atf/connected-solutions---azure-app-gateway?tpl_var_app=$app.value&tpl_var_resource_group=$resource_group.value&tpl_var_subscription_name=$subscription_name.value&live=true)\n- [ Azure App Service](https://pwc-digital.datadoghq.com/dashboard/7xa-6bn-rr2/connected-solutions---azure-app-service?tpl_var_app=$app.value&tpl_var_resource_group=$resource_group.value&tpl_var_subscription_name=$subscription_name.value&live=true)\n- [ Azure Function](https://pwc-digital.datadoghq.com/dashboard/ghf-kqf-ud9/connected-solutions---azure-functions?tpl_var_app=$app.value&tpl_var_resource_group=$resource_group.value&tpl_var_subscription_name=$subscription_name.value&live=true)\n- [ Azure Redis](https://pwc-digital.datadoghq.com/dashboard/c2u-a73-z73/connected-solutions---azure-paas-redis-cache?tpl_var_app=$app.value&tpl_var_resource_group=$resource_group.value&tpl_var_subscription_name=$subscription_name.value&live=true)\n- [ Azure Containers Registry](https://pwc-digital.datadoghq.com/dashboard/4da-rik-brx/connected-solutions---azure-containers-registry?tpl_var_app=$app.value&tpl_var_resource_group=$resource_group.value&tpl_var_subscription_name=$subscription_name.value&live=true)\n- [ Azure Data Factory](https://pwc-digital.datadoghq.com/dashboard/h4v-bjp-aui/connected-solutions---azure-datafactory?tpl_var_app=$app.value&tpl_var_resource_group=$resource_group.value&tpl_var_subscription_name=$subscription_name.value&live=true)\n- [ Azure SQL Server](https://pwc-digital.datadoghq.com/dashboard/7hu-njx-98g/connected-solutions---sqlserver---overview?tpl_var_app=$app.value&tpl_var_resource_group=$resource_group.value&tpl_var_subscription_name=$subscription_name.value&live=true)\n- [ Google Cloud Functions](https://pwc-digital.datadoghq.com/dashboard/3wm-yup-7ip/connected-solutions---google-cloud-functions?tpl_var_app=$app.value&tpl_var_resource_group=$resource_group.value&tpl_var_subscription_name=$subscription_name.value&live=true)",
        "vertical_align": "top",
        "has_padding": true,
        "show_tick": false,
        "tick_pos": "50%"
      },
      "layout": {
        "y": 0,
        "x": 0,
        "width": 2,
        "height": 5
      },
      "id": 3323721779675772
    },
    {
      "definition": {
        "widgets": [
          {
            "definition": {
              "title_size": "16",
              "title": "Registry Count",
              "title_align": "left",
              "precision": 2,
              "autoscale": true,
              "requests": [
                {
                  "formulas": [
                    {
                      "formula": "query1"
                    }
                  ],
                  "conditional_formats": [
                    {
                      "palette": "white_on_green",
                      "comparator": ">=",
                      "value": 1
                    }
                  ],
                  "response_format": "scalar",
                  "queries": [
                    {
                      "query": "avg:azure.containerregistry_registries.count{$resource_group}",
                      "data_source": "metrics",
                      "name": "query1",
                      "aggregator": "avg"
                    }
                  ]
                }
              ],
              "type": "query_value"
            },
            "layout": {
              "y": 0,
              "x": 0,
              "width": 2,
              "height": 2
            },
            "id": 378911425314112
          },
          {
            "definition": {
              "title_size": "16",
              "title": "Webhook Count",
              "title_align": "left",
              "precision": 2,
              "autoscale": true,
              "requests": [
                {
                  "formulas": [
                    {
                      "formula": "query1"
                    }
                  ],
                  "conditional_formats": [
                    {
                      "palette": "white_on_green",
                      "comparator": ">=",
                      "value": 1
                    }
                  ],
                  "response_format": "scalar",
                  "queries": [
                    {
                      "query": "avg:azure.containerregistry_registries_webhooks.count{$resource_group}",
                      "data_source": "metrics",
                      "name": "query1",
                      "aggregator": "avg"
                    }
                  ]
                }
              ],
              "type": "query_value"
            },
            "layout": {
              "y": 0,
              "x": 2,
              "width": 2,
              "height": 2
            },
            "id": 5470623869096436
          },
          {
            "definition": {
              "title_size": "16",
              "title": "Total Pull",
              "title_align": "left",
              "precision": 2,
              "autoscale": true,
              "requests": [
                {
                  "formulas": [
                    {
                      "formula": "query1"
                    }
                  ],
                  "conditional_formats": [
                    {
                      "palette": "white_on_green",
                      "comparator": ">=",
                      "value": 1
                    }
                  ],
                  "response_format": "scalar",
                  "queries": [
                    {
                      "query": "avg:azure.containerregistry_registries.total_pull_count{$resource_group}",
                      "data_source": "metrics",
                      "name": "query1",
                      "aggregator": "avg"
                    }
                  ]
                }
              ],
              "type": "query_value"
            },
            "layout": {
              "y": 0,
              "x": 4,
              "width": 2,
              "height": 2
            },
            "id": 1166288476582808
          },
          {
            "definition": {
              "title_size": "16",
              "title": "Total Push",
              "title_align": "left",
              "precision": 2,
              "autoscale": true,
              "requests": [
                {
                  "formulas": [
                    {
                      "formula": "query1"
                    }
                  ],
                  "conditional_formats": [
                    {
                      "palette": "white_on_green",
                      "comparator": ">=",
                      "value": 1
                    }
                  ],
                  "response_format": "scalar",
                  "queries": [
                    {
                      "query": "avg:azure.containerregistry_registries.total_push_count{$resource_group}",
                      "data_source": "metrics",
                      "name": "query1",
                      "aggregator": "avg"
                    }
                  ]
                }
              ],
              "type": "query_value"
            },
            "layout": {
              "y": 0,
              "x": 6,
              "width": 2,
              "height": 2
            },
            "id": 7953751773123806
          },
          {
            "definition": {
              "title_size": "16",
              "title": "Replications",
              "title_align": "left",
              "precision": 2,
              "autoscale": true,
              "requests": [
                {
                  "formulas": [
                    {
                      "formula": "query1"
                    }
                  ],
                  "conditional_formats": [
                    {
                      "palette": "white_on_green",
                      "comparator": ">=",
                      "value": 1
                    }
                  ],
                  "response_format": "scalar",
                  "queries": [
                    {
                      "query": "avg:azure.containerregistry_registries_replications.count{$resource_group}",
                      "data_source": "metrics",
                      "name": "query1",
                      "aggregator": "avg"
                    }
                  ]
                }
              ],
              "type": "query_value"
            },
            "layout": {
              "y": 0,
              "x": 8,
              "width": 2,
              "height": 2
            },
            "id": 4271621975606042
          },
          {
            "definition": {
              "title_size": "16",
              "legend_columns": [
                "avg",
                "min",
                "max",
                "value",
                "sum"
              ],
              "title": "Storage Used",
              "title_align": "left",
              "legend_layout": "auto",
              "show_legend": true,
              "requests": [
                {
                  "formulas": [
                    {
                      "formula": "query1"
                    }
                  ],
                  "style": {
                    "line_width": "normal",
                    "palette": "dog_classic",
                    "line_type": "solid"
                  },
                  "display_type": "line",
                  "response_format": "timeseries",
                  "queries": [
                    {
                      "query": "avg:azure.containerregistry_registries.storage_used{$resource_group}",
                      "data_source": "metrics",
                      "name": "query1"
                    }
                  ]
                }
              ],
              "type": "timeseries"
            },
            "layout": {
              "y": 2,
              "x": 0,
              "width": 5,
              "height": 2
            },
            "id": 1983168348275832
          },
          {
            "definition": {
              "title_size": "16",
              "legend_columns": [
                "avg",
                "min",
                "max",
                "value",
                "sum"
              ],
              "title": "CPU Time",
              "title_align": "left",
              "legend_layout": "auto",
              "show_legend": true,
              "requests": [
                {
                  "formulas": [
                    {
                      "formula": "query1"
                    }
                  ],
                  "style": {
                    "line_width": "normal",
                    "palette": "dog_classic",
                    "line_type": "solid"
                  },
                  "display_type": "line",
                  "response_format": "timeseries",
                  "queries": [
                    {
                      "query": "avg:azure.containerregistry_registries.agent_pool_cpu_time{$resource_group}",
                      "data_source": "metrics",
                      "name": "query1"
                    }
                  ]
                }
              ],
              "type": "timeseries"
            },
            "layout": {
              "y": 2,
              "x": 5,
              "width": 5,
              "height": 2
            },
            "id": 8101910820718984
          }
        ],
        "layout_type": "ordered",
        "type": "group",
        "show_title": true,
        "title": "Overview"
      },
      "layout": {
        "y": 0,
        "x": 2,
        "width": 10,
        "height": 5
      },
      "id": 562574764993276
    }
  ],
  "layout_type": "ordered"
}