{
  "notify_list": [],
  "description": "## Title\n\nDescribe this dashboard. Add links to other dashboards, monitors, wikis,  and docs to help your teammates. Markdown is supported.\n\n- [This might link to a dashboard](#)\n- [This might link to a wiki](#)",
  "restricted_roles": [],
  "template_variables": [],
  "is_read_only": false,
  "title": "R7 Investigations",
  "reflow_type": "fixed",
  "widgets": [
    {
      "definition": {
        "title_size": "16",
        "title": "Rapid7 Investigations",
        "title_align": "left",
        "tags_execution": "and",
        "query": "tags:rapid7_investigations",
        "type": "event_stream",
        "event_size": "l"
      },
      "layout": {
        "y": 0,
        "x": 0,
        "height": 7,
        "width": 6
      },
      "id": 7435975877153996
    }
  ],
  "layout_type": "ordered"
}