{
  "notify_list": [],
  "description": "",
  "restricted_roles": [],
  "template_variables": [
    {
      "default": "*",
      "prefix": "snmp_device",
      "name": "IP"
    },
    {
      "default": "rd-dell-vrtx",
      "prefix": "snmp_profile",
      "name": "SNMP_Profile"
    },
    {
      "default": "*",
      "prefix": "host",
      "name": "Host"
    },
    {
      "default": "*",
      "prefix": "sysname",
      "name": "Sysname"
    },
    {
      "default": "*",
      "prefix": "interface",
      "name": "Interface"
    },
    {
      "default": "*",
      "prefix": "interfacedescription",
      "name": "InterfaceDescription"
    }
  ],
  "is_read_only": false,
  "title": "RapDev Dell VRTX Dashboard",
  "widgets": [
    {
      "definition": {
        "autoscale": true,
        "title": "VRTX Overall System Health",
        "title_align": "left",
        "precision": 2,
        "title_size": "16",
        "requests": [
          {
            "q": "avg:snmp.Global.System.Status{$IP,$SNMP_Profile,$Host,$Sysname}",
            "aggregator": "last",
            "conditional_formats": [
              {
                "palette": "white_on_red",
                "value": 3,
                "comparator": ">"
              },
              {
                "palette": "white_on_red",
                "value": 3,
                "comparator": "<"
              },
              {
                "palette": "white_on_green",
                "value": 3,
                "comparator": ">="
              }
            ]
          }
        ],
        "type": "query_value"
      },
      "layout": {
        "y": 0,
        "x": 0,
        "height": 15,
        "width": 23
      },
      "id": 2883853903854399
    },
    {
      "definition": {
        "autoscale": true,
        "title": "IOS Health",
        "title_align": "left",
        "precision": 0,
        "title_size": "16",
        "requests": [
          {
            "q": "max:snmp.IOS.SubsystemStatus{$IP,$SNMP_Profile,$Host,$Sysname}",
            "aggregator": "last",
            "conditional_formats": [
              {
                "palette": "white_on_red",
                "value": 4,
                "comparator": ">"
              },
              {
                "palette": "white_on_yellow",
                "value": 3,
                "comparator": ">"
              },
              {
                "custom_bg_color": "#868383",
                "palette": "custom_bg",
                "value": 3,
                "comparator": "<"
              },
              {
                "palette": "white_on_green",
                "value": 3,
                "comparator": ">="
              }
            ]
          }
        ],
        "type": "query_value"
      },
      "layout": {
        "y": 23,
        "x": 0,
        "height": 15,
        "width": 14
      },
      "id": 3211307234404596
    },
    {
      "definition": {
        "autoscale": true,
        "title": "iKVM Health",
        "title_align": "left",
        "precision": 0,
        "title_size": "16",
        "requests": [
          {
            "q": "max:snmp.iKVM.SubsystemStatus{$IP,$SNMP_Profile,$Host,$Sysname}",
            "aggregator": "last",
            "conditional_formats": [
              {
                "palette": "white_on_red",
                "value": 4,
                "comparator": ">"
              },
              {
                "palette": "white_on_yellow",
                "value": 3,
                "comparator": ">"
              },
              {
                "custom_bg_color": "#868383",
                "palette": "custom_bg",
                "value": 3,
                "comparator": "<"
              },
              {
                "palette": "white_on_green",
                "value": 3,
                "comparator": ">="
              }
            ]
          }
        ],
        "type": "query_value"
      },
      "layout": {
        "y": 23,
        "x": 15,
        "height": 15,
        "width": 14
      },
      "id": 5385499137655807
    },
    {
      "definition": {
        "autoscale": true,
        "title": "Redundancy Health",
        "title_align": "left",
        "precision": 0,
        "title_size": "16",
        "requests": [
          {
            "q": "max:snmp.Redundancy.Status{$IP,$SNMP_Profile,$Host,$Sysname}",
            "aggregator": "last",
            "conditional_formats": [
              {
                "palette": "white_on_red",
                "value": 4,
                "comparator": ">"
              },
              {
                "palette": "white_on_yellow",
                "value": 3,
                "comparator": ">"
              },
              {
                "custom_bg_color": "#868383",
                "palette": "custom_bg",
                "value": 3,
                "comparator": "<"
              },
              {
                "palette": "white_on_green",
                "value": 3,
                "comparator": ">="
              }
            ]
          }
        ],
        "type": "query_value"
      },
      "layout": {
        "y": 23,
        "x": 44,
        "height": 15,
        "width": 14
      },
      "id": 1872295584302962
    },
    {
      "definition": {
        "autoscale": true,
        "title": "Power Health",
        "title_align": "left",
        "precision": 0,
        "title_size": "16",
        "requests": [
          {
            "q": "max:snmp.Power.SubsystemStatus{$IP,$SNMP_Profile,$Host,$Sysname}",
            "aggregator": "last",
            "conditional_formats": [
              {
                "palette": "white_on_red",
                "value": 4,
                "comparator": ">"
              },
              {
                "palette": "white_on_yellow",
                "value": 3,
                "comparator": ">"
              },
              {
                "custom_bg_color": "#868383",
                "palette": "custom_bg",
                "value": 3,
                "comparator": "<"
              },
              {
                "palette": "white_on_green",
                "value": 3,
                "comparator": ">="
              }
            ]
          }
        ],
        "type": "query_value"
      },
      "layout": {
        "y": 23,
        "x": 59,
        "height": 15,
        "width": 14
      },
      "id": 2111133749816049
    },
    {
      "definition": {
        "autoscale": true,
        "title": "TempSensor Health",
        "title_align": "left",
        "precision": 0,
        "title_size": "16",
        "requests": [
          {
            "q": "max:snmp.TempSensor.SubsystemStatus{$IP,$SNMP_Profile,$Host,$Sysname}",
            "aggregator": "last",
            "conditional_formats": [
              {
                "palette": "white_on_red",
                "value": 4,
                "comparator": ">"
              },
              {
                "palette": "white_on_yellow",
                "value": 3,
                "comparator": ">"
              },
              {
                "custom_bg_color": "#868383",
                "palette": "custom_bg",
                "value": 3,
                "comparator": "<"
              },
              {
                "palette": "white_on_green",
                "value": 3,
                "comparator": ">="
              }
            ]
          }
        ],
        "type": "query_value"
      },
      "layout": {
        "y": 23,
        "x": 104,
        "height": 15,
        "width": 13
      },
      "id": 2114649476211789
    },
    {
      "definition": {
        "autoscale": true,
        "title": "CMC Health",
        "title_align": "left",
        "precision": 0,
        "title_size": "16",
        "requests": [
          {
            "q": "max:snmp.CMC.Status{$IP,$SNMP_Profile,$Host,$Sysname}",
            "aggregator": "last",
            "conditional_formats": [
              {
                "palette": "white_on_red",
                "value": 4,
                "comparator": ">"
              },
              {
                "palette": "white_on_yellow",
                "value": 3,
                "comparator": ">"
              },
              {
                "custom_bg_color": "#868383",
                "palette": "custom_bg",
                "value": 3,
                "comparator": "<"
              },
              {
                "palette": "white_on_green",
                "value": 3,
                "comparator": ">="
              }
            ]
          }
        ],
        "type": "query_value"
      },
      "layout": {
        "y": 23,
        "x": 30,
        "height": 15,
        "width": 13
      },
      "id": 2139351344873477
    },
    {
      "definition": {
        "autoscale": true,
        "title": "Fan Health",
        "title_align": "left",
        "precision": 0,
        "title_size": "16",
        "requests": [
          {
            "q": "max:snmp.Fan.SubsystemStatus{$IP,$SNMP_Profile,$Host,$Sysname}",
            "aggregator": "last",
            "conditional_formats": [
              {
                "palette": "white_on_red",
                "value": 4,
                "comparator": ">"
              },
              {
                "palette": "white_on_yellow",
                "value": 3,
                "comparator": ">"
              },
              {
                "custom_bg_color": "#868383",
                "palette": "custom_bg",
                "value": 3,
                "comparator": "<"
              },
              {
                "palette": "white_on_green",
                "value": 3,
                "comparator": ">="
              }
            ]
          }
        ],
        "type": "query_value"
      },
      "layout": {
        "y": 23,
        "x": 89,
        "height": 15,
        "width": 14
      },
      "id": 2469832945317022
    },
    {
      "definition": {
        "autoscale": true,
        "title": "Blade Health",
        "title_align": "left",
        "precision": 0,
        "title_size": "16",
        "requests": [
          {
            "q": "max:snmp.Blade.SubsystemStatus{$IP,$SNMP_Profile,$Host,$Sysname}",
            "aggregator": "last",
            "conditional_formats": [
              {
                "palette": "white_on_red",
                "value": 4,
                "comparator": ">"
              },
              {
                "palette": "white_on_yellow",
                "value": 3,
                "comparator": ">"
              },
              {
                "custom_bg_color": "#868383",
                "palette": "custom_bg",
                "value": 3,
                "comparator": "<"
              },
              {
                "palette": "white_on_green",
                "value": 3,
                "comparator": ">="
              }
            ]
          }
        ],
        "type": "query_value"
      },
      "layout": {
        "y": 23,
        "x": 74,
        "height": 15,
        "width": 14
      },
      "id": 1378565284456023
    },
    {
      "definition": {
        "title_size": "16",
        "legend_columns": [
          "avg",
          "min",
          "max",
          "value",
          "sum"
        ],
        "yaxis": {
          "include_zero": true,
          "max": "auto",
          "scale": "linear",
          "min": "auto",
          "label": ""
        },
        "title_align": "left",
        "markers": [],
        "legend_layout": "vertical",
        "show_legend": false,
        "title": "Chassis Front Panel Temperature",
        "requests": [
          {
            "q": "avg:snmp.ChassisFrontPanel.Temperature{$IP,$SNMP_Profile,$Host,$Sysname} by {sysname}",
            "style": {
              "line_width": "normal",
              "palette": "dog_classic",
              "line_type": "solid"
            },
            "display_type": "line"
          }
        ],
        "type": "timeseries"
      },
      "layout": {
        "y": 46,
        "x": 0,
        "height": 15,
        "width": 39
      },
      "id": 2585821707111040
    },
    {
      "definition": {
        "title_size": "16",
        "legend_columns": [
          "avg",
          "min",
          "max",
          "value",
          "sum"
        ],
        "yaxis": {
          "include_zero": true,
          "max": "auto",
          "scale": "linear",
          "min": "auto",
          "label": ""
        },
        "title_align": "left",
        "markers": [],
        "legend_layout": "vertical",
        "show_legend": false,
        "title": "CMC Temperature",
        "requests": [
          {
            "q": "avg:snmp.CMC.Temperature{$IP,$SNMP_Profile,$Host,$Sysname} by {sysname}",
            "style": {
              "line_width": "normal",
              "palette": "dog_classic",
              "line_type": "solid"
            },
            "display_type": "line"
          }
        ],
        "type": "timeseries"
      },
      "layout": {
        "y": 46,
        "x": 40,
        "height": 15,
        "width": 36
      },
      "id": 368930663877893
    },
    {
      "definition": {
        "title_size": "16",
        "legend_columns": [
          "avg",
          "min",
          "max",
          "value",
          "sum"
        ],
        "yaxis": {
          "include_zero": true,
          "max": "auto",
          "scale": "linear",
          "min": "auto",
          "label": ""
        },
        "title_align": "left",
        "markers": [],
        "legend_layout": "vertical",
        "show_legend": false,
        "title": "CMC Processor Temperature",
        "requests": [
          {
            "q": "avg:snmp.CMCProcessor.Temperature{$IP,$SNMP_Profile,$Host,$Sysname} by {sysname}",
            "style": {
              "line_width": "normal",
              "palette": "dog_classic",
              "line_type": "solid"
            },
            "display_type": "line"
          }
        ],
        "type": "timeseries"
      },
      "layout": {
        "y": 46,
        "x": 77,
        "height": 15,
        "width": 40
      },
      "id": 8964824738681970
    },
    {
      "definition": {
        "title_size": "16",
        "legend_columns": [
          "avg",
          "min",
          "max",
          "value",
          "sum"
        ],
        "yaxis": {
          "include_zero": true,
          "max": "auto",
          "scale": "linear",
          "min": "auto",
          "label": ""
        },
        "title_align": "left",
        "markers": [],
        "legend_layout": "vertical",
        "show_legend": false,
        "title": "PSU Current (amps)",
        "requests": [
          {
            "q": "avg:snmp.PSU.CurrentReading{$IP,$SNMP_Profile,$Host,$Sysname} by {psu_location,sysname}",
            "style": {
              "line_width": "normal",
              "palette": "dog_classic",
              "line_type": "solid"
            },
            "display_type": "line"
          }
        ],
        "type": "timeseries"
      },
      "layout": {
        "y": 90,
        "x": -4,
        "height": 15,
        "width": 39
      },
      "id": 8657642923796845
    },
    {
      "definition": {
        "title_size": "16",
        "legend_columns": [
          "avg",
          "min",
          "max",
          "value",
          "sum"
        ],
        "yaxis": {
          "include_zero": true,
          "max": "auto",
          "scale": "linear",
          "min": "auto",
          "label": ""
        },
        "title_align": "left",
        "markers": [],
        "legend_layout": "vertical",
        "show_legend": false,
        "title": "Chassis Current Usage (amps)",
        "requests": [
          {
            "q": "avg:snmp.Power.Current{$IP,$SNMP_Profile,$Host,$Sysname} by {sysname}",
            "style": {
              "line_width": "normal",
              "palette": "dog_classic",
              "line_type": "solid"
            },
            "display_type": "line"
          }
        ],
        "type": "timeseries"
      },
      "layout": {
        "y": 69,
        "x": 80,
        "height": 20,
        "width": 38
      },
      "id": 957269150998708
    },
    {
      "definition": {
        "title_size": "16",
        "legend_columns": [
          "avg",
          "min",
          "max",
          "value",
          "sum"
        ],
        "yaxis": {
          "include_zero": true,
          "max": "auto",
          "scale": "linear",
          "min": "auto",
          "label": ""
        },
        "title_align": "left",
        "markers": [
          {
            "display_type": "info dashed",
            "value": "y = 1",
            "label": " Other "
          },
          {
            "display_type": "info dashed",
            "value": "y = 2",
            "label": " Unknown "
          },
          {
            "display_type": "ok dashed",
            "value": "y = 3",
            "label": " OK "
          },
          {
            "display_type": "warning dashed",
            "value": "y = 4",
            "label": " Non-Critical "
          },
          {
            "display_type": "error dashed",
            "value": "y = 5",
            "label": " Critical "
          },
          {
            "display_type": "error dashed",
            "value": "y = 6",
            "label": " NonRecoverable "
          }
        ],
        "legend_layout": "vertical",
        "show_legend": false,
        "title": "Power Subsystem Status",
        "requests": [
          {
            "q": "avg:snmp.Power.SubsystemStatus{$IP,$SNMP_Profile,$Host,$Sysname} by {sysname}",
            "style": {
              "line_width": "normal",
              "palette": "dog_classic",
              "line_type": "solid"
            },
            "display_type": "line"
          }
        ],
        "type": "timeseries"
      },
      "layout": {
        "y": 69,
        "x": 0,
        "height": 20,
        "width": 39
      },
      "id": 736789011474242
    },
    {
      "definition": {
        "title_size": "16",
        "legend_columns": [
          "avg",
          "min",
          "max",
          "value",
          "sum"
        ],
        "yaxis": {
          "include_zero": true,
          "max": "auto",
          "scale": "linear",
          "min": "auto",
          "label": ""
        },
        "title_align": "left",
        "markers": [
          {
            "display_type": "info dashed",
            "value": "y = 1",
            "label": " Can't Be Determined "
          },
          {
            "display_type": "info dashed",
            "value": "y = 2",
            "label": " Available - No RAID "
          },
          {
            "display_type": "ok dashed",
            "value": "y = 3",
            "label": " RAID Present "
          },
          {
            "display_type": "info dashed",
            "value": "y = 4",
            "label": " Disk Moved "
          },
          {
            "display_type": "warning dashed",
            "value": "y = 5",
            "label": " Not Available to RAID Controller "
          },
          {
            "display_type": "warning dashed",
            "value": "y = 6",
            "label": " Blocked by Controller "
          },
          {
            "display_type": "error dashed",
            "value": "y = 7",
            "label": " Failure "
          },
          {
            "display_type": "info dashed",
            "value": "y = 8",
            "label": " Not RAID Compatible "
          },
          {
            "display_type": "error dashed",
            "value": "y = 9",
            "label": " Disk Removed "
          },
          {
            "display_type": "info dashed",
            "value": "y = 10",
            "label": " Read-Only "
          }
        ],
        "legend_layout": "vertical",
        "show_legend": false,
        "time": {},
        "title": "Disk States",
        "requests": [
          {
            "q": "avg:snmp.Disk.State{$IP,$SNMP_Profile,$Host,$Sysname} by {sysname,physicaldisk}",
            "style": {
              "line_width": "normal",
              "palette": "dog_classic",
              "line_type": "solid"
            },
            "display_type": "line"
          }
        ],
        "type": "timeseries"
      },
      "layout": {
        "y": 179,
        "x": 0,
        "height": 26,
        "width": 47
      },
      "id": 1460790951646807
    },
    {
      "definition": {
        "tick_pos": "50%",
        "show_tick": false,
        "type": "note",
        "tick_edge": "left",
        "text_align": "center",
        "content": "Status 3 = OK\n\nStatus 4 = Non-Critical\n\nStatus 5 = Critical\n\nStatus 6 = NonRecoverable",
        "font_size": "18",
        "background_color": "white"
      },
      "layout": {
        "y": 0,
        "x": 24,
        "height": 15,
        "width": 27
      },
      "id": 6784074264852670
    },
    {
      "definition": {
        "tick_pos": "50%",
        "show_tick": true,
        "type": "note",
        "tick_edge": "bottom",
        "text_align": "center",
        "content": "Overall VRTX Health",
        "font_size": "24",
        "background_color": "white"
      },
      "layout": {
        "y": 16,
        "x": 0,
        "height": 6,
        "width": 117
      },
      "id": 7989610674973266
    },
    {
      "definition": {
        "tick_pos": "50%",
        "show_tick": true,
        "type": "note",
        "tick_edge": "bottom",
        "text_align": "center",
        "content": "Fans & Temperature",
        "font_size": "24",
        "background_color": "white"
      },
      "layout": {
        "y": 39,
        "x": 0,
        "height": 6,
        "width": 117
      },
      "id": 187810020046646
    },
    {
      "definition": {
        "tick_pos": "50%",
        "show_tick": true,
        "type": "note",
        "tick_edge": "bottom",
        "text_align": "center",
        "content": "Power Supplies & Batteries",
        "font_size": "24",
        "background_color": "white"
      },
      "layout": {
        "y": 62,
        "x": 0,
        "height": 6,
        "width": 117
      },
      "id": 6391681837274164
    },
    {
      "definition": {
        "tick_pos": "50%",
        "show_tick": true,
        "type": "note",
        "tick_edge": "bottom",
        "text_align": "center",
        "content": "Storage Controller",
        "font_size": "24",
        "background_color": "white"
      },
      "layout": {
        "y": 106,
        "x": 0,
        "height": 6,
        "width": 117
      },
      "id": 7689713635029358
    },
    {
      "definition": {
        "tick_pos": "50%",
        "show_tick": true,
        "type": "note",
        "tick_edge": "bottom",
        "text_align": "center",
        "content": "Disks",
        "font_size": "24",
        "background_color": "white"
      },
      "layout": {
        "y": 172,
        "x": 0,
        "height": 6,
        "width": 117
      },
      "id": 6270382492180742
    },
    {
      "definition": {
        "tick_pos": "50%",
        "show_tick": true,
        "type": "note",
        "tick_edge": "bottom",
        "text_align": "center",
        "content": "Enclosure/Backplanes",
        "font_size": "24",
        "background_color": "white"
      },
      "layout": {
        "y": 139,
        "x": 0,
        "height": 6,
        "width": 117
      },
      "id": 7477926031060790
    },
    {
      "definition": {
        "type": "query_table",
        "requests": [
          {
            "q": "avg:snmp.Global.System.Status{$SNMP_Profile,$IP,$Sysname} by {sysname,snmp_device,modelname,firmwareversion,manufacturer}",
            "alias": "iDRAC System State",
            "limit": 50,
            "order": "desc",
            "aggregator": "avg"
          }
        ],
        "title_align": "left",
        "title_size": "16",
        "title": "VRTX System Inventory"
      },
      "layout": {
        "y": 0,
        "x": 52,
        "height": 15,
        "width": 65
      },
      "id": 277485726176534
    },
    {
      "definition": {
        "title_size": "16",
        "legend_columns": [
          "avg",
          "min",
          "max",
          "value",
          "sum"
        ],
        "yaxis": {
          "include_zero": true,
          "max": "auto",
          "scale": "linear",
          "min": "auto",
          "label": ""
        },
        "title_align": "left",
        "markers": [],
        "legend_layout": "vertical",
        "show_legend": false,
        "title": "PSU Voltage",
        "requests": [
          {
            "q": "avg:snmp.PSU.VoltageReading{$IP,$SNMP_Profile,$Host,$Sysname} by {psu_location,sysname}",
            "style": {
              "line_width": "normal",
              "palette": "dog_classic",
              "line_type": "solid"
            },
            "display_type": "line"
          }
        ],
        "type": "timeseries"
      },
      "layout": {
        "y": 90,
        "x": 80,
        "height": 15,
        "width": 36
      },
      "id": 3185954210725278
    },
    {
      "definition": {
        "title_size": "16",
        "legend_columns": [
          "avg",
          "min",
          "max",
          "value",
          "sum"
        ],
        "yaxis": {
          "include_zero": true,
          "max": "auto",
          "scale": "linear",
          "min": "auto",
          "label": ""
        },
        "title_align": "left",
        "markers": [],
        "legend_layout": "vertical",
        "show_legend": false,
        "title": "PSU Wattage",
        "requests": [
          {
            "q": "avg:snmp.PSU.WattageReading{$IP,$SNMP_Profile,$Host,$Sysname} by {psu_location,sysname}",
            "style": {
              "line_width": "normal",
              "palette": "dog_classic",
              "line_type": "solid"
            },
            "display_type": "line"
          }
        ],
        "type": "timeseries"
      },
      "layout": {
        "y": 90,
        "x": 40,
        "height": 15,
        "width": 39
      },
      "id": 2799093449238376
    },
    {
      "definition": {
        "type": "query_table",
        "requests": [
          {
            "aggregator": "avg",
            "conditional_formats": [
              {
                "custom_bg_color": "#707070",
                "palette": "custom_bg",
                "value": 3,
                "comparator": "<"
              },
              {
                "palette": "white_on_yellow",
                "value": 3,
                "comparator": ">"
              },
              {
                "palette": "white_on_red",
                "value": 4,
                "comparator": ">"
              },
              {
                "palette": "white_on_green",
                "value": 3,
                "comparator": ">="
              }
            ],
            "q": "max:snmp.Controller.ComponentStatus{$IP,$SNMP_Profile,$Host,$Sysname} by {sysname,controller}",
            "alias": "Component",
            "limit": 10,
            "order": "desc"
          },
          {
            "q": "max:snmp.Controller.PatrolReadState{$IP,$SNMP_Profile,$Host,$Sysname} by {sysname,controller}",
            "alias": "Patrol Read",
            "conditional_formats": [
              {
                "custom_bg_color": "#707070",
                "palette": "custom_bg",
                "value": 3,
                "comparator": "<"
              },
              {
                "palette": "white_on_green",
                "value": 3,
                "comparator": ">="
              }
            ],
            "aggregator": "avg"
          },
          {
            "q": "max:snmp.Controller.SecurityStatus{$IP,$SNMP_Profile,$Host,$Sysname} by {sysname,controller}",
            "alias": "Security",
            "conditional_formats": [
              {
                "custom_bg_color": "#707070",
                "palette": "white_on_red",
                "value": 2,
                "comparator": "<"
              },
              {
                "palette": "white_on_green",
                "value": 3,
                "comparator": ">="
              }
            ],
            "aggregator": "avg"
          },
          {
            "q": "max:snmp.Controller.EncryptionKeyPresent{$IP,$SNMP_Profile,$Host,$Sysname} by {sysname,controller}",
            "alias": "Encryption Key",
            "conditional_formats": [
              {
                "custom_bg_color": "#707070",
                "palette": "white_on_red",
                "value": 1,
                "comparator": "<"
              },
              {
                "palette": "white_on_green",
                "value": 1,
                "comparator": ">="
              }
            ],
            "aggregator": "avg"
          },
          {
            "q": "max:snmp.Controller.LoadBalanceState{$IP,$SNMP_Profile,$Host,$Sysname} by {sysname,controller}",
            "alias": "Load Balance",
            "conditional_formats": [
              {
                "custom_bg_color": "#707070",
                "palette": "custom_bg",
                "value": 3,
                "comparator": "<"
              },
              {
                "palette": "white_on_red",
                "value": 3,
                "comparator": ">"
              },
              {
                "palette": "white_on_green",
                "value": 3,
                "comparator": ">="
              }
            ],
            "aggregator": "avg"
          },
          {
            "q": "max:snmp.Controller.HAMode{$IP,$SNMP_Profile,$Host,$Sysname} by {sysname,controller}",
            "alias": "HA",
            "conditional_formats": [
              {
                "custom_bg_color": "#707070",
                "palette": "custom_bg",
                "value": 2,
                "comparator": "<"
              },
              {
                "palette": "white_on_red",
                "value": 3,
                "comparator": ">"
              },
              {
                "palette": "white_on_green",
                "value": 2,
                "comparator": ">="
              }
            ],
            "aggregator": "avg"
          }
        ],
        "title_align": "left",
        "title_size": "16",
        "title": "Controller Config States"
      },
      "layout": {
        "y": 113,
        "x": 48,
        "height": 25,
        "width": 69
      },
      "id": 404321851552244
    },
    {
      "definition": {
        "title_size": "16",
        "legend_columns": [
          "avg",
          "min",
          "max",
          "value",
          "sum"
        ],
        "yaxis": {
          "include_zero": true,
          "max": "auto",
          "scale": "linear",
          "min": "auto",
          "label": ""
        },
        "title_align": "left",
        "markers": [
          {
            "display_type": "info dashed",
            "value": "y = 1",
            "label": " Other "
          },
          {
            "display_type": "info dashed",
            "value": "y = 2",
            "label": " Unknown "
          },
          {
            "display_type": "ok dashed",
            "value": "y = 3",
            "label": " OK "
          },
          {
            "display_type": "warning dashed",
            "value": "y = 4",
            "label": " Non-Critical "
          },
          {
            "display_type": "error dashed",
            "value": "y = 5",
            "label": " Critical "
          },
          {
            "display_type": "error dashed",
            "value": "y = 6",
            "label": " NonRecoverable "
          }
        ],
        "legend_layout": "vertical",
        "show_legend": false,
        "title": "Overall Controller Status",
        "requests": [
          {
            "q": "avg:snmp.Controller.OverallStatus{$IP,$SNMP_Profile,$Host,$Sysname} by {sysname}",
            "style": {
              "line_width": "normal",
              "palette": "dog_classic",
              "line_type": "solid"
            },
            "display_type": "line"
          }
        ],
        "type": "timeseries"
      },
      "layout": {
        "y": 113,
        "x": 0,
        "height": 25,
        "width": 47
      },
      "id": 3899560025437388
    },
    {
      "definition": {
        "title_size": "16",
        "legend_columns": [
          "avg",
          "min",
          "max",
          "value",
          "sum"
        ],
        "yaxis": {
          "include_zero": true,
          "max": "auto",
          "scale": "linear",
          "min": "auto",
          "label": ""
        },
        "title_align": "left",
        "markers": [
          {
            "display_type": "info dashed",
            "value": "y = 1",
            "label": " N/A "
          },
          {
            "display_type": "ok dashed",
            "value": "y = 2",
            "label": " OK "
          },
          {
            "display_type": "error dashed",
            "value": "y = 3",
            "label": " Failed "
          },
          {
            "display_type": "warning dashed",
            "value": "y = 4",
            "label": " HighTemp/DepletingCharge "
          },
          {
            "display_type": "info dashed",
            "value": "y = 5",
            "label": " Missing/NotDetected "
          },
          {
            "display_type": "ok dashed",
            "value": "y = 6",
            "label": " Recharging "
          },
          {
            "display_type": "warning dashed",
            "value": "y = 7",
            "label": " Low Battery "
          }
        ],
        "legend_layout": "vertical",
        "show_legend": false,
        "title": "Battery State",
        "requests": [
          {
            "q": "avg:snmp.Battery.State{$IP,$SNMP_Profile,$Host,$Sysname} by {sysname,battery}",
            "style": {
              "line_width": "normal",
              "palette": "dog_classic",
              "line_type": "solid"
            },
            "display_type": "line"
          }
        ],
        "type": "timeseries"
      },
      "layout": {
        "y": 69,
        "x": 40,
        "height": 20,
        "width": 39
      },
      "id": 4136317559582436
    },
    {
      "definition": {
        "title_size": "16",
        "legend_columns": [
          "avg",
          "min",
          "max",
          "value",
          "sum"
        ],
        "yaxis": {
          "include_zero": true,
          "max": "auto",
          "scale": "linear",
          "min": "auto",
          "label": ""
        },
        "title_align": "left",
        "markers": [
          {
            "display_type": "info dashed",
            "value": "y = 1",
            "label": " Other "
          },
          {
            "display_type": "info dashed",
            "value": "y = 2",
            "label": " Unknown "
          },
          {
            "display_type": "ok dashed",
            "value": "y = 3",
            "label": " OK "
          },
          {
            "display_type": "warning dashed",
            "value": "y = 4",
            "label": " Non-Critical "
          },
          {
            "display_type": "error dashed",
            "value": "y = 5",
            "label": " Critical "
          },
          {
            "display_type": "error dashed",
            "value": "y = 6",
            "label": " NonRecoverable "
          }
        ],
        "legend_layout": "vertical",
        "show_legend": false,
        "time": {},
        "title": "Overall Enclosure State",
        "requests": [
          {
            "q": "avg:snmp.Enclosure.OverallStatus{$IP,$SNMP_Profile,$Host,$Sysname} by {sysname,enclosure}",
            "style": {
              "line_width": "normal",
              "palette": "dog_classic",
              "line_type": "solid"
            },
            "display_type": "line"
          }
        ],
        "type": "timeseries"
      },
      "layout": {
        "y": 146,
        "x": 0,
        "height": 25,
        "width": 47
      },
      "id": 3654833180291482
    },
    {
      "definition": {
        "title_size": "16",
        "title": "Enclosure Inventory",
        "title_align": "left",
        "has_search_bar": "auto",
        "time": {},
        "requests": [
          {
            "aggregator": "avg",
            "cell_display_mode": [
              "number"
            ],
            "q": "avg:snmp.Enclosure.DriveSlots{$IP,$SNMP_Profile,$Host,$Sysname} by {sysname,enclosure}",
            "alias": "Drive Slots",
            "limit": 50,
            "order": "desc"
          },
          {
            "q": "avg:snmp.Enclosure.FanCount{$IP,$SNMP_Profile,$Host,$Sysname} by {sysname,enclosure}",
            "alias": "Fan Count",
            "cell_display_mode": [
              "number"
            ],
            "aggregator": "avg"
          },
          {
            "q": "avg:snmp.Enclosure.PSUCount{$IP,$SNMP_Profile,$Host,$Sysname} by {sysname,enclosure}",
            "alias": "PSU Count",
            "cell_display_mode": [
              "number"
            ],
            "aggregator": "avg"
          },
          {
            "q": "avg:snmp.Enclosure.EMMCount{$IP,$SNMP_Profile,$Host,$Sysname} by {sysname,enclosure}",
            "alias": "EMM Count",
            "cell_display_mode": [
              "number"
            ],
            "aggregator": "avg"
          },
          {
            "q": "avg:snmp.Enclosure.TempProbeCount{$IP,$SNMP_Profile,$Host,$Sysname} by {sysname,enclosure}",
            "alias": "TempProbe Count",
            "cell_display_mode": [
              "number"
            ],
            "aggregator": "avg"
          }
        ],
        "type": "query_table"
      },
      "layout": {
        "y": 146,
        "x": 48,
        "height": 25,
        "width": 69
      },
      "id": 7638746989835360
    },
    {
      "definition": {
        "title_size": "16",
        "title": "Disk Inventory & Predictive Failure",
        "title_align": "left",
        "has_search_bar": "auto",
        "time": {},
        "requests": [
          {
            "aggregator": "last",
            "conditional_formats": [
              {
                "palette": "white_on_red",
                "value": 0,
                "comparator": ">"
              },
              {
                "palette": "white_on_green",
                "value": 1,
                "comparator": "<"
              }
            ],
            "order": "desc",
            "q": "avg:snmp.Disk.PredictiveFailure{$IP,$SNMP_Profile,$Host,$Sysname} by {physicaldisk,manufacturer,partnumber,serialnumber}",
            "alias": "Predictive Failure Detected",
            "limit": 50,
            "cell_display_mode": [
              "number"
            ]
          }
        ],
        "type": "query_table"
      },
      "layout": {
        "y": 179,
        "x": 48,
        "height": 26,
        "width": 69
      },
      "id": 485628864913494
    },
    {
      "definition": {
        "tick_pos": "50%",
        "show_tick": false,
        "type": "note",
        "tick_edge": "left",
        "text_align": "center",
        "content": "Interfaces",
        "font_size": "24",
        "background_color": "white"
      },
      "layout": {
        "y": 240,
        "x": 0,
        "height": 6,
        "width": 117
      },
      "id": 8585130190506660
    },
    {
      "definition": {
        "title_size": "16",
        "title": "Admin Status",
        "title_align": "left",
        "precision": 0,
        "time": {},
        "requests": [
          {
            "q": "max:snmp.Interface.AdminStatus{$Host,$SNMP_Profile,$IP,$InterfaceDescription,$Interface}",
            "aggregator": "last",
            "conditional_formats": [
              {
                "palette": "white_on_red",
                "value": 2,
                "comparator": ">="
              },
              {
                "palette": "white_on_green",
                "value": 1,
                "comparator": ">="
              }
            ]
          }
        ],
        "type": "query_value"
      },
      "layout": {
        "y": 247,
        "x": 0,
        "height": 15,
        "width": 15
      },
      "id": 6555981793684902
    },
    {
      "definition": {
        "title_size": "16",
        "title": "Operation Status",
        "title_align": "left",
        "precision": 0,
        "time": {},
        "requests": [
          {
            "q": "max:snmp.Interface.OperStatus{$Host,$SNMP_Profile,$InterfaceDescription,$IP,$Interface}",
            "aggregator": "last",
            "conditional_formats": [
              {
                "palette": "white_on_red",
                "value": 2,
                "comparator": ">="
              },
              {
                "palette": "white_on_green",
                "value": 1,
                "comparator": ">="
              }
            ]
          }
        ],
        "type": "query_value"
      },
      "layout": {
        "y": 247,
        "x": 16,
        "height": 15,
        "width": 15
      },
      "id": 1888268315939172
    },
    {
      "definition": {
        "title_size": "16",
        "title": "Interface Speed",
        "title_align": "left",
        "custom_unit": "b/s",
        "precision": 0,
        "time": {},
        "autoscale": true,
        "requests": [
          {
            "q": "max:snmp.Interface.Speed{$InterfaceDescription,$Interface,$Host,$SNMP_Profile,$IP}",
            "aggregator": "last"
          }
        ],
        "type": "query_value"
      },
      "layout": {
        "y": 247,
        "x": 32,
        "height": 15,
        "width": 14
      },
      "id": 6194944684692400
    },
    {
      "definition": {
        "title_size": "16",
        "legend_columns": [
          "avg",
          "min",
          "max",
          "value",
          "sum"
        ],
        "yaxis": {
          "include_zero": true,
          "max": "auto",
          "scale": "linear",
          "min": "auto",
          "label": ""
        },
        "title_align": "left",
        "markers": [],
        "legend_layout": "vertical",
        "show_legend": false,
        "time": {},
        "title": "Bytes In & Bytes Out",
        "requests": [
          {
            "q": "avg:snmp.Interface.InOctets.rate{$Host,$SNMP_Profile,$IP,$InterfaceDescription,$Interface} by {interface,sysname}",
            "style": {
              "line_width": "normal",
              "palette": "dog_classic",
              "line_type": "solid"
            },
            "display_type": "line"
          },
          {
            "q": "avg:snmp.Interface.OutOctets.rate{$Host,$SNMP_Profile,$IP,$InterfaceDescription,$Interface} by {interface,sysname}",
            "style": {
              "line_width": "normal",
              "palette": "dog_classic",
              "line_type": "solid"
            },
            "display_type": "line"
          }
        ],
        "type": "timeseries"
      },
      "layout": {
        "y": 247,
        "x": 47,
        "height": 15,
        "width": 37
      },
      "id": 8310061676890558
    },
    {
      "definition": {
        "title_size": "16",
        "legend_columns": [
          "avg",
          "min",
          "max",
          "value",
          "sum"
        ],
        "yaxis": {
          "include_zero": true,
          "max": "auto",
          "scale": "linear",
          "min": "auto",
          "label": ""
        },
        "title_align": "left",
        "markers": [],
        "legend_layout": "vertical",
        "show_legend": false,
        "time": {},
        "title": "In & Out Broadcasts",
        "requests": [
          {
            "q": "avg:snmp.Interface.InBroadcastPkts{$InterfaceDescription,$Interface,$Host,$SNMP_Profile,$IP} by {interface,sysname}",
            "style": {
              "line_width": "normal",
              "palette": "dog_classic",
              "line_type": "solid"
            },
            "display_type": "line"
          },
          {
            "q": "avg:snmp.Interface.OutBroadcastPkts{$InterfaceDescription,$Interface,$Host,$SNMP_Profile,$IP} by {interface,sysname}",
            "style": {
              "line_width": "normal",
              "palette": "dog_classic",
              "line_type": "solid"
            },
            "display_type": "line"
          }
        ],
        "type": "timeseries"
      },
      "layout": {
        "y": 247,
        "x": 85,
        "height": 15,
        "width": 32
      },
      "id": 1461544593324808
    },
    {
      "definition": {
        "title_size": "16",
        "title": "% Utilization In",
        "title_align": "left",
        "custom_unit": "%",
        "precision": 3,
        "time": {},
        "requests": [
          {
            "q": "avg:snmp.Interface.InOctets.rate{$InterfaceDescription,$Interface,$Host,$SNMP_Profile,$IP}/avg:snmp.Interface.Speed{$InterfaceDescription,$Interface,$Host,$SNMP_Profile,$IP}/10000",
            "aggregator": "last"
          }
        ],
        "type": "query_value"
      },
      "layout": {
        "y": 263,
        "x": 0,
        "height": 15,
        "width": 22
      },
      "id": 3151435966744710
    },
    {
      "definition": {
        "title_size": "16",
        "title": "% Utilization Out",
        "title_align": "left",
        "custom_unit": "%",
        "precision": 3,
        "time": {},
        "requests": [
          {
            "q": "avg:snmp.Interface.OutOctets.rate{$InterfaceDescription,$Interface,$Host,$SNMP_Profile,$IP}/avg:snmp.Interface.Speed{$InterfaceDescription,$Interface,$Host,$SNMP_Profile,$IP}/10000",
            "aggregator": "last"
          }
        ],
        "type": "query_value"
      },
      "layout": {
        "y": 263,
        "x": 23,
        "height": 15,
        "width": 23
      },
      "id": 3181234357045330
    },
    {
      "definition": {
        "title_size": "16",
        "legend_columns": [
          "avg",
          "min",
          "max",
          "value",
          "sum"
        ],
        "yaxis": {
          "include_zero": true,
          "max": "auto",
          "scale": "linear",
          "min": "auto",
          "label": ""
        },
        "title_align": "left",
        "markers": [],
        "legend_layout": "vertical",
        "show_legend": false,
        "time": {},
        "title": "In & Out MultiCastPkts",
        "requests": [
          {
            "q": "avg:snmp.Interface.InMulticastPkts{$Host,$SNMP_Profile,$IP,$InterfaceDescription,$Interface} by {interface,sysname}",
            "style": {
              "line_width": "normal",
              "palette": "dog_classic",
              "line_type": "solid"
            },
            "display_type": "line"
          },
          {
            "q": "avg:snmp.Interface.OutMulticastPkts{$Host,$SNMP_Profile,$IP,$InterfaceDescription,$Interface} by {interface,sysname}",
            "style": {
              "line_width": "normal",
              "palette": "dog_classic",
              "line_type": "solid"
            },
            "display_type": "line"
          }
        ],
        "type": "timeseries"
      },
      "layout": {
        "y": 263,
        "x": 47,
        "height": 15,
        "width": 37
      },
      "id": 8735907440549056
    },
    {
      "definition": {
        "title_size": "16",
        "legend_columns": [
          "avg",
          "min",
          "max",
          "value",
          "sum"
        ],
        "yaxis": {
          "include_zero": true,
          "max": "auto",
          "scale": "linear",
          "min": "auto",
          "label": ""
        },
        "title_align": "left",
        "markers": [],
        "legend_layout": "vertical",
        "show_legend": false,
        "time": {},
        "title": "In & Out Errors",
        "requests": [
          {
            "q": "avg:snmp.Interface.InErrors{$InterfaceDescription,$Interface,$Host,$SNMP_Profile,$IP} by {interface,sysname}",
            "style": {
              "line_width": "normal",
              "palette": "dog_classic",
              "line_type": "solid"
            },
            "display_type": "area"
          },
          {
            "q": "avg:snmp.Interface.OutErrors{$InterfaceDescription,$Interface,$Host,$SNMP_Profile,$IP} by {interface,sysname}",
            "style": {
              "line_width": "normal",
              "palette": "dog_classic",
              "line_type": "solid"
            },
            "display_type": "line"
          }
        ],
        "type": "timeseries"
      },
      "layout": {
        "y": 263,
        "x": 85,
        "height": 15,
        "width": 32
      },
      "id": 8481446031256508
    },
    {
      "definition": {
        "title_size": "16",
        "legend_columns": [
          "avg",
          "min",
          "max",
          "value",
          "sum"
        ],
        "yaxis": {
          "include_zero": true,
          "max": "auto",
          "scale": "linear",
          "min": "auto",
          "label": ""
        },
        "title_align": "left",
        "markers": [],
        "legend_layout": "vertical",
        "show_legend": false,
        "time": {},
        "title": "Interface Utilization (%)",
        "requests": [
          {
            "q": "avg:snmp.Interface.InOctets.rate{$InterfaceDescription,$Interface,$Host,$SNMP_Profile,$IP} by {interface,sysname}/avg:snmp.Interface.Speed{$InterfaceDescription,$Interface,$Host,$SNMP_Profile,$IP} by {interface,sysname}/10000",
            "style": {
              "line_width": "normal",
              "palette": "dog_classic",
              "line_type": "solid"
            },
            "display_type": "line"
          },
          {
            "q": "avg:snmp.Interface.OutOctets.rate{$InterfaceDescription,$Interface,$Host,$SNMP_Profile,$IP} by {interface,sysname}/avg:snmp.Interface.Speed{$InterfaceDescription,$Interface,$Host,$SNMP_Profile,$IP} by {interface,sysname}/10000",
            "style": {
              "line_width": "normal",
              "palette": "dog_classic",
              "line_type": "solid"
            },
            "display_type": "line"
          }
        ],
        "type": "timeseries"
      },
      "layout": {
        "y": 279,
        "x": 0,
        "height": 15,
        "width": 46
      },
      "id": 8733978044572796
    },
    {
      "definition": {
        "title_size": "16",
        "title": "Local Interfaces",
        "title_align": "left",
        "time": {},
        "requests": [
          {
            "q": "avg:snmp.Interface.AdminStatus{$SNMP_Profile,$Host,$IP} by {sysname,interface,interfacedescription}",
            "alias": "Admin Status",
            "aggregator": "last"
          },
          {
            "q": "avg:snmp.Interface.OperStatus{$SNMP_Profile,$Host,$IP} by {sysname,interface,interfacedescription}",
            "alias": "Oper Status",
            "limit": 100,
            "order": "asc",
            "aggregator": "last"
          },
          {
            "q": "avg:snmp.Interface.Speed{$SNMP_Profile,$Host,$IP} by {sysname,interface,interfacedescription}",
            "alias": "Speed",
            "aggregator": "last"
          }
        ],
        "type": "query_table"
      },
      "layout": {
        "y": 279,
        "x": 47,
        "height": 15,
        "width": 37
      },
      "id": 1934194238533998
    },
    {
      "definition": {
        "title_size": "16",
        "legend_columns": [
          "avg",
          "min",
          "max",
          "value",
          "sum"
        ],
        "yaxis": {
          "include_zero": true,
          "max": "auto",
          "scale": "linear",
          "min": "auto",
          "label": ""
        },
        "title_align": "left",
        "markers": [],
        "legend_layout": "vertical",
        "show_legend": false,
        "time": {},
        "title": "In & Out Unicast Packets",
        "requests": [
          {
            "q": "avg:snmp.Interface.InUnicastPkts{$Host,$SNMP_Profile,$IP,$InterfaceDescription,$Interface} by {interface,sysname}",
            "style": {
              "line_width": "normal",
              "palette": "dog_classic",
              "line_type": "solid"
            },
            "display_type": "line"
          },
          {
            "q": "avg:snmp.Interface.OutUnicastPkts{$Host,$SNMP_Profile,$IP,$InterfaceDescription,$Interface} by {interface,sysname}",
            "style": {
              "line_width": "normal",
              "palette": "dog_classic",
              "line_type": "solid"
            },
            "display_type": "line"
          }
        ],
        "type": "timeseries"
      },
      "layout": {
        "y": 279,
        "x": 85,
        "height": 15,
        "width": 32
      },
      "id": 3684310461529100
    },
    {
      "definition": {
        "tick_pos": "50%",
        "show_tick": false,
        "type": "note",
        "tick_edge": "left",
        "text_align": "center",
        "content": "Management Modules",
        "font_size": "24",
        "background_color": "white"
      },
      "layout": {
        "y": 206,
        "x": -2,
        "height": 6,
        "width": 117
      },
      "id": 497466889997160
    },
    {
      "definition": {
        "title_size": "16",
        "legend_columns": [
          "avg",
          "min",
          "max",
          "value",
          "sum"
        ],
        "yaxis": {
          "include_zero": true,
          "max": "auto",
          "scale": "linear",
          "min": "auto",
          "label": ""
        },
        "title_align": "left",
        "markers": [
          {
            "display_type": "info dashed",
            "value": "y = 1",
            "label": " Can't Be Determined "
          },
          {
            "display_type": "ok dashed",
            "value": "y = 2",
            "label": " OK "
          },
          {
            "display_type": "error dashed",
            "value": "y = 3",
            "label": " Hardware Issue/Not Responding "
          },
          {
            "display_type": "error dashed",
            "value": "y = 4",
            "label": " Not Connected/Communication Issue "
          },
          {
            "display_type": "error dashed",
            "value": "y = 5",
            "label": " Unstable "
          }
        ],
        "legend_layout": "vertical",
        "show_legend": false,
        "time": {},
        "title": "Management Module States",
        "requests": [
          {
            "q": "avg:snmp.MgmtModule.State{$IP,$SNMP_Profile,$Host,$Sysname} by {sysname,module}",
            "style": {
              "line_width": "normal",
              "palette": "dog_classic",
              "line_type": "solid"
            },
            "display_type": "line"
          }
        ],
        "type": "timeseries"
      },
      "layout": {
        "y": 213,
        "x": 0,
        "height": 26,
        "width": 47
      },
      "id": 2857757560100532
    },
    {
      "definition": {
        "title_size": "16",
        "title": "Management Module Inventory",
        "title_align": "left",
        "has_search_bar": "auto",
        "time": {},
        "requests": [
          {
            "aggregator": "avg",
            "conditional_formats": [
              {
                "custom_bg_color": "#696969",
                "palette": "custom_bg",
                "value": 3,
                "comparator": "<"
              },
              {
                "palette": "white_on_yellow",
                "value": 3,
                "comparator": ">"
              },
              {
                "palette": "white_on_red",
                "value": 4,
                "comparator": ">"
              },
              {
                "palette": "white_on_green",
                "value": 3,
                "comparator": ">="
              }
            ],
            "order": "desc",
            "q": "avg:snmp.MgmtModule.ComponentStatus{$IP,$SNMP_Profile,$Host,$Sysname} by {sysname, module, firmwareversion}",
            "alias": "Module Component Status",
            "limit": 50,
            "cell_display_mode": [
              "number"
            ]
          }
        ],
        "type": "query_table"
      },
      "layout": {
        "y": 213,
        "x": 48,
        "height": 26,
        "width": 69
      },
      "id": 2361696484378388
    }
  ],
  "layout_type": "free"
}