{
  "notify_list": [],
  "description": "",
  "restricted_roles": [
    "98e01fcc-2a12-11e9-a54b-03f391a16a77"
  ],
  "template_variables": [
    {
      "default": "ven02941",
      "prefix": "instance_name",
      "name": "instance_name"
    },
    {
      "default": "none",
      "prefix": "servicenow_assignment_group",
      "name": "assignment_group"
    }
  ],
  "is_read_only": true,
  "title": "ServiceNow ITSM",
  "widgets": [
    {
      "definition": {
        "autoscale": false,
        "title": "Total SLA's Breached",
        "title_align": "left",
        "precision": 0,
        "title_size": "16",
        "requests": [
          {
            "q": "sum:rapdev.servicenow.incident_breached{$instance_name,$assignment_group}",
            "aggregator": "last",
            "conditional_formats": [
              {
                "palette": "white_on_red",
                "value": 20,
                "comparator": ">"
              },
              {
                "palette": "white_on_yellow",
                "value": 10,
                "comparator": ">="
              },
              {
                "palette": "white_on_green",
                "value": 10,
                "comparator": "<"
              }
            ]
          }
        ],
        "type": "query_value"
      },
      "layout": {
        "y": 10,
        "x": 2,
        "height": 15,
        "width": 29
      },
      "id": 1656081760822768
    },
    {
      "definition": {
        "autoscale": false,
        "title": "VIP Incidents",
        "title_align": "left",
        "precision": 0,
        "title_size": "16",
        "requests": [
          {
            "q": "sum:rapdev.servicenow.vip_count{$instance_name,$assignment_group}",
            "aggregator": "last",
            "conditional_formats": [
              {
                "palette": "white_on_red",
                "value": 1,
                "comparator": ">"
              },
              {
                "palette": "white_on_green",
                "value": 1,
                "comparator": "<"
              }
            ]
          }
        ],
        "type": "query_value"
      },
      "layout": {
        "y": 10,
        "x": 122,
        "height": 15,
        "width": 29
      },
      "id": 8907094652105531
    },
    {
      "definition": {
        "title_size": "16",
        "title": "Open Incidents By Age (Hours)",
        "title_align": "left",
        "has_search_bar": "auto",
        "requests": [
          {
            "aggregator": "last",
            "conditional_formats": [
              {
                "palette": "white_on_red",
                "value": 48,
                "comparator": ">"
              },
              {
                "palette": "white_on_green",
                "value": 48,
                "comparator": "<"
              }
            ],
            "order": "asc",
            "q": "min:rapdev.servicenow.incident{$instance_name,$assignment_group,open:true} by {incident_number,servicenow_priority,servicenow_assignment_group,location,assigned_to,caller,opened,description}",
            "alias": "Hours",
            "limit": 100,
            "cell_display_mode": [
              "bar"
            ]
          }
        ],
        "type": "query_table"
      },
      "layout": {
        "y": 90,
        "x": 2,
        "height": 31,
        "width": 117
      },
      "id": 7587583449519643
    },
    {
      "definition": {
        "title_size": "16",
        "legend_columns": [
          "avg",
          "min",
          "max",
          "value",
          "sum"
        ],
        "yaxis": {
          "include_zero": true,
          "max": "auto",
          "scale": "linear",
          "min": "auto",
          "label": ""
        },
        "title_align": "left",
        "markers": [],
        "legend_layout": "auto",
        "show_legend": true,
        "title": "SLA's Breached By Type",
        "requests": [
          {
            "q": "avg:rapdev.servicenow.sla{$instance_name,$assignment_group} by {sla_name}",
            "on_right_yaxis": false,
            "style": {
              "line_width": "normal",
              "palette": "dog_classic",
              "line_type": "solid"
            },
            "display_type": "area"
          }
        ],
        "type": "timeseries"
      },
      "layout": {
        "y": 58,
        "x": 2,
        "height": 31,
        "width": 59
      },
      "id": 1463451381450916
    },
    {
      "definition": {
        "tick_pos": "50%",
        "font_size": "36",
        "type": "note",
        "tick_edge": "bottom",
        "text_align": "center",
        "content": "SLA Stats",
        "vertical_align": "center",
        "has_padding": true,
        "show_tick": true,
        "background_color": "white"
      },
      "layout": {
        "y": 0,
        "x": 2,
        "height": 8,
        "width": 59
      },
      "id": 4728629993688981
    },
    {
      "definition": {
        "autoscale": true,
        "title": "Breached P1s",
        "title_align": "left",
        "precision": 0,
        "title_size": "16",
        "requests": [
          {
            "q": "default_zero(sum:rapdev.servicenow.incident_breached{servicenow_priority:p1,$instance_name,$assignment_group})",
            "aggregator": "last",
            "conditional_formats": [
              {
                "palette": "white_on_red",
                "value": 10,
                "comparator": ">"
              },
              {
                "palette": "white_on_green",
                "value": 5,
                "comparator": "<"
              }
            ]
          }
        ],
        "type": "query_value"
      },
      "layout": {
        "y": 10,
        "x": 32,
        "height": 15,
        "width": 29
      },
      "id": 6153896755435240
    },
    {
      "definition": {
        "autoscale": false,
        "title": "Breached P2s",
        "title_align": "left",
        "precision": 0,
        "title_size": "16",
        "requests": [
          {
            "q": "default_zero(sum:rapdev.servicenow.incident_breached{servicenow_priority:p2,$instance_name,$assignment_group})",
            "aggregator": "last",
            "conditional_formats": [
              {
                "palette": "white_on_red",
                "value": 10,
                "comparator": ">"
              },
              {
                "palette": "white_on_yellow",
                "value": 3,
                "comparator": ">="
              },
              {
                "palette": "white_on_green",
                "value": 3,
                "comparator": "<"
              }
            ]
          }
        ],
        "type": "query_value"
      },
      "layout": {
        "y": 26,
        "x": 2,
        "height": 15,
        "width": 29
      },
      "id": 8830167286407684
    },
    {
      "definition": {
        "autoscale": true,
        "title": "Breached P3s",
        "title_align": "left",
        "precision": 2,
        "title_size": "16",
        "requests": [
          {
            "q": "default_zero(sum:rapdev.servicenow.incident_breached{servicenow_priority:p3,$instance_name,$assignment_group})",
            "aggregator": "last",
            "conditional_formats": [
              {
                "palette": "white_on_red",
                "value": 10,
                "comparator": ">"
              },
              {
                "palette": "white_on_yellow",
                "value": 3,
                "comparator": ">"
              },
              {
                "palette": "white_on_green",
                "value": 3,
                "comparator": "<"
              }
            ]
          }
        ],
        "type": "query_value"
      },
      "layout": {
        "y": 26,
        "x": 32,
        "height": 15,
        "width": 29
      },
      "id": 8892819787126779
    },
    {
      "definition": {
        "autoscale": false,
        "title": "Breached P5s",
        "title_align": "left",
        "precision": 0,
        "title_size": "16",
        "requests": [
          {
            "q": "sum:rapdev.servicenow.incident_breached{servicenow_priority:p5,$instance_name,$assignment_group}",
            "aggregator": "last",
            "conditional_formats": [
              {
                "palette": "white_on_red",
                "value": 10,
                "comparator": ">"
              },
              {
                "palette": "white_on_yellow",
                "value": 5,
                "comparator": ">="
              },
              {
                "palette": "white_on_green",
                "value": 5,
                "comparator": "<"
              }
            ]
          }
        ],
        "type": "query_value"
      },
      "layout": {
        "y": 42,
        "x": 32,
        "height": 15,
        "width": 29
      },
      "id": 8266774822916214
    },
    {
      "definition": {
        "tick_pos": "50%",
        "font_size": "36",
        "type": "note",
        "tick_edge": "bottom",
        "text_align": "center",
        "content": "Open Incident Stats",
        "vertical_align": "center",
        "has_padding": true,
        "show_tick": true,
        "background_color": "white"
      },
      "layout": {
        "y": 0,
        "x": 63,
        "height": 8,
        "width": 88
      },
      "id": 2860263341126098
    },
    {
      "definition": {
        "autoscale": false,
        "title": "Breached P4s",
        "title_align": "left",
        "precision": 0,
        "title_size": "16",
        "requests": [
          {
            "q": "default_zero(sum:rapdev.servicenow.incident_breached{servicenow_priority:p4,$instance_name,$assignment_group})",
            "aggregator": "last",
            "conditional_formats": [
              {
                "palette": "white_on_red",
                "value": 10,
                "comparator": ">"
              },
              {
                "palette": "white_on_yellow",
                "value": 5,
                "comparator": ">="
              },
              {
                "palette": "white_on_green",
                "value": 5,
                "comparator": "<"
              }
            ]
          }
        ],
        "type": "query_value"
      },
      "layout": {
        "y": 42,
        "x": 2,
        "height": 15,
        "width": 29
      },
      "id": 8213703413986833
    },
    {
      "definition": {
        "autoscale": false,
        "title": "Total Incidents",
        "title_align": "left",
        "precision": 0,
        "title_size": "16",
        "requests": [
          {
            "q": "sum:rapdev.servicenow.incident_count{$instance_name,$assignment_group}",
            "aggregator": "last",
            "conditional_formats": [
              {
                "palette": "white_on_red",
                "value": 50,
                "comparator": ">"
              },
              {
                "palette": "white_on_yellow",
                "value": 25,
                "comparator": ">="
              },
              {
                "palette": "white_on_green",
                "value": 10,
                "comparator": "<"
              }
            ]
          }
        ],
        "type": "query_value"
      },
      "layout": {
        "y": 26,
        "x": 62,
        "height": 15,
        "width": 29
      },
      "id": 8341875923630920
    },
    {
      "definition": {
        "autoscale": true,
        "title": "Total P1s",
        "title_align": "left",
        "precision": 0,
        "title_size": "16",
        "requests": [
          {
            "q": "default_zero(sum:rapdev.servicenow.incident_count{servicenow_priority:p1,$instance_name,$assignment_group})",
            "aggregator": "last",
            "conditional_formats": [
              {
                "palette": "white_on_red",
                "value": 1,
                "comparator": ">"
              },
              {
                "palette": "white_on_green",
                "value": 1,
                "comparator": "<"
              }
            ]
          }
        ],
        "type": "query_value"
      },
      "layout": {
        "y": 26,
        "x": 92,
        "height": 15,
        "width": 29
      },
      "id": 7553420424883719
    },
    {
      "definition": {
        "autoscale": false,
        "title": "Total P2s",
        "title_align": "left",
        "precision": 0,
        "title_size": "16",
        "requests": [
          {
            "q": "default_zero(sum:rapdev.servicenow.incident_count{servicenow_priority:p2,$instance_name,$assignment_group})",
            "aggregator": "last",
            "conditional_formats": [
              {
                "palette": "white_on_red",
                "value": 5,
                "comparator": ">"
              },
              {
                "palette": "white_on_yellow",
                "value": 1,
                "comparator": ">="
              },
              {
                "palette": "white_on_green",
                "value": 1,
                "comparator": "<"
              }
            ]
          }
        ],
        "type": "query_value"
      },
      "layout": {
        "y": 26,
        "x": 122,
        "height": 15,
        "width": 29
      },
      "id": 6585600980349006
    },
    {
      "definition": {
        "title_size": "16",
        "legend_columns": [
          "avg",
          "min",
          "max",
          "value",
          "sum"
        ],
        "yaxis": {
          "include_zero": true,
          "max": "auto",
          "scale": "linear",
          "min": "auto",
          "label": ""
        },
        "title_align": "left",
        "markers": [],
        "legend_layout": "auto",
        "show_legend": true,
        "title": "Total Incidents",
        "requests": [
          {
            "q": "sum:rapdev.servicenow.incident_count{$instance_name,$assignment_group} by {servicenow_priority,servicenow_assignment_group}",
            "on_right_yaxis": false,
            "style": {
              "line_width": "normal",
              "palette": "dog_classic",
              "line_type": "solid"
            },
            "display_type": "line"
          }
        ],
        "type": "timeseries"
      },
      "layout": {
        "y": 58,
        "x": 62,
        "height": 15,
        "width": 57
      },
      "id": 6156912333861620
    },
    {
      "definition": {
        "title_size": "16",
        "legend_columns": [
          "avg",
          "min",
          "max",
          "value",
          "sum"
        ],
        "yaxis": {
          "include_zero": true,
          "max": "auto",
          "scale": "linear",
          "min": "auto",
          "label": ""
        },
        "title_align": "left",
        "markers": [],
        "legend_layout": "auto",
        "show_legend": true,
        "title": "Open Incidents By Age (Hours)",
        "requests": [
          {
            "q": "min:rapdev.servicenow.incident{$instance_name,$assignment_group} by {incident_number}",
            "style": {
              "line_width": "normal",
              "palette": "dog_classic",
              "line_type": "solid"
            },
            "display_type": "line"
          }
        ],
        "type": "timeseries"
      },
      "layout": {
        "y": 74,
        "x": 62,
        "height": 15,
        "width": 57
      },
      "id": 2551056923180444
    },
    {
      "definition": {
        "autoscale": false,
        "title": "Average Incident Response Time",
        "title_align": "left",
        "custom_unit": "",
        "precision": 1,
        "title_size": "16",
        "requests": [
          {
            "q": "avg:rapdev.servicenow.sla_elapsed_time{sla_incident_number:*,sla_target:response,sla_stage:completed,$instance_name,$assignment_group}",
            "aggregator": "avg",
            "conditional_formats": [
              {
                "palette": "white_on_red",
                "value": 48,
                "comparator": ">"
              },
              {
                "palette": "white_on_yellow",
                "value": 24,
                "comparator": ">="
              },
              {
                "palette": "white_on_green",
                "value": 24,
                "comparator": "<"
              }
            ]
          }
        ],
        "type": "query_value"
      },
      "layout": {
        "y": 10,
        "x": 92,
        "height": 15,
        "width": 29
      },
      "id": 7662214174176096
    },
    {
      "definition": {
        "autoscale": false,
        "title": "Average Incident Resolution Time",
        "title_align": "left",
        "custom_unit": "",
        "precision": 2,
        "title_size": "16",
        "requests": [
          {
            "q": "avg:rapdev.servicenow.incident_resolution_time{$instance_name,$assignment_group}",
            "aggregator": "avg",
            "conditional_formats": [
              {
                "palette": "white_on_red",
                "value": 72,
                "comparator": ">"
              },
              {
                "palette": "white_on_yellow",
                "value": 48,
                "comparator": ">="
              },
              {
                "palette": "white_on_green",
                "value": 48,
                "comparator": "<"
              }
            ]
          }
        ],
        "type": "query_value"
      },
      "layout": {
        "y": 10,
        "x": 62,
        "height": 15,
        "width": 29
      },
      "id": 4185242826241552
    },
    {
      "definition": {
        "tick_pos": "50%",
        "font_size": "36",
        "type": "note",
        "tick_edge": "bottom",
        "text_align": "center",
        "content": "Table API Stats",
        "vertical_align": "center",
        "has_padding": true,
        "show_tick": true,
        "background_color": "white"
      },
      "layout": {
        "y": 0,
        "x": 152,
        "height": 8,
        "width": 55
      },
      "id": 937311284190064
    },
    {
      "definition": {
        "title_size": "16",
        "legend_columns": [
          "avg",
          "min",
          "max",
          "value",
          "sum"
        ],
        "yaxis": {
          "include_zero": true,
          "max": "auto",
          "scale": "linear",
          "min": "auto",
          "label": ""
        },
        "title_align": "left",
        "markers": [],
        "legend_layout": "auto",
        "show_legend": true,
        "title": "Non 200 Response Codes",
        "requests": [
          {
            "q": "avg:rapdev.servicenow.http_response{$instance_name,!status_code:200} by {status_code,endpoint}",
            "on_right_yaxis": false,
            "style": {
              "line_width": "normal",
              "palette": "dog_classic",
              "line_type": "solid"
            },
            "display_type": "area"
          }
        ],
        "type": "timeseries"
      },
      "layout": {
        "y": 26,
        "x": 152,
        "height": 15,
        "width": 56
      },
      "id": 1562379355432693
    },
    {
      "definition": {
        "autoscale": true,
        "title": "Successful Requests",
        "title_align": "left",
        "custom_unit": "%",
        "precision": 2,
        "title_size": "16",
        "requests": [
          {
            "q": "(sum:rapdev.servicenow.http_response{$instance_name,status_code:200}/sum:rapdev.servicenow.http_response{$instance_name})*100",
            "aggregator": "sum",
            "conditional_formats": [
              {
                "palette": "white_on_green",
                "value": 95,
                "comparator": ">"
              },
              {
                "palette": "white_on_yellow",
                "value": 90,
                "comparator": ">"
              },
              {
                "palette": "white_on_red",
                "value": 90,
                "comparator": "<"
              }
            ]
          }
        ],
        "type": "query_value"
      },
      "layout": {
        "y": 10,
        "x": 152,
        "height": 15,
        "width": 56
      },
      "id": 8628673534777894
    },
    {
      "definition": {
        "autoscale": false,
        "title": "Total P3s",
        "title_align": "left",
        "precision": 0,
        "title_size": "16",
        "requests": [
          {
            "q": "default_zero(sum:rapdev.servicenow.incident_count{$instance_name,$assignment_group,servicenow_priority:p3})",
            "aggregator": "last",
            "conditional_formats": [
              {
                "palette": "white_on_red",
                "value": 5,
                "comparator": ">"
              },
              {
                "palette": "white_on_yellow",
                "value": 1,
                "comparator": ">="
              },
              {
                "palette": "white_on_green",
                "value": 1,
                "comparator": "<"
              }
            ]
          }
        ],
        "type": "query_value"
      },
      "layout": {
        "y": 42,
        "x": 62,
        "height": 15,
        "width": 29
      },
      "id": 1791476381115353
    },
    {
      "definition": {
        "autoscale": false,
        "title": "Total P4s",
        "title_align": "left",
        "precision": 0,
        "title_size": "16",
        "requests": [
          {
            "q": "default_zero(sum:rapdev.servicenow.incident_count{$instance_name,$assignment_group,servicenow_priority:p4})",
            "aggregator": "last",
            "conditional_formats": [
              {
                "palette": "white_on_red",
                "value": 5,
                "comparator": ">"
              },
              {
                "palette": "white_on_yellow",
                "value": 1,
                "comparator": ">="
              },
              {
                "palette": "white_on_green",
                "value": 1,
                "comparator": "<"
              }
            ]
          }
        ],
        "type": "query_value"
      },
      "layout": {
        "y": 42,
        "x": 92,
        "height": 15,
        "width": 29
      },
      "id": 6857195538572598
    },
    {
      "definition": {
        "autoscale": false,
        "title": "Total P5s",
        "title_align": "left",
        "precision": 0,
        "title_size": "16",
        "requests": [
          {
            "q": "default_zero(sum:rapdev.servicenow.incident_count{$instance_name,$assignment_group,servicenow_priority:p5})",
            "aggregator": "last",
            "conditional_formats": [
              {
                "palette": "white_on_red",
                "value": 5,
                "comparator": ">"
              },
              {
                "palette": "white_on_yellow",
                "value": 1,
                "comparator": ">="
              },
              {
                "palette": "white_on_green",
                "value": 1,
                "comparator": "<"
              }
            ]
          }
        ],
        "type": "query_value"
      },
      "layout": {
        "y": 42,
        "x": 122,
        "height": 15,
        "width": 29
      },
      "id": 4978456568280269
    },
    {
      "definition": {
        "title_size": "16",
        "legend_columns": [
          "avg",
          "min",
          "max",
          "value",
          "sum"
        ],
        "yaxis": {
          "include_zero": true,
          "max": "auto",
          "scale": "linear",
          "min": "auto",
          "label": ""
        },
        "title_align": "left",
        "markers": [],
        "legend_layout": "auto",
        "show_legend": true,
        "time": {},
        "title": "",
        "requests": [
          {
            "formulas": [
              {
                "formula": "count_nonzero(query1)"
              }
            ],
            "style": {
              "line_width": "normal",
              "palette": "dog_classic",
              "line_type": "solid"
            },
            "display_type": "line",
            "response_format": "timeseries",
            "queries": [
              {
                "query": "avg:rapdev.servicenow.incident{*} by {incident_number}",
                "data_source": "metrics",
                "name": "query1"
              }
            ]
          }
        ],
        "type": "timeseries"
      },
      "layout": {
        "y": 42,
        "x": 153,
        "height": 15,
        "width": 47
      },
      "id": 91320004698135
    }
  ],
  "layout_type": "free"
}