{
  "notify_list": [],
  "description": "",
  "restricted_roles": [],
  "template_variables": [
    {
      "default": "*",
      "prefix": "interfacedescription",
      "name": "InterfaceDescription",
      "available_values": []
    },
    {
      "default": "*",
      "prefix": "interface",
      "name": "Interface",
      "available_values": []
    },
    {
      "default": "rd-infoblox-dns",
      "prefix": "snmp_profile",
      "name": "SNMP_Profile",
      "available_values": []
    },
    {
      "default": "*",
      "prefix": "snmp_device",
      "name": "IP",
      "available_values": []
    },
    {
      "default": "*",
      "prefix": "snmp_host",
      "name": "Sysname"
    }
  ],
  "is_read_only": false,
  "title": "RapDev Infoblox DNS Dashboard",
  "widgets": [
    {
      "definition": {
        "custom_links": [],
        "title_size": "16",
        "title": "CPU Usage (%)",
        "title_align": "left",
        "custom_unit": "%",
        "precision": 2,
        "requests": [
          {
            "q": "avg:snmp.CPU.Utilization{$SNMP_Profile,$IP}",
            "aggregator": "avg"
          }
        ],
        "type": "query_value"
      },
      "layout": {
        "y": 0,
        "x": 0,
        "width": 39,
        "height": 15
      },
      "id": 3
    },
    {
      "definition": {
        "title_size": "16",
        "title": "Memory Usage (%)",
        "title_align": "left",
        "custom_unit": "%",
        "precision": 2,
        "requests": [
          {
            "formulas": [
              {
                "formula": "query1"
              }
            ],
            "response_format": "scalar",
            "queries": [
              {
                "query": "avg:snmp.Memory.Utilization{$SNMP_Profile,$IP}",
                "data_source": "metrics",
                "name": "query1",
                "aggregator": "avg"
              }
            ]
          }
        ],
        "type": "query_value"
      },
      "layout": {
        "y": 0,
        "x": 40,
        "width": 36,
        "height": 15
      },
      "id": 4
    },
    {
      "definition": {
        "title_size": "16",
        "title": "System Uptime",
        "title_align": "left",
        "custom_unit": "Days",
        "precision": 2,
        "requests": [
          {
            "formulas": [
              {
                "formula": "query1 / 8640000"
              }
            ],
            "response_format": "scalar",
            "queries": [
              {
                "query": "avg:snmp.sysUpTimeInstance{$SNMP_Profile,$IP}",
                "data_source": "metrics",
                "name": "query1",
                "aggregator": "last"
              }
            ]
          }
        ],
        "type": "query_value"
      },
      "layout": {
        "y": 0,
        "x": 77,
        "width": 40,
        "height": 15
      },
      "id": 5
    },
    {
      "definition": {
        "title_size": "16",
        "title": "Interface Speed",
        "title_align": "left",
        "custom_unit": "b/s",
        "precision": 0,
        "autoscale": true,
        "requests": [
          {
            "q": "max:snmp.ifHighSpeed{$InterfaceDescription,$Interface,$SNMP_Profile,$IP}",
            "aggregator": "last"
          }
        ],
        "type": "query_value"
      },
      "layout": {
        "y": 175,
        "x": 33.24305555555556,
        "width": 14,
        "height": 15
      },
      "id": 6
    },
    {
      "definition": {
        "custom_links": [],
        "title_size": "16",
        "title": "Admin Status",
        "title_align": "left",
        "precision": 0,
        "requests": [
          {
            "q": "max:snmp.ifAdminStatus{$SNMP_Profile,$IP,$InterfaceDescription,$Interface}",
            "aggregator": "last",
            "conditional_formats": [
              {
                "palette": "white_on_red",
                "comparator": ">=",
                "value": 2
              },
              {
                "palette": "white_on_green",
                "comparator": ">=",
                "value": 1
              }
            ]
          }
        ],
        "type": "query_value"
      },
      "layout": {
        "y": 175,
        "x": 0.08333333333333333,
        "width": 16,
        "height": 15
      },
      "id": 7
    },
    {
      "definition": {
        "custom_links": [],
        "title_size": "16",
        "title": "Operation Status",
        "title_align": "left",
        "precision": 0,
        "requests": [
          {
            "q": "max:snmp.ifOperStatus{$SNMP_Profile,$InterfaceDescription,$IP,$Interface}",
            "aggregator": "last",
            "conditional_formats": [
              {
                "palette": "white_on_red",
                "comparator": ">=",
                "value": 2
              },
              {
                "palette": "white_on_green",
                "comparator": ">=",
                "value": 1
              }
            ]
          }
        ],
        "type": "query_value"
      },
      "layout": {
        "y": 175,
        "x": 17.243055555555554,
        "width": 15,
        "height": 15
      },
      "id": 8
    },
    {
      "definition": {
        "custom_links": [],
        "title_size": "16",
        "title": "% Utilization In",
        "title_align": "left",
        "custom_unit": "%",
        "precision": 3,
        "requests": [
          {
            "q": "avg:snmp.ifBandwidthInUsage.rate{$InterfaceDescription,$Interface,$SNMP_Profile,$IP}",
            "aggregator": "last"
          }
        ],
        "type": "query_value"
      },
      "layout": {
        "y": 191,
        "x": 0.08333333333333333,
        "width": 23,
        "height": 15
      },
      "id": 9
    },
    {
      "definition": {
        "custom_links": [],
        "title_size": "16",
        "title": "% Utilization Out",
        "title_align": "left",
        "custom_unit": "%",
        "precision": 3,
        "requests": [
          {
            "q": "avg:snmp.ifBandwidthOutUsage.rate{$InterfaceDescription,$Interface,$SNMP_Profile,$IP}",
            "aggregator": "last"
          }
        ],
        "type": "query_value"
      },
      "layout": {
        "y": 191,
        "x": 24.243055555555554,
        "width": 23,
        "height": 15
      },
      "id": 10
    },
    {
      "definition": {
        "custom_links": [],
        "title_size": "16",
        "yaxis": {
          "include_zero": true,
          "label": "",
          "scale": "linear",
          "min": "auto",
          "max": "auto"
        },
        "title_align": "left",
        "show_legend": false,
        "title": "Interface Utilization (%)",
        "requests": [
          {
            "q": "avg:snmp.ifBandwidthInUsage.rate{$InterfaceDescription,$Interface,$SNMP_Profile,$IP} by {interface}",
            "style": {
              "line_width": "normal",
              "palette": "dog_classic",
              "line_type": "solid"
            },
            "display_type": "line"
          },
          {
            "q": "avg:snmp.ifBandwidthOutUsage.rate{$InterfaceDescription,$Interface,$SNMP_Profile,$IP} by {interface}",
            "style": {
              "line_width": "normal",
              "palette": "dog_classic",
              "line_type": "solid"
            },
            "display_type": "line"
          }
        ],
        "type": "timeseries"
      },
      "layout": {
        "y": 207,
        "x": 0.08333333333333333,
        "width": 47,
        "height": 15
      },
      "id": 11
    },
    {
      "definition": {
        "custom_links": [],
        "title_size": "16",
        "yaxis": {
          "include_zero": true,
          "label": "",
          "scale": "linear",
          "min": "auto",
          "max": "auto"
        },
        "title_align": "left",
        "show_legend": false,
        "title": "Bytes In & Bytes Out",
        "requests": [
          {
            "q": "avg:snmp.ifHCInOctets.rate{$SNMP_Profile,$IP,$InterfaceDescription,$Interface} by {interface}",
            "style": {
              "line_width": "normal",
              "palette": "dog_classic",
              "line_type": "solid"
            },
            "display_type": "line"
          },
          {
            "q": "avg:snmp.ifHCOutOctets.rate{$SNMP_Profile,$IP,$InterfaceDescription,$Interface} by {interface}",
            "style": {
              "line_width": "normal",
              "palette": "dog_classic",
              "line_type": "solid"
            },
            "display_type": "line"
          }
        ],
        "type": "timeseries"
      },
      "layout": {
        "y": 175,
        "x": 48.24305555555556,
        "width": 36,
        "height": 15
      },
      "id": 12
    },
    {
      "definition": {
        "custom_links": [],
        "title_size": "16",
        "yaxis": {
          "include_zero": true,
          "label": "",
          "scale": "linear",
          "min": "auto",
          "max": "auto"
        },
        "title_align": "left",
        "show_legend": false,
        "title": "In & Out Unicast Packets",
        "requests": [
          {
            "q": "avg:snmp.ifHCInUcastPkts{$SNMP_Profile,$IP,$InterfaceDescription,$Interface} by {interface}",
            "style": {
              "line_width": "normal",
              "palette": "dog_classic",
              "line_type": "solid"
            },
            "display_type": "line"
          },
          {
            "q": "avg:snmp.Interface.OutUnicastPkts{$SNMP_Profile,$IP,$InterfaceDescription,$Interface} by {interface}",
            "style": {
              "line_width": "normal",
              "palette": "dog_classic",
              "line_type": "solid"
            },
            "display_type": "line"
          }
        ],
        "type": "timeseries"
      },
      "layout": {
        "y": 207,
        "x": 85.24305555555554,
        "width": 32,
        "height": 15
      },
      "id": 13
    },
    {
      "definition": {
        "custom_links": [],
        "title_size": "16",
        "yaxis": {
          "include_zero": true,
          "label": "",
          "scale": "linear",
          "min": "auto",
          "max": "auto"
        },
        "title_align": "left",
        "show_legend": false,
        "title": "In & Out MultiCastPkts",
        "requests": [
          {
            "q": "avg:snmp.ifHCInMulticastPkts{$SNMP_Profile,$IP,$InterfaceDescription,$Interface} by {interface}",
            "style": {
              "line_width": "normal",
              "palette": "dog_classic",
              "line_type": "solid"
            },
            "display_type": "line"
          },
          {
            "q": "avg:snmp.ifHCOutMulticastPkts{$SNMP_Profile,$IP,$InterfaceDescription,$Interface} by {interface}",
            "style": {
              "line_width": "normal",
              "palette": "dog_classic",
              "line_type": "solid"
            },
            "display_type": "line"
          }
        ],
        "type": "timeseries"
      },
      "layout": {
        "y": 191,
        "x": 48.24305555555556,
        "width": 36,
        "height": 15
      },
      "id": 14
    },
    {
      "definition": {
        "custom_links": [],
        "title_size": "16",
        "yaxis": {
          "include_zero": true,
          "label": "",
          "scale": "linear",
          "min": "auto",
          "max": "auto"
        },
        "title_align": "left",
        "show_legend": false,
        "title": "In & Out Errors",
        "requests": [
          {
            "q": "avg:snmp.ifInErrors{$InterfaceDescription,$Interface,$SNMP_Profile,$IP} by {interface}",
            "style": {
              "line_width": "normal",
              "palette": "dog_classic",
              "line_type": "solid"
            },
            "display_type": "area"
          },
          {
            "q": "avg:snmp.ifOutErrors{$InterfaceDescription,$Interface,$SNMP_Profile,$IP} by {interface}",
            "style": {
              "line_width": "normal",
              "palette": "dog_classic",
              "line_type": "solid"
            },
            "display_type": "line"
          }
        ],
        "type": "timeseries"
      },
      "layout": {
        "y": 191,
        "x": 85.24305555555554,
        "width": 32,
        "height": 15
      },
      "id": 15
    },
    {
      "definition": {
        "custom_links": [],
        "title_size": "16",
        "yaxis": {
          "include_zero": true,
          "label": "",
          "scale": "linear",
          "min": "auto",
          "max": "auto"
        },
        "title_align": "left",
        "show_legend": false,
        "title": "In & Out Broadcasts",
        "requests": [
          {
            "q": "avg:snmp.ifHCInBroadcastPkts{$InterfaceDescription,$Interface,$SNMP_Profile,$IP} by {interface}",
            "style": {
              "line_width": "normal",
              "palette": "dog_classic",
              "line_type": "solid"
            },
            "display_type": "line"
          },
          {
            "q": "avg:snmp.ifHCOutBroadcastPkts{$InterfaceDescription,$Interface,$SNMP_Profile,$IP} by {interface}",
            "style": {
              "line_width": "normal",
              "palette": "dog_classic",
              "line_type": "solid"
            },
            "display_type": "line"
          }
        ],
        "type": "timeseries"
      },
      "layout": {
        "y": 175,
        "x": 85.24305555555554,
        "width": 32,
        "height": 15
      },
      "id": 16
    },
    {
      "definition": {
        "show_tick": true,
        "background_color": "white",
        "type": "note",
        "tick_edge": "bottom",
        "text_align": "center",
        "content": "Interfaces",
        "font_size": "24",
        "tick_pos": "50%"
      },
      "layout": {
        "y": 168,
        "x": 0.08333333333333333,
        "width": 117,
        "height": 6
      },
      "id": 17
    },
    {
      "definition": {
        "custom_links": [],
        "title_size": "16",
        "title": "Local Interfaces",
        "title_align": "left",
        "requests": [
          {
            "q": "avg:snmp.ifAdminStatus{$SNMP_Profile,$IP} by {interface,interfacedescription}",
            "aggregator": "last",
            "alias": "Admin Status"
          },
          {
            "q": "avg:snmp.ifOperStatus{$SNMP_Profile,$IP} by {interface,interfacedescription}",
            "aggregator": "last",
            "limit": 100,
            "order": "asc",
            "alias": "Oper Status"
          },
          {
            "q": "avg:snmp.ifHighSpeed{$SNMP_Profile,$IP} by {interface,interfacedescription}",
            "aggregator": "last",
            "alias": "Speed"
          }
        ],
        "type": "query_table"
      },
      "layout": {
        "y": 207,
        "x": 48.24305555555556,
        "width": 36,
        "height": 15
      },
      "id": 18
    },
    {
      "definition": {
        "font_size": "24",
        "background_color": "white",
        "type": "note",
        "tick_edge": "bottom",
        "text_align": "center",
        "content": "DNS",
        "vertical_align": "top",
        "has_padding": true,
        "show_tick": true,
        "tick_pos": "50%"
      },
      "layout": {
        "y": 58,
        "x": 0,
        "width": 117,
        "height": 6
      },
      "id": 4514958419328226
    },
    {
      "definition": {
        "title_size": "16",
        "legend_columns": [
          "avg",
          "min",
          "max",
          "value",
          "sum"
        ],
        "yaxis": {
          "include_zero": true,
          "label": "",
          "scale": "linear",
          "min": "auto",
          "max": "auto"
        },
        "title_align": "left",
        "markers": [],
        "legend_layout": "auto",
        "show_legend": true,
        "title": "DNS NonAuthoritative vs Authoritative Query Latency",
        "requests": [
          {
            "formulas": [
              {
                "formula": "query1"
              }
            ],
            "style": {
              "line_width": "normal",
              "palette": "dog_classic",
              "line_type": "solid"
            },
            "display_type": "line",
            "response_format": "timeseries",
            "queries": [
              {
                "query": "avg:snmp.DNS.NonAuthoritative.QueryLatency{$SNMP_Profile,$IP} by {sysname,site,snmp_device}",
                "data_source": "metrics",
                "name": "query1"
              }
            ]
          },
          {
            "formulas": [
              {
                "formula": "query0"
              }
            ],
            "style": {
              "line_width": "normal",
              "palette": "dog_classic",
              "line_type": "solid"
            },
            "display_type": "line",
            "response_format": "timeseries",
            "queries": [
              {
                "query": "avg:snmp.DNS.Authoritative.QueryLatency{$SNMP_Profile,$IP} by {sysname,site,snmp_device}",
                "data_source": "metrics",
                "name": "query0"
              }
            ]
          }
        ],
        "type": "timeseries"
      },
      "layout": {
        "y": 65,
        "x": 0,
        "width": 39,
        "height": 15
      },
      "id": 8443947540048438
    },
    {
      "definition": {
        "title_size": "16",
        "legend_columns": [
          "avg",
          "min",
          "max",
          "value",
          "sum"
        ],
        "yaxis": {
          "include_zero": true,
          "label": "",
          "scale": "linear",
          "min": "auto",
          "max": "auto"
        },
        "title_align": "left",
        "markers": [],
        "legend_layout": "auto",
        "show_legend": true,
        "title": "Replication Sent Queue Size",
        "requests": [
          {
            "formulas": [
              {
                "formula": "query1"
              }
            ],
            "style": {
              "line_width": "normal",
              "palette": "dog_classic",
              "line_type": "solid"
            },
            "display_type": "line",
            "response_format": "timeseries",
            "queries": [
              {
                "query": "avg:snmp.Replication.SentQueue.Size{$SNMP_Profile,$IP} by {sysname,node_ip}",
                "data_source": "metrics",
                "name": "query1"
              }
            ]
          }
        ],
        "type": "timeseries"
      },
      "layout": {
        "y": 16,
        "x": 0,
        "width": 39,
        "height": 15
      },
      "id": 7847838147737428
    },
    {
      "definition": {
        "title_size": "16",
        "legend_columns": [
          "avg",
          "min",
          "max",
          "value",
          "sum"
        ],
        "yaxis": {
          "include_zero": true,
          "label": "",
          "scale": "linear",
          "min": "auto",
          "max": "auto"
        },
        "title_align": "left",
        "markers": [],
        "legend_layout": "auto",
        "show_legend": true,
        "title": "Replication Received Queue Size",
        "requests": [
          {
            "formulas": [
              {
                "formula": "query1"
              }
            ],
            "style": {
              "line_width": "normal",
              "palette": "dog_classic",
              "line_type": "solid"
            },
            "display_type": "line",
            "response_format": "timeseries",
            "queries": [
              {
                "query": "avg:snmp.Replication.ReceiveQueue.Size{$SNMP_Profile,$IP} by {sysname,node_ip,site,snmp_device}",
                "data_source": "metrics",
                "name": "query1"
              }
            ]
          }
        ],
        "type": "timeseries"
      },
      "layout": {
        "y": 16,
        "x": 40,
        "width": 36,
        "height": 15
      },
      "id": 6524182409682208
    },
    {
      "definition": {
        "title_size": "16",
        "legend_columns": [
          "avg",
          "min",
          "max",
          "value",
          "sum"
        ],
        "yaxis": {
          "include_zero": true,
          "label": "",
          "scale": "linear",
          "min": "auto",
          "max": "auto"
        },
        "title_align": "left",
        "markers": [],
        "legend_layout": "auto",
        "show_legend": true,
        "title": "NonAuthoritative & Authoritative Query Counts",
        "requests": [
          {
            "formulas": [
              {
                "formula": "query1"
              },
              {
                "formula": "query2"
              }
            ],
            "style": {
              "line_width": "normal",
              "palette": "dog_classic",
              "line_type": "solid"
            },
            "display_type": "bars",
            "response_format": "timeseries",
            "queries": [
              {
                "query": "avg:snmp.DNS.NonAuthoritative.QueryCount{$SNMP_Profile,$IP} by {sysname,site,snmp_device}.as_count()",
                "data_source": "metrics",
                "name": "query1"
              },
              {
                "query": "avg:snmp.DNS.Authoritative.QueryCount{$SNMP_Profile,$IP} by {sysname,site,snmp_device}.as_count()",
                "data_source": "metrics",
                "name": "query2"
              }
            ]
          }
        ],
        "type": "timeseries"
      },
      "layout": {
        "y": 65,
        "x": 40,
        "width": 36,
        "height": 15
      },
      "id": 1203941574629710
    },
    {
      "definition": {
        "title_size": "16",
        "legend_columns": [
          "avg",
          "min",
          "max",
          "value",
          "sum"
        ],
        "yaxis": {
          "include_zero": true,
          "label": "",
          "scale": "linear",
          "min": "auto",
          "max": "auto"
        },
        "title_align": "left",
        "markers": [],
        "legend_layout": "auto",
        "show_legend": true,
        "title": "Invalid Port & TX ID",
        "requests": [
          {
            "formulas": [
              {
                "formula": "query1"
              },
              {
                "formula": "query2"
              }
            ],
            "style": {
              "line_width": "normal",
              "palette": "dog_classic",
              "line_type": "solid"
            },
            "display_type": "bars",
            "response_format": "timeseries",
            "queries": [
              {
                "query": "avg:snmp.DNS.InvalidPort{$SNMP_Profile,$IP} by {sysname,site,snmp_device}.as_count()",
                "data_source": "metrics",
                "name": "query1"
              },
              {
                "query": "avg:snmp.DNS.InvalidTXID{$SNMP_Profile,$IP} by {sysname,site,snmp_device}.as_count()",
                "data_source": "metrics",
                "name": "query2"
              }
            ]
          }
        ],
        "type": "timeseries"
      },
      "layout": {
        "y": 65,
        "x": 77,
        "width": 40,
        "height": 15
      },
      "id": 519638651634382
    },
    {
      "definition": {
        "title_size": "16",
        "legend_columns": [
          "avg",
          "min",
          "max",
          "value",
          "sum"
        ],
        "yaxis": {
          "include_zero": true,
          "label": "",
          "scale": "linear",
          "min": "auto",
          "max": "auto"
        },
        "title_align": "left",
        "markers": [],
        "legend_layout": "auto",
        "show_legend": true,
        "title": "NxRRRset Responses",
        "requests": [
          {
            "formulas": [
              {
                "formula": "query1"
              }
            ],
            "style": {
              "line_width": "normal",
              "palette": "dog_classic",
              "line_type": "solid"
            },
            "response_format": "timeseries",
            "on_right_yaxis": false,
            "display_type": "bars",
            "queries": [
              {
                "query": "avg:snmp.DNS.NxRRset.Responses{$SNMP_Profile,$IP} by {sysname,site,snmp_device}.as_count()",
                "data_source": "metrics",
                "name": "query1"
              }
            ]
          }
        ],
        "type": "timeseries"
      },
      "layout": {
        "y": 81,
        "x": 0.08333333333333333,
        "width": 39,
        "height": 15
      },
      "id": 6406759948517554
    },
    {
      "definition": {
        "title_size": "16",
        "legend_columns": [
          "avg",
          "min",
          "max",
          "value",
          "sum"
        ],
        "yaxis": {
          "include_zero": true,
          "label": "",
          "scale": "linear",
          "min": "auto",
          "max": "auto"
        },
        "title_align": "left",
        "markers": [],
        "legend_layout": "auto",
        "show_legend": true,
        "title": "NxDomain Responses",
        "requests": [
          {
            "formulas": [
              {
                "formula": "query1"
              }
            ],
            "style": {
              "line_width": "normal",
              "palette": "dog_classic",
              "line_type": "solid"
            },
            "display_type": "bars",
            "response_format": "timeseries",
            "queries": [
              {
                "query": "avg:snmp.DNS.NxDomain.Responses{$SNMP_Profile,$IP} by {sysname,site,snmp_device}.as_count()",
                "data_source": "metrics",
                "name": "query1"
              }
            ]
          }
        ],
        "type": "timeseries"
      },
      "layout": {
        "y": 81,
        "x": 40.083333333333336,
        "width": 36,
        "height": 15
      },
      "id": 1343588323266818
    },
    {
      "definition": {
        "title_size": "16",
        "legend_columns": [
          "avg",
          "min",
          "max",
          "value",
          "sum"
        ],
        "yaxis": {
          "include_zero": true,
          "label": "",
          "scale": "linear",
          "min": "auto",
          "max": "auto"
        },
        "title_align": "left",
        "markers": [],
        "legend_layout": "auto",
        "show_legend": true,
        "title": "Zone Transfers",
        "requests": [
          {
            "formulas": [
              {
                "formula": "query1"
              }
            ],
            "style": {
              "line_width": "normal",
              "palette": "dog_classic",
              "line_type": "solid"
            },
            "response_format": "timeseries",
            "on_right_yaxis": false,
            "display_type": "bars",
            "queries": [
              {
                "query": "avg:snmp.ZoneTransfer{$SNMP_Profile,$IP} by {sysname,site,snmp_device}",
                "data_source": "metrics",
                "name": "query1"
              }
            ]
          }
        ],
        "type": "timeseries"
      },
      "layout": {
        "y": 81,
        "x": 77.08333333333333,
        "width": 40,
        "height": 15
      },
      "id": 680909945718402
    },
    {
      "definition": {
        "title_size": "16",
        "legend_columns": [
          "avg",
          "min",
          "max",
          "value",
          "sum"
        ],
        "yaxis": {
          "include_zero": true,
          "label": "",
          "scale": "linear",
          "min": "auto",
          "max": "auto"
        },
        "title_align": "left",
        "markers": [],
        "legend_layout": "auto",
        "show_legend": true,
        "title": "Dynamic DNS Update Successes",
        "requests": [
          {
            "formulas": [
              {
                "formula": "query1"
              }
            ],
            "style": {
              "line_width": "normal",
              "palette": "dog_classic",
              "line_type": "solid"
            },
            "response_format": "timeseries",
            "on_right_yaxis": false,
            "display_type": "bars",
            "queries": [
              {
                "query": "avg:snmp.DNS.DynamicUpdate.Success{$SNMP_Profile,$IP} by {sysname,site,snmp_device}.as_count()",
                "data_source": "metrics",
                "name": "query1"
              }
            ]
          }
        ],
        "type": "timeseries"
      },
      "layout": {
        "y": 97,
        "x": 0.08333333333333333,
        "width": 39,
        "height": 15
      },
      "id": 922655834452058
    },
    {
      "definition": {
        "title_size": "16",
        "legend_columns": [
          "avg",
          "min",
          "max",
          "value",
          "sum"
        ],
        "yaxis": {
          "include_zero": true,
          "label": "",
          "scale": "linear",
          "min": "auto",
          "max": "auto"
        },
        "title_align": "left",
        "markers": [],
        "legend_layout": "auto",
        "show_legend": true,
        "title": "Dynamic DNS Rejects",
        "requests": [
          {
            "formulas": [
              {
                "formula": "query1",
                "alias": "Permission Reject"
              },
              {
                "formula": "query2",
                "alias": "Prerequisite Reject"
              }
            ],
            "style": {
              "line_width": "normal",
              "palette": "dog_classic",
              "line_type": "solid"
            },
            "display_type": "bars",
            "response_format": "timeseries",
            "queries": [
              {
                "query": "avg:snmp.DNS.DynamicUpdate.PermissionReject{$SNMP_Profile,$IP} by {sysname,site,snmp_device}.as_count()",
                "data_source": "metrics",
                "name": "query1"
              },
              {
                "query": "avg:snmp.DNS.DynamicUpdate.PrerequisiteReject{$SNMP_Profile,$IP} by {sysname,site,snmp_device}.as_count()",
                "data_source": "metrics",
                "name": "query2"
              }
            ]
          }
        ],
        "type": "timeseries"
      },
      "layout": {
        "y": 97,
        "x": 40.083333333333336,
        "width": 36,
        "height": 15
      },
      "id": 1682992491055236
    },
    {
      "definition": {
        "title_size": "16",
        "legend_columns": [
          "avg",
          "min",
          "max",
          "value",
          "sum"
        ],
        "yaxis": {
          "include_zero": true,
          "label": "",
          "scale": "linear",
          "min": "auto",
          "max": "auto"
        },
        "title_align": "left",
        "markers": [],
        "legend_layout": "auto",
        "show_legend": true,
        "title": "Dynamic DNS Update Failures",
        "requests": [
          {
            "formulas": [
              {
                "formula": "query1"
              }
            ],
            "style": {
              "line_width": "normal",
              "palette": "dog_classic",
              "line_type": "solid"
            },
            "display_type": "bars",
            "response_format": "timeseries",
            "queries": [
              {
                "query": "avg:snmp.DNS.DynamicUpdate.Failure{$SNMP_Profile,$IP} by {sysname,site,snmp_device}.as_count()",
                "data_source": "metrics",
                "name": "query1"
              }
            ]
          }
        ],
        "type": "timeseries"
      },
      "layout": {
        "y": 97,
        "x": 77.08333333333333,
        "width": 40,
        "height": 15
      },
      "id": 3672135077345314
    },
    {
      "definition": {
        "font_size": "24",
        "background_color": "white",
        "type": "note",
        "tick_edge": "bottom",
        "text_align": "center",
        "content": "DHCP",
        "vertical_align": "top",
        "has_padding": true,
        "show_tick": true,
        "tick_pos": "50%"
      },
      "layout": {
        "y": 113,
        "x": 0.08333333333333333,
        "width": 117,
        "height": 6
      },
      "id": 6282491171080870
    },
    {
      "definition": {
        "title_size": "16",
        "requests": [
          {
            "formulas": [
              {
                "formula": "default_zero(query1)",
                "limit": {
                  "count": 25,
                  "order": "desc"
                }
              }
            ],
            "response_format": "scalar",
            "queries": [
              {
                "query": "sum:snmp.DHCP.TotalMessages.In{$SNMP_Profile,$IP} by {sysname,snmp_device,site}.as_count()",
                "data_source": "metrics",
                "name": "query1",
                "aggregator": "sum"
              }
            ]
          }
        ],
        "title_align": "left",
        "type": "toplist",
        "title": "Total DHCP Messages Received"
      },
      "layout": {
        "y": 120,
        "x": 0,
        "width": 29,
        "height": 31
      },
      "id": 4333252530677900
    },
    {
      "definition": {
        "title_size": "16",
        "legend_columns": [
          "avg",
          "min",
          "max",
          "value",
          "sum"
        ],
        "yaxis": {
          "include_zero": true,
          "label": "",
          "scale": "linear",
          "min": "auto",
          "max": "auto"
        },
        "title_align": "left",
        "markers": [],
        "legend_layout": "auto",
        "show_legend": true,
        "title": "DHCP Requests In",
        "requests": [
          {
            "formulas": [
              {
                "formula": "query1"
              }
            ],
            "style": {
              "line_width": "normal",
              "palette": "dog_classic",
              "line_type": "solid"
            },
            "display_type": "bars",
            "response_format": "timeseries",
            "queries": [
              {
                "query": "avg:snmp.DHCP.Requests.In{$SNMP_Profile,$IP} by {sysname,site,snmp_device}.as_count()",
                "data_source": "metrics",
                "name": "query1"
              }
            ]
          }
        ],
        "type": "timeseries"
      },
      "layout": {
        "y": 120,
        "x": 30,
        "width": 43,
        "height": 15
      },
      "id": 560502029785130
    },
    {
      "definition": {
        "title_size": "16",
        "legend_columns": [
          "avg",
          "min",
          "max",
          "value",
          "sum"
        ],
        "yaxis": {
          "include_zero": true,
          "label": "",
          "scale": "linear",
          "min": "auto",
          "max": "auto"
        },
        "title_align": "left",
        "markers": [],
        "legend_layout": "auto",
        "show_legend": true,
        "title": "DHCP Releases Received",
        "requests": [
          {
            "formulas": [
              {
                "formula": "query1"
              }
            ],
            "style": {
              "line_width": "normal",
              "palette": "dog_classic",
              "line_type": "solid"
            },
            "display_type": "bars",
            "response_format": "timeseries",
            "queries": [
              {
                "query": "avg:snmp.DHCP.Releases.In{$SNMP_Profile,$IP} by {sysname,site,snmp_device}.as_count()",
                "data_source": "metrics",
                "name": "query1"
              }
            ]
          }
        ],
        "type": "timeseries"
      },
      "layout": {
        "y": 120,
        "x": 74,
        "width": 43,
        "height": 15
      },
      "id": 2798540583908680
    },
    {
      "definition": {
        "title_size": "16",
        "legend_columns": [
          "avg",
          "min",
          "max",
          "value",
          "sum"
        ],
        "yaxis": {
          "include_zero": true,
          "label": "",
          "scale": "linear",
          "min": "auto",
          "max": "auto"
        },
        "title_align": "left",
        "markers": [],
        "legend_layout": "auto",
        "show_legend": true,
        "title": "DHCP Declines Received",
        "requests": [
          {
            "formulas": [
              {
                "formula": "query1"
              }
            ],
            "style": {
              "line_width": "normal",
              "palette": "dog_classic",
              "line_type": "solid"
            },
            "display_type": "bars",
            "response_format": "timeseries",
            "queries": [
              {
                "query": "avg:snmp.DHCP.Declines.In{$SNMP_Profile,$IP} by {sysname,site,snmp_device}.as_count()",
                "data_source": "metrics",
                "name": "query1"
              }
            ]
          }
        ],
        "type": "timeseries"
      },
      "layout": {
        "y": 136,
        "x": 30,
        "width": 43,
        "height": 15
      },
      "id": 1519832601118376
    },
    {
      "definition": {
        "title_size": "16",
        "legend_columns": [
          "avg",
          "min",
          "max",
          "value",
          "sum"
        ],
        "yaxis": {
          "include_zero": true,
          "label": "",
          "scale": "linear",
          "min": "auto",
          "max": "auto"
        },
        "title_align": "left",
        "markers": [],
        "legend_layout": "auto",
        "show_legend": true,
        "title": "DHCP Informs Received",
        "requests": [
          {
            "formulas": [
              {
                "formula": "query1"
              }
            ],
            "style": {
              "line_width": "normal",
              "palette": "dog_classic",
              "line_type": "solid"
            },
            "display_type": "bars",
            "response_format": "timeseries",
            "queries": [
              {
                "query": "avg:snmp.DHCP.Informs.In{$SNMP_Profile,$IP} by {sysname,site,snmp_device}.as_count()",
                "data_source": "metrics",
                "name": "query1"
              }
            ]
          }
        ],
        "type": "timeseries"
      },
      "layout": {
        "y": 136,
        "x": 74,
        "width": 43,
        "height": 15
      },
      "id": 6824406571062826
    },
    {
      "definition": {
        "title_size": "16",
        "legend_columns": [
          "avg",
          "min",
          "max",
          "value",
          "sum"
        ],
        "yaxis": {
          "include_zero": true,
          "label": "",
          "scale": "linear",
          "min": "auto",
          "max": "auto"
        },
        "title_align": "left",
        "markers": [],
        "legend_layout": "auto",
        "show_legend": true,
        "title": "DHCP Other Types Received",
        "requests": [
          {
            "formulas": [
              {
                "formula": "query1"
              }
            ],
            "style": {
              "line_width": "normal",
              "palette": "dog_classic",
              "line_type": "solid"
            },
            "display_type": "bars",
            "response_format": "timeseries",
            "queries": [
              {
                "query": "avg:snmp.DHCP.Other.In{$SNMP_Profile,$IP} by {sysname,site,snmp_device}.as_count()",
                "data_source": "metrics",
                "name": "query1"
              }
            ]
          }
        ],
        "type": "timeseries"
      },
      "layout": {
        "y": 152,
        "x": 74,
        "width": 43,
        "height": 15
      },
      "id": 1239084228433874
    },
    {
      "definition": {
        "title_size": "16",
        "legend_columns": [
          "avg",
          "min",
          "max",
          "value",
          "sum"
        ],
        "yaxis": {
          "include_zero": true,
          "label": "",
          "scale": "linear",
          "min": "auto",
          "max": "auto"
        },
        "title_align": "left",
        "markers": [],
        "legend_layout": "auto",
        "show_legend": true,
        "title": "DHCP Acks & Nacks Sent",
        "requests": [
          {
            "formulas": [
              {
                "formula": "query1"
              },
              {
                "formula": "query2"
              }
            ],
            "style": {
              "line_width": "normal",
              "palette": "dog_classic",
              "line_type": "solid"
            },
            "display_type": "bars",
            "response_format": "timeseries",
            "queries": [
              {
                "query": "avg:snmp.DHCP.Nacks.Out{$SNMP_Profile,$IP} by {sysname,site,snmp_device}.as_count()",
                "data_source": "metrics",
                "name": "query1"
              },
              {
                "query": "avg:snmp.DHCP.Acks.Out{$SNMP_Profile,$IP} by {sysname,site,snmp_device}.as_count()",
                "data_source": "metrics",
                "name": "query2"
              }
            ]
          }
        ],
        "type": "timeseries"
      },
      "layout": {
        "y": 152,
        "x": 30,
        "width": 43,
        "height": 15
      },
      "id": 4060038775631854
    },
    {
      "definition": {
        "title_size": "16",
        "legend_columns": [
          "avg",
          "min",
          "max",
          "value",
          "sum"
        ],
        "yaxis": {
          "include_zero": true,
          "label": "",
          "scale": "linear",
          "min": "auto",
          "max": "auto"
        },
        "title_align": "left",
        "markers": [],
        "legend_layout": "auto",
        "show_legend": true,
        "title": "DHCP Offers Sent",
        "requests": [
          {
            "formulas": [
              {
                "formula": "query1"
              }
            ],
            "style": {
              "line_width": "normal",
              "palette": "dog_classic",
              "line_type": "solid"
            },
            "display_type": "bars",
            "response_format": "timeseries",
            "queries": [
              {
                "query": "avg:snmp.DHCP.Offers.Out{$SNMP_Profile,$IP} by {sysname,site,snmp_device}.as_count()",
                "data_source": "metrics",
                "name": "query1"
              }
            ]
          }
        ],
        "type": "timeseries"
      },
      "layout": {
        "y": 152,
        "x": 0,
        "width": 29,
        "height": 15
      },
      "id": 7741000744078660
    },
    {
      "definition": {
        "font_size": "24",
        "background_color": "white",
        "type": "note",
        "tick_edge": "bottom",
        "text_align": "center",
        "content": "Service Statuses",
        "vertical_align": "top",
        "has_padding": true,
        "show_tick": true,
        "tick_pos": "50%"
      },
      "layout": {
        "y": 32,
        "x": 0,
        "width": 117,
        "height": 6
      },
      "id": 1021705113213874
    },
    {
      "definition": {
        "title_size": "16",
        "legend_columns": [
          "avg",
          "min",
          "max",
          "value",
          "sum"
        ],
        "yaxis": {
          "include_zero": true,
          "label": "",
          "scale": "linear",
          "min": "auto",
          "max": "auto"
        },
        "title_align": "left",
        "markers": [
          {
            "display_type": "ok dashed",
            "value": "y = 1",
            "label": "\u00a0Working\u00a0"
          },
          {
            "display_type": "warning dashed",
            "value": "y = 2",
            "label": "\u00a0Warning\u00a0"
          },
          {
            "display_type": "error dashed",
            "value": "y = 3",
            "label": "\u00a0Failed\u00a0"
          },
          {
            "display_type": "info dashed",
            "value": "y = 4",
            "label": "\u00a0Inactive\u00a0"
          },
          {
            "display_type": "info dashed",
            "value": "y = 5",
            "label": "\u00a0Unknown\u00a0"
          }
        ],
        "legend_layout": "auto",
        "show_legend": true,
        "title": "Member Service Status",
        "requests": [
          {
            "formulas": [
              {
                "formula": "query1"
              }
            ],
            "style": {
              "line_width": "normal",
              "palette": "dog_classic",
              "line_type": "solid"
            },
            "display_type": "line",
            "response_format": "timeseries",
            "queries": [
              {
                "query": "avg:snmp.Member.Service.Status{$SNMP_Profile,$IP} by {sysname,service_name}",
                "data_source": "metrics",
                "name": "query1"
              }
            ]
          }
        ],
        "type": "timeseries"
      },
      "layout": {
        "y": 39,
        "x": 0,
        "width": 39,
        "height": 18
      },
      "id": 5072006612755148
    },
    {
      "definition": {
        "title_size": "16",
        "legend_columns": [
          "avg",
          "min",
          "max",
          "value",
          "sum"
        ],
        "yaxis": {
          "include_zero": true,
          "label": "",
          "scale": "linear",
          "min": "auto",
          "max": "auto"
        },
        "title_align": "left",
        "markers": [
          {
            "display_type": "ok dashed",
            "value": "y = 1",
            "label": "\u00a0Working\u00a0"
          },
          {
            "display_type": "warning dashed",
            "value": "y = 2",
            "label": "\u00a0Warning\u00a0"
          },
          {
            "display_type": "error dashed",
            "value": "y = 3",
            "label": "\u00a0Failed\u00a0"
          },
          {
            "display_type": "info dashed",
            "value": "y = 4",
            "label": "\u00a0Inactive\u00a0"
          },
          {
            "display_type": "info dashed",
            "value": "y = 5",
            "label": "\u00a0Unknown\u00a0"
          }
        ],
        "legend_layout": "auto",
        "show_legend": true,
        "title": "Node1 Service Status",
        "requests": [
          {
            "formulas": [
              {
                "formula": "query1"
              }
            ],
            "style": {
              "line_width": "normal",
              "palette": "dog_classic",
              "line_type": "solid"
            },
            "display_type": "line",
            "response_format": "timeseries",
            "queries": [
              {
                "query": "avg:snmp.Node1.Service.Status{$SNMP_Profile,$IP} by {sysname,service_name}",
                "data_source": "metrics",
                "name": "query1"
              }
            ]
          }
        ],
        "type": "timeseries"
      },
      "layout": {
        "y": 39,
        "x": 40,
        "width": 36,
        "height": 18
      },
      "id": 3942431690593786
    },
    {
      "definition": {
        "title_size": "16",
        "legend_columns": [
          "avg",
          "min",
          "max",
          "value",
          "sum"
        ],
        "yaxis": {
          "include_zero": true,
          "label": "",
          "scale": "linear",
          "min": "auto",
          "max": "auto"
        },
        "title_align": "left",
        "markers": [
          {
            "display_type": "ok dashed",
            "value": "y = 1",
            "label": "\u00a0Working\u00a0"
          },
          {
            "display_type": "warning dashed",
            "value": "y = 2",
            "label": "\u00a0Warning\u00a0"
          },
          {
            "display_type": "error dashed",
            "value": "y = 3",
            "label": "\u00a0Failed\u00a0"
          },
          {
            "display_type": "info dashed",
            "value": "y = 4",
            "label": "\u00a0Inactive\u00a0"
          },
          {
            "display_type": "info dashed",
            "value": "y = 5",
            "label": "\u00a0Unknown\u00a0"
          }
        ],
        "legend_layout": "auto",
        "show_legend": true,
        "title": "Node 2 Service Status",
        "requests": [
          {
            "formulas": [
              {
                "formula": "query1"
              }
            ],
            "style": {
              "line_width": "normal",
              "palette": "dog_classic",
              "line_type": "solid"
            },
            "display_type": "line",
            "response_format": "timeseries",
            "queries": [
              {
                "query": "avg:snmp.Node2.Service.Status{$SNMP_Profile,$IP} by {sysname,service_name}",
                "data_source": "metrics",
                "name": "query1"
              }
            ]
          }
        ],
        "type": "timeseries"
      },
      "layout": {
        "y": 39,
        "x": 77,
        "width": 40,
        "height": 18
      },
      "id": 108965566884122
    }
  ],
  "layout_type": "free"
}