{
  "notify_list": [],
  "description": "",
  "restricted_roles": [],
  "template_variables": [
    {
      "default": "*",
      "prefix": "snmp_device",
      "name": "IP"
    },
    {
      "default": "rd-sentrygen4-pdu",
      "prefix": "snmp_profile",
      "name": "SNMP_Profile"
    },
    {
      "default": "*",
      "prefix": "host",
      "name": "Host"
    },
    {
      "default": "*",
      "prefix": "phase",
      "name": "Phase"
    },
    {
      "default": "*",
      "prefix": "inputcord",
      "name": "InputCord"
    },
    {
      "default": "*",
      "prefix": "outlet",
      "name": "Outlet"
    },
    {
      "default": "*",
      "prefix": "line",
      "name": "Line"
    },
    {
      "default": "*",
      "prefix": "tempsensor",
      "name": "TempSensor"
    },
    {
      "default": "*",
      "prefix": "snmp_host",
      "name": "Sysname"
    }
  ],
  "is_read_only": false,
  "title": "RapDev ServerTech PDU Gen4 Dashboard",
  "widgets": [
    {
      "definition": {
        "custom_links": [],
        "title_size": "16",
        "title": "System Up Time",
        "title_align": "left",
        "custom_unit": "Days",
        "precision": 2,
        "autoscale": true,
        "requests": [
          {
            "q": "avg:snmp.sysUpTimeInstance{$IP,$SNMP_Profile,$Host,$Sysname}/8640000",
            "aggregator": "last"
          }
        ],
        "type": "query_value"
      },
      "layout": {
        "y": 0,
        "x": 73,
        "height": 15,
        "width": 44
      },
      "id": 6916255011485180
    },
    {
      "definition": {
        "tick_pos": "50%",
        "show_tick": true,
        "type": "note",
        "tick_edge": "bottom",
        "text_align": "center",
        "content": "Phase",
        "font_size": "24",
        "background_color": "white"
      },
      "layout": {
        "y": 16,
        "x": 0,
        "height": 6,
        "width": 117
      },
      "id": 4094499453322462
    },
    {
      "definition": {
        "custom_links": [],
        "title_size": "16",
        "title": "Phase Current(Amps)",
        "title_align": "left",
        "yaxis": {
          "max": "auto",
          "include_zero": true,
          "scale": "linear",
          "min": "auto",
          "label": ""
        },
        "show_legend": false,
        "requests": [
          {
            "q": "avg:snmp.Phase.Current{$IP,$SNMP_Profile,$Host,$Phase,$Sysname} by {phase_id,snmp_device,phase,sysname}/100",
            "style": {
              "line_width": "normal",
              "palette": "dog_classic",
              "line_type": "solid"
            },
            "display_type": "line"
          }
        ],
        "type": "timeseries"
      },
      "layout": {
        "y": 23,
        "x": 78,
        "height": 15,
        "width": 39
      },
      "id": 8937361369406194
    },
    {
      "definition": {
        "title_size": "16",
        "title": "Phase Voltage (volts)",
        "title_align": "left",
        "yaxis": {
          "max": "auto",
          "include_zero": true,
          "scale": "linear",
          "min": "auto",
          "label": ""
        },
        "show_legend": false,
        "time": {},
        "requests": [
          {
            "q": "avg:snmp.Phase.Voltage{$IP,$SNMP_Profile,$Host,$Phase,$Sysname} by {snmp_device,phase_id,phase,sysname}/10",
            "style": {
              "line_width": "normal",
              "palette": "dog_classic",
              "line_type": "solid"
            },
            "display_type": "line"
          }
        ],
        "type": "timeseries"
      },
      "layout": {
        "y": 39,
        "x": 0,
        "height": 15,
        "width": 36
      },
      "id": 8645470568583018
    },
    {
      "definition": {
        "title_size": "16",
        "title": "Phase Current",
        "title_align": "left",
        "custom_unit": "Amps",
        "precision": 2,
        "time": {},
        "autoscale": true,
        "requests": [
          {
            "q": "max:snmp.Phase.Current{$IP,$SNMP_Profile,$Host,$Phase,$Sysname}/100",
            "aggregator": "last"
          }
        ],
        "type": "query_value"
      },
      "layout": {
        "y": 39,
        "x": 37,
        "height": 15,
        "width": 40
      },
      "id": 8470230069456260
    },
    {
      "definition": {
        "tick_pos": "50%",
        "show_tick": true,
        "type": "note",
        "tick_edge": "bottom",
        "text_align": "center",
        "content": "Input Cord",
        "font_size": "24",
        "background_color": "white"
      },
      "layout": {
        "y": 55,
        "x": 0,
        "height": 6,
        "width": 117
      },
      "id": 3509069949949594
    },
    {
      "definition": {
        "custom_links": [],
        "title_size": "16",
        "yaxis": {
          "max": "20"
        },
        "title_align": "left",
        "markers": [
          {
            "display_type": "ok dashed",
            "value": "y = 0",
            "label": "\u00a0normal\u00a0"
          },
          {
            "display_type": "info dashed",
            "value": "y = 1",
            "label": "\u00a0disabled\u00a0"
          },
          {
            "display_type": "error dashed",
            "value": "y = 18",
            "label": "\u00a0alarm\u00a0"
          },
          {
            "display_type": "warning dashed",
            "value": "y = 14",
            "label": "\u00a0lowAlarm\u00a0"
          },
          {
            "display_type": "error dashed",
            "value": "y = 17",
            "label": "\u00a0highAlarm\u00a0"
          }
        ],
        "show_legend": false,
        "title": "Phase Status",
        "requests": [
          {
            "q": "avg:snmp.Phase.Status{$Host,$SNMP_Profile,$IP,$Phase,$Sysname} by {phase_id,phase,snmp_device,sysname}",
            "style": {
              "line_width": "normal",
              "palette": "dog_classic",
              "line_type": "solid"
            },
            "display_type": "line"
          }
        ],
        "type": "timeseries"
      },
      "layout": {
        "y": 23,
        "x": 0,
        "height": 15,
        "width": 36
      },
      "id": 950331288705738
    },
    {
      "definition": {
        "custom_links": [],
        "title_size": "16",
        "yaxis": {
          "max": "auto",
          "include_zero": true,
          "scale": "linear",
          "min": "auto",
          "label": ""
        },
        "title_align": "left",
        "markers": [
          {
            "display_type": "ok dashed",
            "value": "y = 1",
            "label": "\u00a0on\u00a0"
          },
          {
            "display_type": "warning dashed",
            "value": "y = 2",
            "label": "\u00a0off\u00a0"
          }
        ],
        "show_legend": false,
        "title": "Phase State",
        "requests": [
          {
            "q": "avg:snmp.Phase.State{$SNMP_Profile,$IP,$Host,$Phase,$Sysname} by {phase_id,phase,snmp_device,sysname}",
            "style": {
              "line_width": "normal",
              "palette": "dog_classic",
              "line_type": "solid"
            },
            "display_type": "line"
          }
        ],
        "type": "timeseries"
      },
      "layout": {
        "y": 23,
        "x": 37,
        "height": 15,
        "width": 40
      },
      "id": 5487751985130210
    },
    {
      "definition": {
        "custom_links": [],
        "title_size": "16",
        "title": "Phase Active Power (Watts)",
        "title_align": "left",
        "yaxis": {
          "max": "auto",
          "include_zero": true,
          "scale": "linear",
          "min": "auto",
          "label": ""
        },
        "show_legend": false,
        "requests": [
          {
            "q": "avg:snmp.Phase.ActivePower{$SNMP_Profile,$IP,$Host,$Phase,$Sysname} by {phase_id,snmp_device,phase,sysname}",
            "style": {
              "line_width": "normal",
              "palette": "dog_classic",
              "line_type": "solid"
            },
            "display_type": "line"
          }
        ],
        "type": "timeseries"
      },
      "layout": {
        "y": 39,
        "x": 78,
        "height": 15,
        "width": 39
      },
      "id": 6477058826364784
    },
    {
      "definition": {
        "custom_links": [],
        "title_size": "16",
        "yaxis": {
          "max": "auto",
          "include_zero": true,
          "scale": "linear",
          "min": "auto",
          "label": ""
        },
        "title_align": "left",
        "markers": [
          {
            "display_type": "ok dashed",
            "value": "y = 1",
            "label": "\u00a0on\u00a0"
          },
          {
            "display_type": "warning dashed",
            "value": "y = 2",
            "label": "\u00a0off\u00a0"
          }
        ],
        "show_legend": false,
        "title": "Input Cord State",
        "requests": [
          {
            "q": "avg:snmp.InputCord.State{$SNMP_Profile,$IP,$Host,$InputCord,$Sysname} by {snmp_device,inputcord,inputcord_id,sysname}",
            "style": {
              "line_width": "normal",
              "palette": "dog_classic",
              "line_type": "solid"
            },
            "display_type": "line"
          }
        ],
        "type": "timeseries"
      },
      "layout": {
        "y": 62,
        "x": 38,
        "height": 15,
        "width": 38
      },
      "id": 4796019894995342
    },
    {
      "definition": {
        "custom_links": [],
        "title_size": "16",
        "yaxis": {
          "max": "auto",
          "include_zero": true,
          "scale": "linear",
          "min": "auto",
          "label": ""
        },
        "title_align": "left",
        "markers": [
          {
            "display_type": "ok dashed",
            "value": "y = 0",
            "label": "\u00a0normal\u00a0"
          },
          {
            "display_type": "info dashed",
            "value": "y = 1",
            "label": "\u00a0disabled\u00a0"
          },
          {
            "display_type": "warning dashed",
            "value": "y = 14",
            "label": "\u00a0lowAlarm\u00a0"
          },
          {
            "display_type": "warning dashed",
            "value": "y = 17",
            "label": "\u00a0highAlarm\u00a0"
          },
          {
            "display_type": "error dashed",
            "value": "y = 18",
            "label": "\u00a0alarm\u00a0"
          }
        ],
        "show_legend": false,
        "title": "Input Cord Status",
        "requests": [
          {
            "q": "avg:snmp.InputCord.Status{$SNMP_Profile,$IP,$Host,$InputCord,$Sysname} by {snmp_device,inputcord,inputcord_id,sysname}",
            "style": {
              "line_width": "normal",
              "palette": "dog_classic",
              "line_type": "solid"
            },
            "display_type": "line"
          }
        ],
        "type": "timeseries"
      },
      "layout": {
        "y": 62,
        "x": 0,
        "height": 15,
        "width": 37
      },
      "id": 6925768672677360
    },
    {
      "definition": {
        "custom_links": [],
        "title_size": "16",
        "title": "Input Cord Active Power (Watts)",
        "title_align": "left",
        "yaxis": {
          "max": "auto",
          "include_zero": true,
          "scale": "linear",
          "min": "auto",
          "label": ""
        },
        "show_legend": false,
        "requests": [
          {
            "q": "avg:snmp.InputCord.ActivePower{$SNMP_Profile,$Host,$IP,$InputCord,$Sysname} by {inputcord_id,snmp_device,inputcord,sysname}",
            "style": {
              "line_width": "normal",
              "palette": "dog_classic",
              "line_type": "solid"
            },
            "display_type": "line"
          }
        ],
        "type": "timeseries"
      },
      "layout": {
        "y": 78,
        "x": 38,
        "height": 15,
        "width": 38
      },
      "id": 2740782358697302
    },
    {
      "definition": {
        "custom_links": [],
        "title_size": "16",
        "title": "Input Cord Power Utilized",
        "title_align": "left",
        "custom_unit": "%",
        "precision": 2,
        "autoscale": true,
        "requests": [
          {
            "q": "avg:snmp.InputCord.PowerUtilized{$SNMP_Profile,$IP,$Host,$InputCord,$Sysname}/10",
            "aggregator": "last"
          }
        ],
        "type": "query_value"
      },
      "layout": {
        "y": 62,
        "x": 77,
        "height": 15,
        "width": 40
      },
      "id": 366589382441604
    },
    {
      "definition": {
        "tick_pos": "50%",
        "show_tick": true,
        "type": "note",
        "tick_edge": "bottom",
        "text_align": "center",
        "content": "Outlet",
        "font_size": "24",
        "background_color": "white"
      },
      "layout": {
        "y": 94,
        "x": 0,
        "height": 6,
        "width": 117
      },
      "id": 3934027352592302
    },
    {
      "definition": {
        "custom_links": [],
        "title_size": "16",
        "yaxis": {
          "max": "auto",
          "include_zero": true,
          "scale": "linear",
          "min": "auto",
          "label": ""
        },
        "title_align": "left",
        "markers": [
          {
            "display_type": "ok dashed",
            "value": "y = 0",
            "label": "\u00a0normal\u00a0"
          },
          {
            "display_type": "info dashed",
            "value": "y = 1",
            "label": "\u00a0disabled\u00a0"
          },
          {
            "display_type": "warning dashed",
            "value": "y = 14",
            "label": "\u00a0lowAlarm\u00a0"
          },
          {
            "display_type": "warning dashed",
            "value": "y = 17",
            "label": "\u00a0highAlarm\u00a0"
          },
          {
            "display_type": "error dashed",
            "value": "y = 18",
            "label": "\u00a0alarm\u00a0"
          }
        ],
        "show_legend": false,
        "title": "Outlet Status",
        "requests": [
          {
            "q": "avg:snmp.Outlet.Status{$SNMP_Profile,$IP,$Host,$Outlet,$Sysname} by {snmp_device,outlet,sysname,outlet_id}",
            "style": {
              "line_width": "normal",
              "palette": "dog_classic",
              "line_type": "solid"
            },
            "display_type": "line"
          }
        ],
        "type": "timeseries"
      },
      "layout": {
        "y": 101,
        "x": 0,
        "height": 15,
        "width": 37
      },
      "id": 8702320218754816
    },
    {
      "definition": {
        "custom_links": [],
        "title_size": "16",
        "yaxis": {
          "max": "auto",
          "include_zero": true,
          "scale": "linear",
          "min": "auto",
          "label": ""
        },
        "title_align": "left",
        "markers": [
          {
            "display_type": "ok dashed",
            "value": "y = 1",
            "label": "\u00a0on\u00a0"
          },
          {
            "display_type": "warning dashed",
            "value": "y = 2",
            "label": "\u00a0off\u00a0"
          }
        ],
        "show_legend": false,
        "title": "Outlet State",
        "requests": [
          {
            "q": "avg:snmp.Outlet.State{$SNMP_Profile,$IP,$Host,$Outlet,$Sysname} by {snmp_device,outlet,outlet_id,sysname}",
            "style": {
              "line_width": "normal",
              "palette": "dog_classic",
              "line_type": "solid"
            },
            "display_type": "line"
          }
        ],
        "type": "timeseries"
      },
      "layout": {
        "y": 101,
        "x": 38,
        "height": 15,
        "width": 38
      },
      "id": 3246123709689032
    },
    {
      "definition": {
        "tick_pos": "50%",
        "show_tick": true,
        "type": "note",
        "tick_edge": "bottom",
        "text_align": "center",
        "content": "Temperature Sensor",
        "font_size": "24",
        "background_color": "white"
      },
      "layout": {
        "y": 117,
        "x": 0,
        "height": 6,
        "width": 117
      },
      "id": 6361538502729970
    },
    {
      "definition": {
        "custom_links": [],
        "title_size": "16",
        "title": "Temperature Sensor Value",
        "title_align": "left",
        "custom_unit": "C",
        "precision": 2,
        "autoscale": true,
        "requests": [
          {
            "q": "avg:snmp.TempSensor.Value{$SNMP_Profile,$Host,$IP,$TempSensor,$Sysname}/100",
            "aggregator": "last"
          }
        ],
        "type": "query_value"
      },
      "layout": {
        "y": 124,
        "x": 0,
        "height": 15,
        "width": 42
      },
      "id": 3865402746778490
    },
    {
      "definition": {
        "custom_links": [],
        "title_size": "16",
        "title": "Temperature Sensor Value",
        "title_align": "left",
        "yaxis": {
          "max": "auto",
          "include_zero": true,
          "scale": "linear",
          "min": "auto",
          "label": ""
        },
        "show_legend": false,
        "requests": [
          {
            "q": "avg:snmp.TempSensor.Status{$IP,$SNMP_Profile,$Host,$TempSensor,$Sysname} by {tempsensor,tempsensor_id,snmp_device,sysname}",
            "style": {
              "line_width": "normal",
              "palette": "dog_classic",
              "line_type": "solid"
            },
            "display_type": "line"
          }
        ],
        "type": "timeseries"
      },
      "layout": {
        "y": 124,
        "x": 59,
        "height": 15,
        "width": 58
      },
      "id": 560727765425964
    },
    {
      "definition": {
        "custom_links": [],
        "title_size": "16",
        "title": "Input Cord Energy Consumption (kWh)",
        "title_align": "left",
        "yaxis": {
          "max": "auto",
          "include_zero": true,
          "scale": "linear",
          "min": "auto",
          "label": ""
        },
        "show_legend": false,
        "requests": [
          {
            "q": "avg:snmp.InputCord.EnergyConsumption{$IP,$SNMP_Profile,$Host,$InputCord,$Sysname} by {inputcord,inputcord_id,snmp_device,sysname}/10",
            "style": {
              "line_width": "normal",
              "palette": "dog_classic",
              "line_type": "solid"
            },
            "display_type": "line"
          }
        ],
        "type": "timeseries"
      },
      "layout": {
        "y": 78,
        "x": 0,
        "height": 15,
        "width": 37
      },
      "id": 2508867800343698
    },
    {
      "definition": {
        "tick_pos": "50%",
        "show_tick": true,
        "type": "note",
        "tick_edge": "bottom",
        "text_align": "center",
        "content": "Lines",
        "font_size": "24",
        "background_color": "white"
      },
      "layout": {
        "y": 140,
        "x": 0,
        "height": 6,
        "width": 117
      },
      "id": 2890397626146840
    },
    {
      "definition": {
        "custom_links": [],
        "title_size": "16",
        "yaxis": {
          "max": "auto",
          "include_zero": true,
          "scale": "linear",
          "min": "auto",
          "label": ""
        },
        "title_align": "left",
        "markers": [
          {
            "display_type": "ok dashed",
            "value": "y = 0",
            "label": "\u00a0normal\u00a0"
          },
          {
            "display_type": "info dashed",
            "value": "y = 1",
            "label": "\u00a0disabled\u00a0"
          },
          {
            "display_type": "warning dashed",
            "value": "y = 14",
            "label": "\u00a0lowAlarm\u00a0"
          },
          {
            "display_type": "warning dashed",
            "value": "y = 17",
            "label": "\u00a0highAlarm\u00a0"
          },
          {
            "display_type": "error dashed",
            "value": "y = 18",
            "label": "\u00a0alarm\u00a0"
          }
        ],
        "show_legend": false,
        "title": "Line Status",
        "requests": [
          {
            "q": "avg:snmp.Line.Status{$SNMP_Profile,$IP,$Host,$Line,$Sysname} by {snmp_device,line,line_id,sysname}",
            "style": {
              "line_width": "normal",
              "palette": "dog_classic",
              "line_type": "solid"
            },
            "display_type": "line"
          }
        ],
        "type": "timeseries"
      },
      "layout": {
        "y": 147,
        "x": 0,
        "height": 15,
        "width": 37
      },
      "id": 5346938989082174
    },
    {
      "definition": {
        "custom_links": [],
        "title_size": "16",
        "yaxis": {
          "max": "auto",
          "include_zero": true,
          "scale": "linear",
          "min": "auto",
          "label": ""
        },
        "title_align": "left",
        "markers": [
          {
            "display_type": "ok dashed",
            "value": "y = 1",
            "label": "\u00a0on\u00a0"
          },
          {
            "display_type": "warning dashed",
            "value": "y = 2",
            "label": "\u00a0off\u00a0"
          }
        ],
        "show_legend": false,
        "title": "Line State",
        "requests": [
          {
            "q": "avg:snmp.Line.State{$SNMP_Profile,$IP,$Host,$Line,$Sysname} by {snmp_device,line,line_id,sysname}",
            "style": {
              "line_width": "normal",
              "palette": "dog_classic",
              "line_type": "solid"
            },
            "display_type": "line"
          }
        ],
        "type": "timeseries"
      },
      "layout": {
        "y": 147,
        "x": 79,
        "height": 15,
        "width": 38
      },
      "id": 380478450161616
    },
    {
      "definition": {
        "custom_links": [],
        "title_size": "16",
        "title": "Line Load (Amps)",
        "title_align": "left",
        "yaxis": {
          "max": "auto",
          "include_zero": true,
          "scale": "linear",
          "min": "auto",
          "label": ""
        },
        "show_legend": false,
        "requests": [
          {
            "q": "avg:snmp.Line.Current{$IP,$SNMP_Profile,$Host,$Line,$Sysname} by {snmp_device,line,line_id,sysname}/100",
            "style": {
              "line_width": "normal",
              "palette": "dog_classic",
              "line_type": "solid"
            },
            "display_type": "line"
          }
        ],
        "type": "timeseries"
      },
      "layout": {
        "y": 163,
        "x": 0,
        "height": 15,
        "width": 37
      },
      "id": 5858392365833970
    },
    {
      "definition": {
        "custom_links": [],
        "title_size": "16",
        "title": "Line Information",
        "title_align": "left",
        "has_search_bar": "auto",
        "requests": [
          {
            "aggregator": "avg",
            "cell_display_mode": [
              "bar"
            ],
            "q": "avg:snmp.Line.State{$SNMP_Profile,$IP,$Host,$Line,$Sysname} by {sysname,line,line_id}",
            "alias": "Line State",
            "limit": 50,
            "order": "desc"
          },
          {
            "q": "avg:snmp.Line.Status{$SNMP_Profile,$IP,$Host,$Line,$Sysname} by {sysname,line,line_id}",
            "aggregator": "avg",
            "cell_display_mode": [
              "bar"
            ],
            "alias": "Line Status"
          }
        ],
        "type": "query_table"
      },
      "layout": {
        "y": 147,
        "x": 38,
        "height": 15,
        "width": 40
      },
      "id": 2886363413154904
    },
    {
      "definition": {
        "custom_links": [],
        "title_size": "16",
        "title": "Outlet Information",
        "title_align": "left",
        "has_search_bar": "auto",
        "requests": [
          {
            "aggregator": "avg",
            "cell_display_mode": [
              "bar"
            ],
            "q": "avg:snmp.Outlet.State{$IP,$SNMP_Profile,$Host,$Outlet,$Sysname} by {sysname,outlet,outlet_id}",
            "alias": "Outlet State",
            "limit": 50,
            "order": "desc"
          },
          {
            "q": "avg:snmp.Outlet.Status{$IP,$SNMP_Profile,$Host,$Outlet,$Sysname} by {sysname,outlet,outlet_id}",
            "aggregator": "avg",
            "cell_display_mode": [
              "bar"
            ],
            "alias": "Outlet Status"
          }
        ],
        "type": "query_table"
      },
      "layout": {
        "y": 101,
        "x": 77,
        "height": 15,
        "width": 40
      },
      "id": 7995509049640016
    },
    {
      "definition": {
        "custom_links": [],
        "title_size": "16",
        "title": "Line Current Utilization",
        "title_align": "left",
        "custom_unit": "%",
        "precision": 2,
        "autoscale": true,
        "requests": [
          {
            "q": "avg:snmp.Line.CurrentUtilized{$SNMP_Profile,$Host,$IP,$Line,$Sysname}/10",
            "aggregator": "last"
          }
        ],
        "type": "query_value"
      },
      "layout": {
        "y": 163,
        "x": 38,
        "height": 15,
        "width": 40
      },
      "id": 5165345816269908
    },
    {
      "definition": {
        "tick_pos": "50%",
        "show_tick": true,
        "type": "note",
        "tick_edge": "left",
        "text_align": "left",
        "content": "  -4.1 = Invalid Reading",
        "font_size": "18",
        "background_color": "white"
      },
      "layout": {
        "y": 124,
        "x": 43,
        "height": 15,
        "width": 15
      },
      "id": 4000677807754046
    },
    {
      "definition": {
        "custom_links": [],
        "title_size": "16",
        "title": "Phase State",
        "title_align": "left",
        "precision": 0,
        "autoscale": true,
        "requests": [
          {
            "q": "avg:snmp.Phase.State{$SNMP_Profile,$IP,$Host,$Phase,$Sysname}",
            "aggregator": "last",
            "conditional_formats": [
              {
                "palette": "white_on_green",
                "value": 1,
                "comparator": "<="
              },
              {
                "palette": "white_on_red",
                "value": 1,
                "comparator": ">"
              }
            ]
          }
        ],
        "type": "query_value"
      },
      "layout": {
        "y": 0,
        "x": 0,
        "height": 15,
        "width": 17
      },
      "id": 6833927334614010
    },
    {
      "definition": {
        "custom_links": [],
        "title_size": "16",
        "title": "Outlet State",
        "title_align": "left",
        "precision": 0,
        "autoscale": true,
        "requests": [
          {
            "q": "avg:snmp.Outlet.State{$SNMP_Profile,$IP,$Host,$Outlet,$Sysname}",
            "aggregator": "last",
            "conditional_formats": [
              {
                "palette": "white_on_green",
                "value": 1,
                "comparator": "<="
              },
              {
                "palette": "white_on_red",
                "value": 1,
                "comparator": ">"
              }
            ]
          }
        ],
        "type": "query_value"
      },
      "layout": {
        "y": 0,
        "x": 18,
        "height": 15,
        "width": 17
      },
      "id": 7869947669198528
    },
    {
      "definition": {
        "custom_links": [],
        "title_size": "16",
        "title": "Input Cord State",
        "title_align": "left",
        "precision": 0,
        "autoscale": true,
        "requests": [
          {
            "q": "avg:snmp.InputCord.State{$SNMP_Profile,$IP,$Host,$InputCord,$Sysname}",
            "aggregator": "last",
            "conditional_formats": [
              {
                "palette": "white_on_green",
                "value": 1,
                "comparator": "<="
              },
              {
                "palette": "white_on_red",
                "value": 1,
                "comparator": ">"
              }
            ]
          }
        ],
        "type": "query_value"
      },
      "layout": {
        "y": 0,
        "x": 36,
        "height": 15,
        "width": 17
      },
      "id": 1061213087003244
    },
    {
      "definition": {
        "custom_links": [],
        "title_size": "16",
        "title": "Line State",
        "title_align": "left",
        "precision": 0,
        "autoscale": true,
        "requests": [
          {
            "q": "avg:snmp.Line.State{$IP,$SNMP_Profile,$Host,$Line,$Sysname}",
            "aggregator": "last",
            "conditional_formats": [
              {
                "palette": "white_on_green",
                "value": 1,
                "comparator": "<="
              },
              {
                "palette": "white_on_yellow",
                "value": 1,
                "comparator": ">"
              }
            ]
          }
        ],
        "type": "query_value"
      },
      "layout": {
        "y": 0,
        "x": 54,
        "height": 15,
        "width": 18
      },
      "id": 3544854321649988
    }
  ],
  "layout_type": "free"
}