{
  "notify_list": [],
  "description": "",
  "restricted_roles": [],
  "template_variables": [
    {
      "default": "*",
      "prefix": "env",
      "name": "env",
      "available_values": []
    },
    {
      "default": "*",
      "prefix": "service",
      "name": "service",
      "available_values": []
    }
  ],
  "is_read_only": false,
  "title": "Logs Usage",
  "reflow_type": "fixed",
  "widgets": [
    {
      "definition": {
        "type": "toplist",
        "requests": [
          {
            "formulas": [
              {
                "formula": "query1",
                "limit": {
                  "count": 10,
                  "order": "desc"
                }
              }
            ],
            "response_format": "scalar",
            "queries": [
              {
                "query": "sum:logs{datadog_is_excluded:false,$env,$service} by {env}.as_count()",
                "data_source": "metrics",
                "name": "query1",
                "aggregator": "sum"
              }
            ]
          }
        ],
        "title_align": "left",
        "title_size": "16",
        "title": "Indexed prd logs by env"
      },
      "layout": {
        "y": 0,
        "x": 0,
        "height": 2,
        "width": 4
      },
      "id": 7534675551874560
    },
    {
      "definition": {
        "title_size": "16",
        "legend_columns": [
          "avg",
          "min",
          "max",
          "value",
          "sum"
        ],
        "yaxis": {
          "include_zero": true,
          "max": "auto",
          "scale": "linear",
          "min": "auto",
          "label": ""
        },
        "title_align": "left",
        "markers": [],
        "legend_layout": "vertical",
        "show_legend": false,
        "title": "Ingested bytes by index",
        "requests": [
          {
            "formulas": [
              {
                "formula": "query1"
              }
            ],
            "style": {
              "line_width": "normal",
              "palette": "dog_classic",
              "line_type": "solid"
            },
            "response_format": "timeseries",
            "on_right_yaxis": false,
            "display_type": "bars",
            "queries": [
              {
                "query": "sum:datadog.estimated_usage.logs.ingested_bytes{$env,$service} by {datadog_index}.as_count()",
                "data_source": "metrics",
                "name": "query1"
              }
            ]
          }
        ],
        "type": "timeseries"
      },
      "layout": {
        "y": 0,
        "x": 4,
        "height": 2,
        "width": 4
      },
      "id": 3591106196172106
    },
    {
      "definition": {
        "title_size": "16",
        "legend_columns": [
          "avg",
          "min",
          "max",
          "value",
          "sum"
        ],
        "yaxis": {
          "include_zero": true,
          "max": "auto",
          "scale": "linear",
          "min": "auto",
          "label": ""
        },
        "title_align": "left",
        "markers": [],
        "legend_layout": "vertical",
        "show_legend": false,
        "title": "Indexed vs Excluded events",
        "requests": [
          {
            "formulas": [
              {
                "formula": "query3 + query1"
              },
              {
                "formula": "query2 + query4"
              }
            ],
            "style": {
              "line_width": "normal",
              "palette": "dog_classic",
              "line_type": "solid"
            },
            "response_format": "timeseries",
            "on_right_yaxis": false,
            "display_type": "bars",
            "queries": [
              {
                "query": "sum:prd.logs{$env,$service,datadog_is_excluded:false}.as_count()",
                "data_source": "metrics",
                "name": "query3"
              },
              {
                "query": "sum:prd.logs{$env,$service,datadog_is_excluded:false}.as_count()",
                "data_source": "metrics",
                "name": "query1"
              },
              {
                "query": "sum:prd.logs{$env,$service,datadog_is_excluded:true}.as_count()",
                "data_source": "metrics",
                "name": "query2"
              },
              {
                "query": "sum:dev.logs{$env,$service,datadog_is_excluded:true}.as_count()",
                "data_source": "metrics",
                "name": "query4"
              }
            ]
          }
        ],
        "type": "timeseries"
      },
      "layout": {
        "y": 0,
        "x": 8,
        "height": 2,
        "width": 4
      },
      "id": 4198555401903182
    },
    {
      "definition": {
        "title_size": "16",
        "legend_columns": [
          "avg",
          "min",
          "max",
          "value",
          "sum"
        ],
        "yaxis": {
          "include_zero": true,
          "max": "auto",
          "scale": "linear",
          "min": "auto",
          "label": ""
        },
        "title_align": "left",
        "markers": [],
        "legend_layout": "vertical",
        "show_legend": false,
        "title": "ingested events per index",
        "requests": [
          {
            "on_right_yaxis": false,
            "style": {
              "line_width": "normal",
              "palette": "dog_classic",
              "line_type": "solid"
            },
            "display_type": "bars",
            "response_format": "timeseries",
            "queries": [
              {
                "query": "sum:datadog.estimated_usage.logs.ingested_events{datadog_is_excluded:false,$env,$service} by {datadog_index}.as_count()",
                "data_source": "metrics",
                "name": "query1"
              }
            ]
          }
        ],
        "type": "timeseries"
      },
      "layout": {
        "y": 2,
        "x": 0,
        "height": 2,
        "width": 4
      },
      "id": 853003466780627
    },
    {
      "definition": {
        "autoscale": true,
        "title": "Ingested Events",
        "title_align": "left",
        "custom_unit": "events",
        "precision": 2,
        "title_size": "16",
        "requests": [
          {
            "formulas": [
              {
                "formula": "query1"
              }
            ],
            "response_format": "scalar",
            "queries": [
              {
                "query": "sum:datadog.estimated_usage.logs.ingested_events{*}.as_count()",
                "data_source": "metrics",
                "name": "query1",
                "aggregator": "sum"
              }
            ]
          }
        ],
        "type": "query_value"
      },
      "layout": {
        "y": 2,
        "x": 4,
        "height": 2,
        "width": 4
      },
      "id": 3278014054019238
    },
    {
      "definition": {
        "autoscale": true,
        "title": "Indexed events",
        "title_align": "left",
        "custom_unit": "events",
        "precision": 2,
        "title_size": "16",
        "requests": [
          {
            "formulas": [
              {
                "formula": "query1"
              }
            ],
            "response_format": "scalar",
            "queries": [
              {
                "query": "sum:logs{datadog_is_excluded:false}.as_count()",
                "data_source": "metrics",
                "name": "query1",
                "aggregator": "sum"
              }
            ]
          }
        ],
        "type": "query_value"
      },
      "layout": {
        "y": 2,
        "x": 8,
        "height": 2,
        "width": 4
      },
      "id": 6728381683694102
    },
    {
      "definition": {
        "autoscale": true,
        "title": "Ingested bytes",
        "title_align": "left",
        "custom_unit": " bytes",
        "precision": 2,
        "title_size": "16",
        "requests": [
          {
            "formulas": [
              {
                "formula": "query1"
              }
            ],
            "response_format": "scalar",
            "queries": [
              {
                "query": "sum:datadog.estimated_usage.logs.ingested_bytes{*}.as_count()",
                "data_source": "metrics",
                "name": "query1",
                "aggregator": "sum"
              }
            ]
          }
        ],
        "type": "query_value"
      },
      "layout": {
        "y": 4,
        "x": 0,
        "height": 2,
        "width": 4
      },
      "id": 3009733209942080
    },
    {
      "definition": {
        "title_size": "16",
        "legend_columns": [
          "avg",
          "min",
          "max",
          "value",
          "sum"
        ],
        "yaxis": {
          "include_zero": true,
          "max": "auto",
          "scale": "linear",
          "min": "auto",
          "label": ""
        },
        "title_align": "left",
        "markers": [],
        "legend_layout": "vertical",
        "show_legend": false,
        "title": "Ingested prd logs by service",
        "requests": [
          {
            "formulas": [
              {
                "formula": "query1"
              }
            ],
            "style": {
              "line_width": "normal",
              "palette": "dog_classic",
              "line_type": "solid"
            },
            "response_format": "timeseries",
            "on_right_yaxis": false,
            "display_type": "bars",
            "queries": [
              {
                "query": "sum:logs{$env,$service} by {service}.as_count()",
                "data_source": "metrics",
                "name": "query1"
              }
            ]
          }
        ],
        "type": "timeseries"
      },
      "layout": {
        "y": 4,
        "x": 4,
        "height": 2,
        "width": 4
      },
      "id": 1928295465370318
    },
    {
      "definition": {
        "title_size": "16",
        "legend_columns": [
          "avg",
          "min",
          "max",
          "value",
          "sum"
        ],
        "yaxis": {
          "include_zero": true,
          "max": "auto",
          "scale": "linear",
          "min": "auto",
          "label": ""
        },
        "title_align": "left",
        "markers": [],
        "legend_layout": "vertical",
        "show_legend": false,
        "title": "Indexed prd logs by service",
        "requests": [
          {
            "on_right_yaxis": false,
            "style": {
              "line_width": "normal",
              "palette": "dog_classic",
              "line_type": "solid"
            },
            "display_type": "bars",
            "response_format": "timeseries",
            "queries": [
              {
                "query": "sum:logs{datadog_is_excluded:false,$env,$service} by {service}.as_count()",
                "data_source": "metrics",
                "name": "query1"
              }
            ]
          }
        ],
        "type": "timeseries"
      },
      "layout": {
        "y": 4,
        "x": 8,
        "height": 2,
        "width": 4
      },
      "id": 4261436876707186
    },
    {
      "definition": {
        "autoscale": true,
        "title": "Excluded events",
        "title_align": "left",
        "custom_unit": "events",
        "precision": 2,
        "title_size": "16",
        "requests": [
          {
            "formulas": [
              {
                "formula": "query1"
              }
            ],
            "response_format": "scalar",
            "queries": [
              {
                "query": "sum:logs{datadog_is_excluded:true}.as_count()",
                "data_source": "metrics",
                "name": "query1",
                "aggregator": "sum"
              }
            ]
          }
        ],
        "type": "query_value"
      },
      "layout": {
        "y": 6,
        "x": 0,
        "height": 2,
        "width": 4
      },
      "id": 8778794678515854
    },
    {
      "definition": {
        "type": "toplist",
        "requests": [
          {
            "formulas": [
              {
                "formula": "query1",
                "limit": {
                  "count": 10,
                  "order": "desc"
                }
              }
            ],
            "response_format": "scalar",
            "queries": [
              {
                "query": "sum:logs{datadog_is_excluded:true,$env,$service} by {service}.as_count()",
                "data_source": "metrics",
                "name": "query1",
                "aggregator": "sum"
              }
            ]
          }
        ],
        "title_align": "left",
        "title_size": "16",
        "title": "Excluded prd logs by service"
      },
      "layout": {
        "y": 6,
        "x": 4,
        "height": 2,
        "width": 4
      },
      "id": 3376945641708027
    },
    {
      "definition": {
        "title_size": "16",
        "legend_columns": [
          "avg",
          "min",
          "max",
          "value",
          "sum"
        ],
        "yaxis": {
          "include_zero": true,
          "max": "auto",
          "scale": "linear",
          "min": "auto",
          "label": ""
        },
        "title_align": "left",
        "markers": [],
        "legend_layout": "vertical",
        "show_legend": false,
        "title": "Ingested prd logs by env",
        "requests": [
          {
            "on_right_yaxis": false,
            "style": {
              "line_width": "normal",
              "palette": "dog_classic",
              "line_type": "solid"
            },
            "display_type": "bars",
            "response_format": "timeseries",
            "queries": [
              {
                "query": "sum:prd.logs{$env,$service} by {env}.as_count()",
                "data_source": "metrics",
                "name": "query1"
              }
            ]
          }
        ],
        "type": "timeseries"
      },
      "layout": {
        "y": 6,
        "x": 8,
        "height": 2,
        "width": 4
      },
      "id": 4329631639594354
    },
    {
      "definition": {
        "type": "toplist",
        "requests": [
          {
            "formulas": [
              {
                "formula": "query1",
                "limit": {
                  "count": 10,
                  "order": "desc"
                }
              }
            ],
            "response_format": "scalar",
            "queries": [
              {
                "query": "sum:logs{datadog_is_excluded:false,$env,$service} by {service}.as_count()",
                "data_source": "metrics",
                "name": "query1",
                "aggregator": "sum"
              }
            ]
          }
        ],
        "title_align": "left",
        "title_size": "16",
        "title": "Indexed prd logs by service"
      },
      "layout": {
        "y": 8,
        "x": 0,
        "height": 2,
        "width": 4
      },
      "id": 1134296570476180
    },
    {
      "definition": {
        "title_size": "16",
        "legend_columns": [
          "avg",
          "min",
          "max",
          "value",
          "sum"
        ],
        "yaxis": {
          "include_zero": true,
          "max": "auto",
          "scale": "linear",
          "min": "auto",
          "label": ""
        },
        "title_align": "left",
        "markers": [],
        "legend_layout": "vertical",
        "show_legend": false,
        "title": "Indexed dev logs by service",
        "requests": [
          {
            "on_right_yaxis": false,
            "style": {
              "line_width": "normal",
              "palette": "dog_classic",
              "line_type": "solid"
            },
            "display_type": "bars",
            "response_format": "timeseries",
            "queries": [
              {
                "query": "sum:dev.logs{datadog_is_excluded:false,$env,$service} by {service}.as_count()",
                "data_source": "metrics",
                "name": "query1"
              }
            ]
          }
        ],
        "type": "timeseries"
      },
      "layout": {
        "y": 8,
        "x": 4,
        "height": 2,
        "width": 4
      },
      "id": 7960323221618295
    },
    {
      "definition": {
        "type": "toplist",
        "requests": [
          {
            "formulas": [
              {
                "formula": "query1",
                "limit": {
                  "count": 10,
                  "order": "desc"
                }
              }
            ],
            "response_format": "scalar",
            "queries": [
              {
                "query": "sum:logs{datadog_is_excluded:true,$env,$service} by {env}.as_count()",
                "data_source": "metrics",
                "name": "query1",
                "aggregator": "sum"
              }
            ]
          }
        ],
        "title_align": "left",
        "title_size": "16",
        "title": "Excluded prd logs by env"
      },
      "layout": {
        "y": 8,
        "x": 8,
        "height": 2,
        "width": 4
      },
      "id": 1338687475667895
    },
    {
      "definition": {
        "title_size": "16",
        "legend_columns": [
          "avg",
          "min",
          "max",
          "value",
          "sum"
        ],
        "yaxis": {
          "include_zero": true,
          "max": "auto",
          "scale": "linear",
          "min": "auto",
          "label": ""
        },
        "title_align": "left",
        "markers": [],
        "legend_layout": "vertical",
        "show_legend": false,
        "title": "Indexed prd logs by env",
        "requests": [
          {
            "formulas": [
              {
                "formula": "query1"
              }
            ],
            "style": {
              "line_width": "normal",
              "palette": "dog_classic",
              "line_type": "solid"
            },
            "response_format": "timeseries",
            "on_right_yaxis": false,
            "display_type": "bars",
            "queries": [
              {
                "query": "sum:logs{datadog_is_excluded:false,$env,$service} by {env}.as_count()",
                "data_source": "metrics",
                "name": "query1"
              }
            ]
          }
        ],
        "type": "timeseries"
      },
      "layout": {
        "y": 10,
        "x": 0,
        "height": 2,
        "width": 4
      },
      "id": 2995524496771079
    },
    {
      "definition": {
        "title_size": "16",
        "legend_columns": [
          "avg",
          "min",
          "max",
          "value",
          "sum"
        ],
        "yaxis": {
          "include_zero": true,
          "max": "auto",
          "scale": "linear",
          "min": "auto",
          "label": ""
        },
        "title_align": "left",
        "markers": [],
        "legend_layout": "vertical",
        "show_legend": false,
        "title": "Ingested dev logs by env",
        "requests": [
          {
            "on_right_yaxis": false,
            "style": {
              "line_width": "normal",
              "palette": "dog_classic",
              "line_type": "solid"
            },
            "display_type": "bars",
            "response_format": "timeseries",
            "queries": [
              {
                "query": "sum:dev.logs{$env,$service} by {env}.as_count()",
                "data_source": "metrics",
                "name": "query1"
              }
            ]
          }
        ],
        "type": "timeseries"
      },
      "layout": {
        "y": 10,
        "x": 4,
        "height": 2,
        "width": 4
      },
      "id": 8476101812262957
    },
    {
      "definition": {
        "type": "toplist",
        "requests": [
          {
            "formulas": [
              {
                "formula": "query1",
                "limit": {
                  "count": 10,
                  "order": "desc"
                }
              }
            ],
            "response_format": "scalar",
            "queries": [
              {
                "query": "sum:dev.logs{datadog_is_excluded:false,$env,$service} by {service}.as_count()",
                "data_source": "metrics",
                "name": "query1",
                "aggregator": "sum"
              }
            ]
          }
        ],
        "title_align": "left",
        "title_size": "16",
        "title": "Indexed dev logs by service"
      },
      "layout": {
        "y": 10,
        "x": 8,
        "height": 2,
        "width": 4
      },
      "id": 2256373347515579
    },
    {
      "definition": {
        "title_size": "16",
        "legend_columns": [
          "avg",
          "min",
          "max",
          "value",
          "sum"
        ],
        "yaxis": {
          "include_zero": true,
          "max": "auto",
          "scale": "linear",
          "min": "auto",
          "label": ""
        },
        "title_align": "left",
        "markers": [],
        "legend_layout": "vertical",
        "show_legend": false,
        "title": "Ingested dev logs by service",
        "requests": [
          {
            "on_right_yaxis": false,
            "style": {
              "line_width": "normal",
              "palette": "dog_classic",
              "line_type": "solid"
            },
            "display_type": "bars",
            "response_format": "timeseries",
            "queries": [
              {
                "query": "sum:dev.logs{$env,$service} by {service}.as_count()",
                "data_source": "metrics",
                "name": "query1"
              }
            ]
          }
        ],
        "type": "timeseries"
      },
      "layout": {
        "y": 12,
        "x": 0,
        "height": 2,
        "width": 4
      },
      "id": 5773398115734294
    },
    {
      "definition": {
        "type": "toplist",
        "requests": [
          {
            "formulas": [
              {
                "formula": "query1",
                "limit": {
                  "count": 10,
                  "order": "desc"
                }
              }
            ],
            "response_format": "scalar",
            "queries": [
              {
                "query": "sum:dev.logs{datadog_is_excluded:true,$env,$service} by {env}.as_count()",
                "data_source": "metrics",
                "name": "query1",
                "aggregator": "sum"
              }
            ]
          }
        ],
        "title_align": "left",
        "title_size": "16",
        "title": "Excluded dev logs by env"
      },
      "layout": {
        "y": 12,
        "x": 4,
        "height": 2,
        "width": 4
      },
      "id": 8904480840130006
    },
    {
      "definition": {
        "title_size": "16",
        "legend_columns": [
          "avg",
          "min",
          "max",
          "value",
          "sum"
        ],
        "yaxis": {
          "include_zero": true,
          "max": "auto",
          "scale": "linear",
          "min": "auto",
          "label": ""
        },
        "title_align": "left",
        "markers": [],
        "legend_layout": "vertical",
        "show_legend": false,
        "title": "Indexed dev logs by env",
        "requests": [
          {
            "formulas": [
              {
                "formula": "query1"
              }
            ],
            "style": {
              "line_width": "normal",
              "palette": "dog_classic",
              "line_type": "solid"
            },
            "response_format": "timeseries",
            "on_right_yaxis": false,
            "display_type": "bars",
            "queries": [
              {
                "query": "sum:dev.logs{datadog_is_excluded:false,$env,$service} by {env}.as_count()",
                "data_source": "metrics",
                "name": "query1"
              }
            ]
          }
        ],
        "type": "timeseries"
      },
      "layout": {
        "y": 12,
        "x": 8,
        "height": 2,
        "width": 4
      },
      "id": 738222758153638
    },
    {
      "definition": {
        "type": "toplist",
        "requests": [
          {
            "formulas": [
              {
                "formula": "query1",
                "limit": {
                  "count": 10,
                  "order": "desc"
                }
              }
            ],
            "response_format": "scalar",
            "queries": [
              {
                "query": "sum:dev.logs{datadog_is_excluded:true,$env,$service} by {service}.as_count()",
                "data_source": "metrics",
                "name": "query1",
                "aggregator": "sum"
              }
            ]
          }
        ],
        "title_align": "left",
        "title_size": "16",
        "title": "Excluded dev logs by service"
      },
      "layout": {
        "y": 14,
        "x": 0,
        "height": 2,
        "width": 4
      },
      "id": 5183298687035466
    },
    {
      "definition": {
        "type": "toplist",
        "requests": [
          {
            "formulas": [
              {
                "formula": "query1",
                "limit": {
                  "count": 10,
                  "order": "desc"
                }
              }
            ],
            "response_format": "scalar",
            "queries": [
              {
                "query": "sum:dev.logs{datadog_is_excluded:false,$env,$service} by {env}.as_count()",
                "data_source": "metrics",
                "name": "query1",
                "aggregator": "sum"
              }
            ]
          }
        ],
        "title_align": "left",
        "title_size": "16",
        "title": "Indexed dev logs by env"
      },
      "layout": {
        "y": 16,
        "x": 0,
        "height": 2,
        "width": 4
      },
      "id": 1754402458295390
    }
  ],
  "layout_type": "ordered"
}