{
  "restricted_roles": null,
  "tags": [
    "check_type:snmp",
    "hardware:idrac"
  ],
  "query": "avg(last_5m):avg:snmp.NIC.ConnectionStatus{snmp_profile:rd-dell-idrac} by {snmp_device,nicslot} > 1.5",
  "message": "{{#is_alert}}\n{{nicslot.name}} is down on {{snmp_device.name}}.\n{{/is_alert}} \n\n{{#is_alert_recovery}}\n{{nicslot.name}} is back online on {{snmp_device.name}}.\n{{/is_alert_recovery}}",
  "name": "Dell iDRAC - Network port {{nicslot.name}} is down on {{snmp_device.name}}",
  "priority": null,
  "type": "query alert",
  "options": {
    "notify_audit": false,
    "locked": false,
    "timeout_h": 0,
    "silenced": {},
    "include_tags": true,
    "no_data_timeframe": null,
    "require_full_window": true,
    "new_host_delay": 300,
    "notify_no_data": false,
    "renotify_interval": 0,
    "escalation_message": "",
    "thresholds": {
      "critical": 1.5,
      "critical_recovery": 1.0
    }
  }
}