{
  "restricted_roles": null,
  "tags": [
    "check_type:snmp",
    "hardware:idrac"
  ],
  "query": "avg(last_5m):avg:snmp.PowerSupply.Sensor.State{snmp_profile:rd-dell-idrac} by {snmp_device,powersupply} > 3.5",
  "message": "{{#is_alert}}\n{{powersupply.name}} has a sensor issue on {{snmp_device.name}}.\n\n1 = Presence Detected\n2 = PS Failure\n4 = Predictuve Failure\n8 = PS AC lost\n16 = AC lost or out of range\n32 = AC out of range but still present\n{{/is_alert}} \n\n{{#is_alert_recovery}}\n{{powersupply.name}} sensor issue is resolved on {{snmp_device.name}}.\n\n1 = Presence Detected\n2 = PS Failure\n4 = Predictuve Failure\n8 = PS AC lost\n16 = AC lost or out of range\n32 = AC out of range but still present\n{{/is_alert_recovery}}",
  "name": "Dell iDRAC - Power Supply Sensor issue with {{powersupply.name}} on {{snmp_device.name}}",
  "priority": null,
  "type": "query alert",
  "options": {
    "notify_audit": false,
    "locked": false,
    "timeout_h": 0,
    "silenced": {},
    "include_tags": true,
    "no_data_timeframe": null,
    "require_full_window": true,
    "new_host_delay": 300,
    "notify_no_data": false,
    "renotify_interval": 0,
    "escalation_message": "",
    "thresholds": {
      "critical": 3.5,
      "warning": 1.5,
      "critical_recovery": 1.0
    }
  }
}