{
  "restricted_roles": null,
  "tags": [],
  "query": "logs(\"error syncing for\").index(\"main\").rollup(\"count\").last(\"1h\") >= 1",
  "message": "{{#is_alert}}Error syncing teams{{/is_alert}} \n\n{{#is_recovery}}Errors cleared{{/is_recovery}} \n @servicenow @slack-servicenow-alerts",
  "name": "RapDevBot Sync Error",
  "priority": null,
  "type": "log alert",
  "options": {
    "notify_audit": false,
    "locked": false,
    "timeout_h": 0,
    "silenced": {},
    "include_tags": true,
    "thresholds": {
      "critical": 1.0
    },
    "new_host_delay": 300,
    "queryConfig": {
      "logset": {
        "name": "main",
        "type": "logs",
        "dailyLimit": 200000000,
        "rateLimited": false,
        "scopeId": "19185",
        "query": "",
        "retention": 15,
        "readDataAccess": true,
        "id": "19185",
        "dailyQuotaDisabled": false
      },
      "track": "logs",
      "timeRange": {
        "to": 1595539811714,
        "live": true,
        "from": 1595359811714
      },
      "queryString": "error syncing for",
      "indexes": [
        "main"
      ],
      "queryIsFailed": false
    },
    "notify_no_data": false,
    "renotify_interval": 0,
    "groupby_simple_monitor": false,
    "enable_logs_sample": true,
    "aggregation": {
      "metric": "count",
      "type": "count",
      "groupBy": ""
    }
  }
}