{
  "restricted_roles": null,
  "tags": [
    "app:dd-reporter",
    "env:prod",
    "probe_dc:aws:us-east-2",
    "probe_dc:aws:ap-southeast-2",
    "probe_dc:aws:eu-central-1",
    "check_type:api-ssl",
    "check_status:paused"
  ],
  "query": "no_query",
  "message": "DD Reporter backend cert {{#is_alert}}is expiring, expired, or invalid{{/is_alert}}{{#is_recovery}}has recovered{{/is_recovery}} \n\n@slack-workstream",
  "name": "[Synthetics] Test SSL cert on DD Reporter Backend",
  "priority": null,
  "type": "synthetics alert",
  "options": {
    "notify_audit": false,
    "silenced": {},
    "include_tags": true,
    "new_host_delay": 300,
    "notify_no_data": false,
    "renotify_interval": 1440
  }
}