{
  "restricted_roles": null,
  "tags": [],
  "query": "events('priority:normal KubernetesAlert status:error tags:kubernetes_info:namespace-artist-model-service').by('alertname,cluster_name').rollup('count').last('10m') > 0",
  "message": "Oops, something with the artist model service in K8s is wrong. Check the health of the service if this keeps happening.\n\nNotify:@slack-merch-data-sci-eng",
  "name": "(legacy) Artist-model-service Alert {{event.tags.kubernetes_severity}} {{event.tags.alertname}} on {{event.tags.cluster_name}}",
  "priority": null,
  "type": "event alert",
  "options": {
    "notify_audit": false,
    "locked": false,
    "timeout_h": 0,
    "silenced": {
      "*": null
    },
    "include_tags": false,
    "new_host_delay": 300,
    "notify_no_data": false,
    "renotify_interval": 180
  }
}