{
  "restricted_roles": null,
  "tags": [],
  "query": "events('priority:normal KubernetesAlert status:error tags:kubernetes_info:namespace-product-classifier-service excluded_tags:cluster_name:kubernetesc1.bo1,cluster_name:dev-kubernetesc3.bo1').by('alertname,cluster_name').rollup('count').last('10m') > 0",
  "message": "Product classifier service is sending non 200 response from health check endpoint. Please check the service immediately!\n@slack-Main_Account-merch-ds-eng-alerts",
  "name": "(legacy) Product Classifier Service Alert {{event.tags.kubernetes_severity}} {{event.tags.alertname}} on {{event.tags.cluster_name}}",
  "priority": null,
  "type": "event alert",
  "options": {
    "notify_audit": false,
    "locked": false,
    "timeout_h": 0,
    "silenced": {
      "*": null
    },
    "include_tags": false,
    "new_host_delay": 300,
    "notify_no_data": false,
    "renotify_interval": 10
  }
}