{
  "restricted_roles": null,
  "tags": [],
  "query": "avg(last_5m):sum:kubernetes.pods.running{kube_namespace:codeowners} by {cluster_name} < 0.6",
  "message": "@dmeidanis@wayfair.com\n@slack-coding-at-scale",
  "name": "Codeowners Kubernetes Pods down on {{cluster_name.name}}",
  "priority": null,
  "type": "query alert",
  "options": {
    "notify_audit": false,
    "locked": false,
    "timeout_h": 0,
    "silenced": {},
    "include_tags": true,
    "no_data_timeframe": null,
    "require_full_window": true,
    "new_host_delay": 300,
    "notify_no_data": false,
    "renotify_interval": 0,
    "escalation_message": "",
    "thresholds": {
      "critical": 0.6,
      "critical_recovery": 0.9
    }
  }
}