{
  "restricted_roles": null,
  "tags": [
    "service:product-recommendation",
    "env:shop.ist"
  ],
  "query": "avg(last_10m):( sum:trace.servlet.request.duration{service:product-recommendation,env:shop.ist}.rollup(sum).fill(zero) / sum:trace.servlet.request.hits{service:product-recommendation,env:shop.ist}.rollup(sum).fill(zero) ) > 3",
  "message": "`product-recommendation` average latency is too high.",
  "name": "Service product-recommendation has a high average latency on env:shop.ist",
  "priority": null,
  "type": "query alert",
  "options": {
    "notify_audit": false,
    "locked": false,
    "timeout_h": 0,
    "silenced": {},
    "include_tags": true,
    "no_data_timeframe": null,
    "new_host_delay": 300,
    "require_full_window": false,
    "notify_no_data": false,
    "renotify_interval": 0,
    "escalation_message": "",
    "thresholds": {
      "critical": 3.0,
      "warning": 1.5
    }
  }
}