{
  "restricted_roles": null,
  "tags": [
    "service:product-recommendation",
    "env:shop.ist"
  ],
  "query": "avg(last_10m):p90:trace.servlet.request{env:shop.ist,service:product-recommendation} > 6",
  "message": "`product-recommendation` 90th percentile latency is too high.",
  "name": "Service product-recommendation has a high p90 latency on env:shop.ist",
  "priority": null,
  "type": "metric alert",
  "options": {
    "notify_audit": false,
    "locked": false,
    "timeout_h": 0,
    "silenced": {},
    "include_tags": true,
    "no_data_timeframe": null,
    "new_host_delay": 300,
    "require_full_window": false,
    "notify_no_data": false,
    "renotify_interval": 0,
    "escalation_message": "",
    "thresholds": {
      "critical": 6.0,
      "warning": 3.0
    }
  }
}