{
  "restricted_roles": null,
  "tags": [
    "service:product-recommendation-db",
    "env:shop.ist"
  ],
  "query": "avg(last_4h):anomalies(sum:trace.cassandra.query.hits{service:product-recommendation-db,env:shop.ist}, 'basic', 3, direction='both', alert_window='last_15m', interval=60, count_default_zero='true') >= 1",
  "message": "`product-recommendation-db` throughput deviated too much from its usual value.\n\n@User:chris.kelner@datadoghq.com",
  "name": "Service product-recommendation-db has an abnormal change in throughput on env:shop.ist",
  "priority": null,
  "type": "query alert",
  "options": {
    "notify_audit": false,
    "locked": false,
    "timeout_h": 0,
    "silenced": {},
    "include_tags": true,
    "no_data_timeframe": null,
    "new_host_delay": 300,
    "require_full_window": false,
    "notify_no_data": false,
    "renotify_interval": 0,
    "escalation_message": "",
    "threshold_windows": {
      "recovery_window": "last_15m",
      "trigger_window": "last_15m"
    },
    "thresholds": {
      "critical": 1.0,
      "critical_recovery": 0.0
    }
  }
}