{
  "restricted_roles": null,
  "tags": [
    "service:user-db",
    "env:shop.ist"
  ],
  "query": "avg(last_10m):( sum:trace.postgres.query.duration{service:user-db,env:shop.ist}.rollup(sum).fill(zero) / sum:trace.postgres.query.hits{service:user-db,env:shop.ist}.rollup(sum).fill(zero) ) > 0.25",
  "message": "`user-db` average latency is too high.",
  "name": "Service user-db has a high average latency on env:shop.ist",
  "priority": null,
  "type": "query alert",
  "options": {
    "notify_audit": false,
    "locked": false,
    "timeout_h": 0,
    "silenced": {},
    "include_tags": true,
    "no_data_timeframe": null,
    "new_host_delay": 300,
    "require_full_window": false,
    "notify_no_data": false,
    "renotify_interval": 0,
    "escalation_message": "",
    "thresholds": {
      "critical": 0.25,
      "warning": 0.1
    }
  }
}