{
  "restricted_roles": null,
  "tags": [
    "service:ad-server",
    "env:shop.ist"
  ],
  "query": "sum(last_10m):( sum:trace.express.request.errors{service:ad-server,env:shop.ist}.as_count() / sum:trace.express.request.hits{service:ad-server,env:shop.ist}.as_count() ) > 0.3",
  "message": "`ad-server` error rate is too high.\n\n@User:chris.kelner@datadoghq.com",
  "name": "Service ad-server has a high error rate on env:shop.ist",
  "priority": null,
  "type": "query alert",
  "options": {
    "notify_audit": false,
    "locked": false,
    "timeout_h": 0,
    "silenced": {},
    "include_tags": true,
    "no_data_timeframe": null,
    "new_host_delay": 300,
    "require_full_window": false,
    "notify_no_data": false,
    "renotify_interval": 0,
    "escalation_message": "",
    "thresholds": {
      "critical": 0.3,
      "warning": 0.25
    }
  }
}