{
  "restricted_roles": null,
  "tags": [
    "service:shipping-queue-redis",
    "env:shop.ist"
  ],
  "query": "avg(last_10m):( sum:trace.redis.command.duration{service:shipping-queue-redis,env:shop.ist}.rollup(sum).fill(zero) / sum:trace.redis.command.hits{service:shipping-queue-redis,env:shop.ist}.rollup(sum).fill(zero) ) > 0.5",
  "message": "`shipping-queue-redis` average latency is too high.",
  "name": "Service shipping-queue-redis has a high average latency on env:shop.ist",
  "priority": null,
  "type": "query alert",
  "options": {
    "notify_audit": false,
    "locked": false,
    "timeout_h": 0,
    "silenced": {},
    "include_tags": true,
    "no_data_timeframe": null,
    "new_host_delay": 300,
    "require_full_window": false,
    "notify_no_data": false,
    "renotify_interval": 0,
    "escalation_message": "",
    "thresholds": {
      "critical": 0.5,
      "warning": 0.3
    }
  }
}