{
  "restricted_roles": null,
  "tags": [
    "app:o365",
    "env:prod",
    "probe_dc:aws:ap-south-1",
    "probe_dc:aws:us-west-1",
    "probe_dc:aws:eu-central-1",
    "check_type:api-ssl",
    "check_status:live"
  ],
  "query": "no_query",
  "message": "",
  "name": "[Synthetics] Test on www.office.com",
  "priority": null,
  "type": "synthetics alert",
  "options": {
    "notify_audit": false,
    "locked": false,
    "silenced": {},
    "include_tags": true,
    "new_host_delay": 300,
    "notify_no_data": false,
    "renotify_interval": 0
  }
}