{
  "restricted_roles": null,
  "tags": [],
  "query": "\"datadog.agent.up\".over(\"*\").by(\"application\",\"host\").last(2).count_by_status()",
  "message": "{{#is_alert}} Agent is down on {{host.name}} {{/is_alert}} @jim@rapdev.io",
  "name": "Agent down on host: {{host.name}}",
  "priority": null,
  "type": "service check",
  "options": {
    "notify_audit": false,
    "timeout_h": 0,
    "silenced": {},
    "include_tags": true,
    "thresholds": {
      "warning": 1,
      "ok": 1,
      "critical": 1
    },
    "notify_no_data": true,
    "renotify_interval": 0,
    "escalation_message": "",
    "no_data_timeframe": 2,
    "new_group_delay": 300
  }
}