{
  "restricted_roles": null,
  "tags": [
    "dd_reporter"
  ],
  "query": "avg(last_4h):anomalies(avg:aws.rds.read_latency{dbinstanceidentifier:dd-snapshot} by {region,engine,hostname}, 'agile', 2, direction='above', alert_window='last_15m', interval=60, count_default_zero='true', seasonality='daily') >= 1",
  "message": "@slack-workstream",
  "name": "DD Reporter DB Read Latency {{#is_alert}}is high{{/is_alert}} {{#is_recovery}}is normal{{/is_recovery}}",
  "priority": null,
  "type": "query alert",
  "options": {
    "notify_audit": false,
    "locked": false,
    "timeout_h": 0,
    "silenced": {
      "*": null
    },
    "include_tags": true,
    "no_data_timeframe": 5,
    "require_full_window": true,
    "new_host_delay": 300,
    "notify_no_data": true,
    "renotify_interval": 0,
    "escalation_message": "",
    "threshold_windows": {
      "recovery_window": "last_15m",
      "trigger_window": "last_15m"
    },
    "thresholds": {
      "critical": 1.0,
      "critical_recovery": 0.25
    }
  }
}