{
  "restricted_roles": null,
  "tags": [
    "dd_reporter"
  ],
  "query": "max(last_5m):avg:postgresql.db.count{name:dd-reporter-prod} < 1",
  "message": "@jim@rapdev.io",
  "name": "DD Reporter DB is {{#is_no_data}}NOT REPORTING{{/is_no_data}}{{#is_alert}}DOWN{{/is_alert}}{{#is_recovery}}UP{{/is_recovery}}",
  "priority": null,
  "type": "metric alert",
  "options": {
    "notify_audit": false,
    "locked": false,
    "timeout_h": 0,
    "silenced": {},
    "include_tags": true,
    "no_data_timeframe": 5,
    "require_full_window": true,
    "new_host_delay": 300,
    "notify_no_data": true,
    "renotify_interval": 0,
    "escalation_message": "",
    "thresholds": {
      "critical": 1.0
    }
  }
}