{
  "restricted_roles": null,
  "tags": [],
  "query": "max(last_1m):avg:syntheticemail.bounced{*} by {bounce_type,email} > 0",
  "message": "{{#is_alert}} Email from {{email.name}} bounced with type {{bounce_type.name}} {{/is_alert}}",
  "name": "Synthetic Mail Bounced - Type: {{bounce_type.name}}",
  "priority": null,
  "type": "metric alert",
  "options": {
    "notify_audit": false,
    "locked": false,
    "timeout_h": 0,
    "silenced": {},
    "include_tags": true,
    "no_data_timeframe": null,
    "require_full_window": true,
    "new_host_delay": 300,
    "notify_no_data": false,
    "renotify_interval": 0,
    "escalation_message": "",
    "thresholds": {
      "critical": 0.0
    }
  }
}