{
  "restricted_roles": null,
  "tags": [],
  "query": "processes('chrome').over('host:i-0b9737982d006859a').rollup('count').last('5m') > 3000",
  "message": "{{#is_alert}}\nChrome processes high on DD-Reporter App server\n{{/is_alert}} \n\n@slack-workstream",
  "name": "Chrome Processes high on {{host.name}}",
  "priority": null,
  "type": "process alert",
  "options": {
    "notify_audit": false,
    "locked": false,
    "timeout_h": 0,
    "silenced": {},
    "include_tags": true,
    "no_data_timeframe": null,
    "require_full_window": false,
    "new_host_delay": 300,
    "notify_no_data": false,
    "renotify_interval": 10,
    "escalation_message": "",
    "thresholds": {
      "critical": 3000,
      "warning": 2000
    }
  }
}