{
  "restricted_roles": null,
  "tags": [
    "dd_reporter"
  ],
  "query": "avg(last_5m):avg:postgresql.dd_reporter.schedule_count{*} by {cron_string} > 10",
  "message": "Too many reports are scheduled with the cron string {{cron_string.name}}\n\n@jim@rapdev.io",
  "name": "DD Reporter Cron Job Load Imbalance",
  "priority": null,
  "type": "metric alert",
  "options": {
    "notify_audit": false,
    "locked": false,
    "timeout_h": 0,
    "silenced": {},
    "include_tags": true,
    "no_data_timeframe": null,
    "require_full_window": true,
    "new_host_delay": 300,
    "notify_no_data": false,
    "renotify_interval": 0,
    "escalation_message": "",
    "thresholds": {
      "critical": 10.0
    }
  }
}