{
  "restricted_roles": null,
  "tags": [
    "snmp_monitor",
    "cisco_generic_fru",
    "PGA"
  ],
  "query": "max(last_5m):avg:snmp.cefcFanTrayOperStatus{*} by {snmp_device,location,snmp_profile,fru} > 2",
  "message": "Shotlink Monitoring Channel",
  "name": "Fan {{fru.name}} on {{snmp_profile.name}} device on {{location.name}} with ip {{snmp_device.name}} is {{#is_alert}}in a BAD STATE{{/is_alert}}{{#is_recovery}}OK{{/is_recovery}}",
  "priority": null,
  "type": "metric alert",
  "options": {
    "notify_audit": false,
    "locked": false,
    "timeout_h": 0,
    "silenced": {},
    "include_tags": true,
    "no_data_timeframe": null,
    "require_full_window": true,
    "new_host_delay": 300,
    "notify_no_data": false,
    "renotify_interval": 0,
    "escalation_message": "",
    "thresholds": {
      "critical": 2.0
    }
  }
}