{
  "restricted_roles": null,
  "tags": [
    "snmp_monitor",
    "generic_hardware",
    "PGA"
  ],
  "query": "sum(last_5m):avg:snmp.ifInErrors{*} by {snmp_device,location,snmp_profile,interface}.as_count() >= 2500",
  "message": "Shotlink Monitoring Channel",
  "name": "Interface Errors on {{interface.name}} of {{snmp_profile.name}} device on {{location.name}} with ip {{snmp_device.name}} have been {{#is_alert}} DETECTED {{/is_alert}}{{#is_recovery}}CLEARED{{/is_recovery}}",
  "priority": null,
  "type": "query alert",
  "options": {
    "notify_audit": false,
    "locked": false,
    "timeout_h": 0,
    "silenced": {},
    "include_tags": true,
    "no_data_timeframe": null,
    "require_full_window": true,
    "new_host_delay": 300,
    "notify_no_data": false,
    "renotify_interval": 0,
    "escalation_message": "",
    "thresholds": {
      "critical": 2500.0
    }
  }
}