{
  "restricted_roles": null,
  "tags": [
    "app:nginx",
    "service:nginx"
  ],
  "query": "\"process.up\".over(\"host:i-0885e8a870faac23b\",\"process:nginx\").by(\"host\",\"process\").last(2).count_by_status()",
  "message": "Please verify that nginx is running and that the latest webcode is valid. @servicenow @slack-datadog",
  "name": "NginX Process is stopped on {{host.name}}",
  "priority": null,
  "type": "service check",
  "options": {
    "notify_audit": false,
    "locked": false,
    "timeout_h": 0,
    "silenced": {},
    "include_tags": true,
    "thresholds": {
      "warning": 1,
      "ok": 1,
      "critical": 1
    },
    "new_host_delay": 60,
    "notify_no_data": false,
    "renotify_interval": 0
  }
}