{
  "restricted_roles": null,
  "tags": [
    "integration:rapdev-maxdb"
  ],
  "query": "avg(last_5m):avg:rapdev.maxdb.locks.utilization{*} by {db,maxdb_host} > 90",
  "message": "{{#is_warning}} Lock Utilization for DB {{db.name}} on {{maxdb_host.name}} is over 80% utilized. Current Usage {{value}}%. Please investigate what is causing the locks. {{/is_warning}} \n{{#is_alert}} Lock Utilization for DB {{db.name}} on {{maxdb_host.name}} is over 80% utilized. Current Usage {{value}}%. Please investigate what is causing the locks. {{/is_alert}} \n{{#is_recovery}} Lock Utilization for DB {{db.name}} on {{maxdb_host.name}} has recovered. Current Usage {{value}}% {{/is_recovery}}",
  "name": "[MaxDB] Lock Utilization is Too High for {{db.name}} on {{maxdb_host.name}}",
  "priority": null,
  "type": "query alert",
  "options": {
    "notify_audit": false,
    "locked": false,
    "timeout_h": 0,
    "silenced": {},
    "include_tags": true,
    "no_data_timeframe": null,
    "require_full_window": true,
    "new_host_delay": 300,
    "notify_no_data": false,
    "renotify_interval": 0,
    "escalation_message": "",
    "thresholds": {
      "critical": 90.0,
      "warning": 80.0,
      "warning_recovery": 70.0,
      "critical_recovery": 80.0
    }
  }
}