{
  "restricted_roles": null,
  "tags": [
    "integration:rapdev-snmp",
    "device:sharp-printer"
  ],
  "query": "max(last_5m):avg:snmp.Alert.Code{snmp_profile:rd-sharp-printer} by {alert_description,sysname} > 0",
  "message": "{{#is_alert}} Printer {{sysname.name}} is alerting for \"{{alert_description.name}}\".  {{/is_alert}}\n\n{{#is_recovery}} Alert {{alert_description.name}} on printer {{sysname.name}} has recovered. {{/is_recovery}}",
  "name": "[RapDev SNMP] Printer Alert for {{sysname.name}}",
  "priority": null,
  "type": "metric alert",
  "options": {
    "notify_audit": false,
    "locked": false,
    "timeout_h": 0,
    "silenced": {
      "*": null
    },
    "include_tags": true,
    "no_data_timeframe": null,
    "require_full_window": false,
    "new_host_delay": 300,
    "notify_no_data": false,
    "renotify_interval": 0,
    "escalation_message": "",
    "thresholds": {
      "critical": 0.0
    }
  }
}