{
  "restricted_roles": null,
  "tags": [],
  "query": "\"ntp.in_sync\".over(\"*\").last(2).count_by_status()",
  "message": "Triggers if any host's clock goes out of sync with the time given by NTP. The offset threshold is configured in the Agent's `ntp.yaml` file.\n\nPlease read the [KB article](https://docs.datadoghq.com/agent/faq/network-time-protocol-ntp-offset-issues) on NTP Offset issues for more details on cause and resolution.",
  "name": "[Auto] Clock in sync with NTP",
  "priority": null,
  "type": "service check",
  "options": {
    "thresholds": {
      "warning": 1,
      "ok": 1,
      "critical": 1
    },
    "silenced": {}
  }
}